ticker,sector,industry,source,fetched_at
A,Healthcare,Diagnostics & Research,yfinance,2025-12-06 00:00:00
AA,Basic Materials,Aluminum,yfinance,2025-12-06 00:00:00
AACB,Financial Services,Shell Companies,yfinance,2025-12-06 00:00:00
AACBR,Unknown,Unknown,yfinance,2025-12-06 00:00:00
AACBU,Financial Services,Shell Companies,yfinance,2025-12-06 00:00:00
AACG,Consumer Defensive,Education & Training Services,yfinance,2025-12-06 00:00:00
AAL,Industrials,Airlines,yfinance,2025-12-06 00:00:00
AAM,Financial Services,Shell Companies,yfinance,2025-12-06 00:00:00
AAME,Financial Services,Insurance - Life,yfinance,2025-12-06 00:00:00
AAMI,Financial Services,Asset Management,yfinance,2025-12-06 00:00:00
AAOI,Technology,Communication Equipment,yfinance,2025-12-06 00:00:00
AAON,Industrials,Building Products & Equipment,yfinance,2025-12-06 00:00:00
AAP,Consumer Cyclical,Auto Parts,yfinance,2025-12-06 00:00:00
AAPG,Healthcare,Biotechnology,yfinance,2025-12-06 00:00:00
AAPL,Technology,Consumer Electronics,yfinance,2025-12-06 00:00:00
AARD,Healthcare,Biotechnology,yfinance,2025-12-06 00:00:00
AAT,Real Estate,REIT - Diversified,yfinance,2025-12-06 00:00:00
AAUC,Basic Materials,Gold,yfinance,2025-12-06 00:00:00
AB,Financial Services,Asset Management,yfinance,2025-12-06 00:00:00
ABAT,Industrials,Waste Management,yfinance,2025-12-06 00:00:00
ABBV,Healthcare,Drug Manufacturers - General,yfinance,2025-12-06 00:00:00
ABCB,Financial Services,Banks - Regional,yfinance,2025-12-06 00:00:00
ABCL,Healthcare,Biotechnology,yfinance,2025-12-06 00:00:00
ABEO,Healthcare,Biotechnology,yfinance,2025-12-06 00:00:00
ABEV,Consumer Defensive,Beverages - Brewers,yfinance,2025-12-06 00:00:00
ABG,Consumer Cyclical,Auto & Truck Dealerships,yfinance,2025-12-06 00:00:00
ABL,Financial Services,Insurance - Life,yfinance,2025-12-06 00:00:00
ABLLL,Unknown,Unknown,yfinance,2025-12-06 00:00:00
ABLV,Consumer Cyclical,Specialty Retail,yfinance,2025-12-06 00:00:00
ABLVW,Consumer Cyclical,Specialty Retail,yfinance,2025-12-06 00:00:00
ABM,Industrials,Specialty Business Services,yfinance,2025-12-06 00:00:00
ABNB,Consumer Cyclical,Travel Services,yfinance,2025-12-06 00:00:00
ABOS,Healthcare,Biotechnology,yfinance,2025-12-06 00:00:00
ABP,Healthcare,Biotechnology,yfinance,2025-12-06 00:00:00
ABPWW,Healthcare,Biotechnology,yfinance,2025-12-06 00:00:00
ABR,Real Estate,REIT - Mortgage,yfinance,2025-12-06 00:00:00
ABSI,Healthcare,Biotechnology,yfinance,2025-12-06 00:00:00
ABT,Healthcare,Medical Devices,yfinance,2025-12-06 00:00:00
ABTC,Financial Services,Capital Markets,yfinance,2025-12-06 00:00:00
ABTS,Financial Services,Capital Markets,yfinance,2025-12-06 00:00:00
ABUS,Healthcare,Biotechnology,yfinance,2025-12-06 00:00:00
ABVC,Healthcare,Biotechnology,yfinance,2025-12-06 00:00:00
ABVE,Consumer Defensive,Packaged Foods,yfinance,2025-12-06 00:00:00
ABVEW,Consumer Defensive,Packaged Foods,yfinance,2025-12-06 00:00:00
ABVX,Healthcare,Biotechnology,yfinance,2025-12-06 00:00:00
ACA,Industrials,Engineering & Construction,yfinance,2025-12-06 00:00:00
ACAD,Healthcare,Biotechnology,yfinance,2025-12-06 00:00:00
ACB,Healthcare,Drug Manufacturers - Specialty & Generic,yfinance,2025-12-06 00:00:00
ACCL,Industrials,Consulting Services,yfinance,2025-12-06 00:00:00
ACCO,Industrials,Business Equipment & Supplies,yfinance,2025-12-06 00:00:00
ACCS,Communication Services,Advertising Agencies,yfinance,2025-12-06 00:00:00
ACDC,Energy,Oil & Gas Equipment & Services,yfinance,2025-12-06 00:00:00
ACEL,Consumer Cyclical,Gambling,yfinance,2025-12-06 00:00:00
ACET,Healthcare,Biotechnology,yfinance,2025-12-06 00:00:00
ACFN,Technology,Scientific & Technical Instruments,yfinance,2025-12-06 00:00:00
ACGL,Financial Services,Insurance - Diversified,yfinance,2025-12-06 00:00:00
ACGLN,Financial Services,Insurance - Diversified,yfinance,2025-12-06 00:00:00
ACGLO,Financial Services,Insurance - Diversified,yfinance,2025-12-06 00:00:00
ACHC,Healthcare,Medical Care Facilities,yfinance,2025-12-06 00:00:00
ACHR,Industrials,Aerospace & Defense,yfinance,2025-12-06 00:00:00
ACHV,Healthcare,Biotechnology,yfinance,2025-12-06 00:00:00
ACI,Consumer Defensive,Grocery Stores,yfinance,2025-12-06 00:00:00
ACIC,Financial Services,Insurance - Property & Casualty,yfinance,2025-12-06 00:00:00
ACIU,Healthcare,Biotechnology,yfinance,2025-12-06 00:00:00
ACIW,Technology,Software - Infrastructure,yfinance,2025-12-06 00:00:00
ACLS,Technology,Semiconductor Equipment & Materials,yfinance,2025-12-06 00:00:00
ACLX,Healthcare,Biotechnology,yfinance,2025-12-06 00:00:00
ACM,Industrials,Engineering & Construction,yfinance,2025-12-06 00:00:00
ACMR,Technology,Semiconductor Equipment & Materials,yfinance,2025-12-06 00:00:00
ACN,Technology,Information Technology Services,yfinance,2025-12-06 00:00:00
ACNB,Financial Services,Banks - Regional,yfinance,2025-12-06 00:00:00
ACNT,Basic Materials,Chemicals,yfinance,2025-12-06 00:00:00
ACOG,Healthcare,Biotechnology,yfinance,2025-12-06 00:00:00
ACON,Healthcare,Health Information Services,yfinance,2025-12-06 00:00:00
ACONW,Healthcare,Health Information Services,yfinance,2025-12-06 00:00:00
ACP,Financial Services,Asset Management,yfinance,2025-12-06 00:00:00
ACR,Real Estate,REIT - Mortgage,yfinance,2025-12-06 00:00:00
ACRE,Real Estate,REIT - Mortgage,yfinance,2025-12-06 00:00:00
ACRS,Healthcare,Biotechnology,yfinance,2025-12-06 00:00:00
ACRV,Healthcare,Biotechnology,yfinance,2025-12-06 00:00:00
ACT,Financial Services,Insurance - Specialty,yfinance,2025-12-06 00:00:00
ACTG,Industrials,Business Equipment & Supplies,yfinance,2025-12-06 00:00:00
ACTU,Healthcare,Biotechnology,yfinance,2025-12-06 00:00:00
ACU,Consumer Defensive,Household & Personal Products,yfinance,2025-12-06 00:00:00
ACV,Financial Services,Asset Management,yfinance,2025-12-06 00:00:00
ACVA,Consumer Cyclical,Auto & Truck Dealerships,yfinance,2025-12-06 00:00:00
ACXP,Healthcare,Biotechnology,yfinance,2025-12-06 00:00:00
AD,Communication Services,Telecom Services,yfinance,2025-12-06 00:00:00
ADAG,Healthcare,Biotechnology,yfinance,2025-12-06 00:00:00
ADAM,Real Estate,REIT - Mortgage,yfinance,2025-12-06 00:00:00
ADAMG,Unknown,Unknown,yfinance,2025-12-06 00:00:00
ADAMH,Unknown,Unknown,yfinance,2025-12-06 00:00:00
ADAMI,Unknown,Unknown,yfinance,2025-12-06 00:00:00
ADAML,Real Estate,REIT - Mortgage,yfinance,2025-12-06 00:00:00
ADAMM,Real Estate,REIT - Mortgage,yfinance,2025-12-06 00:00:00
ADAMN,Real Estate,REIT - Mortgage,yfinance,2025-12-06 00:00:00
ADAMZ,Real Estate,REIT - Mortgage,yfinance,2025-12-06 00:00:00
ADBE,Technology,Software - Application,yfinance,2025-12-06 00:00:00
ADC,Real Estate,REIT - Retail,yfinance,2025-12-06 00:00:00
ADCT,Healthcare,Biotechnology,yfinance,2025-12-06 00:00:00
ADEA,Technology,Software - Application,yfinance,2025-12-06 00:00:00
ADGM,Healthcare,Medical Devices,yfinance,2025-12-06 00:00:00
ADI,Technology,Semiconductors,yfinance,2025-12-06 00:00:00
ADIL,Healthcare,Biotechnology,yfinance,2025-12-06 00:00:00
ADM,Consumer Defensive,Farm Products,yfinance,2025-12-06 00:00:00
ADMA,Healthcare,Biotechnology,yfinance,2025-12-06 00:00:00
ADNT,Consumer Cyclical,Auto Parts,yfinance,2025-12-06 00:00:00
ADP,Technology,Software - Application,yfinance,2025-12-06 00:00:00
ADPT,Healthcare,Biotechnology,yfinance,2025-12-06 00:00:00
ADSE,Industrials,Electrical Equipment & Parts,yfinance,2025-12-06 00:00:00
ADSEW,Industrials,Electrical Equipment & Parts,yfinance,2025-12-06 00:00:00
ADSK,Technology,Software - Application,yfinance,2025-12-06 00:00:00
ADT,Industrials,Security & Protection Services,yfinance,2025-12-06 00:00:00
ADTN,Technology,Communication Equipment,yfinance,2025-12-06 00:00:00
ADTX,Healthcare,Biotechnology,yfinance,2025-12-06 00:00:00
ADUR,Industrials,Pollution & Treatment Controls,yfinance,2025-12-06 00:00:00
ADUS,Healthcare,Medical Care Facilities,yfinance,2025-12-06 00:00:00
ADV,Communication Services,Advertising Agencies,yfinance,2025-12-06 00:00:00
ADVB,Healthcare,Diagnostics & Research,yfinance,2025-12-06 00:00:00
ADVM,Healthcare,Biotechnology,yfinance,2025-12-06 00:00:00
ADX,Financial Services,Asset Management,yfinance,2025-12-06 00:00:00
ADXN,Healthcare,Biotechnology,yfinance,2025-12-06 00:00:00
AEAQU,Unknown,Unknown,yfinance,2025-12-06 00:00:00
AEBI,Industrials,Farm & Heavy Construction Machinery,yfinance,2025-12-06 00:00:00
AEC,Energy,Uranium,yfinance,2025-12-06 00:00:00
AEE,Utilities,Utilities - Regulated Electric,yfinance,2025-12-06 00:00:00
AEF,Financial Services,Asset Management,yfinance,2025-12-06 00:00:00
AEFC,Unknown,Unknown,yfinance,2025-12-06 00:00:00
AEG,Financial Services,Insurance - Diversified,yfinance,2025-12-06 00:00:00
AEHL,Industrials,Building Products & Equipment,yfinance,2025-12-06 00:00:00
AEHR,Technology,Semiconductor Equipment & Materials,yfinance,2025-12-06 00:00:00
AEI,Real Estate,Real Estate - Development,yfinance,2025-12-06 00:00:00
AEIS,Industrials,Electrical Equipment & Parts,yfinance,2025-12-06 00:00:00
AEM,Basic Materials,Gold,yfinance,2025-12-06 00:00:00
AEMD,Healthcare,Medical Devices,yfinance,2025-12-06 00:00:00
AENT,Communication Services,Entertainment,yfinance,2025-12-06 00:00:00
AENTW,Communication Services,Entertainment,yfinance,2025-12-06 00:00:00
AEO,Consumer Cyclical,Apparel Retail,yfinance,2025-12-06 00:00:00
AEON,Healthcare,Biotechnology,yfinance,2025-12-06 00:00:00
AEP,Utilities,Utilities - Regulated Electric,yfinance,2025-12-06 00:00:00
AER,Industrials,Rental & Leasing Services,yfinance,2025-12-06 00:00:00
AERO,Industrials,Airlines,yfinance,2025-12-06 00:00:00
AERT,Industrials,Consulting Services,yfinance,2025-12-06 00:00:00
AERTW,Industrials,Consulting Services,yfinance,2025-12-06 00:00:00
AES,Utilities,Utilities - Diversified,yfinance,2025-12-06 00:00:00
AESI,Energy,Oil & Gas Equipment & Services,yfinance,2025-12-06 00:00:00
AEVA,Technology,Software - Infrastructure,yfinance,2025-12-06 00:00:00
AEVAW,Technology,Software - Infrastructure,yfinance,2025-12-06 00:00:00
AEXA,Unknown,Unknown,yfinance,2025-12-06 00:00:00
AEYE,Technology,Software - Application,yfinance,2025-12-06 00:00:00
AFB,Financial Services,Asset Management,yfinance,2025-12-06 00:00:00
AFBI,Financial Services,Banks - Regional,yfinance,2025-12-06 00:00:00
AFCG,Real Estate,REIT - Mortgage,yfinance,2025-12-06 00:00:00
AFG,Financial Services,Insurance - Property & Casualty,yfinance,2025-12-06 00:00:00
AFGB,Unknown,Unknown,yfinance,2025-12-06 00:00:00
AFGC,Unknown,Unknown,yfinance,2025-12-06 00:00:00
AFGD,Unknown,Unknown,yfinance,2025-12-06 00:00:00
AFGE,Unknown,Unknown,yfinance,2025-12-06 00:00:00
AFJK,Financial Services,Shell Companies,yfinance,2025-12-06 00:00:00
AFJKR,Unknown,Unknown,yfinance,2025-12-06 00:00:00
AFJKU,Financial Services,Shell Companies,yfinance,2025-12-06 00:00:00
AFL,Financial Services,Insurance - Life,yfinance,2025-12-06 00:00:00
AFRI,Consumer Defensive,Farm Products,yfinance,2025-12-06 00:00:00
AFRIW,Consumer Defensive,Farm Products,yfinance,2025-12-06 00:00:00
AFRM,Technology,Software - Infrastructure,yfinance,2025-12-06 00:00:00
AFYA,Consumer Defensive,Education & Training Services,yfinance,2025-12-06 00:00:00
AG,Basic Materials,Silver,yfinance,2025-12-06 00:00:00
AGAE,Communication Services,Entertainment,yfinance,2025-12-06 00:00:00
AGCC,Unknown,Unknown,yfinance,2025-12-06 00:00:00
AGCO,Industrials,Farm & Heavy Construction Machinery,yfinance,2025-12-06 00:00:00
AGD,Financial Services,Asset Management,yfinance,2025-12-06 00:00:00
AGEN,Healthcare,Biotechnology,yfinance,2025-12-06 00:00:00
AGH,Consumer Cyclical,Leisure,yfinance,2025-12-06 00:00:00
AGI,Basic Materials,Gold,yfinance,2025-12-06 00:00:00
AGIO,Healthcare,Biotechnology,yfinance,2025-12-06 00:00:00
AGL,Healthcare,Medical Care Facilities,yfinance,2025-12-06 00:00:00
AGM,Financial Services,Credit Services,yfinance,2025-12-06 00:00:00
AGMH,Technology,Computer Hardware,yfinance,2025-12-06 00:00:00
AGNC,Real Estate,REIT - Mortgage,yfinance,2025-12-06 00:00:00
AGNCL,Real Estate,REIT - Mortgage,yfinance,2025-12-06 00:00:00
AGNCM,Real Estate,REIT - Mortgage,yfinance,2025-12-06 00:00:00
AGNCN,Real Estate,REIT - Mortgage,yfinance,2025-12-06 00:00:00
AGNCO,Real Estate,REIT - Mortgage,yfinance,2025-12-06 00:00:00
AGNCP,Real Estate,REIT - Mortgage,yfinance,2025-12-06 00:00:00
AGNCZ,Real Estate,REIT - Mortgage,yfinance,2025-12-06 00:00:00
AGO,Financial Services,Insurance - Specialty,yfinance,2025-12-06 00:00:00
AGRO,Consumer Defensive,Farm Products,yfinance,2025-12-06 00:00:00
AGRZ,Consumer Defensive,Farm Products,yfinance,2025-12-06 00:00:00
AGX,Industrials,Engineering & Construction,yfinance,2025-12-06 00:00:00
AGYS,Technology,Software - Application,yfinance,2025-12-06 00:00:00
AHCO,Healthcare,Medical Devices,yfinance,2025-12-06 00:00:00
AHG,Healthcare,Medical Distribution,yfinance,2025-12-06 00:00:00
AHH,Real Estate,REIT - Diversified,yfinance,2025-12-06 00:00:00
AHL,Financial Services,Insurance - Property & Casualty,yfinance,2025-12-06 00:00:00
AHMA,Consumer Cyclical,Travel Services,yfinance,2025-12-06 00:00:00
AHR,Real Estate,REIT - Healthcare Facilities,yfinance,2025-12-06 00:00:00
AHT,Real Estate,REIT - Hotel & Motel,yfinance,2025-12-06 00:00:00
AI,Technology,Software - Infrastructure,yfinance,2025-12-06 00:00:00
AIFF,Technology,Software - Application,yfinance,2025-12-06 00:00:00
AIFU,Financial Services,Insurance Brokers,yfinance,2025-12-06 00:00:00
AIG,Financial Services,Insurance - Diversified,yfinance,2025-12-06 00:00:00
AIHS,Industrials,Rental & Leasing Services,yfinance,2025-12-06 00:00:00
AII,Financial Services,Insurance - Property & Casualty,yfinance,2025-12-06 00:00:00
AIIA,Unknown,Unknown,yfinance,2025-12-06 00:00:00
AIIO,Consumer Cyclical,Auto Manufacturers,yfinance,2025-12-06 00:00:00
AIIOW,Consumer Cyclical,Auto Manufacturers,yfinance,2025-12-06 00:00:00
AIM,Healthcare,Biotechnology,yfinance,2025-12-06 00:00:00
AIMD,Technology,Scientific & Technical Instruments,yfinance,2025-12-06 00:00:00
AIMDW,Technology,Scientific & Technical Instruments,yfinance,2025-12-06 00:00:00
AIN,Consumer Cyclical,Textile Manufacturing,yfinance,2025-12-06 00:00:00
AIO,Financial Services,Asset Management,yfinance,2025-12-06 00:00:00
AIOT,Technology,Software - Infrastructure,yfinance,2025-12-06 00:00:00
AIP,Technology,Semiconductors,yfinance,2025-12-06 00:00:00
AIR,Industrials,Aerospace & Defense,yfinance,2025-12-06 00:00:00
AIRE,Real Estate,Real Estate Services,yfinance,2025-12-06 00:00:00
AIRG,Technology,Communication Equipment,yfinance,2025-12-06 00:00:00
AIRI,Industrials,Aerospace & Defense,yfinance,2025-12-06 00:00:00
AIRJ,Industrials,Building Products & Equipment,yfinance,2025-12-06 00:00:00
AIRJW,Industrials,Building Products & Equipment,yfinance,2025-12-06 00:00:00
AIRO,Industrials,Aerospace & Defense,yfinance,2025-12-06 00:00:00
AIRS,Healthcare,Medical Care Facilities,yfinance,2025-12-06 00:00:00
AIRT,Industrials,Conglomerates,yfinance,2025-12-06 00:00:00
AIRTP,Industrials,Conglomerates,yfinance,2025-12-06 00:00:00
AISP,Technology,Software - Infrastructure,yfinance,2025-12-06 00:00:00
AISPW,Technology,Software - Infrastructure,yfinance,2025-12-06 00:00:00
AIT,Industrials,Industrial Distribution,yfinance,2025-12-06 00:00:00
AIV,Real Estate,REIT - Residential,yfinance,2025-12-06 00:00:00
AIXC,Technology,Software - Infrastructure,yfinance,2025-12-06 00:00:00
AIXI,Technology,Software - Application,yfinance,2025-12-06 00:00:00
AIZ,Financial Services,Insurance - Property & Casualty,yfinance,2025-12-06 00:00:00
AIZN,Unknown,Unknown,yfinance,2025-12-06 00:00:00
AJG,Financial Services,Insurance Brokers,yfinance,2025-12-06 00:00:00
AKA,Consumer Cyclical,Apparel Retail,yfinance,2025-12-06 00:00:00
AKAM,Technology,Software - Infrastructure,yfinance,2025-12-06 00:00:00
AKAN,Healthcare,Drug Manufacturers - Specialty & Generic,yfinance,2025-12-06 00:00:00
AKBA,Healthcare,Drug Manufacturers - Specialty & Generic,yfinance,2025-12-06 00:00:00
AKR,Real Estate,REIT - Retail,yfinance,2025-12-06 00:00:00
AKRO,Healthcare,Biotechnology,yfinance,2025-12-06 00:00:00
AKTX,Healthcare,Biotechnology,yfinance,2025-12-06 00:00:00
AL,Industrials,Rental & Leasing Services,yfinance,2025-12-06 00:00:00
ALAB,Technology,Semiconductors,yfinance,2025-12-06 00:00:00
ALAR,Technology,Software - Infrastructure,yfinance,2025-12-06 00:00:00
ALB,Basic Materials,Specialty Chemicals,yfinance,2025-12-06 00:00:00
ALBT,Real Estate,Real Estate Services,yfinance,2025-12-06 00:00:00
ALC,Healthcare,Medical Instruments & Supplies,yfinance,2025-12-06 00:00:00
ALCO,Consumer Defensive,Farm Products,yfinance,2025-12-06 00:00:00
ALCY,Financial Services,Shell Companies,yfinance,2025-12-06 00:00:00
ALCYU,Financial Services,Shell Companies,yfinance,2025-12-06 00:00:00
ALCYW,Unknown,Unknown,yfinance,2025-12-06 00:00:00
ALDF,Financial Services,Shell Companies,yfinance,2025-12-06 00:00:00
ALDFU,Financial Services,Shell Companies,yfinance,2025-12-06 00:00:00
ALDFW,Financial Services,Shell Companies,yfinance,2025-12-06 00:00:00
ALDX,Healthcare,Biotechnology,yfinance,2025-12-06 00:00:00
ALE,Utilities,Utilities - Diversified,yfinance,2025-12-06 00:00:00
ALEC,Healthcare,Biotechnology,yfinance,2025-12-06 00:00:00
ALEX,Real Estate,REIT - Retail,yfinance,2025-12-06 00:00:00
ALF,Financial Services,Shell Companies,yfinance,2025-12-06 00:00:00
ALFUU,Financial Services,Shell Companies,yfinance,2025-12-06 00:00:00
ALFUW,Financial Services,Shell Companies,yfinance,2025-12-06 00:00:00
ALG,Industrials,Farm & Heavy Construction Machinery,yfinance,2025-12-06 00:00:00
ALGM,Technology,Semiconductors,yfinance,2025-12-06 00:00:00
ALGN,Healthcare,Medical Instruments & Supplies,yfinance,2025-12-06 00:00:00
ALGS,Healthcare,Biotechnology,yfinance,2025-12-06 00:00:00
ALGT,Industrials,Airlines,yfinance,2025-12-06 00:00:00
ALH,Consumer Cyclical,"Furnishings, Fixtures & Appliances",yfinance,2025-12-06 00:00:00
ALHC,Healthcare,Healthcare Plans,yfinance,2025-12-06 00:00:00
ALIS,Financial Services,Shell Companies,yfinance,2025-12-06 00:00:00
ALISR,Unknown,Unknown,yfinance,2025-12-06 00:00:00
ALISU,Financial Services,Shell Companies,yfinance,2025-12-06 00:00:00
ALIT,Technology,Software - Application,yfinance,2025-12-06 00:00:00
ALK,Industrials,Airlines,yfinance,2025-12-06 00:00:00
ALKS,Healthcare,Drug Manufacturers - Specialty & Generic,yfinance,2025-12-06 00:00:00
ALKT,Technology,Software - Application,yfinance,2025-12-06 00:00:00
ALL,Financial Services,Insurance - Property & Casualty,yfinance,2025-12-06 00:00:00
ALLE,Industrials,Security & Protection Services,yfinance,2025-12-06 00:00:00
ALLO,Healthcare,Biotechnology,yfinance,2025-12-06 00:00:00
ALLR,Healthcare,Biotechnology,yfinance,2025-12-06 00:00:00
ALLT,Technology,Software - Infrastructure,yfinance,2025-12-06 00:00:00
ALLY,Financial Services,Credit Services,yfinance,2025-12-06 00:00:00
ALM,Basic Materials,Other Industrial Metals & Mining,yfinance,2025-12-06 00:00:00
ALMS,Healthcare,Biotechnology,yfinance,2025-12-06 00:00:00
ALMU,Technology,Semiconductors,yfinance,2025-12-06 00:00:00
ALNT,Technology,Electronic Components,yfinance,2025-12-06 00:00:00
ALNY,Healthcare,Biotechnology,yfinance,2025-12-06 00:00:00
ALOT,Technology,Computer Hardware,yfinance,2025-12-06 00:00:00
ALPS,Unknown,Unknown,yfinance,2025-12-06 00:00:00
ALRM,Technology,Software - Application,yfinance,2025-12-06 00:00:00
ALRS,Financial Services,Banks - Regional,yfinance,2025-12-06 00:00:00
ALSN,Consumer Cyclical,Auto Parts,yfinance,2025-12-06 00:00:00
ALT,Healthcare,Biotechnology,yfinance,2025-12-06 00:00:00
ALTG,Industrials,Rental & Leasing Services,yfinance,2025-12-06 00:00:00
ALTI,Financial Services,Asset Management,yfinance,2025-12-06 00:00:00
ALTO,Basic Materials,Specialty Chemicals,yfinance,2025-12-06 00:00:00
ALTS,Technology,Software - Application,yfinance,2025-12-06 00:00:00
ALUR,Healthcare,Medical Devices,yfinance,2025-12-06 00:00:00
ALV,Consumer Cyclical,Auto Parts,yfinance,2025-12-06 00:00:00
ALVO,Healthcare,Drug Manufacturers - Specialty & Generic,yfinance,2025-12-06 00:00:00
ALVOW,Healthcare,Drug Manufacturers - Specialty & Generic,yfinance,2025-12-06 00:00:00
ALX,Real Estate,REIT - Retail,yfinance,2025-12-06 00:00:00
ALXO,Healthcare,Biotechnology,yfinance,2025-12-06 00:00:00
ALZN,Healthcare,Biotechnology,yfinance,2025-12-06 00:00:00
AM,Energy,Oil & Gas Midstream,yfinance,2025-12-06 00:00:00
AMAL,Financial Services,Banks - Regional,yfinance,2025-12-06 00:00:00
AMAT,Technology,Semiconductor Equipment & Materials,yfinance,2025-12-06 00:00:00
AMBA,Technology,Semiconductor Equipment & Materials,yfinance,2025-12-06 00:00:00
AMBO,Consumer Defensive,Education & Training Services,yfinance,2025-12-06 00:00:00
AMBP,Consumer Cyclical,Packaging & Containers,yfinance,2025-12-06 00:00:00
AMBQ,Technology,Semiconductors,yfinance,2025-12-06 00:00:00
AMBR,Technology,Software - Infrastructure,yfinance,2025-12-06 00:00:00
AMC,Communication Services,Entertainment,yfinance,2025-12-06 00:00:00
AMCR,Consumer Cyclical,Packaging & Containers,yfinance,2025-12-06 00:00:00
AMCX,Communication Services,Entertainment,yfinance,2025-12-06 00:00:00
AMD,Technology,Semiconductors,yfinance,2025-12-06 00:00:00
AME,Industrials,Specialty Industrial Machinery,yfinance,2025-12-06 00:00:00
AMG,Financial Services,Asset Management,yfinance,2025-12-06 00:00:00
AMGN,Healthcare,Drug Manufacturers - General,yfinance,2025-12-06 00:00:00
AMH,Real Estate,REIT - Residential,yfinance,2025-12-06 00:00:00
AMIX,Healthcare,Medical Devices,yfinance,2025-12-06 00:00:00
AMKR,Technology,Semiconductor Equipment & Materials,yfinance,2025-12-06 00:00:00
AMLX,Healthcare,Biotechnology,yfinance,2025-12-06 00:00:00
AMN,Healthcare,Medical Care Facilities,yfinance,2025-12-06 00:00:00
AMOD,Technology,Software - Application,yfinance,2025-12-06 00:00:00
AMODW,Technology,Software - Application,yfinance,2025-12-06 00:00:00
AMP,Financial Services,Asset Management,yfinance,2025-12-06 00:00:00
AMPG,Technology,Communication Equipment,yfinance,2025-12-06 00:00:00
AMPGW,Technology,Communication Equipment,yfinance,2025-12-06 00:00:00
AMPH,Healthcare,Drug Manufacturers - Specialty & Generic,yfinance,2025-12-06 00:00:00
AMPL,Technology,Software - Application,yfinance,2025-12-06 00:00:00
AMPX,Industrials,Electrical Equipment & Parts,yfinance,2025-12-06 00:00:00
AMPY,Energy,Oil & Gas E&P,yfinance,2025-12-06 00:00:00
AMR,Basic Materials,Coking Coal,yfinance,2025-12-06 00:00:00
AMRC,Industrials,Engineering & Construction,yfinance,2025-12-06 00:00:00
AMRN,Healthcare,Drug Manufacturers - General,yfinance,2025-12-06 00:00:00
AMRX,Healthcare,Drug Manufacturers - Specialty & Generic,yfinance,2025-12-06 00:00:00
AMRZ,Basic Materials,Building Materials,yfinance,2025-12-06 00:00:00
AMS,Healthcare,Medical Care Facilities,yfinance,2025-12-06 00:00:00
AMSC,Industrials,Specialty Industrial Machinery,yfinance,2025-12-06 00:00:00
AMSF,Financial Services,Insurance - Specialty,yfinance,2025-12-06 00:00:00
AMST,Technology,Software - Application,yfinance,2025-12-06 00:00:00
AMT,Real Estate,REIT - Specialty,yfinance,2025-12-06 00:00:00
AMTB,Financial Services,Banks - Regional,yfinance,2025-12-06 00:00:00
AMTD,Financial Services,Asset Management,yfinance,2025-12-06 00:00:00
AMTM,Industrials,Specialty Business Services,yfinance,2025-12-06 00:00:00
AMTX,Basic Materials,Specialty Chemicals,yfinance,2025-12-06 00:00:00
AMUB,Unknown,Unknown,yfinance,2025-12-06 00:00:00
AMWD,Consumer Cyclical,"Furnishings, Fixtures & Appliances",yfinance,2025-12-06 00:00:00
AMWL,Healthcare,Health Information Services,yfinance,2025-12-06 00:00:00
AMX,Communication Services,Telecom Services,yfinance,2025-12-06 00:00:00
AMZE,Consumer Defensive,Beverages - Wineries & Distilleries,yfinance,2025-12-06 00:00:00
AMZN,Consumer Cyclical,Internet Retail,yfinance,2025-12-06 00:00:00
AN,Consumer Cyclical,Auto & Truck Dealerships,yfinance,2025-12-06 00:00:00
ANAB,Healthcare,Biotechnology,yfinance,2025-12-06 00:00:00
ANDE,Consumer Defensive,Food Distribution,yfinance,2025-12-06 00:00:00
ANEB,Healthcare,Biotechnology,yfinance,2025-12-06 00:00:00
ANET,Technology,Computer Hardware,yfinance,2025-12-06 00:00:00
ANF,Consumer Cyclical,Apparel Retail,yfinance,2025-12-06 00:00:00
ANGH,Communication Services,Entertainment,yfinance,2025-12-06 00:00:00
ANGHW,Communication Services,Entertainment,yfinance,2025-12-06 00:00:00
ANGI,Communication Services,Internet Content & Information,yfinance,2025-12-06 00:00:00
ANGO,Healthcare,Medical Instruments & Supplies,yfinance,2025-12-06 00:00:00
ANGX,Communication Services,Entertainment,yfinance,2025-12-06 00:00:00
ANIK,Healthcare,Drug Manufacturers - Specialty & Generic,yfinance,2025-12-06 00:00:00
ANIP,Healthcare,Drug Manufacturers - Specialty & Generic,yfinance,2025-12-06 00:00:00
ANIX,Healthcare,Biotechnology,yfinance,2025-12-06 00:00:00
ANL,Healthcare,Biotechnology,yfinance,2025-12-06 00:00:00
ANNA,Energy,Oil & Gas E&P,yfinance,2025-12-06 00:00:00
ANNAW,Energy,Oil & Gas E&P,yfinance,2025-12-06 00:00:00
ANNX,Healthcare,Biotechnology,yfinance,2025-12-06 00:00:00
ANPA,Industrials,Specialty Business Services,yfinance,2025-12-06 00:00:00
ANRO,Healthcare,Biotechnology,yfinance,2025-12-06 00:00:00
ANSC,Financial Services,Shell Companies,yfinance,2025-12-06 00:00:00
ANSCU,Financial Services,Shell Companies,yfinance,2025-12-06 00:00:00
ANSCW,Financial Services,Shell Companies,yfinance,2025-12-06 00:00:00
ANTA,Financial Services,Credit Services,yfinance,2025-12-06 00:00:00
ANTX,Healthcare,Biotechnology,yfinance,2025-12-06 00:00:00
ANVS,Healthcare,Biotechnology,yfinance,2025-12-06 00:00:00
ANY,Financial Services,Capital Markets,yfinance,2025-12-06 00:00:00
AOD,Financial Services,Asset Management,yfinance,2025-12-06 00:00:00
AOMD,Unknown,Unknown,yfinance,2025-12-06 00:00:00
AOMN,Unknown,Unknown,yfinance,2025-12-06 00:00:00
AOMR,Real Estate,REIT - Mortgage,yfinance,2025-12-06 00:00:00
AON,Financial Services,Insurance Brokers,yfinance,2025-12-06 00:00:00
AORT,Healthcare,Medical Devices,yfinance,2025-12-06 00:00:00
AOS,Industrials,Specialty Industrial Machinery,yfinance,2025-12-06 00:00:00
AOSL,Technology,Semiconductors,yfinance,2025-12-06 00:00:00
AOUT,Consumer Cyclical,Leisure,yfinance,2025-12-06 00:00:00
AP,Industrials,Metal Fabrication,yfinance,2025-12-06 00:00:00
APA,Energy,Oil & Gas E&P,yfinance,2025-12-06 00:00:00
APAC,Financial Services,Shell Companies,yfinance,2025-12-06 00:00:00
APACR,Unknown,Unknown,yfinance,2025-12-06 00:00:00
APACU,Financial Services,Shell Companies,yfinance,2025-12-06 00:00:00
APAD,Financial Services,Shell Companies,yfinance,2025-12-06 00:00:00
APADR,Unknown,Unknown,yfinance,2025-12-06 00:00:00
APADU,Financial Services,Shell Companies,yfinance,2025-12-06 00:00:00
APAM,Financial Services,Asset Management,yfinance,2025-12-06 00:00:00
APD,Basic Materials,Specialty Chemicals,yfinance,2025-12-06 00:00:00
APEI,Consumer Defensive,Education & Training Services,yfinance,2025-12-06 00:00:00
APG,Industrials,Engineering & Construction,yfinance,2025-12-06 00:00:00
APGE,Healthcare,Biotechnology,yfinance,2025-12-06 00:00:00
APH,Technology,Electronic Components,yfinance,2025-12-06 00:00:00
API,Technology,Software - Application,yfinance,2025-12-06 00:00:00
APLD,Technology,Information Technology Services,yfinance,2025-12-06 00:00:00
APLE,Real Estate,REIT - Hotel & Motel,yfinance,2025-12-06 00:00:00
APLM,Healthcare,Biotechnology,yfinance,2025-12-06 00:00:00
APLMW,Unknown,Unknown,yfinance,2025-12-06 00:00:00
APLS,Healthcare,Biotechnology,yfinance,2025-12-06 00:00:00
APLT,Healthcare,Biotechnology,yfinance,2025-12-06 00:00:00
APM,Healthcare,Biotechnology,yfinance,2025-12-06 00:00:00
APO,Financial Services,Asset Management,yfinance,2025-12-06 00:00:00
APOG,Industrials,Building Products & Equipment,yfinance,2025-12-06 00:00:00
APOS,Unknown,Unknown,yfinance,2025-12-06 00:00:00
APP,Communication Services,Advertising Agencies,yfinance,2025-12-06 00:00:00
APPF,Technology,Software - Application,yfinance,2025-12-06 00:00:00
APPN,Technology,Software - Infrastructure,yfinance,2025-12-06 00:00:00
APPS,Technology,Software - Application,yfinance,2025-12-06 00:00:00
APRE,Healthcare,Biotechnology,yfinance,2025-12-06 00:00:00
APT,Industrials,Building Products & Equipment,yfinance,2025-12-06 00:00:00
APTV,Consumer Cyclical,Auto Parts,yfinance,2025-12-06 00:00:00
APUS,Healthcare,Drug Manufacturers - Specialty & Generic,yfinance,2025-12-06 00:00:00
APVO,Healthcare,Biotechnology,yfinance,2025-12-06 00:00:00
APWC,Industrials,Electrical Equipment & Parts,yfinance,2025-12-06 00:00:00
APXT,Financial Services,Shell Companies,yfinance,2025-12-06 00:00:00
APXTU,Financial Services,Shell Companies,yfinance,2025-12-06 00:00:00
APXTW,Financial Services,Shell Companies,yfinance,2025-12-06 00:00:00
APYX,Healthcare,Medical Devices,yfinance,2025-12-06 00:00:00
AQB,Consumer Defensive,Farm Products,yfinance,2025-12-06 00:00:00
AQMS,Industrials,Waste Management,yfinance,2025-12-06 00:00:00
AQN,Utilities,Utilities - Diversified,yfinance,2025-12-06 00:00:00
AQNB,Unknown,Unknown,yfinance,2025-12-06 00:00:00
AQST,Healthcare,Drug Manufacturers - Specialty & Generic,yfinance,2025-12-06 00:00:00
AR,Energy,Oil & Gas E&P,yfinance,2025-12-06 00:00:00
ARAI,Technology,Software - Infrastructure,yfinance,2025-12-06 00:00:00
ARAY,Healthcare,Medical Devices,yfinance,2025-12-06 00:00:00
ARBB,Technology,Information Technology Services,yfinance,2025-12-06 00:00:00
ARBE,Technology,Scientific & Technical Instruments,yfinance,2025-12-06 00:00:00
ARBEW,Technology,Scientific & Technical Instruments,yfinance,2025-12-06 00:00:00
ARBK,Financial Services,Capital Markets,yfinance,2025-12-06 00:00:00
ARBKL,Unknown,Unknown,yfinance,2025-12-06 00:00:00
ARCB,Industrials,Trucking,yfinance,2025-12-06 00:00:00
ARCC,Financial Services,Asset Management,yfinance,2025-12-06 00:00:00
ARCO,Consumer Cyclical,Restaurants,yfinance,2025-12-06 00:00:00
ARCT,Healthcare,Biotechnology,yfinance,2025-12-06 00:00:00
ARDC,Financial Services,Asset Management,yfinance,2025-12-06 00:00:00
ARDT,Healthcare,Medical Care Facilities,yfinance,2025-12-06 00:00:00
ARDX,Healthcare,Biotechnology,yfinance,2025-12-06 00:00:00
ARE,Real Estate,REIT - Office,yfinance,2025-12-06 00:00:00
AREB,Consumer Cyclical,Footwear & Accessories,yfinance,2025-12-06 00:00:00
AREBW,Unknown,Unknown,yfinance,2025-12-06 00:00:00
AREC,Basic Materials,Coking Coal,yfinance,2025-12-06 00:00:00
AREN,Communication Services,Internet Content & Information,yfinance,2025-12-06 00:00:00
ARES,Financial Services,Asset Management,yfinance,2025-12-06 00:00:00
ARGX,Healthcare,Biotechnology,yfinance,2025-12-06 00:00:00
ARHS,Consumer Cyclical,Specialty Retail,yfinance,2025-12-06 00:00:00
ARI,Real Estate,REIT - Mortgage,yfinance,2025-12-06 00:00:00
ARKO,Consumer Cyclical,Specialty Retail,yfinance,2025-12-06 00:00:00
ARKOW,Consumer Cyclical,Specialty Retail,yfinance,2025-12-06 00:00:00
ARKR,Consumer Cyclical,Restaurants,yfinance,2025-12-06 00:00:00
ARL,Real Estate,Real Estate Services,yfinance,2025-12-06 00:00:00
ARLO,Industrials,Building Products & Equipment,yfinance,2025-12-06 00:00:00
ARLP,Energy,Thermal Coal,yfinance,2025-12-06 00:00:00
ARM,Technology,Semiconductors,yfinance,2025-12-06 00:00:00
ARMK,Industrials,Specialty Business Services,yfinance,2025-12-06 00:00:00
ARMN,Basic Materials,Gold,yfinance,2025-12-06 00:00:00
ARMP,Healthcare,Biotechnology,yfinance,2025-12-06 00:00:00
AROC,Energy,Oil & Gas Equipment & Services,yfinance,2025-12-06 00:00:00
AROW,Financial Services,Banks - Regional,yfinance,2025-12-06 00:00:00
ARQ,Industrials,Pollution & Treatment Controls,yfinance,2025-12-06 00:00:00
ARQQ,Technology,Software - Infrastructure,yfinance,2025-12-06 00:00:00
ARQQW,Technology,Software - Infrastructure,yfinance,2025-12-06 00:00:00
ARQT,Healthcare,Biotechnology,yfinance,2025-12-06 00:00:00
ARR,Real Estate,REIT - Mortgage,yfinance,2025-12-06 00:00:00
ARRY,Technology,Solar,yfinance,2025-12-06 00:00:00
ARTL,Healthcare,Biotechnology,yfinance,2025-12-06 00:00:00
ARTNA,Utilities,Utilities - Regulated Water,yfinance,2025-12-06 00:00:00
ARTV,Healthcare,Biotechnology,yfinance,2025-12-06 00:00:00
ARTW,Industrials,Farm & Heavy Construction Machinery,yfinance,2025-12-06 00:00:00
ARVN,Healthcare,Biotechnology,yfinance,2025-12-06 00:00:00
ARW,Technology,Electronics & Computer Distribution,yfinance,2025-12-06 00:00:00
ARWR,Healthcare,Biotechnology,yfinance,2025-12-06 00:00:00
ARX,Financial Services,Insurance Brokers,yfinance,2025-12-06 00:00:00
AS,Consumer Cyclical,Leisure,yfinance,2025-12-06 00:00:00
ASA,Financial Services,Asset Management,yfinance,2025-12-06 00:00:00
ASAN,Technology,Software - Application,yfinance,2025-12-06 00:00:00
ASB,Financial Services,Banks - Regional,yfinance,2025-12-06 00:00:00
ASBA,Unknown,Unknown,yfinance,2025-12-06 00:00:00
ASBP,Healthcare,Biotechnology,yfinance,2025-12-06 00:00:00
ASBPW,Healthcare,Biotechnology,yfinance,2025-12-06 00:00:00
ASC,Industrials,Marine Shipping,yfinance,2025-12-06 00:00:00
ASG,Financial Services,Asset Management,yfinance,2025-12-06 00:00:00
ASGI,Financial Services,Asset Management,yfinance,2025-12-06 00:00:00
ASGN,Technology,Information Technology Services,yfinance,2025-12-06 00:00:00
ASH,Basic Materials,Specialty Chemicals,yfinance,2025-12-06 00:00:00
ASIC,Financial Services,Insurance - Property & Casualty,yfinance,2025-12-06 00:00:00
ASIX,Basic Materials,Chemicals,yfinance,2025-12-06 00:00:00
ASLE,Industrials,Airports & Air Services,yfinance,2025-12-06 00:00:00
ASM,Basic Materials,Other Precious Metals & Mining,yfinance,2025-12-06 00:00:00
ASMB,Healthcare,Biotechnology,yfinance,2025-12-06 00:00:00
ASML,Technology,Semiconductor Equipment & Materials,yfinance,2025-12-06 00:00:00
ASND,Healthcare,Biotechnology,yfinance,2025-12-06 00:00:00
ASNS,Technology,Communication Equipment,yfinance,2025-12-06 00:00:00
ASO,Consumer Cyclical,Specialty Retail,yfinance,2025-12-06 00:00:00
ASPC,Financial Services,Shell Companies,yfinance,2025-12-06 00:00:00
ASPCR,Unknown,Unknown,yfinance,2025-12-06 00:00:00
ASPCU,Financial Services,Shell Companies,yfinance,2025-12-06 00:00:00
ASPI,Basic Materials,Chemicals,yfinance,2025-12-06 00:00:00
ASPN,Industrials,Building Products & Equipment,yfinance,2025-12-06 00:00:00
ASPS,Real Estate,Real Estate Services,yfinance,2025-12-06 00:00:00
ASPSW,Real Estate,Real Estate Services,yfinance,2025-12-06 00:00:00
ASPSZ,Real Estate,Real Estate Services,yfinance,2025-12-06 00:00:00
ASR,Industrials,Airports & Air Services,yfinance,2025-12-06 00:00:00
ASRT,Healthcare,Drug Manufacturers - Specialty & Generic,yfinance,2025-12-06 00:00:00
ASRV,Financial Services,Banks - Regional,yfinance,2025-12-06 00:00:00
ASST,Financial Services,Asset Management,yfinance,2025-12-06 00:00:00
ASTC,Technology,Scientific & Technical Instruments,yfinance,2025-12-06 00:00:00
ASTE,Industrials,Farm & Heavy Construction Machinery,yfinance,2025-12-06 00:00:00
ASTH,Healthcare,Medical Care Facilities,yfinance,2025-12-06 00:00:00
ASTI,Technology,Solar,yfinance,2025-12-06 00:00:00
ASTL,Basic Materials,Steel,yfinance,2025-12-06 00:00:00
ASTLW,Basic Materials,Steel,yfinance,2025-12-06 00:00:00
ASTS,Technology,Communication Equipment,yfinance,2025-12-06 00:00:00
ASUR,Technology,Software - Application,yfinance,2025-12-06 00:00:00
ASX,Technology,Semiconductors,yfinance,2025-12-06 00:00:00
ASYS,Technology,Semiconductor Equipment & Materials,yfinance,2025-12-06 00:00:00
ATAI,Healthcare,Biotechnology,yfinance,2025-12-06 00:00:00
ATAT,Consumer Cyclical,Lodging,yfinance,2025-12-06 00:00:00
ATCH,Financial Services,Capital Markets,yfinance,2025-12-06 00:00:00
ATEC,Healthcare,Medical Devices,yfinance,2025-12-06 00:00:00
ATEN,Technology,Software - Infrastructure,yfinance,2025-12-06 00:00:00
ATER,Consumer Cyclical,"Furnishings, Fixtures & Appliances",yfinance,2025-12-06 00:00:00
ATEX,Communication Services,Telecom Services,yfinance,2025-12-06 00:00:00
ATGE,Consumer Defensive,Education & Training Services,yfinance,2025-12-06 00:00:00
ATGL,Technology,Software - Infrastructure,yfinance,2025-12-06 00:00:00
ATHA,Healthcare,Biotechnology,yfinance,2025-12-06 00:00:00
ATHE,Healthcare,Biotechnology,yfinance,2025-12-06 00:00:00
ATHM,Communication Services,Internet Content & Information,yfinance,2025-12-06 00:00:00
ATHR,Technology,Software - Application,yfinance,2025-12-06 00:00:00
ATHS,Unknown,Unknown,yfinance,2025-12-06 00:00:00
ATI,Industrials,Metal Fabrication,yfinance,2025-12-06 00:00:00
ATII,Financial Services,Shell Companies,yfinance,2025-12-06 00:00:00
ATIIU,Financial Services,Shell Companies,yfinance,2025-12-06 00:00:00
ATIIW,Financial Services,Shell Companies,yfinance,2025-12-06 00:00:00
ATKR,Industrials,Electrical Equipment & Parts,yfinance,2025-12-06 00:00:00
ATLC,Financial Services,Credit Services,yfinance,2025-12-06 00:00:00
ATLCL,Unknown,Unknown,yfinance,2025-12-06 00:00:00
ATLCP,Financial Services,Credit Services,yfinance,2025-12-06 00:00:00
ATLCZ,Unknown,Unknown,yfinance,2025-12-06 00:00:00
ATLN,Industrials,Staffing & Employment Services,yfinance,2025-12-06 00:00:00
ATLO,Financial Services,Banks - Regional,yfinance,2025-12-06 00:00:00
ATLX,Basic Materials,Other Industrial Metals & Mining,yfinance,2025-12-06 00:00:00
ATMC,Financial Services,Shell Companies,yfinance,2025-12-06 00:00:00
ATMCR,Unknown,Unknown,yfinance,2025-12-06 00:00:00
ATMCU,Financial Services,Shell Companies,yfinance,2025-12-06 00:00:00
ATMCW,Financial Services,Shell Companies,yfinance,2025-12-06 00:00:00
ATMU,Consumer Cyclical,Auto Parts,yfinance,2025-12-06 00:00:00
ATMV,Financial Services,Shell Companies,yfinance,2025-12-06 00:00:00
ATMVR,Unknown,Unknown,yfinance,2025-12-06 00:00:00
ATMVU,Financial Services,Shell Companies,yfinance,2025-12-06 00:00:00
ATNI,Communication Services,Telecom Services,yfinance,2025-12-06 00:00:00
ATNM,Healthcare,Biotechnology,yfinance,2025-12-06 00:00:00
ATO,Utilities,Utilities - Regulated Gas,yfinance,2025-12-06 00:00:00
ATOM,Technology,Semiconductor Equipment & Materials,yfinance,2025-12-06 00:00:00
ATON,Financial Services,Asset Management,yfinance,2025-12-06 00:00:00
ATOS,Healthcare,Biotechnology,yfinance,2025-12-06 00:00:00
ATPC,Consumer Defensive,Packaged Foods,yfinance,2025-12-06 00:00:00
ATR,Healthcare,Medical Instruments & Supplies,yfinance,2025-12-06 00:00:00
ATRA,Healthcare,Biotechnology,yfinance,2025-12-06 00:00:00
ATRC,Healthcare,Medical Instruments & Supplies,yfinance,2025-12-06 00:00:00
ATRO,Industrials,Aerospace & Defense,yfinance,2025-12-06 00:00:00
ATS,Industrials,Specialty Industrial Machinery,yfinance,2025-12-06 00:00:00
ATXG,Industrials,Integrated Freight & Logistics,yfinance,2025-12-06 00:00:00
ATXS,Healthcare,Biotechnology,yfinance,2025-12-06 00:00:00
ATYR,Healthcare,Biotechnology,yfinance,2025-12-06 00:00:00
AU,Basic Materials,Gold,yfinance,2025-12-06 00:00:00
AUB,Financial Services,Banks - Regional,yfinance,2025-12-06 00:00:00
AUBN,Financial Services,Banks - Regional,yfinance,2025-12-06 00:00:00
AUDC,Technology,Communication Equipment,yfinance,2025-12-06 00:00:00
AUGO,Basic Materials,Gold,yfinance,2025-12-06 00:00:00
AUID,Technology,Software - Infrastructure,yfinance,2025-12-06 00:00:00
AUNA,Healthcare,Medical Care Facilities,yfinance,2025-12-06 00:00:00
AUPH,Healthcare,Biotechnology,yfinance,2025-12-06 00:00:00
AUR,Technology,Information Technology Services,yfinance,2025-12-06 00:00:00
AURA,Healthcare,Biotechnology,yfinance,2025-12-06 00:00:00
AURE,Financial Services,Asset Management,yfinance,2025-12-06 00:00:00
AUROW,Technology,Information Technology Services,yfinance,2025-12-06 00:00:00
AUST,Basic Materials,Gold,yfinance,2025-12-06 00:00:00
AUTL,Healthcare,Biotechnology,yfinance,2025-12-06 00:00:00
AUUD,Technology,Software - Application,yfinance,2025-12-06 00:00:00
AUUDW,Technology,Software - Application,yfinance,2025-12-06 00:00:00
AVA,Utilities,Utilities - Diversified,yfinance,2025-12-06 00:00:00
AVAH,Healthcare,Medical Care Facilities,yfinance,2025-12-06 00:00:00
AVAL,Financial Services,Banks - Regional,yfinance,2025-12-06 00:00:00
AVAV,Industrials,Aerospace & Defense,yfinance,2025-12-06 00:00:00
AVB,Real Estate,REIT - Residential,yfinance,2025-12-06 00:00:00
AVBC,Financial Services,Banks - Regional,yfinance,2025-12-06 00:00:00
AVBH,Financial Services,Banks - Regional,yfinance,2025-12-06 00:00:00
AVBP,Healthcare,Biotechnology,yfinance,2025-12-06 00:00:00
AVD,Basic Materials,Agricultural Inputs,yfinance,2025-12-06 00:00:00
AVDL,Healthcare,Drug Manufacturers - Specialty & Generic,yfinance,2025-12-06 00:00:00
AVGO,Technology,Semiconductors,yfinance,2025-12-06 00:00:00
AVIR,Healthcare,Biotechnology,yfinance,2025-12-06 00:00:00
AVK,Financial Services,Asset Management,yfinance,2025-12-06 00:00:00
AVNS,Healthcare,Medical Devices,yfinance,2025-12-06 00:00:00
AVNT,Basic Materials,Specialty Chemicals,yfinance,2025-12-06 00:00:00
AVNW,Technology,Communication Equipment,yfinance,2025-12-06 00:00:00
AVO,Consumer Defensive,Food Distribution,yfinance,2025-12-06 00:00:00
AVPT,Technology,Software - Infrastructure,yfinance,2025-12-06 00:00:00
AVR,Healthcare,Medical Instruments & Supplies,yfinance,2025-12-06 00:00:00
AVT,Technology,Electronics & Computer Distribution,yfinance,2025-12-06 00:00:00
AVTR,Healthcare,Medical Instruments & Supplies,yfinance,2025-12-06 00:00:00
AVTX,Healthcare,Biotechnology,yfinance,2025-12-06 00:00:00
AVX,Financial Services,Asset Management,yfinance,2025-12-06 00:00:00
AVXL,Healthcare,Biotechnology,yfinance,2025-12-06 00:00:00
AVY,Consumer Cyclical,Packaging & Containers,yfinance,2025-12-06 00:00:00
AWF,Financial Services,Asset Management,yfinance,2025-12-06 00:00:00
AWI,Industrials,Building Products & Equipment,yfinance,2025-12-06 00:00:00
AWK,Utilities,Utilities - Regulated Water,yfinance,2025-12-06 00:00:00
AWP,Financial Services,Asset Management,yfinance,2025-12-06 00:00:00
AWR,Utilities,Utilities - Regulated Water,yfinance,2025-12-06 00:00:00
AWRE,Technology,Software - Application,yfinance,2025-12-06 00:00:00
AWX,Industrials,Waste Management,yfinance,2025-12-06 00:00:00
AX,Financial Services,Banks - Regional,yfinance,2025-12-06 00:00:00
AXG,Financial Services,Capital Markets,yfinance,2025-12-06 00:00:00
AXGN,Healthcare,Medical Devices,yfinance,2025-12-06 00:00:00
AXIA,Utilities,Utilities - Renewable,yfinance,2025-12-06 00:00:00
AXIL,Technology,Consumer Electronics,yfinance,2025-12-06 00:00:00
AXIN,Financial Services,Shell Companies,yfinance,2025-12-06 00:00:00
AXINR,Unknown,Unknown,yfinance,2025-12-06 00:00:00
AXINU,Financial Services,Shell Companies,yfinance,2025-12-06 00:00:00
AXL,Consumer Cyclical,Auto Parts,yfinance,2025-12-06 00:00:00
AXON,Industrials,Aerospace & Defense,yfinance,2025-12-06 00:00:00
AXP,Financial Services,Credit Services,yfinance,2025-12-06 00:00:00
AXR,Real Estate,Real Estate - Development,yfinance,2025-12-06 00:00:00
AXS,Financial Services,Insurance - Specialty,yfinance,2025-12-06 00:00:00
AXSM,Healthcare,Biotechnology,yfinance,2025-12-06 00:00:00
AXTA,Basic Materials,Specialty Chemicals,yfinance,2025-12-06 00:00:00
AXTI,Technology,Semiconductor Equipment & Materials,yfinance,2025-12-06 00:00:00
AYI,Industrials,Electrical Equipment & Parts,yfinance,2025-12-06 00:00:00
AYTU,Healthcare,Drug Manufacturers - Specialty & Generic,yfinance,2025-12-06 00:00:00
AZ,Technology,Software - Application,yfinance,2025-12-06 00:00:00
AZI,Consumer Cyclical,Auto & Truck Dealerships,yfinance,2025-12-06 00:00:00
AZN,Healthcare,Drug Manufacturers - General,yfinance,2025-12-06 00:00:00
AZO,Consumer Cyclical,Auto Parts,yfinance,2025-12-06 00:00:00
AZTA,Healthcare,Medical Instruments & Supplies,yfinance,2025-12-06 00:00:00
AZTR,Healthcare,Biotechnology,yfinance,2025-12-06 00:00:00
AZZ,Industrials,Specialty Business Services,yfinance,2025-12-06 00:00:00
B,Basic Materials,Gold,yfinance,2025-12-06 00:00:00
BA,Industrials,Aerospace & Defense,yfinance,2025-12-06 00:00:00
BABA,Consumer Cyclical,Internet Retail,yfinance,2025-12-06 00:00:00
BAC,Financial Services,Banks - Diversified,yfinance,2025-12-06 00:00:00
BACC,Financial Services,Shell Companies,yfinance,2025-12-06 00:00:00
BACCR,Unknown,Unknown,yfinance,2025-12-06 00:00:00
BACCU,Financial Services,Shell Companies,yfinance,2025-12-06 00:00:00
BACQ,Financial Services,Shell Companies,yfinance,2025-12-06 00:00:00
BACQR,Unknown,Unknown,yfinance,2025-12-06 00:00:00
BACQU,Financial Services,Shell Companies,yfinance,2025-12-06 00:00:00
BAER,Industrials,Security & Protection Services,yfinance,2025-12-06 00:00:00
BAERW,Industrials,Security & Protection Services,yfinance,2025-12-06 00:00:00
BAFN,Financial Services,Banks - Regional,yfinance,2025-12-06 00:00:00
BAH,Industrials,Consulting Services,yfinance,2025-12-06 00:00:00
BAK,Basic Materials,Chemicals,yfinance,2025-12-06 00:00:00
BALL,Consumer Cyclical,Packaging & Containers,yfinance,2025-12-06 00:00:00
BALY,Consumer Cyclical,Resorts & Casinos,yfinance,2025-12-06 00:00:00
BAM,Financial Services,Asset Management,yfinance,2025-12-06 00:00:00
BANC,Financial Services,Banks - Regional,yfinance,2025-12-06 00:00:00
BAND,Technology,Software - Infrastructure,yfinance,2025-12-06 00:00:00
BANF,Financial Services,Banks - Regional,yfinance,2025-12-06 00:00:00
BANFP,Unknown,Unknown,yfinance,2025-12-06 00:00:00
BANL,Energy,Oil & Gas Midstream,yfinance,2025-12-06 00:00:00
BANR,Financial Services,Banks - Regional,yfinance,2025-12-06 00:00:00
BANX,Financial Services,Asset Management,yfinance,2025-12-06 00:00:00
BAOS,Communication Services,Advertising Agencies,yfinance,2025-12-06 00:00:00
BAP,Financial Services,Banks - Regional,yfinance,2025-12-06 00:00:00
BAR,Unknown,Unknown,yfinance,2025-12-06 00:00:00
BARK,Consumer Cyclical,Specialty Retail,yfinance,2025-12-06 00:00:00
BATL,Energy,Oil & Gas E&P,yfinance,2025-12-06 00:00:00
BATRA,Communication Services,Entertainment,yfinance,2025-12-06 00:00:00
BATRK,Communication Services,Entertainment,yfinance,2025-12-06 00:00:00
BAX,Healthcare,Medical Instruments & Supplies,yfinance,2025-12-06 00:00:00
BAYA,Financial Services,Shell Companies,yfinance,2025-12-06 00:00:00
BAYAR,Unknown,Unknown,yfinance,2025-12-06 00:00:00
BAYAU,Financial Services,Shell Companies,yfinance,2025-12-06 00:00:00
BB,Technology,Software - Infrastructure,yfinance,2025-12-06 00:00:00
BBAI,Technology,Information Technology Services,yfinance,2025-12-06 00:00:00
BBAR,Financial Services,Banks - Regional,yfinance,2025-12-06 00:00:00
BBBY,Unknown,Unknown,yfinance,2025-12-06 00:00:00
BBCP,Industrials,Engineering & Construction,yfinance,2025-12-06 00:00:00
BBD,Financial Services,Banks - Regional,yfinance,2025-12-06 00:00:00
BBDC,Financial Services,Asset Management,yfinance,2025-12-06 00:00:00
BBDO,Financial Services,Banks - Regional,yfinance,2025-12-06 00:00:00
BBGI,Communication Services,Broadcasting,yfinance,2025-12-06 00:00:00
BBIO,Healthcare,Biotechnology,yfinance,2025-12-06 00:00:00
BBLG,Healthcare,Medical Devices,yfinance,2025-12-06 00:00:00
BBLGW,Healthcare,Medical Devices,yfinance,2025-12-06 00:00:00
BBN,Financial Services,Asset Management,yfinance,2025-12-06 00:00:00
BBNX,Healthcare,Medical Devices,yfinance,2025-12-06 00:00:00
BBOT,Healthcare,Biotechnology,yfinance,2025-12-06 00:00:00
BBSI,Industrials,Staffing & Employment Services,yfinance,2025-12-06 00:00:00
BBT,Financial Services,Banks - Regional,yfinance,2025-12-06 00:00:00
BBU,Industrials,Conglomerates,yfinance,2025-12-06 00:00:00
BBUC,Financial Services,Asset Management,yfinance,2025-12-06 00:00:00
BBVA,Financial Services,Banks - Diversified,yfinance,2025-12-06 00:00:00
BBW,Consumer Cyclical,Specialty Retail,yfinance,2025-12-06 00:00:00
BBWI,Consumer Cyclical,Specialty Retail,yfinance,2025-12-06 00:00:00
BBY,Consumer Cyclical,Specialty Retail,yfinance,2025-12-06 00:00:00
BC,Consumer Cyclical,Recreational Vehicles,yfinance,2025-12-06 00:00:00
BCAB,Healthcare,Biotechnology,yfinance,2025-12-06 00:00:00
BCAL,Financial Services,Banks - Regional,yfinance,2025-12-06 00:00:00
BCAR,Financial Services,Shell Companies,yfinance,2025-12-06 00:00:00
BCARU,Financial Services,Shell Companies,yfinance,2025-12-06 00:00:00
BCARW,Financial Services,Shell Companies,yfinance,2025-12-06 00:00:00
BCAT,Financial Services,Asset Management,yfinance,2025-12-06 00:00:00
BCAX,Healthcare,Biotechnology,yfinance,2025-12-06 00:00:00
BCBP,Financial Services,Banks - Regional,yfinance,2025-12-06 00:00:00
BCC,Basic Materials,Lumber & Wood Production,yfinance,2025-12-06 00:00:00
BCDA,Healthcare,Biotechnology,yfinance,2025-12-06 00:00:00
BCE,Communication Services,Telecom Services,yfinance,2025-12-06 00:00:00
BCG,Financial Services,Asset Management,yfinance,2025-12-06 00:00:00
BCGWW,Financial Services,Asset Management,yfinance,2025-12-06 00:00:00
BCH,Financial Services,Banks - Regional,yfinance,2025-12-06 00:00:00
BCIC,Financial Services,Asset Management,yfinance,2025-12-06 00:00:00
BCML,Financial Services,Banks - Regional,yfinance,2025-12-06 00:00:00
BCO,Industrials,Security & Protection Services,yfinance,2025-12-06 00:00:00
BCPC,Basic Materials,Specialty Chemicals,yfinance,2025-12-06 00:00:00
BCRX,Healthcare,Drug Manufacturers - Specialty & Generic,yfinance,2025-12-06 00:00:00
BCS,Financial Services,Banks - Diversified,yfinance,2025-12-06 00:00:00
BCSF,Financial Services,Asset Management,yfinance,2025-12-06 00:00:00
BCSS,Unknown,Unknown,yfinance,2025-12-06 00:00:00
BCTX,Healthcare,Biotechnology,yfinance,2025-12-06 00:00:00
BCTXW,Healthcare,Biotechnology,yfinance,2025-12-06 00:00:00
BCTXZ,Healthcare,Biotechnology,yfinance,2025-12-06 00:00:00
BCV,Financial Services,Asset Management,yfinance,2025-12-06 00:00:00
BCX,Financial Services,Asset Management,yfinance,2025-12-06 00:00:00
BCYC,Healthcare,Biotechnology,yfinance,2025-12-06 00:00:00
BDC,Technology,Communication Equipment,yfinance,2025-12-06 00:00:00
BDCI,Financial Services,Shell Companies,yfinance,2025-12-06 00:00:00
BDCIU,Financial Services,Shell Companies,yfinance,2025-12-06 00:00:00
BDCIW,Financial Services,Shell Companies,yfinance,2025-12-06 00:00:00
BDCZ,Unknown,Unknown,yfinance,2025-12-06 00:00:00
BDJ,Financial Services,Asset Management,yfinance,2025-12-06 00:00:00
BDL,Consumer Cyclical,Restaurants,yfinance,2025-12-06 00:00:00
BDMD,Healthcare,Medical Devices,yfinance,2025-12-06 00:00:00
BDMDW,Healthcare,Medical Devices,yfinance,2025-12-06 00:00:00
BDN,Real Estate,REIT - Office,yfinance,2025-12-06 00:00:00
BDRX,Healthcare,Biotechnology,yfinance,2025-12-06 00:00:00
BDSX,Healthcare,Diagnostics & Research,yfinance,2025-12-06 00:00:00
BDTX,Healthcare,Biotechnology,yfinance,2025-12-06 00:00:00
BDX,Healthcare,Medical Instruments & Supplies,yfinance,2025-12-06 00:00:00
BE,Industrials,Electrical Equipment & Parts,yfinance,2025-12-06 00:00:00
BEAG,Financial Services,Shell Companies,yfinance,2025-12-06 00:00:00
BEAGR,Unknown,Unknown,yfinance,2025-12-06 00:00:00
BEAGU,Financial Services,Shell Companies,yfinance,2025-12-06 00:00:00
BEAM,Healthcare,Biotechnology,yfinance,2025-12-06 00:00:00
BEAT,Healthcare,Health Information Services,yfinance,2025-12-06 00:00:00
BEATW,Unknown,Unknown,yfinance,2025-12-06 00:00:00
BEDU,Consumer Defensive,Education & Training Services,yfinance,2025-12-06 00:00:00
BEEM,Technology,Solar,yfinance,2025-12-06 00:00:00
BEEP,Industrials,Infrastructure Operations,yfinance,2025-12-06 00:00:00
BEKE,Real Estate,Real Estate Services,yfinance,2025-12-06 00:00:00
BELFA,Technology,Electronic Components,yfinance,2025-12-06 00:00:00
BELFB,Technology,Electronic Components,yfinance,2025-12-06 00:00:00
BEN,Financial Services,Asset Management,yfinance,2025-12-06 00:00:00
BENF,Financial Services,Asset Management,yfinance,2025-12-06 00:00:00
BENFW,Financial Services,Asset Management,yfinance,2025-12-06 00:00:00
BEP,Utilities,Utilities - Renewable,yfinance,2025-12-06 00:00:00
BEPC,Utilities,Utilities - Renewable,yfinance,2025-12-06 00:00:00
BEPH,Unknown,Unknown,yfinance,2025-12-06 00:00:00
BEPI,Unknown,Unknown,yfinance,2025-12-06 00:00:00
BEPJ,Unknown,Unknown,yfinance,2025-12-06 00:00:00
BETA,Industrials,Aerospace & Defense,yfinance,2025-12-06 00:00:00
BETR,Financial Services,Mortgage Finance,yfinance,2025-12-06 00:00:00
BETRW,Financial Services,Mortgage Finance,yfinance,2025-12-06 00:00:00
BFAM,Consumer Cyclical,Personal Services,yfinance,2025-12-06 00:00:00
BFC,Financial Services,Banks - Regional,yfinance,2025-12-06 00:00:00
BFH,Financial Services,Credit Services,yfinance,2025-12-06 00:00:00
BFIN,Financial Services,Banks - Regional,yfinance,2025-12-06 00:00:00
BFK,Financial Services,Asset Management,yfinance,2025-12-06 00:00:00
BFLY,Healthcare,Medical Devices,yfinance,2025-12-06 00:00:00
BFRG,Healthcare,Health Information Services,yfinance,2025-12-06 00:00:00
BFRGW,Unknown,Unknown,yfinance,2025-12-06 00:00:00
BFRI,Healthcare,Drug Manufacturers - Specialty & Generic,yfinance,2025-12-06 00:00:00
BFRIW,Healthcare,Drug Manufacturers - Specialty & Generic,yfinance,2025-12-06 00:00:00
BFS,Real Estate,REIT - Retail,yfinance,2025-12-06 00:00:00
BFST,Financial Services,Banks - Regional,yfinance,2025-12-06 00:00:00
BFZ,Financial Services,Asset Management,yfinance,2025-12-06 00:00:00
BG,Consumer Defensive,Farm Products,yfinance,2025-12-06 00:00:00
BGB,Financial Services,Asset Management,yfinance,2025-12-06 00:00:00
BGC,Financial Services,Capital Markets,yfinance,2025-12-06 00:00:00
BGH,Financial Services,Asset Management,yfinance,2025-12-06 00:00:00
BGI,Consumer Cyclical,Luxury Goods,yfinance,2025-12-06 00:00:00
BGIN,Technology,Computer Hardware,yfinance,2025-12-06 00:00:00
BGL,Basic Materials,Gold,yfinance,2025-12-06 00:00:00
BGLC,Basic Materials,Specialty Chemicals,yfinance,2025-12-06 00:00:00
BGLWW,Basic Materials,Gold,yfinance,2025-12-06 00:00:00
BGM,Healthcare,Drug Manufacturers - Specialty & Generic,yfinance,2025-12-06 00:00:00
BGMS,Healthcare,Biotechnology,yfinance,2025-12-06 00:00:00
BGMSP,Healthcare,Biotechnology,yfinance,2025-12-06 00:00:00
BGR,Financial Services,Asset Management,yfinance,2025-12-06 00:00:00
BGS,Consumer Defensive,Packaged Foods,yfinance,2025-12-06 00:00:00
BGSF,Industrials,Staffing & Employment Services,yfinance,2025-12-06 00:00:00
BGSI,Consumer Cyclical,Auto & Truck Dealerships,yfinance,2025-12-06 00:00:00
BGT,Financial Services,Asset Management,yfinance,2025-12-06 00:00:00
BGX,Financial Services,Asset Management,yfinance,2025-12-06 00:00:00
BGY,Financial Services,Asset Management,yfinance,2025-12-06 00:00:00
BH,Consumer Cyclical,Restaurants,yfinance,2025-12-06 00:00:00
BHAT,Communication Services,Electronic Gaming & Multimedia,yfinance,2025-12-06 00:00:00
BHB,Financial Services,Banks - Regional,yfinance,2025-12-06 00:00:00
BHC,Healthcare,Drug Manufacturers - Specialty & Generic,yfinance,2025-12-06 00:00:00
BHE,Technology,Electronic Components,yfinance,2025-12-06 00:00:00
BHF,Financial Services,Insurance - Life,yfinance,2025-12-06 00:00:00
BHFAL,Unknown,Unknown,yfinance,2025-12-06 00:00:00
BHFAM,Financial Services,Insurance - Life,yfinance,2025-12-06 00:00:00
BHFAN,Financial Services,Insurance - Life,yfinance,2025-12-06 00:00:00
BHFAO,Financial Services,Insurance - Life,yfinance,2025-12-06 00:00:00
BHFAP,Financial Services,Insurance - Life,yfinance,2025-12-06 00:00:00
BHK,Financial Services,Asset Management,yfinance,2025-12-06 00:00:00
BHM,Real Estate,REIT - Residential,yfinance,2025-12-06 00:00:00
BHP,Basic Materials,Other Industrial Metals & Mining,yfinance,2025-12-06 00:00:00
BHR,Real Estate,REIT - Hotel & Motel,yfinance,2025-12-06 00:00:00
BHRB,Financial Services,Banks - Regional,yfinance,2025-12-06 00:00:00
BHST,Consumer Defensive,Packaged Foods,yfinance,2025-12-06 00:00:00
BHV,Financial Services,Asset Management,yfinance,2025-12-06 00:00:00
BHVN,Healthcare,Biotechnology,yfinance,2025-12-06 00:00:00
BIAF,Healthcare,Diagnostics & Research,yfinance,2025-12-06 00:00:00
BIAFW,Healthcare,Diagnostics & Research,yfinance,2025-12-06 00:00:00
BIDU,Communication Services,Internet Content & Information,yfinance,2025-12-06 00:00:00
BIIB,Healthcare,Drug Manufacturers - General,yfinance,2025-12-06 00:00:00
BILI,Communication Services,Internet Content & Information,yfinance,2025-12-06 00:00:00
BILL,Technology,Software - Application,yfinance,2025-12-06 00:00:00
BIO,Healthcare,Medical Devices,yfinance,2025-12-06 00:00:00
BIOA,Healthcare,Drug Manufacturers - Specialty & Generic,yfinance,2025-12-06 00:00:00
BIOX,Basic Materials,Agricultural Inputs,yfinance,2025-12-06 00:00:00
BIP,Utilities,Utilities - Diversified,yfinance,2025-12-06 00:00:00
BIPC,Utilities,Utilities - Regulated Gas,yfinance,2025-12-06 00:00:00
BIPH,Unknown,Unknown,yfinance,2025-12-06 00:00:00
BIPI,Unknown,Unknown,yfinance,2025-12-06 00:00:00
BIPJ,Unknown,Unknown,yfinance,2025-12-06 00:00:00
BIRD,Consumer Cyclical,Apparel Retail,yfinance,2025-12-06 00:00:00
BIRK,Consumer Cyclical,Footwear & Accessories,yfinance,2025-12-06 00:00:00
BIT,Financial Services,Asset Management,yfinance,2025-12-06 00:00:00
BITF,Financial Services,Capital Markets,yfinance,2025-12-06 00:00:00
BIVI,Healthcare,Biotechnology,yfinance,2025-12-06 00:00:00
BIVIW,Healthcare,Biotechnology,yfinance,2025-12-06 00:00:00
BIXIU,Unknown,Unknown,yfinance,2025-12-06 00:00:00
BIYA,Technology,Software - Application,yfinance,2025-12-06 00:00:00
BJ,Consumer Defensive,Discount Stores,yfinance,2025-12-06 00:00:00
BJDX,Healthcare,Medical Devices,yfinance,2025-12-06 00:00:00
BJRI,Consumer Cyclical,Restaurants,yfinance,2025-12-06 00:00:00
BK,Financial Services,Banks - Diversified,yfinance,2025-12-06 00:00:00
BKD,Healthcare,Medical Care Facilities,yfinance,2025-12-06 00:00:00
BKE,Consumer Cyclical,Apparel Retail,yfinance,2025-12-06 00:00:00
BKH,Utilities,Utilities - Regulated Gas,yfinance,2025-12-06 00:00:00
BKHA,Financial Services,Shell Companies,yfinance,2025-12-06 00:00:00
BKHAR,Unknown,Unknown,yfinance,2025-12-06 00:00:00
BKHAU,Financial Services,Shell Companies,yfinance,2025-12-06 00:00:00
BKKT,Technology,Software - Infrastructure,yfinance,2025-12-06 00:00:00
BKN,Financial Services,Asset Management,yfinance,2025-12-06 00:00:00
BKNG,Consumer Cyclical,Travel Services,yfinance,2025-12-06 00:00:00
BKR,Energy,Oil & Gas Equipment & Services,yfinance,2025-12-06 00:00:00
BKSY,Industrials,Specialty Business Services,yfinance,2025-12-06 00:00:00
BKT,Financial Services,Asset Management,yfinance,2025-12-06 00:00:00
BKTI,Technology,Communication Equipment,yfinance,2025-12-06 00:00:00
BKU,Financial Services,Banks - Regional,yfinance,2025-12-06 00:00:00
BKV,Energy,Oil & Gas E&P,yfinance,2025-12-06 00:00:00
BKYI,Industrials,Security & Protection Services,yfinance,2025-12-06 00:00:00
BL,Technology,Software - Application,yfinance,2025-12-06 00:00:00
BLBD,Industrials,Farm & Heavy Construction Machinery,yfinance,2025-12-06 00:00:00
BLBX,Technology,Software - Application,yfinance,2025-12-06 00:00:00
BLCO,Healthcare,Medical Instruments & Supplies,yfinance,2025-12-06 00:00:00
BLD,Industrials,Engineering & Construction,yfinance,2025-12-06 00:00:00
BLDP,Industrials,Electrical Equipment & Parts,yfinance,2025-12-06 00:00:00
BLDR,Industrials,Building Products & Equipment,yfinance,2025-12-06 00:00:00
BLE,Financial Services,Asset Management,yfinance,2025-12-06 00:00:00
BLFS,Healthcare,Medical Instruments & Supplies,yfinance,2025-12-06 00:00:00
BLFY,Financial Services,Banks - Regional,yfinance,2025-12-06 00:00:00
BLIN,Technology,Software - Infrastructure,yfinance,2025-12-06 00:00:00
BLIV,Technology,Software - Application,yfinance,2025-12-06 00:00:00
BLK,Financial Services,Asset Management,yfinance,2025-12-06 00:00:00
BLKB,Technology,Software - Application,yfinance,2025-12-06 00:00:00
BLLN,Healthcare,Diagnostics & Research,yfinance,2025-12-06 00:00:00
BLMN,Consumer Cyclical,Restaurants,yfinance,2025-12-06 00:00:00
BLMZ,Communication Services,Entertainment,yfinance,2025-12-06 00:00:00
BLND,Technology,Software - Application,yfinance,2025-12-06 00:00:00
BLNE,Financial Services,Mortgage Finance,yfinance,2025-12-06 00:00:00
BLNK,Industrials,Engineering & Construction,yfinance,2025-12-06 00:00:00
BLRX,Healthcare,Biotechnology,yfinance,2025-12-06 00:00:00
BLSH,Technology,Software - Infrastructure,yfinance,2025-12-06 00:00:00
BLTE,Healthcare,Biotechnology,yfinance,2025-12-06 00:00:00
BLUW,Financial Services,Shell Companies,yfinance,2025-12-06 00:00:00
BLUWU,Financial Services,Shell Companies,yfinance,2025-12-06 00:00:00
BLUWW,Financial Services,Shell Companies,yfinance,2025-12-06 00:00:00
BLW,Financial Services,Asset Management,yfinance,2025-12-06 00:00:00
BLX,Financial Services,Banks - Regional,yfinance,2025-12-06 00:00:00
BLZE,Technology,Software - Infrastructure,yfinance,2025-12-06 00:00:00
BLZR,Unknown,Unknown,yfinance,2025-12-06 00:00:00
BLZRU,Unknown,Unknown,yfinance,2025-12-06 00:00:00
BLZRW,Unknown,Unknown,yfinance,2025-12-06 00:00:00
BMA,Financial Services,Banks - Regional,yfinance,2025-12-06 00:00:00
BMBL,Communication Services,Internet Content & Information,yfinance,2025-12-06 00:00:00
BME,Financial Services,Asset Management,yfinance,2025-12-06 00:00:00
BMEA,Healthcare,Biotechnology,yfinance,2025-12-06 00:00:00
BMEZ,Financial Services,Asset Management,yfinance,2025-12-06 00:00:00
BMGL,Healthcare,Medical Care Facilities,yfinance,2025-12-06 00:00:00
BMHL,Financial Services,Capital Markets,yfinance,2025-12-06 00:00:00
BMI,Technology,Scientific & Technical Instruments,yfinance,2025-12-06 00:00:00
BMN,Financial Services,Asset Management,yfinance,2025-12-06 00:00:00
BMNR,Financial Services,Capital Markets,yfinance,2025-12-06 00:00:00
BMO,Financial Services,Banks - Diversified,yfinance,2025-12-06 00:00:00
BMR,Technology,Software - Application,yfinance,2025-12-06 00:00:00
BMRA,Healthcare,Medical Devices,yfinance,2025-12-06 00:00:00
BMRC,Financial Services,Banks - Regional,yfinance,2025-12-06 00:00:00
BMRN,Healthcare,Biotechnology,yfinance,2025-12-06 00:00:00
BMY,Healthcare,Drug Manufacturers - General,yfinance,2025-12-06 00:00:00
BN,Financial Services,Asset Management,yfinance,2025-12-06 00:00:00
BNAI,Technology,Software - Infrastructure,yfinance,2025-12-06 00:00:00
BNAIW,Technology,Software - Infrastructure,yfinance,2025-12-06 00:00:00
BNBX,Financial Services,Asset Management,yfinance,2025-12-06 00:00:00
BNC,Industrials,Farm & Heavy Construction Machinery,yfinance,2025-12-06 00:00:00
BNCWW,Industrials,Farm & Heavy Construction Machinery,yfinance,2025-12-06 00:00:00
BNED,Consumer Cyclical,Specialty Retail,yfinance,2025-12-06 00:00:00
BNGO,Healthcare,Medical Instruments & Supplies,yfinance,2025-12-06 00:00:00
BNH,Unknown,Unknown,yfinance,2025-12-06 00:00:00
BNJ,Unknown,Unknown,yfinance,2025-12-06 00:00:00
BNKK,Financial Services,Asset Management,yfinance,2025-12-06 00:00:00
BNL,Real Estate,REIT - Diversified,yfinance,2025-12-06 00:00:00
BNR,Healthcare,Diagnostics & Research,yfinance,2025-12-06 00:00:00
BNRG,Utilities,Utilities - Renewable,yfinance,2025-12-06 00:00:00
BNS,Financial Services,Banks - Diversified,yfinance,2025-12-06 00:00:00
BNT,Financial Services,Insurance - Diversified,yfinance,2025-12-06 00:00:00
BNTC,Healthcare,Biotechnology,yfinance,2025-12-06 00:00:00
BNTX,Healthcare,Biotechnology,yfinance,2025-12-06 00:00:00
BNY,Financial Services,Asset Management,yfinance,2025-12-06 00:00:00
BNZI,Technology,Software - Application,yfinance,2025-12-06 00:00:00
BNZIW,Technology,Software - Application,yfinance,2025-12-06 00:00:00
BOC,Industrials,Conglomerates,yfinance,2025-12-06 00:00:00
BODI,Communication Services,Internet Content & Information,yfinance,2025-12-06 00:00:00
BOE,Financial Services,Asset Management,yfinance,2025-12-06 00:00:00
BOF,Consumer Defensive,Packaged Foods,yfinance,2025-12-06 00:00:00
BOH,Financial Services,Banks - Regional,yfinance,2025-12-06 00:00:00
BOKF,Financial Services,Banks - Regional,yfinance,2025-12-06 00:00:00
BOLD,Healthcare,Biotechnology,yfinance,2025-12-06 00:00:00
BOLT,Healthcare,Biotechnology,yfinance,2025-12-06 00:00:00
BON,Basic Materials,Specialty Chemicals,yfinance,2025-12-06 00:00:00
BOOM,Industrials,Conglomerates,yfinance,2025-12-06 00:00:00
BOOT,Consumer Cyclical,Apparel Retail,yfinance,2025-12-06 00:00:00
BORR,Energy,Oil & Gas Drilling,yfinance,2025-12-06 00:00:00
BOSC,Technology,Communication Equipment,yfinance,2025-12-06 00:00:00
BOTJ,Financial Services,Banks - Regional,yfinance,2025-12-06 00:00:00
BOW,Financial Services,Insurance - Property & Casualty,yfinance,2025-12-06 00:00:00
BOX,Technology,Software - Infrastructure,yfinance,2025-12-06 00:00:00
BOXL,Technology,Consumer Electronics,yfinance,2025-12-06 00:00:00
BP,Energy,Oil & Gas Integrated,yfinance,2025-12-06 00:00:00
BPACU,Unknown,Unknown,yfinance,2025-12-06 00:00:00
BPOP,Financial Services,Banks - Regional,yfinance,2025-12-06 00:00:00
BPOPM,Unknown,Unknown,yfinance,2025-12-06 00:00:00
BPRN,Financial Services,Banks - Regional,yfinance,2025-12-06 00:00:00
BPYPM,Financial Services,Asset Management,yfinance,2025-12-06 00:00:00
BPYPN,Real Estate,Real Estate Services,yfinance,2025-12-06 00:00:00
BPYPO,Real Estate,Real Estate Services,yfinance,2025-12-06 00:00:00
BPYPP,Real Estate,Real Estate Services,yfinance,2025-12-06 00:00:00
BQ,Consumer Cyclical,Specialty Retail,yfinance,2025-12-06 00:00:00
BR,Technology,Information Technology Services,yfinance,2025-12-06 00:00:00
BRAG,Consumer Cyclical,Gambling,yfinance,2025-12-06 00:00:00
BRBI,Financial Services,Capital Markets,yfinance,2025-12-06 00:00:00
BRBR,Consumer Defensive,Packaged Foods,yfinance,2025-12-06 00:00:00
BRBS,Financial Services,Banks - Regional,yfinance,2025-12-06 00:00:00
BRC,Industrials,Security & Protection Services,yfinance,2025-12-06 00:00:00
BRCB,Consumer Cyclical,Restaurants,yfinance,2025-12-06 00:00:00
BRCC,Consumer Defensive,Packaged Foods,yfinance,2025-12-06 00:00:00
BRFH,Consumer Defensive,Beverages - Non-Alcoholic,yfinance,2025-12-06 00:00:00
BRIA,Consumer Cyclical,Apparel Retail,yfinance,2025-12-06 00:00:00
BRID,Consumer Defensive,Packaged Foods,yfinance,2025-12-06 00:00:00
BRKR,Healthcare,Medical Devices,yfinance,2025-12-06 00:00:00
BRKRP,Healthcare,Medical Devices,yfinance,2025-12-06 00:00:00
BRLS,Consumer Defensive,Packaged Foods,yfinance,2025-12-06 00:00:00
BRLSW,Consumer Defensive,Packaged Foods,yfinance,2025-12-06 00:00:00
BRLT,Consumer Cyclical,Luxury Goods,yfinance,2025-12-06 00:00:00
BRN,Energy,Oil & Gas E&P,yfinance,2025-12-06 00:00:00
BRNS,Healthcare,Biotechnology,yfinance,2025-12-06 00:00:00
BRO,Financial Services,Insurance Brokers,yfinance,2025-12-06 00:00:00
BROS,Consumer Cyclical,Restaurants,yfinance,2025-12-06 00:00:00
BRR,Financial Services,Shell Companies,yfinance,2025-12-06 00:00:00
BRRWU,Financial Services,Shell Companies,yfinance,2025-12-06 00:00:00
BRRWW,Financial Services,Shell Companies,yfinance,2025-12-06 00:00:00
BRSL,Consumer Cyclical,Gambling,yfinance,2025-12-06 00:00:00
BRSP,Real Estate,REIT - Mortgage,yfinance,2025-12-06 00:00:00
BRT,Real Estate,REIT - Residential,yfinance,2025-12-06 00:00:00
BRTX,Healthcare,Biotechnology,yfinance,2025-12-06 00:00:00
BRW,Financial Services,Asset Management,yfinance,2025-12-06 00:00:00
BRX,Real Estate,REIT - Retail,yfinance,2025-12-06 00:00:00
BRY,Energy,Oil & Gas E&P,yfinance,2025-12-06 00:00:00
BRZE,Technology,Software - Application,yfinance,2025-12-06 00:00:00
BSAA,Financial Services,Shell Companies,yfinance,2025-12-06 00:00:00
BSAAR,Unknown,Unknown,yfinance,2025-12-06 00:00:00
BSAAU,Financial Services,Shell Companies,yfinance,2025-12-06 00:00:00
BSAC,Financial Services,Banks - Regional,yfinance,2025-12-06 00:00:00
BSBK,Financial Services,Banks - Regional,yfinance,2025-12-06 00:00:00
BSBR,Financial Services,Banks - Regional,yfinance,2025-12-06 00:00:00
BSET,Consumer Cyclical,"Furnishings, Fixtures & Appliances",yfinance,2025-12-06 00:00:00
BSL,Financial Services,Asset Management,yfinance,2025-12-06 00:00:00
BSLK,Basic Materials,Specialty Chemicals,yfinance,2025-12-06 00:00:00
BSLKW,Basic Materials,Specialty Chemicals,yfinance,2025-12-06 00:00:00
BSM,Energy,Oil & Gas E&P,yfinance,2025-12-06 00:00:00
BSRR,Financial Services,Banks - Regional,yfinance,2025-12-06 00:00:00
BST,Financial Services,Asset Management,yfinance,2025-12-06 00:00:00
BSTZ,Financial Services,Asset Management,yfinance,2025-12-06 00:00:00
BSVN,Financial Services,Banks - Regional,yfinance,2025-12-06 00:00:00
BSX,Healthcare,Medical Devices,yfinance,2025-12-06 00:00:00
BSY,Technology,Software - Application,yfinance,2025-12-06 00:00:00
BTA,Financial Services,Asset Management,yfinance,2025-12-06 00:00:00
BTAI,Healthcare,Biotechnology,yfinance,2025-12-06 00:00:00
BTBD,Consumer Cyclical,Restaurants,yfinance,2025-12-06 00:00:00
BTBDW,Unknown,Unknown,yfinance,2025-12-06 00:00:00
BTBT,Financial Services,Capital Markets,yfinance,2025-12-06 00:00:00
BTCS,Financial Services,Capital Markets,yfinance,2025-12-06 00:00:00
BTCT,Technology,Computer Hardware,yfinance,2025-12-06 00:00:00
BTDR,Technology,Software - Application,yfinance,2025-12-06 00:00:00
BTE,Energy,Oil & Gas E&P,yfinance,2025-12-06 00:00:00
BTG,Basic Materials,Gold,yfinance,2025-12-06 00:00:00
BTI,Consumer Defensive,Tobacco,yfinance,2025-12-06 00:00:00
BTM,Financial Services,Capital Markets,yfinance,2025-12-06 00:00:00
BTMD,Healthcare,Medical Care Facilities,yfinance,2025-12-06 00:00:00
BTMWW,Unknown,Unknown,yfinance,2025-12-06 00:00:00
BTO,Financial Services,Asset Management,yfinance,2025-12-06 00:00:00
BTOC,Industrials,Integrated Freight & Logistics,yfinance,2025-12-06 00:00:00
BTOG,Financial Services,Financial Data & Stock Exchanges,yfinance,2025-12-06 00:00:00
BTQ,Technology,Software - Infrastructure,yfinance,2025-12-06 00:00:00
BTSG,Healthcare,Health Information Services,yfinance,2025-12-06 00:00:00
BTSGU,Healthcare,Health Information Services,yfinance,2025-12-06 00:00:00
BTT,Financial Services,Asset Management,yfinance,2025-12-06 00:00:00
BTTC,Unknown,Unknown,yfinance,2025-12-06 00:00:00
BTU,Energy,Thermal Coal,yfinance,2025-12-06 00:00:00
BTX,Financial Services,Asset Management,yfinance,2025-12-06 00:00:00
BTZ,Financial Services,Asset Management,yfinance,2025-12-06 00:00:00
BUD,Consumer Defensive,Beverages - Brewers,yfinance,2025-12-06 00:00:00
BUI,Financial Services,Asset Management,yfinance,2025-12-06 00:00:00
BULL,Technology,Software - Application,yfinance,2025-12-06 00:00:00
BULLW,Technology,Software - Application,yfinance,2025-12-06 00:00:00
BUR,Financial Services,Asset Management,yfinance,2025-12-06 00:00:00
BURL,Consumer Cyclical,Apparel Retail,yfinance,2025-12-06 00:00:00
BURU,Industrials,Specialty Industrial Machinery,yfinance,2025-12-06 00:00:00
BUSE,Financial Services,Banks - Regional,yfinance,2025-12-06 00:00:00
BUSEP,Financial Services,Banks - Regional,yfinance,2025-12-06 00:00:00
BUUU,Industrials,Specialty Business Services,yfinance,2025-12-06 00:00:00
BV,Industrials,Specialty Business Services,yfinance,2025-12-06 00:00:00
BVFL,Financial Services,Banks - Regional,yfinance,2025-12-06 00:00:00
BVN,Basic Materials,Other Precious Metals & Mining,yfinance,2025-12-06 00:00:00
BVS,Healthcare,Medical Devices,yfinance,2025-12-06 00:00:00
BW,Industrials,Specialty Industrial Machinery,yfinance,2025-12-06 00:00:00
BWA,Consumer Cyclical,Auto Parts,yfinance,2025-12-06 00:00:00
BWAY,Healthcare,Medical Devices,yfinance,2025-12-06 00:00:00
BWB,Financial Services,Banks - Regional,yfinance,2025-12-06 00:00:00
BWBBP,Financial Services,Banks - Regional,yfinance,2025-12-06 00:00:00
BWEN,Industrials,Specialty Industrial Machinery,yfinance,2025-12-06 00:00:00
BWFG,Financial Services,Banks - Regional,yfinance,2025-12-06 00:00:00
BWG,Financial Services,Asset Management,yfinance,2025-12-06 00:00:00
BWIN,Financial Services,Insurance Brokers,yfinance,2025-12-06 00:00:00
BWLP,Industrials,Marine Shipping,yfinance,2025-12-06 00:00:00
BWMN,Industrials,Engineering & Construction,yfinance,2025-12-06 00:00:00
BWMX,Consumer Cyclical,Specialty Retail,yfinance,2025-12-06 00:00:00
BWNB,Unknown,Unknown,yfinance,2025-12-06 00:00:00
BWSN,Unknown,Unknown,yfinance,2025-12-06 00:00:00
BWXT,Industrials,Aerospace & Defense,yfinance,2025-12-06 00:00:00
BX,Financial Services,Asset Management,yfinance,2025-12-06 00:00:00
BXC,Industrials,Industrial Distribution,yfinance,2025-12-06 00:00:00
BXMT,Real Estate,REIT - Mortgage,yfinance,2025-12-06 00:00:00
BXMX,Financial Services,Asset Management,yfinance,2025-12-06 00:00:00
BXP,Real Estate,REIT - Office,yfinance,2025-12-06 00:00:00
BXSL,Financial Services,Asset Management,yfinance,2025-12-06 00:00:00
BY,Financial Services,Banks - Regional,yfinance,2025-12-06 00:00:00
BYAH,Consumer Defensive,Household & Personal Products,yfinance,2025-12-06 00:00:00
BYD,Consumer Cyclical,Resorts & Casinos,yfinance,2025-12-06 00:00:00
BYFC,Financial Services,Banks - Regional,yfinance,2025-12-06 00:00:00
BYM,Financial Services,Asset Management,yfinance,2025-12-06 00:00:00
BYND,Consumer Defensive,Packaged Foods,yfinance,2025-12-06 00:00:00
BYRN,Industrials,Aerospace & Defense,yfinance,2025-12-06 00:00:00
BYSI,Healthcare,Biotechnology,yfinance,2025-12-06 00:00:00
BZ,Communication Services,Internet Content & Information,yfinance,2025-12-06 00:00:00
BZAI,Technology,Software - Application,yfinance,2025-12-06 00:00:00
BZAIW,Technology,Software - Application,yfinance,2025-12-06 00:00:00
BZFD,Communication Services,Internet Content & Information,yfinance,2025-12-06 00:00:00
BZFDW,Communication Services,Internet Content & Information,yfinance,2025-12-06 00:00:00
BZH,Consumer Cyclical,Residential Construction,yfinance,2025-12-06 00:00:00
BZUN,Consumer Cyclical,Internet Retail,yfinance,2025-12-06 00:00:00
C,Financial Services,Banks - Diversified,yfinance,2025-12-06 00:00:00
CAAP,Industrials,Airports & Air Services,yfinance,2025-12-06 00:00:00
CAAS,Consumer Cyclical,Auto Parts,yfinance,2025-12-06 00:00:00
CABA,Healthcare,Biotechnology,yfinance,2025-12-06 00:00:00
CABO,Communication Services,Telecom Services,yfinance,2025-12-06 00:00:00
CABR,Healthcare,Drug Manufacturers - Specialty & Generic,yfinance,2025-12-06 00:00:00
CAC,Financial Services,Banks - Regional,yfinance,2025-12-06 00:00:00
CACC,Financial Services,Credit Services,yfinance,2025-12-06 00:00:00
CACI,Technology,Information Technology Services,yfinance,2025-12-06 00:00:00
CADE,Financial Services,Banks - Regional,yfinance,2025-12-06 00:00:00
CADL,Healthcare,Biotechnology,yfinance,2025-12-06 00:00:00
CAE,Industrials,Aerospace & Defense,yfinance,2025-12-06 00:00:00
CAEP,Financial Services,Shell Companies,yfinance,2025-12-06 00:00:00
CAF,Financial Services,Asset Management,yfinance,2025-12-06 00:00:00
CAG,Consumer Defensive,Packaged Foods,yfinance,2025-12-06 00:00:00
CAH,Healthcare,Medical Distribution,yfinance,2025-12-06 00:00:00
CAI,Healthcare,Biotechnology,yfinance,2025-12-06 00:00:00
CAKE,Consumer Cyclical,Restaurants,yfinance,2025-12-06 00:00:00
CAL,Consumer Cyclical,Apparel Retail,yfinance,2025-12-06 00:00:00
CALC,Healthcare,Biotechnology,yfinance,2025-12-06 00:00:00
CALM,Consumer Defensive,Farm Products,yfinance,2025-12-06 00:00:00
CALX,Technology,Software - Infrastructure,yfinance,2025-12-06 00:00:00
CAMP,Healthcare,Biotechnology,yfinance,2025-12-06 00:00:00
CAMT,Technology,Semiconductor Equipment & Materials,yfinance,2025-12-06 00:00:00
CAN,Technology,Computer Hardware,yfinance,2025-12-06 00:00:00
CANF,Healthcare,Biotechnology,yfinance,2025-12-06 00:00:00
CANG,Financial Services,Capital Markets,yfinance,2025-12-06 00:00:00
CAPL,Energy,Oil & Gas Refining & Marketing,yfinance,2025-12-06 00:00:00
CAPN,Financial Services,Shell Companies,yfinance,2025-12-06 00:00:00
CAPNR,Unknown,Unknown,yfinance,2025-12-06 00:00:00
CAPNU,Financial Services,Shell Companies,yfinance,2025-12-06 00:00:00
CAPR,Healthcare,Biotechnology,yfinance,2025-12-06 00:00:00
CAPS,Basic Materials,Building Materials,yfinance,2025-12-06 00:00:00
CAPT,Basic Materials,Building Materials,yfinance,2025-12-06 00:00:00
CAPTW,Basic Materials,Building Materials,yfinance,2025-12-06 00:00:00
CAR,Industrials,Rental & Leasing Services,yfinance,2025-12-06 00:00:00
CARE,Financial Services,Banks - Regional,yfinance,2025-12-06 00:00:00
CARG,Consumer Cyclical,Auto & Truck Dealerships,yfinance,2025-12-06 00:00:00
CARL,Healthcare,Health Information Services,yfinance,2025-12-06 00:00:00
CARR,Industrials,Building Products & Equipment,yfinance,2025-12-06 00:00:00
CARS,Communication Services,Internet Content & Information,yfinance,2025-12-06 00:00:00
CART,Consumer Cyclical,Internet Retail,yfinance,2025-12-06 00:00:00
CARV,Financial Services,Banks - Regional,yfinance,2025-12-06 00:00:00
CASH,Financial Services,Banks - Regional,yfinance,2025-12-06 00:00:00
CASI,Healthcare,Biotechnology,yfinance,2025-12-06 00:00:00
CASS,Industrials,Specialty Business Services,yfinance,2025-12-06 00:00:00
CASY,Consumer Cyclical,Specialty Retail,yfinance,2025-12-06 00:00:00
CAT,Industrials,Farm & Heavy Construction Machinery,yfinance,2025-12-06 00:00:00
CATO,Consumer Cyclical,Apparel Retail,yfinance,2025-12-06 00:00:00
CATX,Healthcare,Medical Devices,yfinance,2025-12-06 00:00:00
CATY,Financial Services,Banks - Regional,yfinance,2025-12-06 00:00:00
CAVA,Consumer Cyclical,Restaurants,yfinance,2025-12-06 00:00:00
CB,Financial Services,Insurance - Property & Casualty,yfinance,2025-12-06 00:00:00
CBAN,Financial Services,Banks - Regional,yfinance,2025-12-06 00:00:00
CBAT,Industrials,Electrical Equipment & Parts,yfinance,2025-12-06 00:00:00
CBC,Financial Services,Banks - Regional,yfinance,2025-12-06 00:00:00
CBFV,Financial Services,Banks - Regional,yfinance,2025-12-06 00:00:00
CBIO,Healthcare,Biotechnology,yfinance,2025-12-06 00:00:00
CBK,Financial Services,Banks - Regional,yfinance,2025-12-06 00:00:00
CBL,Real Estate,REIT - Retail,yfinance,2025-12-06 00:00:00
CBLL,Healthcare,Medical Devices,yfinance,2025-12-06 00:00:00
CBNA,Financial Services,Banks - Regional,yfinance,2025-12-06 00:00:00
CBNK,Financial Services,Banks - Regional,yfinance,2025-12-06 00:00:00
CBRE,Real Estate,Real Estate Services,yfinance,2025-12-06 00:00:00
CBRL,Consumer Cyclical,Restaurants,yfinance,2025-12-06 00:00:00
CBSH,Financial Services,Banks - Regional,yfinance,2025-12-06 00:00:00
CBT,Basic Materials,Specialty Chemicals,yfinance,2025-12-06 00:00:00
CBU,Financial Services,Banks - Regional,yfinance,2025-12-06 00:00:00
CBUS,Healthcare,Biotechnology,yfinance,2025-12-06 00:00:00
CBZ,Industrials,Specialty Business Services,yfinance,2025-12-06 00:00:00
CC,Basic Materials,Specialty Chemicals,yfinance,2025-12-06 00:00:00
CCAP,Financial Services,Asset Management,yfinance,2025-12-06 00:00:00
CCB,Financial Services,Banks - Regional,yfinance,2025-12-06 00:00:00
CCBG,Financial Services,Banks - Regional,yfinance,2025-12-06 00:00:00
CCC,Technology,Software - Application,yfinance,2025-12-06 00:00:00
CCCC,Healthcare,Biotechnology,yfinance,2025-12-06 00:00:00
CCCX,Financial Services,Shell Companies,yfinance,2025-12-06 00:00:00
CCCXU,Financial Services,Shell Companies,yfinance,2025-12-06 00:00:00
CCCXW,Financial Services,Shell Companies,yfinance,2025-12-06 00:00:00
CCD,Financial Services,Asset Management,yfinance,2025-12-06 00:00:00
CCEC,Industrials,Marine Shipping,yfinance,2025-12-06 00:00:00
CCEL,Healthcare,Medical Care Facilities,yfinance,2025-12-06 00:00:00
CCEP,Consumer Defensive,Beverages - Non-Alcoholic,yfinance,2025-12-06 00:00:00
CCG,Communication Services,Internet Content & Information,yfinance,2025-12-06 00:00:00
CCGWW,Communication Services,Internet Content & Information,yfinance,2025-12-06 00:00:00
CCHH,Unknown,Unknown,yfinance,2025-12-06 00:00:00
CCI,Real Estate,REIT - Specialty,yfinance,2025-12-06 00:00:00
CCID,Financial Services,Asset Management,yfinance,2025-12-06 00:00:00
CCIF,Financial Services,Asset Management,yfinance,2025-12-06 00:00:00
CCII,Financial Services,Shell Companies,yfinance,2025-12-06 00:00:00
CCIIU,Financial Services,Shell Companies,yfinance,2025-12-06 00:00:00
CCIIW,Financial Services,Shell Companies,yfinance,2025-12-06 00:00:00
CCIX,Financial Services,Shell Companies,yfinance,2025-12-06 00:00:00
CCIXU,Financial Services,Shell Companies,yfinance,2025-12-06 00:00:00
CCIXW,Financial Services,Shell Companies,yfinance,2025-12-06 00:00:00
CCJ,Energy,Uranium,yfinance,2025-12-06 00:00:00
CCK,Consumer Cyclical,Packaging & Containers,yfinance,2025-12-06 00:00:00
CCL,Consumer Cyclical,Travel Services,yfinance,2025-12-06 00:00:00
CCLD,Healthcare,Health Information Services,yfinance,2025-12-06 00:00:00
CCLDO,Healthcare,Health Information Services,yfinance,2025-12-06 00:00:00
CCM,Healthcare,Medical Care Facilities,yfinance,2025-12-06 00:00:00
CCNE,Financial Services,Banks - Regional,yfinance,2025-12-06 00:00:00
CCNEP,Financial Services,Banks - Regional,yfinance,2025-12-06 00:00:00
CCO,Communication Services,Advertising Agencies,yfinance,2025-12-06 00:00:00
CCOI,Communication Services,Telecom Services,yfinance,2025-12-06 00:00:00
CCRN,Healthcare,Medical Care Facilities,yfinance,2025-12-06 00:00:00
CCS,Real Estate,Real Estate - Development,yfinance,2025-12-06 00:00:00
CCSI,Technology,Software - Infrastructure,yfinance,2025-12-06 00:00:00
CCTG,Industrials,Electrical Equipment & Parts,yfinance,2025-12-06 00:00:00
CCU,Consumer Defensive,Beverages - Brewers,yfinance,2025-12-06 00:00:00
CCZ,Unknown,Unknown,yfinance,2025-12-06 00:00:00
CD,Financial Services,Capital Markets,yfinance,2025-12-06 00:00:00
CDE,Basic Materials,Gold,yfinance,2025-12-06 00:00:00
CDIO,Healthcare,Biotechnology,yfinance,2025-12-06 00:00:00
CDIOW,Healthcare,Biotechnology,yfinance,2025-12-06 00:00:00
CDLR,Industrials,Engineering & Construction,yfinance,2025-12-06 00:00:00
CDLX,Communication Services,Advertising Agencies,yfinance,2025-12-06 00:00:00
CDNA,Healthcare,Diagnostics & Research,yfinance,2025-12-06 00:00:00
CDNS,Technology,Software - Application,yfinance,2025-12-06 00:00:00
CDP,Real Estate,REIT - Office,yfinance,2025-12-06 00:00:00
CDRE,Industrials,Aerospace & Defense,yfinance,2025-12-06 00:00:00
CDRO,Consumer Cyclical,Gambling,yfinance,2025-12-06 00:00:00
CDROW,Consumer Cyclical,Gambling,yfinance,2025-12-06 00:00:00
CDT,Healthcare,Biotechnology,yfinance,2025-12-06 00:00:00
CDTG,Industrials,Waste Management,yfinance,2025-12-06 00:00:00
CDTTW,Healthcare,Biotechnology,yfinance,2025-12-06 00:00:00
CDTX,Healthcare,Biotechnology,yfinance,2025-12-06 00:00:00
CDW,Technology,Information Technology Services,yfinance,2025-12-06 00:00:00
CDXS,Healthcare,Biotechnology,yfinance,2025-12-06 00:00:00
CDZI,Utilities,Utilities - Regulated Water,yfinance,2025-12-06 00:00:00
CDZIP,Utilities,Utilities - Regulated Water,yfinance,2025-12-06 00:00:00
CE,Basic Materials,Chemicals,yfinance,2025-12-06 00:00:00
CECO,Industrials,Pollution & Treatment Controls,yfinance,2025-12-06 00:00:00
CEE,Financial Services,Asset Management,yfinance,2025-12-06 00:00:00
CEG,Utilities,Utilities - Independent Power Producers,yfinance,2025-12-06 00:00:00
CELC,Healthcare,Biotechnology,yfinance,2025-12-06 00:00:00
CELH,Consumer Defensive,Beverages - Non-Alcoholic,yfinance,2025-12-06 00:00:00
CELU,Healthcare,Biotechnology,yfinance,2025-12-06 00:00:00
CELUW,Healthcare,Biotechnology,yfinance,2025-12-06 00:00:00
CELZ,Healthcare,Biotechnology,yfinance,2025-12-06 00:00:00
CENN,Consumer Cyclical,Auto Manufacturers,yfinance,2025-12-06 00:00:00
CENT,Consumer Defensive,Packaged Foods,yfinance,2025-12-06 00:00:00
CENTA,Consumer Defensive,Packaged Foods,yfinance,2025-12-06 00:00:00
CENX,Basic Materials,Aluminum,yfinance,2025-12-06 00:00:00
CEP,Financial Services,Shell Companies,yfinance,2025-12-06 00:00:00
CEPF,Financial Services,Shell Companies,yfinance,2025-12-06 00:00:00
CEPO,Financial Services,Shell Companies,yfinance,2025-12-06 00:00:00
CEPT,Financial Services,Shell Companies,yfinance,2025-12-06 00:00:00
CEPU,Utilities,Utilities - Regulated Electric,yfinance,2025-12-06 00:00:00
CEPV,Financial Services,Shell Companies,yfinance,2025-12-06 00:00:00
CERS,Healthcare,Medical Devices,yfinance,2025-12-06 00:00:00
CERT,Healthcare,Health Information Services,yfinance,2025-12-06 00:00:00
CET,Financial Services,Asset Management,yfinance,2025-12-06 00:00:00
CETX,Technology,Software - Infrastructure,yfinance,2025-12-06 00:00:00
CETY,Industrials,Specialty Industrial Machinery,yfinance,2025-12-06 00:00:00
CEV,Financial Services,Asset Management,yfinance,2025-12-06 00:00:00
CEVA,Technology,Semiconductors,yfinance,2025-12-06 00:00:00
CF,Basic Materials,Agricultural Inputs,yfinance,2025-12-06 00:00:00
CFBK,Financial Services,Banks - Regional,yfinance,2025-12-06 00:00:00
CFFI,Financial Services,Banks - Regional,yfinance,2025-12-06 00:00:00
CFFN,Financial Services,Banks - Regional,yfinance,2025-12-06 00:00:00
CFG,Financial Services,Banks - Regional,yfinance,2025-12-06 00:00:00
CFLT,Technology,Software - Infrastructure,yfinance,2025-12-06 00:00:00
CFND,Unknown,Unknown,yfinance,2025-12-06 00:00:00
CFR,Financial Services,Banks - Regional,yfinance,2025-12-06 00:00:00
CG,Financial Services,Asset Management,yfinance,2025-12-06 00:00:00
CGABL,Unknown,Unknown,yfinance,2025-12-06 00:00:00
CGAU,Basic Materials,Gold,yfinance,2025-12-06 00:00:00
CGBD,Financial Services,Asset Management,yfinance,2025-12-06 00:00:00
CGC,Healthcare,Drug Manufacturers - Specialty & Generic,yfinance,2025-12-06 00:00:00
CGCT,Financial Services,Shell Companies,yfinance,2025-12-06 00:00:00
CGCTU,Financial Services,Shell Companies,yfinance,2025-12-06 00:00:00
CGCTW,Financial Services,Shell Companies,yfinance,2025-12-06 00:00:00
CGEM,Healthcare,Biotechnology,yfinance,2025-12-06 00:00:00
CGEN,Healthcare,Biotechnology,yfinance,2025-12-06 00:00:00
CGNT,Technology,Software - Infrastructure,yfinance,2025-12-06 00:00:00
CGNX,Technology,Scientific & Technical Instruments,yfinance,2025-12-06 00:00:00
CGO,Financial Services,Asset Management,yfinance,2025-12-06 00:00:00
CGON,Healthcare,Biotechnology,yfinance,2025-12-06 00:00:00
CGTL,Consumer Cyclical,Specialty Retail,yfinance,2025-12-06 00:00:00
CGTX,Healthcare,Biotechnology,yfinance,2025-12-06 00:00:00
CHA,Consumer Cyclical,Restaurants,yfinance,2025-12-06 00:00:00
CHAC,Financial Services,Shell Companies,yfinance,2025-12-06 00:00:00
CHACR,Unknown,Unknown,yfinance,2025-12-06 00:00:00
CHACU,Financial Services,Shell Companies,yfinance,2025-12-06 00:00:00
CHAI,Communication Services,Internet Content & Information,yfinance,2025-12-06 00:00:00
CHAR,Financial Services,Shell Companies,yfinance,2025-12-06 00:00:00
CHARR,Unknown,Unknown,yfinance,2025-12-06 00:00:00
CHARU,Financial Services,Shell Companies,yfinance,2025-12-06 00:00:00
CHCI,Real Estate,Real Estate Services,yfinance,2025-12-06 00:00:00
CHCO,Financial Services,Banks - Regional,yfinance,2025-12-06 00:00:00
CHCT,Real Estate,REIT - Healthcare Facilities,yfinance,2025-12-06 00:00:00
CHD,Consumer Defensive,Household & Personal Products,yfinance,2025-12-06 00:00:00
CHDN,Consumer Cyclical,Gambling,yfinance,2025-12-06 00:00:00
CHE,Healthcare,Medical Care Facilities,yfinance,2025-12-06 00:00:00
CHEC,Financial Services,Shell Companies,yfinance,2025-12-06 00:00:00
CHECU,Financial Services,Shell Companies,yfinance,2025-12-06 00:00:00
CHECW,Financial Services,Shell Companies,yfinance,2025-12-06 00:00:00
CHEF,Consumer Defensive,Food Distribution,yfinance,2025-12-06 00:00:00
CHGG,Consumer Defensive,Education & Training Services,yfinance,2025-12-06 00:00:00
CHH,Consumer Cyclical,Lodging,yfinance,2025-12-06 00:00:00
CHI,Financial Services,Asset Management,yfinance,2025-12-06 00:00:00
CHKP,Technology,Software - Infrastructure,yfinance,2025-12-06 00:00:00
CHMG,Financial Services,Banks - Regional,yfinance,2025-12-06 00:00:00
CHMI,Real Estate,REIT - Mortgage,yfinance,2025-12-06 00:00:00
CHNR,Basic Materials,Other Industrial Metals & Mining,yfinance,2025-12-06 00:00:00
CHOW,Technology,Software - Infrastructure,yfinance,2025-12-06 00:00:00
CHPG,Financial Services,Shell Companies,yfinance,2025-12-06 00:00:00
CHPGR,Unknown,Unknown,yfinance,2025-12-06 00:00:00
CHPGU,Financial Services,Shell Companies,yfinance,2025-12-06 00:00:00
CHPT,Consumer Cyclical,Specialty Retail,yfinance,2025-12-06 00:00:00
CHR,Communication Services,Advertising Agencies,yfinance,2025-12-06 00:00:00
CHRD,Energy,Oil & Gas E&P,yfinance,2025-12-06 00:00:00
CHRS,Healthcare,Biotechnology,yfinance,2025-12-06 00:00:00
CHRW,Industrials,Integrated Freight & Logistics,yfinance,2025-12-06 00:00:00
CHSCL,Consumer Defensive,Farm Products,yfinance,2025-12-06 00:00:00
CHSCM,Consumer Defensive,Farm Products,yfinance,2025-12-06 00:00:00
CHSCN,Consumer Defensive,Farm Products,yfinance,2025-12-06 00:00:00
CHSCO,Consumer Defensive,Farm Products,yfinance,2025-12-06 00:00:00
CHSCP,Consumer Defensive,Farm Products,yfinance,2025-12-06 00:00:00
CHSN,Consumer Cyclical,Restaurants,yfinance,2025-12-06 00:00:00
CHT,Communication Services,Telecom Services,yfinance,2025-12-06 00:00:00
CHTR,Communication Services,Telecom Services,yfinance,2025-12-06 00:00:00
CHW,Financial Services,Asset Management,yfinance,2025-12-06 00:00:00
CHWY,Consumer Cyclical,Internet Retail,yfinance,2025-12-06 00:00:00
CHY,Financial Services,Asset Management,yfinance,2025-12-06 00:00:00
CHYM,Technology,Software - Application,yfinance,2025-12-06 00:00:00
CI,Healthcare,Healthcare Plans,yfinance,2025-12-06 00:00:00
CIA,Financial Services,Insurance - Life,yfinance,2025-12-06 00:00:00
CIB,Financial Services,Banks - Regional,yfinance,2025-12-06 00:00:00
CICB,Unknown,Unknown,yfinance,2025-12-06 00:00:00
CIEN,Technology,Communication Equipment,yfinance,2025-12-06 00:00:00
CIF,Financial Services,Asset Management,yfinance,2025-12-06 00:00:00
CIFR,Financial Services,Capital Markets,yfinance,2025-12-06 00:00:00
CIFRW,Financial Services,Capital Markets,yfinance,2025-12-06 00:00:00
CIG,Utilities,Utilities - Diversified,yfinance,2025-12-06 00:00:00
CIGI,Real Estate,Real Estate Services,yfinance,2025-12-06 00:00:00
CIGL,Industrials,Security & Protection Services,yfinance,2025-12-06 00:00:00
CII,Financial Services,Asset Management,yfinance,2025-12-06 00:00:00
CIIT,Industrials,Integrated Freight & Logistics,yfinance,2025-12-06 00:00:00
CIK,Financial Services,Asset Management,yfinance,2025-12-06 00:00:00
CIM,Real Estate,REIT - Mortgage,yfinance,2025-12-06 00:00:00
CIMN,Unknown,Unknown,yfinance,2025-12-06 00:00:00
CIMO,Unknown,Unknown,yfinance,2025-12-06 00:00:00
CIMP,Unknown,Unknown,yfinance,2025-12-06 00:00:00
CINF,Financial Services,Insurance - Property & Casualty,yfinance,2025-12-06 00:00:00
CING,Healthcare,Biotechnology,yfinance,2025-12-06 00:00:00
CINGW,Healthcare,Biotechnology,yfinance,2025-12-06 00:00:00
CINT,Technology,Software - Infrastructure,yfinance,2025-12-06 00:00:00
CIO,Real Estate,REIT - Office,yfinance,2025-12-06 00:00:00
CION,Financial Services,Asset Management,yfinance,2025-12-06 00:00:00
CISO,Technology,Software - Infrastructure,yfinance,2025-12-06 00:00:00
CISS,Industrials,Marine Shipping,yfinance,2025-12-06 00:00:00
CITR,Unknown,Unknown,yfinance,2025-12-06 00:00:00
CIVB,Financial Services,Banks - Regional,yfinance,2025-12-06 00:00:00
CIVI,Energy,Oil & Gas E&P,yfinance,2025-12-06 00:00:00
CIX,Industrials,Security & Protection Services,yfinance,2025-12-06 00:00:00
CJET,Consumer Cyclical,Auto Manufacturers,yfinance,2025-12-06 00:00:00
CJMB,Industrials,Integrated Freight & Logistics,yfinance,2025-12-06 00:00:00
CKX,Energy,Oil & Gas E&P,yfinance,2025-12-06 00:00:00
CL,Consumer Defensive,Household & Personal Products,yfinance,2025-12-06 00:00:00
CLAR,Consumer Cyclical,Leisure,yfinance,2025-12-06 00:00:00
CLB,Energy,Oil & Gas Equipment & Services,yfinance,2025-12-06 00:00:00
CLBK,Financial Services,Banks - Regional,yfinance,2025-12-06 00:00:00
CLBT,Technology,Software - Infrastructure,yfinance,2025-12-06 00:00:00
CLCO,Energy,Oil & Gas Midstream,yfinance,2025-12-06 00:00:00
CLDI,Healthcare,Biotechnology,yfinance,2025-12-06 00:00:00
CLDT,Real Estate,REIT - Hotel & Motel,yfinance,2025-12-06 00:00:00
CLDX,Healthcare,Biotechnology,yfinance,2025-12-06 00:00:00
CLF,Basic Materials,Steel,yfinance,2025-12-06 00:00:00
CLFD,Technology,Communication Equipment,yfinance,2025-12-06 00:00:00
CLGN,Healthcare,Biotechnology,yfinance,2025-12-06 00:00:00
CLH,Industrials,Waste Management,yfinance,2025-12-06 00:00:00
CLIK,Consumer Cyclical,Personal Services,yfinance,2025-12-06 00:00:00
CLIR,Industrials,Pollution & Treatment Controls,yfinance,2025-12-06 00:00:00
CLLS,Healthcare,Biotechnology,yfinance,2025-12-06 00:00:00
CLM,Financial Services,Asset Management,yfinance,2025-12-06 00:00:00
CLMB,Technology,Electronics & Computer Distribution,yfinance,2025-12-06 00:00:00
CLMT,Basic Materials,Specialty Chemicals,yfinance,2025-12-06 00:00:00
CLNE,Energy,Oil & Gas Refining & Marketing,yfinance,2025-12-06 00:00:00
CLNN,Consumer Defensive,Packaged Foods,yfinance,2025-12-06 00:00:00
CLNNW,Consumer Defensive,Packaged Foods,yfinance,2025-12-06 00:00:00
CLOV,Healthcare,Healthcare Plans,yfinance,2025-12-06 00:00:00
CLPR,Real Estate,REIT - Residential,yfinance,2025-12-06 00:00:00
CLPS,Technology,Information Technology Services,yfinance,2025-12-06 00:00:00
CLPT,Healthcare,Medical Devices,yfinance,2025-12-06 00:00:00
CLRB,Healthcare,Biotechnology,yfinance,2025-12-06 00:00:00
CLRO,Technology,Communication Equipment,yfinance,2025-12-06 00:00:00
CLS,Technology,Electronic Components,yfinance,2025-12-06 00:00:00
CLSK,Financial Services,Capital Markets,yfinance,2025-12-06 00:00:00
CLSKW,Financial Services,Capital Markets,yfinance,2025-12-06 00:00:00
CLST,Financial Services,Banks - Regional,yfinance,2025-12-06 00:00:00
CLVT,Technology,Information Technology Services,yfinance,2025-12-06 00:00:00
CLW,Basic Materials,Paper & Paper Products,yfinance,2025-12-06 00:00:00
CLWT,Industrials,Pollution & Treatment Controls,yfinance,2025-12-06 00:00:00
CLX,Consumer Defensive,Household & Personal Products,yfinance,2025-12-06 00:00:00
CLYM,Healthcare,Biotechnology,yfinance,2025-12-06 00:00:00
CM,Financial Services,Banks - Diversified,yfinance,2025-12-06 00:00:00
CMA,Financial Services,Banks - Regional,yfinance,2025-12-06 00:00:00
CMBM,Technology,Communication Equipment,yfinance,2025-12-06 00:00:00
CMBT,Energy,Oil & Gas Midstream,yfinance,2025-12-06 00:00:00
CMC,Basic Materials,Steel,yfinance,2025-12-06 00:00:00
CMCL,Basic Materials,Gold,yfinance,2025-12-06 00:00:00
CMCM,Communication Services,Internet Content & Information,yfinance,2025-12-06 00:00:00
CMCO,Industrials,Farm & Heavy Construction Machinery,yfinance,2025-12-06 00:00:00
CMCSA,Communication Services,Telecom Services,yfinance,2025-12-06 00:00:00
CMCT,Real Estate,REIT - Office,yfinance,2025-12-06 00:00:00
CMDB,Industrials,Marine Shipping,yfinance,2025-12-06 00:00:00
CME,Financial Services,Financial Data & Stock Exchanges,yfinance,2025-12-06 00:00:00
CMG,Consumer Cyclical,Restaurants,yfinance,2025-12-06 00:00:00
CMI,Industrials,Specialty Industrial Machinery,yfinance,2025-12-06 00:00:00
CMMB,Healthcare,Biotechnology,yfinance,2025-12-06 00:00:00
CMND,Healthcare,Biotechnology,yfinance,2025-12-06 00:00:00
CMP,Basic Materials,Other Industrial Metals & Mining,yfinance,2025-12-06 00:00:00
CMPO,Industrials,Metal Fabrication,yfinance,2025-12-06 00:00:00
CMPR,Industrials,Specialty Business Services,yfinance,2025-12-06 00:00:00
CMPS,Healthcare,Medical Care Facilities,yfinance,2025-12-06 00:00:00
CMPX,Healthcare,Biotechnology,yfinance,2025-12-06 00:00:00
CMRC,Technology,Software - Application,yfinance,2025-12-06 00:00:00
CMRE,Industrials,Marine Shipping,yfinance,2025-12-06 00:00:00
CMS,Utilities,Utilities - Regulated Electric,yfinance,2025-12-06 00:00:00
CMSA,Unknown,Unknown,yfinance,2025-12-06 00:00:00
CMSC,Unknown,Unknown,yfinance,2025-12-06 00:00:00
CMSD,Unknown,Unknown,yfinance,2025-12-06 00:00:00
CMT,Basic Materials,Specialty Chemicals,yfinance,2025-12-06 00:00:00
CMTG,Real Estate,REIT - Mortgage,yfinance,2025-12-06 00:00:00
CMTL,Technology,Communication Equipment,yfinance,2025-12-06 00:00:00
CMU,Financial Services,Asset Management,yfinance,2025-12-06 00:00:00
CNA,Financial Services,Insurance - Property & Casualty,yfinance,2025-12-06 00:00:00
CNC,Healthcare,Healthcare Plans,yfinance,2025-12-06 00:00:00
CNCK,Financial Services,Capital Markets,yfinance,2025-12-06 00:00:00
CNCKW,Financial Services,Capital Markets,yfinance,2025-12-06 00:00:00
CNDT,Technology,Information Technology Services,yfinance,2025-12-06 00:00:00
CNET,Communication Services,Advertising Agencies,yfinance,2025-12-06 00:00:00
CNEY,Basic Materials,Specialty Chemicals,yfinance,2025-12-06 00:00:00
CNF,Financial Services,Mortgage Finance,yfinance,2025-12-06 00:00:00
CNH,Industrials,Farm & Heavy Construction Machinery,yfinance,2025-12-06 00:00:00
CNI,Industrials,Railroads,yfinance,2025-12-06 00:00:00
CNK,Communication Services,Entertainment,yfinance,2025-12-06 00:00:00
CNL,Basic Materials,Gold,yfinance,2025-12-06 00:00:00
CNM,Industrials,Industrial Distribution,yfinance,2025-12-06 00:00:00
CNMD,Healthcare,Medical Devices,yfinance,2025-12-06 00:00:00
CNNE,Consumer Cyclical,Restaurants,yfinance,2025-12-06 00:00:00
CNO,Financial Services,Insurance - Life,yfinance,2025-12-06 00:00:00
CNOB,Financial Services,Banks - Regional,yfinance,2025-12-06 00:00:00
CNOBP,Financial Services,Banks - Regional,yfinance,2025-12-06 00:00:00
CNP,Utilities,Utilities - Regulated Electric,yfinance,2025-12-06 00:00:00
CNQ,Energy,Oil & Gas E&P,yfinance,2025-12-06 00:00:00
CNR,Energy,Thermal Coal,yfinance,2025-12-06 00:00:00
CNS,Financial Services,Asset Management,yfinance,2025-12-06 00:00:00
CNSP,Healthcare,Biotechnology,yfinance,2025-12-06 00:00:00
CNTA,Healthcare,Biotechnology,yfinance,2025-12-06 00:00:00
CNTB,Healthcare,Biotechnology,yfinance,2025-12-06 00:00:00
CNTX,Healthcare,Biotechnology,yfinance,2025-12-06 00:00:00
CNTY,Consumer Cyclical,Resorts & Casinos,yfinance,2025-12-06 00:00:00
CNVS,Communication Services,Entertainment,yfinance,2025-12-06 00:00:00
CNX,Energy,Oil & Gas E&P,yfinance,2025-12-06 00:00:00
CNXC,Technology,Information Technology Services,yfinance,2025-12-06 00:00:00
CNXN,Technology,Electronics & Computer Distribution,yfinance,2025-12-06 00:00:00
COCH,Healthcare,Medical Devices,yfinance,2025-12-06 00:00:00
COCHW,Healthcare,Medical Devices,yfinance,2025-12-06 00:00:00
COCO,Consumer Defensive,Beverages - Non-Alcoholic,yfinance,2025-12-06 00:00:00
COCP,Healthcare,Biotechnology,yfinance,2025-12-06 00:00:00
CODA,Industrials,Aerospace & Defense,yfinance,2025-12-06 00:00:00
CODI,Industrials,Conglomerates,yfinance,2025-12-06 00:00:00
CODX,Healthcare,Medical Devices,yfinance,2025-12-06 00:00:00
COE,Consumer Defensive,Education & Training Services,yfinance,2025-12-06 00:00:00
COEP,Healthcare,Biotechnology,yfinance,2025-12-06 00:00:00
COEPW,Unknown,Unknown,yfinance,2025-12-06 00:00:00
COF,Financial Services,Credit Services,yfinance,2025-12-06 00:00:00
COFS,Financial Services,Banks - Regional,yfinance,2025-12-06 00:00:00
COGT,Healthcare,Biotechnology,yfinance,2025-12-06 00:00:00
COHN,Financial Services,Capital Markets,yfinance,2025-12-06 00:00:00
COHR,Technology,Scientific & Technical Instruments,yfinance,2025-12-06 00:00:00
COHU,Technology,Semiconductor Equipment & Materials,yfinance,2025-12-06 00:00:00
COIN,Financial Services,Financial Data & Stock Exchanges,yfinance,2025-12-06 00:00:00
COKE,Consumer Defensive,Beverages - Non-Alcoholic,yfinance,2025-12-06 00:00:00
COLA,Financial Services,Shell Companies,yfinance,2025-12-06 00:00:00
COLAR,Unknown,Unknown,yfinance,2025-12-06 00:00:00
COLAU,Financial Services,Shell Companies,yfinance,2025-12-06 00:00:00
COLB,Financial Services,Banks - Regional,yfinance,2025-12-06 00:00:00
COLD,Real Estate,REIT - Industrial,yfinance,2025-12-06 00:00:00
COLL,Healthcare,Drug Manufacturers - Specialty & Generic,yfinance,2025-12-06 00:00:00
COLM,Consumer Cyclical,Apparel Manufacturing,yfinance,2025-12-06 00:00:00
COMM,Technology,Communication Equipment,yfinance,2025-12-06 00:00:00
COMP,Real Estate,Real Estate Services,yfinance,2025-12-06 00:00:00
CON,Healthcare,Medical Care Facilities,yfinance,2025-12-06 00:00:00
COO,Healthcare,Medical Instruments & Supplies,yfinance,2025-12-06 00:00:00
COOK,Consumer Cyclical,"Furnishings, Fixtures & Appliances",yfinance,2025-12-06 00:00:00
COOT,Consumer Defensive,Packaged Foods,yfinance,2025-12-06 00:00:00
COOTW,Consumer Defensive,Packaged Foods,yfinance,2025-12-06 00:00:00
COP,Energy,Oil & Gas E&P,yfinance,2025-12-06 00:00:00
COPL,Financial Services,Shell Companies,yfinance,2025-12-06 00:00:00
COR,Healthcare,Medical Distribution,yfinance,2025-12-06 00:00:00
CORT,Healthcare,Biotechnology,yfinance,2025-12-06 00:00:00
CORZ,Technology,Software - Infrastructure,yfinance,2025-12-06 00:00:00
CORZW,Technology,Software - Infrastructure,yfinance,2025-12-06 00:00:00
CORZZ,Technology,Software - Infrastructure,yfinance,2025-12-06 00:00:00
COSM,Healthcare,Medical Distribution,yfinance,2025-12-06 00:00:00
COSO,Financial Services,Banks - Regional,yfinance,2025-12-06 00:00:00
COST,Consumer Defensive,Discount Stores,yfinance,2025-12-06 00:00:00
COTY,Consumer Defensive,Household & Personal Products,yfinance,2025-12-06 00:00:00
COUR,Consumer Defensive,Education & Training Services,yfinance,2025-12-06 00:00:00
COYA,Healthcare,Biotechnology,yfinance,2025-12-06 00:00:00
CP,Industrials,Railroads,yfinance,2025-12-06 00:00:00
CPA,Industrials,Airlines,yfinance,2025-12-06 00:00:00
CPAC,Basic Materials,Building Materials,yfinance,2025-12-06 00:00:00
CPAY,Technology,Software - Infrastructure,yfinance,2025-12-06 00:00:00
CPB,Consumer Defensive,Packaged Foods,yfinance,2025-12-06 00:00:00
CPBI,Financial Services,Banks - Regional,yfinance,2025-12-06 00:00:00
CPF,Financial Services,Banks - Regional,yfinance,2025-12-06 00:00:00
CPHC,Consumer Cyclical,Resorts & Casinos,yfinance,2025-12-06 00:00:00
CPHI,Healthcare,Drug Manufacturers - Specialty & Generic,yfinance,2025-12-06 00:00:00
CPIX,Healthcare,Drug Manufacturers - Specialty & Generic,yfinance,2025-12-06 00:00:00
CPK,Utilities,Utilities - Regulated Gas,yfinance,2025-12-06 00:00:00
CPNG,Consumer Cyclical,Internet Retail,yfinance,2025-12-06 00:00:00
CPOP,Communication Services,Entertainment,yfinance,2025-12-06 00:00:00
CPRI,Consumer Cyclical,Luxury Goods,yfinance,2025-12-06 00:00:00
CPRT,Industrials,Specialty Business Services,yfinance,2025-12-06 00:00:00
CPRX,Healthcare,Biotechnology,yfinance,2025-12-06 00:00:00
CPS,Consumer Cyclical,Auto Parts,yfinance,2025-12-06 00:00:00
CPSH,Technology,Electronic Components,yfinance,2025-12-06 00:00:00
CPSS,Financial Services,Credit Services,yfinance,2025-12-06 00:00:00
CPT,Real Estate,REIT - Residential,yfinance,2025-12-06 00:00:00
CPZ,Financial Services,Asset Management,yfinance,2025-12-06 00:00:00
CQP,Energy,Oil & Gas Midstream,yfinance,2025-12-06 00:00:00
CR,Industrials,Specialty Industrial Machinery,yfinance,2025-12-06 00:00:00
CRACU,Financial Services,Shell Companies,yfinance,2025-12-06 00:00:00
CRAI,Industrials,Consulting Services,yfinance,2025-12-06 00:00:00
CRAQ,Unknown,Unknown,yfinance,2025-12-06 00:00:00
CRAQR,Unknown,Unknown,yfinance,2025-12-06 00:00:00
CRAQU,Unknown,Unknown,yfinance,2025-12-06 00:00:00
CRBD,Unknown,Unknown,yfinance,2025-12-06 00:00:00
CRBG,Financial Services,Asset Management,yfinance,2025-12-06 00:00:00
CRBP,Healthcare,Biotechnology,yfinance,2025-12-06 00:00:00
CRBU,Healthcare,Biotechnology,yfinance,2025-12-06 00:00:00
CRC,Energy,Oil & Gas E&P,yfinance,2025-12-06 00:00:00
CRCL,Financial Services,Capital Markets,yfinance,2025-12-06 00:00:00
CRCT,Technology,Computer Hardware,yfinance,2025-12-06 00:00:00
CRDF,Healthcare,Biotechnology,yfinance,2025-12-06 00:00:00
CRDL,Healthcare,Drug Manufacturers - Specialty & Generic,yfinance,2025-12-06 00:00:00
CRDO,Technology,Semiconductors,yfinance,2025-12-06 00:00:00
CRE,Industrials,Specialty Business Services,yfinance,2025-12-06 00:00:00
CREG,Utilities,Utilities - Renewable,yfinance,2025-12-06 00:00:00
CRESW,Industrials,Conglomerates,yfinance,2025-12-06 00:00:00
CRESY,Industrials,Conglomerates,yfinance,2025-12-06 00:00:00
CREV,Consumer Cyclical,Auto Parts,yfinance,2025-12-06 00:00:00
CREVW,Consumer Cyclical,Auto Parts,yfinance,2025-12-06 00:00:00
CREX,Technology,Software - Application,yfinance,2025-12-06 00:00:00
CRF,Financial Services,Asset Management,yfinance,2025-12-06 00:00:00
CRGO,Industrials,Integrated Freight & Logistics,yfinance,2025-12-06 00:00:00
CRGOW,Industrials,Integrated Freight & Logistics,yfinance,2025-12-06 00:00:00
CRGY,Energy,Oil & Gas E&P,yfinance,2025-12-06 00:00:00
CRH,Basic Materials,Building Materials,yfinance,2025-12-06 00:00:00
CRI,Consumer Cyclical,Apparel Retail,yfinance,2025-12-06 00:00:00
CRIS,Healthcare,Biotechnology,yfinance,2025-12-06 00:00:00
CRK,Energy,Oil & Gas E&P,yfinance,2025-12-06 00:00:00
CRL,Healthcare,Diagnostics & Research,yfinance,2025-12-06 00:00:00
CRM,Technology,Software - Application,yfinance,2025-12-06 00:00:00
CRMD,Healthcare,Biotechnology,yfinance,2025-12-06 00:00:00
CRML,Basic Materials,Other Industrial Metals & Mining,yfinance,2025-12-06 00:00:00
CRMLW,Basic Materials,Other Industrial Metals & Mining,yfinance,2025-12-06 00:00:00
CRMT,Consumer Cyclical,Auto & Truck Dealerships,yfinance,2025-12-06 00:00:00
CRNC,Technology,Software - Application,yfinance,2025-12-06 00:00:00
CRNT,Technology,Communication Equipment,yfinance,2025-12-06 00:00:00
CRNX,Healthcare,Biotechnology,yfinance,2025-12-06 00:00:00
CRON,Healthcare,Drug Manufacturers - Specialty & Generic,yfinance,2025-12-06 00:00:00
CROX,Consumer Cyclical,Footwear & Accessories,yfinance,2025-12-06 00:00:00
CRS,Industrials,Metal Fabrication,yfinance,2025-12-06 00:00:00
CRSP,Healthcare,Biotechnology,yfinance,2025-12-06 00:00:00
CRSR,Technology,Computer Hardware,yfinance,2025-12-06 00:00:00
CRT,Energy,Oil & Gas E&P,yfinance,2025-12-06 00:00:00
CRTO,Communication Services,Advertising Agencies,yfinance,2025-12-06 00:00:00
CRUS,Technology,Semiconductors,yfinance,2025-12-06 00:00:00
CRVL,Financial Services,Insurance Brokers,yfinance,2025-12-06 00:00:00
CRVO,Healthcare,Biotechnology,yfinance,2025-12-06 00:00:00
CRVS,Healthcare,Biotechnology,yfinance,2025-12-06 00:00:00
CRWD,Technology,Software - Infrastructure,yfinance,2025-12-06 00:00:00
CRWS,Consumer Cyclical,"Furnishings, Fixtures & Appliances",yfinance,2025-12-06 00:00:00
CRWV,Technology,Software - Infrastructure,yfinance,2025-12-06 00:00:00
CSAI,Technology,Software - Infrastructure,yfinance,2025-12-06 00:00:00
CSAN,Energy,Oil & Gas Refining & Marketing,yfinance,2025-12-06 00:00:00
CSBR,Healthcare,Biotechnology,yfinance,2025-12-06 00:00:00
CSCO,Technology,Communication Equipment,yfinance,2025-12-06 00:00:00
CSGP,Real Estate,Real Estate Services,yfinance,2025-12-06 00:00:00
CSGS,Technology,Software - Infrastructure,yfinance,2025-12-06 00:00:00
CSIQ,Technology,Solar,yfinance,2025-12-06 00:00:00
CSL,Industrials,Building Products & Equipment,yfinance,2025-12-06 00:00:00
CSPI,Technology,Information Technology Services,yfinance,2025-12-06 00:00:00
CSQ,Financial Services,Asset Management,yfinance,2025-12-06 00:00:00
CSR,Real Estate,REIT - Residential,yfinance,2025-12-06 00:00:00
CSTE,Industrials,Building Products & Equipment,yfinance,2025-12-06 00:00:00
CSTL,Healthcare,Diagnostics & Research,yfinance,2025-12-06 00:00:00
CSTM,Basic Materials,Aluminum,yfinance,2025-12-06 00:00:00
CSV,Consumer Cyclical,Personal Services,yfinance,2025-12-06 00:00:00
CSW,Industrials,Specialty Industrial Machinery,yfinance,2025-12-06 00:00:00
CSWC,Financial Services,Asset Management,yfinance,2025-12-06 00:00:00
CSX,Industrials,Railroads,yfinance,2025-12-06 00:00:00
CTAS,Industrials,Specialty Business Services,yfinance,2025-12-06 00:00:00
CTBB,Unknown,Unknown,yfinance,2025-12-06 00:00:00
CTBI,Financial Services,Banks - Regional,yfinance,2025-12-06 00:00:00
CTDD,Unknown,Unknown,yfinance,2025-12-06 00:00:00
CTEV,Healthcare,Health Information Services,yfinance,2025-12-06 00:00:00
CTGO,Basic Materials,Gold,yfinance,2025-12-06 00:00:00
CTKB,Healthcare,Medical Devices,yfinance,2025-12-06 00:00:00
CTLP,Technology,Software - Infrastructure,yfinance,2025-12-06 00:00:00
CTM,Technology,Information Technology Services,yfinance,2025-12-06 00:00:00
CTMX,Healthcare,Biotechnology,yfinance,2025-12-06 00:00:00
CTNM,Healthcare,Biotechnology,yfinance,2025-12-06 00:00:00
CTNT,Industrials,Integrated Freight & Logistics,yfinance,2025-12-06 00:00:00
CTO,Real Estate,REIT - Diversified,yfinance,2025-12-06 00:00:00
CTOR,Healthcare,Drug Manufacturers - Specialty & Generic,yfinance,2025-12-06 00:00:00
CTOS,Industrials,Rental & Leasing Services,yfinance,2025-12-06 00:00:00
CTRA,Energy,Oil & Gas E&P,yfinance,2025-12-06 00:00:00
CTRE,Real Estate,REIT - Healthcare Facilities,yfinance,2025-12-06 00:00:00
CTRI,Utilities,Utilities - Regulated Gas,yfinance,2025-12-06 00:00:00
CTRM,Industrials,Marine Shipping,yfinance,2025-12-06 00:00:00
CTRN,Consumer Cyclical,Apparel Retail,yfinance,2025-12-06 00:00:00
CTS,Technology,Electronic Components,yfinance,2025-12-06 00:00:00
CTSH,Technology,Information Technology Services,yfinance,2025-12-06 00:00:00
CTSO,Healthcare,Medical Devices,yfinance,2025-12-06 00:00:00
CTVA,Basic Materials,Agricultural Inputs,yfinance,2025-12-06 00:00:00
CTW,Communication Services,Electronic Gaming & Multimedia,yfinance,2025-12-06 00:00:00
CTXR,Healthcare,Biotechnology,yfinance,2025-12-06 00:00:00
CUB,Financial Services,Shell Companies,yfinance,2025-12-06 00:00:00
CUBB,Unknown,Unknown,yfinance,2025-12-06 00:00:00
CUBE,Real Estate,REIT - Industrial,yfinance,2025-12-06 00:00:00
CUBI,Financial Services,Banks - Regional,yfinance,2025-12-06 00:00:00
CUBWU,Financial Services,Shell Companies,yfinance,2025-12-06 00:00:00
CUBWW,Financial Services,Shell Companies,yfinance,2025-12-06 00:00:00
CUE,Healthcare,Biotechnology,yfinance,2025-12-06 00:00:00
CUK,Consumer Cyclical,Travel Services,yfinance,2025-12-06 00:00:00
CULP,Consumer Cyclical,Textile Manufacturing,yfinance,2025-12-06 00:00:00
CUPR,Healthcare,Medical Instruments & Supplies,yfinance,2025-12-06 00:00:00
CURB,Real Estate,REIT - Retail,yfinance,2025-12-06 00:00:00
CURI,Communication Services,Broadcasting,yfinance,2025-12-06 00:00:00
CURR,Technology,Software - Application,yfinance,2025-12-06 00:00:00
CURV,Consumer Cyclical,Apparel Retail,yfinance,2025-12-06 00:00:00
CURX,Healthcare,Biotechnology,yfinance,2025-12-06 00:00:00
CUZ,Real Estate,REIT - Office,yfinance,2025-12-06 00:00:00
CV,Healthcare,Medical Devices,yfinance,2025-12-06 00:00:00
CVAC,Healthcare,Biotechnology,yfinance,2025-12-06 00:00:00
CVBF,Financial Services,Banks - Regional,yfinance,2025-12-06 00:00:00
CVCO,Consumer Cyclical,Residential Construction,yfinance,2025-12-06 00:00:00
CVE,Energy,Oil & Gas Integrated,yfinance,2025-12-06 00:00:00
CVEO,Consumer Cyclical,Lodging,yfinance,2025-12-06 00:00:00
CVGI,Consumer Cyclical,Auto Parts,yfinance,2025-12-06 00:00:00
CVGW,Consumer Defensive,Food Distribution,yfinance,2025-12-06 00:00:00
CVI,Energy,Oil & Gas Refining & Marketing,yfinance,2025-12-06 00:00:00
CVKD,Healthcare,Biotechnology,yfinance,2025-12-06 00:00:00
CVLG,Industrials,Trucking,yfinance,2025-12-06 00:00:00
CVLT,Technology,Software - Application,yfinance,2025-12-06 00:00:00
CVM,Healthcare,Biotechnology,yfinance,2025-12-06 00:00:00
CVNA,Consumer Cyclical,Auto & Truck Dealerships,yfinance,2025-12-06 00:00:00
CVR,Industrials,Tools & Accessories,yfinance,2025-12-06 00:00:00
CVRX,Healthcare,Medical Devices,yfinance,2025-12-06 00:00:00
CVS,Healthcare,Healthcare Plans,yfinance,2025-12-06 00:00:00
CVU,Industrials,Aerospace & Defense,yfinance,2025-12-06 00:00:00
CVV,Industrials,Specialty Industrial Machinery,yfinance,2025-12-06 00:00:00
CVX,Energy,Oil & Gas Integrated,yfinance,2025-12-06 00:00:00
CW,Industrials,Aerospace & Defense,yfinance,2025-12-06 00:00:00
CWAN,Technology,Software - Application,yfinance,2025-12-06 00:00:00
CWBC,Financial Services,Banks - Regional,yfinance,2025-12-06 00:00:00
CWCO,Utilities,Utilities - Regulated Water,yfinance,2025-12-06 00:00:00
CWD,Financial Services,Asset Management,yfinance,2025-12-06 00:00:00
CWEN,Utilities,Utilities - Renewable,yfinance,2025-12-06 00:00:00
CWH,Consumer Cyclical,Auto & Truck Dealerships,yfinance,2025-12-06 00:00:00
CWK,Real Estate,Real Estate Services,yfinance,2025-12-06 00:00:00
CWST,Industrials,Waste Management,yfinance,2025-12-06 00:00:00
CWT,Utilities,Utilities - Regulated Water,yfinance,2025-12-06 00:00:00
CX,Basic Materials,Building Materials,yfinance,2025-12-06 00:00:00
CXAI,Technology,Software - Application,yfinance,2025-12-06 00:00:00
CXAIW,Unknown,Unknown,yfinance,2025-12-06 00:00:00
CXDO,Communication Services,Telecom Services,yfinance,2025-12-06 00:00:00
CXE,Financial Services,Asset Management,yfinance,2025-12-06 00:00:00
CXH,Financial Services,Asset Management,yfinance,2025-12-06 00:00:00
CXM,Technology,Software - Application,yfinance,2025-12-06 00:00:00
CXT,Industrials,Specialty Industrial Machinery,yfinance,2025-12-06 00:00:00
CXW,Industrials,Security & Protection Services,yfinance,2025-12-06 00:00:00
CYBN,Healthcare,Biotechnology,yfinance,2025-12-06 00:00:00
CYBR,Technology,Software - Infrastructure,yfinance,2025-12-06 00:00:00
CYCN,Healthcare,Biotechnology,yfinance,2025-12-06 00:00:00
CYCU,Technology,Information Technology Services,yfinance,2025-12-06 00:00:00
CYCUW,Technology,Information Technology Services,yfinance,2025-12-06 00:00:00
CYD,Consumer Cyclical,Auto Manufacturers,yfinance,2025-12-06 00:00:00
CYH,Healthcare,Medical Care Facilities,yfinance,2025-12-06 00:00:00
CYN,Technology,Software - Application,yfinance,2025-12-06 00:00:00
CYPH,Financial Services,Asset Management,yfinance,2025-12-06 00:00:00
CYRX,Industrials,Integrated Freight & Logistics,yfinance,2025-12-06 00:00:00
CYTK,Healthcare,Biotechnology,yfinance,2025-12-06 00:00:00
CZFS,Financial Services,Banks - Regional,yfinance,2025-12-06 00:00:00
CZNC,Financial Services,Banks - Regional,yfinance,2025-12-06 00:00:00
CZR,Consumer Cyclical,Resorts & Casinos,yfinance,2025-12-06 00:00:00
CZWI,Financial Services,Banks - Regional,yfinance,2025-12-06 00:00:00
D,Utilities,Utilities - Regulated Electric,yfinance,2025-12-06 00:00:00
DAAQ,Financial Services,Shell Companies,yfinance,2025-12-06 00:00:00
DAAQU,Financial Services,Shell Companies,yfinance,2025-12-06 00:00:00
DAAQW,Financial Services,Shell Companies,yfinance,2025-12-06 00:00:00
DAC,Industrials,Marine Shipping,yfinance,2025-12-06 00:00:00
DAIC,Technology,Information Technology Services,yfinance,2025-12-06 00:00:00
DAICW,Technology,Information Technology Services,yfinance,2025-12-06 00:00:00
DAIO,Technology,Electronic Components,yfinance,2025-12-06 00:00:00
DAKT,Technology,Electronic Components,yfinance,2025-12-06 00:00:00
DAL,Industrials,Airlines,yfinance,2025-12-06 00:00:00
DAN,Consumer Cyclical,Auto Parts,yfinance,2025-12-06 00:00:00
DAO,Consumer Defensive,Education & Training Services,yfinance,2025-12-06 00:00:00
DAR,Consumer Defensive,Packaged Foods,yfinance,2025-12-06 00:00:00
DARE,Healthcare,Biotechnology,yfinance,2025-12-06 00:00:00
DASH,Consumer Cyclical,Internet Retail,yfinance,2025-12-06 00:00:00
DAVA,Technology,Software - Infrastructure,yfinance,2025-12-06 00:00:00
DAVE,Technology,Software - Application,yfinance,2025-12-06 00:00:00
DAVEW,Technology,Software - Application,yfinance,2025-12-06 00:00:00
DAWN,Healthcare,Biotechnology,yfinance,2025-12-06 00:00:00
DAY,Technology,Software - Application,yfinance,2025-12-06 00:00:00
DB,Financial Services,Banks - Regional,yfinance,2025-12-06 00:00:00
DBD,Technology,Software - Application,yfinance,2025-12-06 00:00:00
DBGI,Consumer Cyclical,Apparel Retail,yfinance,2025-12-06 00:00:00
DBI,Consumer Cyclical,Footwear & Accessories,yfinance,2025-12-06 00:00:00
DBL,Financial Services,Asset Management,yfinance,2025-12-06 00:00:00
DBRG,Financial Services,Asset Management,yfinance,2025-12-06 00:00:00
DBVT,Healthcare,Biotechnology,yfinance,2025-12-06 00:00:00
DBX,Technology,Software - Infrastructure,yfinance,2025-12-06 00:00:00
DC,Basic Materials,Gold,yfinance,2025-12-06 00:00:00
DCBO,Technology,Software - Application,yfinance,2025-12-06 00:00:00
DCGO,Healthcare,Medical Care Facilities,yfinance,2025-12-06 00:00:00
DCI,Industrials,Specialty Industrial Machinery,yfinance,2025-12-06 00:00:00
DCO,Industrials,Aerospace & Defense,yfinance,2025-12-06 00:00:00
DCOM,Financial Services,Banks - Regional,yfinance,2025-12-06 00:00:00
DCOMG,Unknown,Unknown,yfinance,2025-12-06 00:00:00
DCOMP,Financial Services,Banks - Regional,yfinance,2025-12-06 00:00:00
DCTH,Healthcare,Medical Devices,yfinance,2025-12-06 00:00:00
DD,Basic Materials,Specialty Chemicals,yfinance,2025-12-06 00:00:00
DDC,Consumer Defensive,Packaged Foods,yfinance,2025-12-06 00:00:00
DDD,Technology,Computer Hardware,yfinance,2025-12-06 00:00:00
DDI,Communication Services,Electronic Gaming & Multimedia,yfinance,2025-12-06 00:00:00
DDL,Consumer Defensive,Grocery Stores,yfinance,2025-12-06 00:00:00
DDOG,Technology,Software - Application,yfinance,2025-12-06 00:00:00
DDS,Consumer Cyclical,Department Stores,yfinance,2025-12-06 00:00:00
DDT,Unknown,Unknown,yfinance,2025-12-06 00:00:00
DE,Industrials,Farm & Heavy Construction Machinery,yfinance,2025-12-06 00:00:00
DEA,Real Estate,REIT - Office,yfinance,2025-12-06 00:00:00
DEC,Energy,Oil & Gas Integrated,yfinance,2025-12-06 00:00:00
DECK,Consumer Cyclical,Footwear & Accessories,yfinance,2025-12-06 00:00:00
DEFT,Financial Services,Capital Markets,yfinance,2025-12-06 00:00:00
DEI,Real Estate,REIT - Office,yfinance,2025-12-06 00:00:00
DELL,Technology,Computer Hardware,yfinance,2025-12-06 00:00:00
DENN,Consumer Cyclical,Restaurants,yfinance,2025-12-06 00:00:00
DEO,Consumer Defensive,Beverages - Wineries & Distilleries,yfinance,2025-12-06 00:00:00
DERM,Healthcare,Drug Manufacturers - Specialty & Generic,yfinance,2025-12-06 00:00:00
DEVS,Industrials,Pollution & Treatment Controls,yfinance,2025-12-06 00:00:00
DFDV,Technology,Software - Infrastructure,yfinance,2025-12-06 00:00:00
DFDVW,Technology,Software - Infrastructure,yfinance,2025-12-06 00:00:00
DFH,Consumer Cyclical,Residential Construction,yfinance,2025-12-06 00:00:00
DFIN,Technology,Software - Application,yfinance,2025-12-06 00:00:00
DFLI,Industrials,Electrical Equipment & Parts,yfinance,2025-12-06 00:00:00
DFLIW,Industrials,Electrical Equipment & Parts,yfinance,2025-12-06 00:00:00
DFP,Financial Services,Asset Management,yfinance,2025-12-06 00:00:00
DFSC,Industrials,Aerospace & Defense,yfinance,2025-12-06 00:00:00
DFSCW,Industrials,Aerospace & Defense,yfinance,2025-12-06 00:00:00
DG,Consumer Defensive,Discount Stores,yfinance,2025-12-06 00:00:00
DGICA,Financial Services,Insurance - Property & Casualty,yfinance,2025-12-06 00:00:00
DGICB,Financial Services,Insurance - Property & Casualty,yfinance,2025-12-06 00:00:00
DGII,Technology,Communication Equipment,yfinance,2025-12-06 00:00:00
DGLY,Communication Services,Internet Content & Information,yfinance,2025-12-06 00:00:00
DGNX,Industrials,Consulting Services,yfinance,2025-12-06 00:00:00
DGP,Unknown,Unknown,yfinance,2025-12-06 00:00:00
DGX,Healthcare,Diagnostics & Research,yfinance,2025-12-06 00:00:00
DGXX,Utilities,Utilities - Independent Power Producers,yfinance,2025-12-06 00:00:00
DGZ,Unknown,Unknown,yfinance,2025-12-06 00:00:00
DH,Healthcare,Health Information Services,yfinance,2025-12-06 00:00:00
DHC,Real Estate,REIT - Healthcare Facilities,yfinance,2025-12-06 00:00:00
DHCNI,Unknown,Unknown,yfinance,2025-12-06 00:00:00
DHCNL,Unknown,Unknown,yfinance,2025-12-06 00:00:00
DHF,Financial Services,Asset Management,yfinance,2025-12-06 00:00:00
DHI,Consumer Cyclical,Residential Construction,yfinance,2025-12-06 00:00:00
DHIL,Financial Services,Asset Management,yfinance,2025-12-06 00:00:00
DHR,Healthcare,Diagnostics & Research,yfinance,2025-12-06 00:00:00
DHT,Energy,Oil & Gas Midstream,yfinance,2025-12-06 00:00:00
DHX,Technology,Software - Application,yfinance,2025-12-06 00:00:00
DHY,Financial Services,Asset Management,yfinance,2025-12-06 00:00:00
DIAX,Financial Services,Asset Management,yfinance,2025-12-06 00:00:00
DIBS,Consumer Cyclical,Internet Retail,yfinance,2025-12-06 00:00:00
DIN,Consumer Cyclical,Restaurants,yfinance,2025-12-06 00:00:00
DINO,Energy,Oil & Gas Refining & Marketing,yfinance,2025-12-06 00:00:00
DIOD,Technology,Semiconductors,yfinance,2025-12-06 00:00:00
DIS,Communication Services,Entertainment,yfinance,2025-12-06 00:00:00
DIT,Consumer Defensive,Food Distribution,yfinance,2025-12-06 00:00:00
DJCO,Technology,Software - Application,yfinance,2025-12-06 00:00:00
DJP,Unknown,Unknown,yfinance,2025-12-06 00:00:00
DJT,Communication Services,Internet Content & Information,yfinance,2025-12-06 00:00:00
DJTWW,Communication Services,Internet Content & Information,yfinance,2025-12-06 00:00:00
DK,Energy,Oil & Gas Refining & Marketing,yfinance,2025-12-06 00:00:00
DKI,Communication Services,Electronic Gaming & Multimedia,yfinance,2025-12-06 00:00:00
DKL,Energy,Oil & Gas Refining & Marketing,yfinance,2025-12-06 00:00:00
DKNG,Consumer Cyclical,Gambling,yfinance,2025-12-06 00:00:00
DKS,Consumer Cyclical,Specialty Retail,yfinance,2025-12-06 00:00:00
DLB,Industrials,Specialty Business Services,yfinance,2025-12-06 00:00:00
DLHC,Industrials,Specialty Business Services,yfinance,2025-12-06 00:00:00
DLNG,Energy,Oil & Gas Midstream,yfinance,2025-12-06 00:00:00
DLO,Technology,Software - Infrastructure,yfinance,2025-12-06 00:00:00
DLPN,Communication Services,Advertising Agencies,yfinance,2025-12-06 00:00:00
DLR,Real Estate,REIT - Specialty,yfinance,2025-12-06 00:00:00
DLTH,Consumer Cyclical,Apparel Retail,yfinance,2025-12-06 00:00:00
DLTR,Consumer Defensive,Discount Stores,yfinance,2025-12-06 00:00:00
DLX,Industrials,Conglomerates,yfinance,2025-12-06 00:00:00
DLXY,Energy,Oil & Gas Refining & Marketing,yfinance,2025-12-06 00:00:00
DLY,Financial Services,Asset Management,yfinance,2025-12-06 00:00:00
DMA,Financial Services,Asset Management,yfinance,2025-12-06 00:00:00
DMAA,Financial Services,Shell Companies,yfinance,2025-12-06 00:00:00
DMAAR,Unknown,Unknown,yfinance,2025-12-06 00:00:00
DMAAU,Financial Services,Shell Companies,yfinance,2025-12-06 00:00:00
DMAC,Healthcare,Biotechnology,yfinance,2025-12-06 00:00:00
DMB,Financial Services,Asset Management,yfinance,2025-12-06 00:00:00
DMII,Financial Services,Shell Companies,yfinance,2025-12-06 00:00:00
DMIIR,Unknown,Unknown,yfinance,2025-12-06 00:00:00
DMIIU,Financial Services,Shell Companies,yfinance,2025-12-06 00:00:00
DMLP,Energy,Oil & Gas E&P,yfinance,2025-12-06 00:00:00
DMO,Financial Services,Asset Management,yfinance,2025-12-06 00:00:00
DMRC,Technology,Software - Application,yfinance,2025-12-06 00:00:00
DNA,Healthcare,Biotechnology,yfinance,2025-12-06 00:00:00
DNLI,Healthcare,Biotechnology,yfinance,2025-12-06 00:00:00
DNMX,Financial Services,Shell Companies,yfinance,2025-12-06 00:00:00
DNMXU,Financial Services,Shell Companies,yfinance,2025-12-06 00:00:00
DNMXW,Financial Services,Shell Companies,yfinance,2025-12-06 00:00:00
DNN,Energy,Uranium,yfinance,2025-12-06 00:00:00
DNOW,Industrials,Industrial Distribution,yfinance,2025-12-06 00:00:00
DNP,Financial Services,Asset Management,yfinance,2025-12-06 00:00:00
DNTH,Healthcare,Biotechnology,yfinance,2025-12-06 00:00:00
DNUT,Consumer Defensive,Grocery Stores,yfinance,2025-12-06 00:00:00
DOC,Real Estate,REIT - Healthcare Facilities,yfinance,2025-12-06 00:00:00
DOCN,Technology,Software - Infrastructure,yfinance,2025-12-06 00:00:00
DOCS,Healthcare,Health Information Services,yfinance,2025-12-06 00:00:00
DOCU,Technology,Software - Application,yfinance,2025-12-06 00:00:00
DOGZ,Consumer Cyclical,Leisure,yfinance,2025-12-06 00:00:00
DOLE,Consumer Defensive,Farm Products,yfinance,2025-12-06 00:00:00
DOMH,Financial Services,Capital Markets,yfinance,2025-12-06 00:00:00
DOMO,Technology,Software - Application,yfinance,2025-12-06 00:00:00
DOOO,Consumer Cyclical,Recreational Vehicles,yfinance,2025-12-06 00:00:00
DORM,Consumer Cyclical,Auto Parts,yfinance,2025-12-06 00:00:00
DOUG,Real Estate,Real Estate Services,yfinance,2025-12-06 00:00:00
DOV,Industrials,Specialty Industrial Machinery,yfinance,2025-12-06 00:00:00
DOW,Basic Materials,Chemicals,yfinance,2025-12-06 00:00:00
DOX,Technology,Software - Infrastructure,yfinance,2025-12-06 00:00:00
DOYU,Communication Services,Internet Content & Information,yfinance,2025-12-06 00:00:00
DPG,Financial Services,Asset Management,yfinance,2025-12-06 00:00:00
DPRO,Industrials,Aerospace & Defense,yfinance,2025-12-06 00:00:00
DPZ,Consumer Cyclical,Restaurants,yfinance,2025-12-06 00:00:00
DQ,Technology,Semiconductor Equipment & Materials,yfinance,2025-12-06 00:00:00
DRCT,Communication Services,Advertising Agencies,yfinance,2025-12-06 00:00:00
DRD,Basic Materials,Gold,yfinance,2025-12-06 00:00:00
DRDB,Financial Services,Shell Companies,yfinance,2025-12-06 00:00:00
DRDBU,Financial Services,Shell Companies,yfinance,2025-12-06 00:00:00
DRDBW,Financial Services,Shell Companies,yfinance,2025-12-06 00:00:00
DRH,Real Estate,REIT - Hotel & Motel,yfinance,2025-12-06 00:00:00
DRI,Consumer Cyclical,Restaurants,yfinance,2025-12-06 00:00:00
DRIO,Healthcare,Health Information Services,yfinance,2025-12-06 00:00:00
DRMA,Healthcare,Biotechnology,yfinance,2025-12-06 00:00:00
DRMAW,Healthcare,Biotechnology,yfinance,2025-12-06 00:00:00
DRS,Industrials,Aerospace & Defense,yfinance,2025-12-06 00:00:00
DRTS,Healthcare,Biotechnology,yfinance,2025-12-06 00:00:00
DRTSW,Healthcare,Biotechnology,yfinance,2025-12-06 00:00:00
DRUG,Healthcare,Biotechnology,yfinance,2025-12-06 00:00:00
DRVN,Consumer Cyclical,Auto & Truck Dealerships,yfinance,2025-12-06 00:00:00
DSGN,Healthcare,Biotechnology,yfinance,2025-12-06 00:00:00
DSGR,Industrials,Industrial Distribution,yfinance,2025-12-06 00:00:00
DSGX,Technology,Software - Application,yfinance,2025-12-06 00:00:00
DSL,Financial Services,Asset Management,yfinance,2025-12-06 00:00:00
DSM,Financial Services,Asset Management,yfinance,2025-12-06 00:00:00
DSP,Technology,Software - Application,yfinance,2025-12-06 00:00:00
DSS,Consumer Cyclical,Packaging & Containers,yfinance,2025-12-06 00:00:00
DSU,Financial Services,Asset Management,yfinance,2025-12-06 00:00:00
DSWL,Technology,Electronic Components,yfinance,2025-12-06 00:00:00
DSX,Industrials,Marine Shipping,yfinance,2025-12-06 00:00:00
DSY,Consumer Defensive,Household & Personal Products,yfinance,2025-12-06 00:00:00
DSYWW,Consumer Defensive,Household & Personal Products,yfinance,2025-12-06 00:00:00
DT,Technology,Software - Application,yfinance,2025-12-06 00:00:00
DTB,Unknown,Unknown,yfinance,2025-12-06 00:00:00
DTCK,Consumer Defensive,Farm Products,yfinance,2025-12-06 00:00:00
DTE,Utilities,Utilities - Regulated Electric,yfinance,2025-12-06 00:00:00
DTF,Financial Services,Asset Management,yfinance,2025-12-06 00:00:00
DTG,Unknown,Unknown,yfinance,2025-12-06 00:00:00
DTI,Energy,Oil & Gas Equipment & Services,yfinance,2025-12-06 00:00:00
DTIL,Healthcare,Biotechnology,yfinance,2025-12-06 00:00:00
DTK,Unknown,Unknown,yfinance,2025-12-06 00:00:00
DTM,Energy,Oil & Gas Midstream,yfinance,2025-12-06 00:00:00
DTSQ,Financial Services,Shell Companies,yfinance,2025-12-06 00:00:00
DTSQR,Unknown,Unknown,yfinance,2025-12-06 00:00:00
DTSQU,Financial Services,Shell Companies,yfinance,2025-12-06 00:00:00
DTSS,Technology,Software - Infrastructure,yfinance,2025-12-06 00:00:00
DTST,Technology,Information Technology Services,yfinance,2025-12-06 00:00:00
DTSTW,Technology,Information Technology Services,yfinance,2025-12-06 00:00:00
DTW,Unknown,Unknown,yfinance,2025-12-06 00:00:00
DUK,Utilities,Utilities - Regulated Electric,yfinance,2025-12-06 00:00:00
DUKB,Unknown,Unknown,yfinance,2025-12-06 00:00:00
DUO,Real Estate,Real Estate Services,yfinance,2025-12-06 00:00:00
DUOL,Technology,Software - Application,yfinance,2025-12-06 00:00:00
DUOT,Technology,Software - Application,yfinance,2025-12-06 00:00:00
DV,Communication Services,Advertising Agencies,yfinance,2025-12-06 00:00:00
DVA,Healthcare,Medical Care Facilities,yfinance,2025-12-06 00:00:00
DVAX,Healthcare,Drug Manufacturers - Specialty & Generic,yfinance,2025-12-06 00:00:00
DVLT,Technology,Software - Infrastructure,yfinance,2025-12-06 00:00:00
DVN,Energy,Oil & Gas E&P,yfinance,2025-12-06 00:00:00
DVS,Basic Materials,Silver,yfinance,2025-12-06 00:00:00
DWSN,Energy,Oil & Gas Equipment & Services,yfinance,2025-12-06 00:00:00
DWTX,Healthcare,Biotechnology,yfinance,2025-12-06 00:00:00
DX,Real Estate,REIT - Mortgage,yfinance,2025-12-06 00:00:00
DXC,Technology,Information Technology Services,yfinance,2025-12-06 00:00:00
DXCM,Healthcare,Medical Devices,yfinance,2025-12-06 00:00:00
DXF,Financial Services,Credit Services,yfinance,2025-12-06 00:00:00
DXLG,Consumer Cyclical,Apparel Retail,yfinance,2025-12-06 00:00:00
DXPE,Industrials,Industrial Distribution,yfinance,2025-12-06 00:00:00
DXR,Healthcare,Medical Instruments & Supplies,yfinance,2025-12-06 00:00:00
DXST,Industrials,Waste Management,yfinance,2025-12-06 00:00:00
DXYZ,Financial Services,Asset Management,yfinance,2025-12-06 00:00:00
DY,Industrials,Engineering & Construction,yfinance,2025-12-06 00:00:00
DYAI,Healthcare,Biotechnology,yfinance,2025-12-06 00:00:00
DYN,Healthcare,Biotechnology,yfinance,2025-12-06 00:00:00
DYOR,Financial Services,Shell Companies,yfinance,2025-12-06 00:00:00
DYORU,Financial Services,Shell Companies,yfinance,2025-12-06 00:00:00
DYORW,Financial Services,Shell Companies,yfinance,2025-12-06 00:00:00
DZZ,Unknown,Unknown,yfinance,2025-12-06 00:00:00
E,Energy,Oil & Gas Integrated,yfinance,2025-12-06 00:00:00
EA,Communication Services,Electronic Gaming & Multimedia,yfinance,2025-12-06 00:00:00
EAD,Financial Services,Asset Management,yfinance,2025-12-06 00:00:00
EAF,Industrials,Electrical Equipment & Parts,yfinance,2025-12-06 00:00:00
EAI,Unknown,Unknown,yfinance,2025-12-06 00:00:00
EARN,Financial Services,Asset Management,yfinance,2025-12-06 00:00:00
EAT,Consumer Cyclical,Restaurants,yfinance,2025-12-06 00:00:00
EB,Communication Services,Internet Content & Information,yfinance,2025-12-06 00:00:00
EBAY,Consumer Cyclical,Internet Retail,yfinance,2025-12-06 00:00:00
EBC,Financial Services,Banks - Regional,yfinance,2025-12-06 00:00:00
EBF,Industrials,Business Equipment & Supplies,yfinance,2025-12-06 00:00:00
EBMT,Financial Services,Banks - Regional,yfinance,2025-12-06 00:00:00
EBON,Technology,Computer Hardware,yfinance,2025-12-06 00:00:00
EBS,Healthcare,Drug Manufacturers - Specialty & Generic,yfinance,2025-12-06 00:00:00
EC,Energy,Oil & Gas Integrated,yfinance,2025-12-06 00:00:00
ECAT,Financial Services,Asset Management,yfinance,2025-12-06 00:00:00
ECBK,Financial Services,Banks - Regional,yfinance,2025-12-06 00:00:00
ECC,Financial Services,Asset Management,yfinance,2025-12-06 00:00:00
ECCC,Financial Services,Asset Management,yfinance,2025-12-06 00:00:00
ECCF,Financial Services,Asset Management,yfinance,2025-12-06 00:00:00
ECCU,Unknown,Unknown,yfinance,2025-12-06 00:00:00
ECCV,Unknown,Unknown,yfinance,2025-12-06 00:00:00
ECCW,Unknown,Unknown,yfinance,2025-12-06 00:00:00
ECCX,Unknown,Unknown,yfinance,2025-12-06 00:00:00
ECDA,Consumer Cyclical,Auto Manufacturers,yfinance,2025-12-06 00:00:00
ECDAW,Consumer Cyclical,Auto Manufacturers,yfinance,2025-12-06 00:00:00
ECF,Financial Services,Asset Management,yfinance,2025-12-06 00:00:00
ECG,Industrials,Engineering & Construction,yfinance,2025-12-06 00:00:00
ECL,Basic Materials,Specialty Chemicals,yfinance,2025-12-06 00:00:00
ECO,Industrials,Marine Shipping,yfinance,2025-12-06 00:00:00
ECOR,Healthcare,Medical Devices,yfinance,2025-12-06 00:00:00
ECPG,Financial Services,Credit Services,yfinance,2025-12-06 00:00:00
ECVT,Basic Materials,Specialty Chemicals,yfinance,2025-12-06 00:00:00
ECX,Consumer Cyclical,Auto Parts,yfinance,2025-12-06 00:00:00
ECXWW,Consumer Cyclical,Auto Parts,yfinance,2025-12-06 00:00:00
ED,Utilities,Utilities - Regulated Electric,yfinance,2025-12-06 00:00:00
EDAP,Healthcare,Medical Distribution,yfinance,2025-12-06 00:00:00
EDBL,Consumer Defensive,Farm Products,yfinance,2025-12-06 00:00:00
EDBLW,Consumer Defensive,Farm Products,yfinance,2025-12-06 00:00:00
EDD,Financial Services,Asset Management,yfinance,2025-12-06 00:00:00
EDF,Financial Services,Asset Management,yfinance,2025-12-06 00:00:00
EDHL,Communication Services,Advertising Agencies,yfinance,2025-12-06 00:00:00
EDIT,Healthcare,Biotechnology,yfinance,2025-12-06 00:00:00
EDN,Utilities,Utilities - Regulated Electric,yfinance,2025-12-06 00:00:00
EDRY,Industrials,Marine Shipping,yfinance,2025-12-06 00:00:00
EDSA,Healthcare,Biotechnology,yfinance,2025-12-06 00:00:00
EDTK,Consumer Defensive,Education & Training Services,yfinance,2025-12-06 00:00:00
EDU,Consumer Defensive,Education & Training Services,yfinance,2025-12-06 00:00:00
EDUC,Communication Services,Publishing,yfinance,2025-12-06 00:00:00
EE,Energy,Oil & Gas Midstream,yfinance,2025-12-06 00:00:00
EEA,Financial Services,Asset Management,yfinance,2025-12-06 00:00:00
EEFT,Technology,Software - Infrastructure,yfinance,2025-12-06 00:00:00
EEIQ,Consumer Defensive,Education & Training Services,yfinance,2025-12-06 00:00:00
EEX,Communication Services,Advertising Agencies,yfinance,2025-12-06 00:00:00
EFC,Real Estate,REIT - Mortgage,yfinance,2025-12-06 00:00:00
EFOI,Consumer Cyclical,"Furnishings, Fixtures & Appliances",yfinance,2025-12-06 00:00:00
EFR,Financial Services,Asset Management,yfinance,2025-12-06 00:00:00
EFSC,Financial Services,Banks - Regional,yfinance,2025-12-06 00:00:00
EFSCP,Financial Services,Banks - Regional,yfinance,2025-12-06 00:00:00
EFSI,Financial Services,Banks - Regional,yfinance,2025-12-06 00:00:00
EFT,Financial Services,Asset Management,yfinance,2025-12-06 00:00:00
EFTY,Unknown,Unknown,yfinance,2025-12-06 00:00:00
EFX,Industrials,Consulting Services,yfinance,2025-12-06 00:00:00
EFXT,Energy,Oil & Gas Equipment & Services,yfinance,2025-12-06 00:00:00
EG,Financial Services,Insurance - Reinsurance,yfinance,2025-12-06 00:00:00
EGAN,Technology,Software - Application,yfinance,2025-12-06 00:00:00
EGBN,Financial Services,Banks - Regional,yfinance,2025-12-06 00:00:00
EGG,Industrials,Consulting Services,yfinance,2025-12-06 00:00:00
EGHA,Financial Services,Shell Companies,yfinance,2025-12-06 00:00:00
EGHAR,Unknown,Unknown,yfinance,2025-12-06 00:00:00
EGHAU,Financial Services,Shell Companies,yfinance,2025-12-06 00:00:00
EGHT,Technology,Software - Application,yfinance,2025-12-06 00:00:00
EGO,Basic Materials,Gold,yfinance,2025-12-06 00:00:00
EGP,Real Estate,REIT - Industrial,yfinance,2025-12-06 00:00:00
EGY,Energy,Oil & Gas E&P,yfinance,2025-12-06 00:00:00
EH,Industrials,Aerospace & Defense,yfinance,2025-12-06 00:00:00
EHAB,Healthcare,Medical Care Facilities,yfinance,2025-12-06 00:00:00
EHC,Healthcare,Medical Care Facilities,yfinance,2025-12-06 00:00:00
EHGO,Industrials,Business Equipment & Supplies,yfinance,2025-12-06 00:00:00
EHI,Financial Services,Asset Management,yfinance,2025-12-06 00:00:00
EHLD,Industrials,Marine Shipping,yfinance,2025-12-06 00:00:00
EHTH,Financial Services,Insurance Brokers,yfinance,2025-12-06 00:00:00
EIC,Financial Services,Asset Management,yfinance,2025-12-06 00:00:00
EICA,Financial Services,Asset Management,yfinance,2025-12-06 00:00:00
EICB,Financial Services,Asset Management,yfinance,2025-12-06 00:00:00
EICC,Financial Services,Asset Management,yfinance,2025-12-06 00:00:00
EIG,Financial Services,Insurance - Specialty,yfinance,2025-12-06 00:00:00
EIIA,Financial Services,Asset Management,yfinance,2025-12-06 00:00:00
EIM,Financial Services,Asset Management,yfinance,2025-12-06 00:00:00
EIX,Utilities,Utilities - Regulated Electric,yfinance,2025-12-06 00:00:00
EJH,Consumer Cyclical,Personal Services,yfinance,2025-12-06 00:00:00
EKSO,Healthcare,Medical Instruments & Supplies,yfinance,2025-12-06 00:00:00
EL,Consumer Defensive,Household & Personal Products,yfinance,2025-12-06 00:00:00
ELA,Consumer Cyclical,Luxury Goods,yfinance,2025-12-06 00:00:00
ELAB,Healthcare,Biotechnology,yfinance,2025-12-06 00:00:00
ELAN,Healthcare,Drug Manufacturers - Specialty & Generic,yfinance,2025-12-06 00:00:00
ELBM,Basic Materials,Other Industrial Metals & Mining,yfinance,2025-12-06 00:00:00
ELC,Unknown,Unknown,yfinance,2025-12-06 00:00:00
ELDN,Healthcare,Biotechnology,yfinance,2025-12-06 00:00:00
ELE,Basic Materials,Other Precious Metals & Mining,yfinance,2025-12-06 00:00:00
ELF,Consumer Defensive,Household & Personal Products,yfinance,2025-12-06 00:00:00
ELLO,Utilities,Utilities - Renewable,yfinance,2025-12-06 00:00:00
ELMD,Healthcare,Medical Devices,yfinance,2025-12-06 00:00:00
ELME,Real Estate,REIT - Residential,yfinance,2025-12-06 00:00:00
ELOG,Industrials,Integrated Freight & Logistics,yfinance,2025-12-06 00:00:00
ELP,Utilities,Utilities - Regulated Electric,yfinance,2025-12-06 00:00:00
ELPC,Utilities,Utilities - Regulated Electric,yfinance,2025-12-06 00:00:00
ELPW,Industrials,Electrical Equipment & Parts,yfinance,2025-12-06 00:00:00
ELS,Real Estate,REIT - Residential,yfinance,2025-12-06 00:00:00
ELSE,Technology,Scientific & Technical Instruments,yfinance,2025-12-06 00:00:00
ELTK,Technology,Electronic Components,yfinance,2025-12-06 00:00:00
ELTX,Healthcare,Biotechnology,yfinance,2025-12-06 00:00:00
ELUT,Healthcare,Medical Devices,yfinance,2025-12-06 00:00:00
ELV,Healthcare,Healthcare Plans,yfinance,2025-12-06 00:00:00
ELVA,Industrials,Electrical Equipment & Parts,yfinance,2025-12-06 00:00:00
ELVN,Healthcare,Biotechnology,yfinance,2025-12-06 00:00:00
ELVR,Basic Materials,Other Industrial Metals & Mining,yfinance,2025-12-06 00:00:00
ELWS,Technology,Software - Application,yfinance,2025-12-06 00:00:00
ELWT,Communication Services,Telecom Services,yfinance,2025-12-06 00:00:00
EM,Consumer Cyclical,Personal Services,yfinance,2025-12-06 00:00:00
EMA,Utilities,Utilities - Regulated Electric,yfinance,2025-12-06 00:00:00
EMBC,Healthcare,Medical Instruments & Supplies,yfinance,2025-12-06 00:00:00
EMBJ,Industrials,Aerospace & Defense,yfinance,2025-12-06 00:00:00
EMD,Financial Services,Asset Management,yfinance,2025-12-06 00:00:00
EME,Industrials,Engineering & Construction,yfinance,2025-12-06 00:00:00
EMF,Financial Services,Asset Management,yfinance,2025-12-06 00:00:00
EMIS,Unknown,Unknown,yfinance,2025-12-06 00:00:00
EMISR,Unknown,Unknown,yfinance,2025-12-06 00:00:00
EML,Industrials,Tools & Accessories,yfinance,2025-12-06 00:00:00
EMN,Basic Materials,Specialty Chemicals,yfinance,2025-12-06 00:00:00
EMO,Financial Services,Asset Management,yfinance,2025-12-06 00:00:00
EMP,Unknown,Unknown,yfinance,2025-12-06 00:00:00
EMPD,Consumer Cyclical,Auto Manufacturers,yfinance,2025-12-06 00:00:00
EMPG,Healthcare,Medical Distribution,yfinance,2025-12-06 00:00:00
EMR,Industrials,Specialty Industrial Machinery,yfinance,2025-12-06 00:00:00
ENB,Energy,Oil & Gas Midstream,yfinance,2025-12-06 00:00:00
ENGN,Healthcare,Biotechnology,yfinance,2025-12-06 00:00:00
ENGNW,Healthcare,Biotechnology,yfinance,2025-12-06 00:00:00
ENGS,Industrials,Waste Management,yfinance,2025-12-06 00:00:00
ENIC,Utilities,Utilities - Regulated Electric,yfinance,2025-12-06 00:00:00
ENJ,Unknown,Unknown,yfinance,2025-12-06 00:00:00
ENLT,Utilities,Utilities - Renewable,yfinance,2025-12-06 00:00:00
ENLV,Healthcare,Biotechnology,yfinance,2025-12-06 00:00:00
ENO,Unknown,Unknown,yfinance,2025-12-06 00:00:00
ENOV,Healthcare,Medical Devices,yfinance,2025-12-06 00:00:00
ENPH,Technology,Solar,yfinance,2025-12-06 00:00:00
ENR,Industrials,Electrical Equipment & Parts,yfinance,2025-12-06 00:00:00
ENS,Industrials,Electrical Equipment & Parts,yfinance,2025-12-06 00:00:00
ENSC,Healthcare,Biotechnology,yfinance,2025-12-06 00:00:00
ENSG,Healthcare,Medical Care Facilities,yfinance,2025-12-06 00:00:00
ENTA,Healthcare,Biotechnology,yfinance,2025-12-06 00:00:00
ENTG,Technology,Semiconductor Equipment & Materials,yfinance,2025-12-06 00:00:00
ENTX,Healthcare,Biotechnology,yfinance,2025-12-06 00:00:00
ENVA,Financial Services,Credit Services,yfinance,2025-12-06 00:00:00
ENVB,Healthcare,Biotechnology,yfinance,2025-12-06 00:00:00
ENVX,Industrials,Electrical Equipment & Parts,yfinance,2025-12-06 00:00:00
EOD,Financial Services,Asset Management,yfinance,2025-12-06 00:00:00
EOG,Energy,Oil & Gas E&P,yfinance,2025-12-06 00:00:00
EOI,Financial Services,Asset Management,yfinance,2025-12-06 00:00:00
EOLS,Healthcare,Drug Manufacturers - Specialty & Generic,yfinance,2025-12-06 00:00:00
EONR,Energy,Oil & Gas E&P,yfinance,2025-12-06 00:00:00
EOS,Financial Services,Asset Management,yfinance,2025-12-06 00:00:00
EOSE,Industrials,Electrical Equipment & Parts,yfinance,2025-12-06 00:00:00
EOT,Financial Services,Asset Management,yfinance,2025-12-06 00:00:00
EP,Energy,Oil & Gas E&P,yfinance,2025-12-06 00:00:00
EPAC,Industrials,Specialty Industrial Machinery,yfinance,2025-12-06 00:00:00
EPAM,Technology,Information Technology Services,yfinance,2025-12-06 00:00:00
EPC,Consumer Defensive,Household & Personal Products,yfinance,2025-12-06 00:00:00
EPD,Energy,Oil & Gas Midstream,yfinance,2025-12-06 00:00:00
EPM,Energy,Oil & Gas E&P,yfinance,2025-12-06 00:00:00
EPOW,Industrials,Electrical Equipment & Parts,yfinance,2025-12-06 00:00:00
EPR,Real Estate,REIT - Specialty,yfinance,2025-12-06 00:00:00
EPRT,Real Estate,REIT - Retail,yfinance,2025-12-06 00:00:00
EPRX,Healthcare,Biotechnology,yfinance,2025-12-06 00:00:00
EPSM,Consumer Defensive,Beverages - Wineries & Distilleries,yfinance,2025-12-06 00:00:00
EPSN,Energy,Oil & Gas E&P,yfinance,2025-12-06 00:00:00
EPWK,Technology,Software - Application,yfinance,2025-12-06 00:00:00
EQ,Healthcare,Biotechnology,yfinance,2025-12-06 00:00:00
EQBK,Financial Services,Banks - Regional,yfinance,2025-12-06 00:00:00
EQH,Financial Services,Asset Management,yfinance,2025-12-06 00:00:00
EQIX,Real Estate,REIT - Specialty,yfinance,2025-12-06 00:00:00
EQNR,Energy,Oil & Gas Integrated,yfinance,2025-12-06 00:00:00
EQR,Real Estate,REIT - Residential,yfinance,2025-12-06 00:00:00
EQS,Financial Services,Asset Management,yfinance,2025-12-06 00:00:00
EQT,Energy,Oil & Gas E&P,yfinance,2025-12-06 00:00:00
EQX,Basic Materials,Gold,yfinance,2025-12-06 00:00:00
ERAS,Healthcare,Biotechnology,yfinance,2025-12-06 00:00:00
ERC,Financial Services,Asset Management,yfinance,2025-12-06 00:00:00
ERH,Financial Services,Asset Management,yfinance,2025-12-06 00:00:00
ERIC,Technology,Communication Equipment,yfinance,2025-12-06 00:00:00
ERIE,Financial Services,Insurance Brokers,yfinance,2025-12-06 00:00:00
ERII,Industrials,Pollution & Treatment Controls,yfinance,2025-12-06 00:00:00
ERNA,Healthcare,Biotechnology,yfinance,2025-12-06 00:00:00
ERO,Basic Materials,Copper,yfinance,2025-12-06 00:00:00
ES,Utilities,Utilities - Regulated Electric,yfinance,2025-12-06 00:00:00
ESAB,Industrials,Metal Fabrication,yfinance,2025-12-06 00:00:00
ESBA,Real Estate,REIT - Office,yfinance,2025-12-06 00:00:00
ESCA,Consumer Cyclical,Leisure,yfinance,2025-12-06 00:00:00
ESE,Technology,Scientific & Technical Instruments,yfinance,2025-12-06 00:00:00
ESEA,Industrials,Marine Shipping,yfinance,2025-12-06 00:00:00
ESGL,Industrials,Waste Management,yfinance,2025-12-06 00:00:00
ESGLW,Industrials,Waste Management,yfinance,2025-12-06 00:00:00
ESHA,Financial Services,Shell Companies,yfinance,2025-12-06 00:00:00
ESHAR,Unknown,Unknown,yfinance,2025-12-06 00:00:00
ESI,Basic Materials,Specialty Chemicals,yfinance,2025-12-06 00:00:00
ESLA,Healthcare,Biotechnology,yfinance,2025-12-06 00:00:00
ESLAW,Healthcare,Biotechnology,yfinance,2025-12-06 00:00:00
ESLT,Industrials,Aerospace & Defense,yfinance,2025-12-06 00:00:00
ESNT,Financial Services,Insurance - Specialty,yfinance,2025-12-06 00:00:00
ESOA,Industrials,Engineering & Construction,yfinance,2025-12-06 00:00:00
ESP,Industrials,Electrical Equipment & Parts,yfinance,2025-12-06 00:00:00
ESPR,Healthcare,Drug Manufacturers - Specialty & Generic,yfinance,2025-12-06 00:00:00
ESQ,Financial Services,Banks - Regional,yfinance,2025-12-06 00:00:00
ESRT,Real Estate,REIT - Diversified,yfinance,2025-12-06 00:00:00
ESS,Real Estate,REIT - Residential,yfinance,2025-12-06 00:00:00
ESTA,Healthcare,Medical Devices,yfinance,2025-12-06 00:00:00
ESTC,Technology,Software - Application,yfinance,2025-12-06 00:00:00
ET,Energy,Oil & Gas Midstream,yfinance,2025-12-06 00:00:00
ETB,Financial Services,Asset Management,yfinance,2025-12-06 00:00:00
ETD,Consumer Cyclical,"Furnishings, Fixtures & Appliances",yfinance,2025-12-06 00:00:00
ETG,Financial Services,Asset Management,yfinance,2025-12-06 00:00:00
ETHM,Financial Services,Shell Companies,yfinance,2025-12-06 00:00:00
ETHMU,Financial Services,Shell Companies,yfinance,2025-12-06 00:00:00
ETHMW,Financial Services,Shell Companies,yfinance,2025-12-06 00:00:00
ETHZ,Healthcare,Biotechnology,yfinance,2025-12-06 00:00:00
ETJ,Financial Services,Asset Management,yfinance,2025-12-06 00:00:00
ETN,Industrials,Specialty Industrial Machinery,yfinance,2025-12-06 00:00:00
ETO,Financial Services,Asset Management,yfinance,2025-12-06 00:00:00
ETON,Healthcare,Drug Manufacturers - Specialty & Generic,yfinance,2025-12-06 00:00:00
ETOR,Financial Services,Capital Markets,yfinance,2025-12-06 00:00:00
ETR,Utilities,Utilities - Regulated Electric,yfinance,2025-12-06 00:00:00
ETS,Industrials,Trucking,yfinance,2025-12-06 00:00:00
ETSY,Consumer Cyclical,Internet Retail,yfinance,2025-12-06 00:00:00
ETV,Financial Services,Asset Management,yfinance,2025-12-06 00:00:00
ETW,Financial Services,Asset Management,yfinance,2025-12-06 00:00:00
ETX,Financial Services,Asset Management,yfinance,2025-12-06 00:00:00
ETY,Financial Services,Asset Management,yfinance,2025-12-06 00:00:00
EU,Energy,Uranium,yfinance,2025-12-06 00:00:00
EUDA,Real Estate,Real Estate Services,yfinance,2025-12-06 00:00:00
EUDAW,Real Estate,Real Estate Services,yfinance,2025-12-06 00:00:00
EURK,Financial Services,Shell Companies,yfinance,2025-12-06 00:00:00
EURKR,Unknown,Unknown,yfinance,2025-12-06 00:00:00
EURKU,Financial Services,Shell Companies,yfinance,2025-12-06 00:00:00
EVAC,Financial Services,Shell Companies,yfinance,2025-12-06 00:00:00
EVAX,Healthcare,Biotechnology,yfinance,2025-12-06 00:00:00
EVC,Communication Services,Advertising Agencies,yfinance,2025-12-06 00:00:00
EVCM,Technology,Software - Infrastructure,yfinance,2025-12-06 00:00:00
EVER,Communication Services,Internet Content & Information,yfinance,2025-12-06 00:00:00
EVEX,Industrials,Aerospace & Defense,yfinance,2025-12-06 00:00:00
EVF,Financial Services,Asset Management,yfinance,2025-12-06 00:00:00
EVG,Financial Services,Asset Management,yfinance,2025-12-06 00:00:00
EVGN,Healthcare,Biotechnology,yfinance,2025-12-06 00:00:00
EVGO,Consumer Cyclical,Specialty Retail,yfinance,2025-12-06 00:00:00
EVGOW,Consumer Cyclical,Specialty Retail,yfinance,2025-12-06 00:00:00
EVH,Healthcare,Health Information Services,yfinance,2025-12-06 00:00:00
EVI,Industrials,Industrial Distribution,yfinance,2025-12-06 00:00:00
EVLV,Industrials,Security & Protection Services,yfinance,2025-12-06 00:00:00
EVLVW,Industrials,Security & Protection Services,yfinance,2025-12-06 00:00:00
EVMN,Healthcare,Biotechnology,yfinance,2025-12-06 00:00:00
EVN,Financial Services,Asset Management,yfinance,2025-12-06 00:00:00
EVO,Healthcare,Drug Manufacturers - Specialty & Generic,yfinance,2025-12-06 00:00:00
EVOK,Healthcare,Drug Manufacturers - Specialty & Generic,yfinance,2025-12-06 00:00:00
EVOX,Financial Services,Shell Companies,yfinance,2025-12-06 00:00:00
EVOXU,Financial Services,Shell Companies,yfinance,2025-12-06 00:00:00
EVOXW,Financial Services,Shell Companies,yfinance,2025-12-06 00:00:00
EVR,Financial Services,Capital Markets,yfinance,2025-12-06 00:00:00
EVRG,Utilities,Utilities - Regulated Electric,yfinance,2025-12-06 00:00:00
EVT,Financial Services,Asset Management,yfinance,2025-12-06 00:00:00
EVTC,Technology,Software - Infrastructure,yfinance,2025-12-06 00:00:00
EVTL,Industrials,Aerospace & Defense,yfinance,2025-12-06 00:00:00
EVTV,Consumer Cyclical,Auto Manufacturers,yfinance,2025-12-06 00:00:00
EVV,Financial Services,Asset Management,yfinance,2025-12-06 00:00:00
EW,Healthcare,Medical Devices,yfinance,2025-12-06 00:00:00
EWBC,Financial Services,Banks - Regional,yfinance,2025-12-06 00:00:00
EWCZ,Consumer Defensive,Household & Personal Products,yfinance,2025-12-06 00:00:00
EWTX,Healthcare,Biotechnology,yfinance,2025-12-06 00:00:00
EXAS,Healthcare,Diagnostics & Research,yfinance,2025-12-06 00:00:00
EXC,Utilities,Utilities - Regulated Electric,yfinance,2025-12-06 00:00:00
EXE,Energy,Oil & Gas E&P,yfinance,2025-12-06 00:00:00
EXEEL,Energy,Oil & Gas E&P,yfinance,2025-12-06 00:00:00
EXEEW,Energy,Oil & Gas E&P,yfinance,2025-12-06 00:00:00
EXEEZ,Energy,Oil & Gas E&P,yfinance,2025-12-06 00:00:00
EXEL,Healthcare,Biotechnology,yfinance,2025-12-06 00:00:00
EXFY,Technology,Software - Application,yfinance,2025-12-06 00:00:00
EXG,Financial Services,Asset Management,yfinance,2025-12-06 00:00:00
EXK,Basic Materials,Silver,yfinance,2025-12-06 00:00:00
EXLS,Technology,Information Technology Services,yfinance,2025-12-06 00:00:00
EXOD,Technology,Software - Infrastructure,yfinance,2025-12-06 00:00:00
EXOZ,Healthcare,Biotechnology,yfinance,2025-12-06 00:00:00
EXP,Basic Materials,Building Materials,yfinance,2025-12-06 00:00:00
EXPD,Industrials,Integrated Freight & Logistics,yfinance,2025-12-06 00:00:00
EXPE,Consumer Cyclical,Travel Services,yfinance,2025-12-06 00:00:00
EXPI,Real Estate,Real Estate Services,yfinance,2025-12-06 00:00:00
EXPO,Industrials,Engineering & Construction,yfinance,2025-12-06 00:00:00
EXR,Real Estate,REIT - Industrial,yfinance,2025-12-06 00:00:00
EXTR,Technology,Communication Equipment,yfinance,2025-12-06 00:00:00
EYE,Consumer Cyclical,Specialty Retail,yfinance,2025-12-06 00:00:00
EYPT,Healthcare,Biotechnology,yfinance,2025-12-06 00:00:00
EZGO,Consumer Cyclical,Recreational Vehicles,yfinance,2025-12-06 00:00:00
EZPW,Financial Services,Credit Services,yfinance,2025-12-06 00:00:00
F,Consumer Cyclical,Auto Manufacturers,yfinance,2025-12-06 00:00:00
FA,Industrials,Specialty Business Services,yfinance,2025-12-06 00:00:00
FACT,Unknown,Unknown,yfinance,2025-12-06 00:00:00
FACTU,Financial Services,Shell Companies,yfinance,2025-12-06 00:00:00
FACTW,Financial Services,Shell Companies,yfinance,2025-12-06 00:00:00
FAF,Financial Services,Insurance - Specialty,yfinance,2025-12-06 00:00:00
FAMI,Consumer Defensive,Packaged Foods,yfinance,2025-12-06 00:00:00
FANG,Energy,Oil & Gas E&P,yfinance,2025-12-06 00:00:00
FARM,Consumer Defensive,Packaged Foods,yfinance,2025-12-06 00:00:00
FAST,Industrials,Industrial Distribution,yfinance,2025-12-06 00:00:00
FAT,Consumer Cyclical,Restaurants,yfinance,2025-12-06 00:00:00
FATBB,Consumer Cyclical,Restaurants,yfinance,2025-12-06 00:00:00
FATBP,Consumer Cyclical,Restaurants,yfinance,2025-12-06 00:00:00
FATE,Healthcare,Biotechnology,yfinance,2025-12-06 00:00:00
FATN,Technology,Software - Infrastructure,yfinance,2025-12-06 00:00:00
FAX,Financial Services,Asset Management,yfinance,2025-12-06 00:00:00
FBGL,Industrials,Engineering & Construction,yfinance,2025-12-06 00:00:00
FBIN,Industrials,Building Products & Equipment,yfinance,2025-12-06 00:00:00
FBIO,Healthcare,Biotechnology,yfinance,2025-12-06 00:00:00
FBIOP,Healthcare,Biotechnology,yfinance,2025-12-06 00:00:00
FBIZ,Financial Services,Banks - Regional,yfinance,2025-12-06 00:00:00
FBK,Financial Services,Banks - Regional,yfinance,2025-12-06 00:00:00
FBLA,Financial Services,Banks - Regional,yfinance,2025-12-06 00:00:00
FBLG,Healthcare,Biotechnology,yfinance,2025-12-06 00:00:00
FBNC,Financial Services,Banks - Regional,yfinance,2025-12-06 00:00:00
FBP,Financial Services,Banks - Regional,yfinance,2025-12-06 00:00:00
FBRT,Real Estate,REIT - Mortgage,yfinance,2025-12-06 00:00:00
FBRX,Healthcare,Biotechnology,yfinance,2025-12-06 00:00:00
FBYD,Industrials,Conglomerates,yfinance,2025-12-06 00:00:00
FBYDW,Industrials,Conglomerates,yfinance,2025-12-06 00:00:00
FC,Consumer Defensive,Education & Training Services,yfinance,2025-12-06 00:00:00
FCAP,Financial Services,Banks - Regional,yfinance,2025-12-06 00:00:00
FCBC,Financial Services,Banks - Regional,yfinance,2025-12-06 00:00:00
FCCO,Financial Services,Banks - Regional,yfinance,2025-12-06 00:00:00
FCEL,Industrials,Electrical Equipment & Parts,yfinance,2025-12-06 00:00:00
FCF,Financial Services,Banks - Regional,yfinance,2025-12-06 00:00:00
FCFS,Financial Services,Credit Services,yfinance,2025-12-06 00:00:00
FCHL,Consumer Defensive,Education & Training Services,yfinance,2025-12-06 00:00:00
FCN,Industrials,Consulting Services,yfinance,2025-12-06 00:00:00
FCNCA,Financial Services,Banks - Regional,yfinance,2025-12-06 00:00:00
FCNCO,Financial Services,Banks - Regional,yfinance,2025-12-06 00:00:00
FCNCP,Financial Services,Banks - Regional,yfinance,2025-12-06 00:00:00
FCO,Financial Services,Asset Management,yfinance,2025-12-06 00:00:00
FCPT,Real Estate,REIT - Retail,yfinance,2025-12-06 00:00:00
FCRS,Unknown,Unknown,yfinance,2025-12-06 00:00:00
FCRX,Unknown,Unknown,yfinance,2025-12-06 00:00:00
FCT,Financial Services,Asset Management,yfinance,2025-12-06 00:00:00
FCUV,Technology,Scientific & Technical Instruments,yfinance,2025-12-06 00:00:00
FCX,Basic Materials,Copper,yfinance,2025-12-06 00:00:00
FDBC,Financial Services,Banks - Regional,yfinance,2025-12-06 00:00:00
FDMT,Healthcare,Biotechnology,yfinance,2025-12-06 00:00:00
FDP,Consumer Defensive,Farm Products,yfinance,2025-12-06 00:00:00
FDS,Financial Services,Financial Data & Stock Exchanges,yfinance,2025-12-06 00:00:00
FDSB,Financial Services,Banks - Regional,yfinance,2025-12-06 00:00:00
FDUS,Financial Services,Asset Management,yfinance,2025-12-06 00:00:00
FDX,Industrials,Integrated Freight & Logistics,yfinance,2025-12-06 00:00:00
FE,Utilities,Utilities - Regulated Electric,yfinance,2025-12-06 00:00:00
FEAM,Basic Materials,Specialty Chemicals,yfinance,2025-12-06 00:00:00
FEBO,Technology,Consumer Electronics,yfinance,2025-12-06 00:00:00
FEDU,Consumer Defensive,Education & Training Services,yfinance,2025-12-06 00:00:00
FEIM,Technology,Communication Equipment,yfinance,2025-12-06 00:00:00
FELE,Industrials,Specialty Industrial Machinery,yfinance,2025-12-06 00:00:00
FEMY,Healthcare,Medical Instruments & Supplies,yfinance,2025-12-06 00:00:00
FENC,Healthcare,Biotechnology,yfinance,2025-12-06 00:00:00
FENG,Communication Services,Internet Content & Information,yfinance,2025-12-06 00:00:00
FER,Industrials,Engineering & Construction,yfinance,2025-12-06 00:00:00
FERA,Financial Services,Shell Companies,yfinance,2025-12-06 00:00:00
FERAR,Unknown,Unknown,yfinance,2025-12-06 00:00:00
FERAU,Financial Services,Shell Companies,yfinance,2025-12-06 00:00:00
FERG,Industrials,Industrial Distribution,yfinance,2025-12-06 00:00:00
FET,Energy,Oil & Gas Equipment & Services,yfinance,2025-12-06 00:00:00
FF,Basic Materials,Specialty Chemicals,yfinance,2025-12-06 00:00:00
FFA,Financial Services,Asset Management,yfinance,2025-12-06 00:00:00
FFAI,Consumer Cyclical,Auto Manufacturers,yfinance,2025-12-06 00:00:00
FFAIW,Consumer Cyclical,Auto Manufacturers,yfinance,2025-12-06 00:00:00
FFBC,Financial Services,Banks - Regional,yfinance,2025-12-06 00:00:00
FFC,Financial Services,Asset Management,yfinance,2025-12-06 00:00:00
FFIC,Financial Services,Banks - Regional,yfinance,2025-12-06 00:00:00
FFIN,Financial Services,Banks - Regional,yfinance,2025-12-06 00:00:00
FFIV,Technology,Software - Infrastructure,yfinance,2025-12-06 00:00:00
FFWM,Financial Services,Banks - Regional,yfinance,2025-12-06 00:00:00
FG,Financial Services,Insurance - Life,yfinance,2025-12-06 00:00:00
FGBI,Financial Services,Banks - Regional,yfinance,2025-12-06 00:00:00
FGBIP,Financial Services,Banks - Regional,yfinance,2025-12-06 00:00:00
FGEN,Healthcare,Biotechnology,yfinance,2025-12-06 00:00:00
FGI,Consumer Cyclical,"Furnishings, Fixtures & Appliances",yfinance,2025-12-06 00:00:00
FGIWW,Consumer Cyclical,"Furnishings, Fixtures & Appliances",yfinance,2025-12-06 00:00:00
FGL,Industrials,Engineering & Construction,yfinance,2025-12-06 00:00:00
FGMC,Financial Services,Shell Companies,yfinance,2025-12-06 00:00:00
FGMCR,Unknown,Unknown,yfinance,2025-12-06 00:00:00
FGMCU,Financial Services,Shell Companies,yfinance,2025-12-06 00:00:00
FGN,Unknown,Unknown,yfinance,2025-12-06 00:00:00
FGNX,Financial Services,Asset Management,yfinance,2025-12-06 00:00:00
FGNXP,Financial Services,Asset Management,yfinance,2025-12-06 00:00:00
FGSN,Unknown,Unknown,yfinance,2025-12-06 00:00:00
FHB,Financial Services,Banks - Regional,yfinance,2025-12-06 00:00:00
FHI,Financial Services,Asset Management,yfinance,2025-12-06 00:00:00
FHN,Financial Services,Banks - Regional,yfinance,2025-12-06 00:00:00
FHTX,Healthcare,Biotechnology,yfinance,2025-12-06 00:00:00
FIBK,Financial Services,Banks - Regional,yfinance,2025-12-06 00:00:00
FICO,Technology,Software - Application,yfinance,2025-12-06 00:00:00
FIEE,Technology,Communication Equipment,yfinance,2025-12-06 00:00:00
FIG,Technology,Software - Application,yfinance,2025-12-06 00:00:00
FIGR,Financial Services,Capital Markets,yfinance,2025-12-06 00:00:00
FIGS,Consumer Cyclical,Apparel Manufacturing,yfinance,2025-12-06 00:00:00
FIGX,Unknown,Unknown,yfinance,2025-12-06 00:00:00
FIGXU,Financial Services,Shell Companies,yfinance,2025-12-06 00:00:00
FIGXW,Unknown,Unknown,yfinance,2025-12-06 00:00:00
FIHL,Financial Services,Insurance - Diversified,yfinance,2025-12-06 00:00:00
FINS,Financial Services,Asset Management,yfinance,2025-12-06 00:00:00
FINV,Financial Services,Credit Services,yfinance,2025-12-06 00:00:00
FINW,Financial Services,Banks - Regional,yfinance,2025-12-06 00:00:00
FIP,Industrials,Conglomerates,yfinance,2025-12-06 00:00:00
FIS,Technology,Information Technology Services,yfinance,2025-12-06 00:00:00
FISI,Financial Services,Banks - Regional,yfinance,2025-12-06 00:00:00
FISK,Real Estate,REIT - Office,yfinance,2025-12-06 00:00:00
FISV,Unknown,Unknown,yfinance,2025-12-06 00:00:00
FITB,Financial Services,Banks - Regional,yfinance,2025-12-06 00:00:00
FITBI,Financial Services,Banks - Regional,yfinance,2025-12-06 00:00:00
FITBO,Financial Services,Banks - Regional,yfinance,2025-12-06 00:00:00
FITBP,Financial Services,Banks - Regional,yfinance,2025-12-06 00:00:00
FIVE,Consumer Cyclical,Specialty Retail,yfinance,2025-12-06 00:00:00
FIVN,Technology,Software - Infrastructure,yfinance,2025-12-06 00:00:00
FIX,Industrials,Engineering & Construction,yfinance,2025-12-06 00:00:00
FIZZ,Consumer Defensive,Beverages - Non-Alcoholic,yfinance,2025-12-06 00:00:00
FKWL,Technology,Communication Equipment,yfinance,2025-12-06 00:00:00
FLC,Financial Services,Asset Management,yfinance,2025-12-06 00:00:00
FLD,Financial Services,Capital Markets,yfinance,2025-12-06 00:00:00
FLDDW,Financial Services,Capital Markets,yfinance,2025-12-06 00:00:00
FLEX,Technology,Electronic Components,yfinance,2025-12-06 00:00:00
FLG,Financial Services,Banks - Regional,yfinance,2025-12-06 00:00:00
FLGC,Healthcare,Drug Manufacturers - Specialty & Generic,yfinance,2025-12-06 00:00:00
FLGT,Healthcare,Diagnostics & Research,yfinance,2025-12-06 00:00:00
FLL,Consumer Cyclical,Resorts & Casinos,yfinance,2025-12-06 00:00:00
FLNC,Utilities,Utilities - Renewable,yfinance,2025-12-06 00:00:00
FLNG,Energy,Oil & Gas Midstream,yfinance,2025-12-06 00:00:00
FLNT,Communication Services,Advertising Agencies,yfinance,2025-12-06 00:00:00
FLO,Consumer Defensive,Packaged Foods,yfinance,2025-12-06 00:00:00
FLOC,Energy,Oil & Gas Equipment & Services,yfinance,2025-12-06 00:00:00
FLR,Industrials,Engineering & Construction,yfinance,2025-12-06 00:00:00
FLS,Industrials,Specialty Industrial Machinery,yfinance,2025-12-06 00:00:00
FLUT,Consumer Cyclical,Gambling,yfinance,2025-12-06 00:00:00
FLUX,Industrials,Electrical Equipment & Parts,yfinance,2025-12-06 00:00:00
FLWS,Consumer Cyclical,Specialty Retail,yfinance,2025-12-06 00:00:00
FLX,Industrials,Integrated Freight & Logistics,yfinance,2025-12-06 00:00:00
FLXS,Consumer Cyclical,"Furnishings, Fixtures & Appliances",yfinance,2025-12-06 00:00:00
FLY,Industrials,Aerospace & Defense,yfinance,2025-12-06 00:00:00
FLYE,Consumer Cyclical,Auto Manufacturers,yfinance,2025-12-06 00:00:00
FLYW,Technology,Software - Infrastructure,yfinance,2025-12-06 00:00:00
FLYX,Industrials,Airlines,yfinance,2025-12-06 00:00:00
FMAO,Financial Services,Banks - Regional,yfinance,2025-12-06 00:00:00
FMBH,Financial Services,Banks - Regional,yfinance,2025-12-06 00:00:00
FMC,Basic Materials,Agricultural Inputs,yfinance,2025-12-06 00:00:00
FMFC,Consumer Cyclical,Footwear & Accessories,yfinance,2025-12-06 00:00:00
FMN,Financial Services,Asset Management,yfinance,2025-12-06 00:00:00
FMNB,Financial Services,Banks - Regional,yfinance,2025-12-06 00:00:00
FMS,Healthcare,Medical Care Facilities,yfinance,2025-12-06 00:00:00
FMST,Basic Materials,Other Industrial Metals & Mining,yfinance,2025-12-06 00:00:00
FMSTW,Basic Materials,Other Industrial Metals & Mining,yfinance,2025-12-06 00:00:00
FMX,Consumer Defensive,Beverages - Brewers,yfinance,2025-12-06 00:00:00
FMY,Financial Services,Asset Management,yfinance,2025-12-06 00:00:00
FN,Technology,Electronic Components,yfinance,2025-12-06 00:00:00
FNB,Financial Services,Banks - Regional,yfinance,2025-12-06 00:00:00
FND,Consumer Cyclical,Home Improvement Retail,yfinance,2025-12-06 00:00:00
FNF,Financial Services,Insurance - Specialty,yfinance,2025-12-06 00:00:00
FNGD,Unknown,Unknown,yfinance,2025-12-06 00:00:00
FNGO,Unknown,Unknown,yfinance,2025-12-06 00:00:00
FNGR,Communication Services,Telecom Services,yfinance,2025-12-06 00:00:00
FNKO,Consumer Cyclical,Leisure,yfinance,2025-12-06 00:00:00
FNLC,Financial Services,Banks - Regional,yfinance,2025-12-06 00:00:00
FNV,Basic Materials,Gold,yfinance,2025-12-06 00:00:00
FNWB,Financial Services,Banks - Regional,yfinance,2025-12-06 00:00:00
FNWD,Financial Services,Banks - Regional,yfinance,2025-12-06 00:00:00
FOA,Financial Services,Credit Services,yfinance,2025-12-06 00:00:00
FOF,Financial Services,Asset Management,yfinance,2025-12-06 00:00:00
FOFO,Industrials,Consulting Services,yfinance,2025-12-06 00:00:00
FOLD,Healthcare,Biotechnology,yfinance,2025-12-06 00:00:00
FONR,Healthcare,Diagnostics & Research,yfinance,2025-12-06 00:00:00
FOR,Real Estate,Real Estate - Development,yfinance,2025-12-06 00:00:00
FORA,Healthcare,Health Information Services,yfinance,2025-12-06 00:00:00
FORM,Technology,Semiconductor Equipment & Materials,yfinance,2025-12-06 00:00:00
FORR,Industrials,Consulting Services,yfinance,2025-12-06 00:00:00
FORTY,Technology,Information Technology Services,yfinance,2025-12-06 00:00:00
FOSL,Consumer Cyclical,Footwear & Accessories,yfinance,2025-12-06 00:00:00
FOUR,Technology,Software - Infrastructure,yfinance,2025-12-06 00:00:00
FOX,Communication Services,Entertainment,yfinance,2025-12-06 00:00:00
FOXA,Communication Services,Entertainment,yfinance,2025-12-06 00:00:00
FOXF,Consumer Cyclical,Auto Parts,yfinance,2025-12-06 00:00:00
FOXX,Technology,Consumer Electronics,yfinance,2025-12-06 00:00:00
FOXXW,Technology,Consumer Electronics,yfinance,2025-12-06 00:00:00
FPF,Financial Services,Asset Management,yfinance,2025-12-06 00:00:00
FPH,Real Estate,Real Estate - Development,yfinance,2025-12-06 00:00:00
FPI,Real Estate,REIT - Specialty,yfinance,2025-12-06 00:00:00
FR,Real Estate,REIT - Industrial,yfinance,2025-12-06 00:00:00
FRA,Financial Services,Asset Management,yfinance,2025-12-06 00:00:00
FRAF,Financial Services,Banks - Regional,yfinance,2025-12-06 00:00:00
FRBA,Financial Services,Banks - Regional,yfinance,2025-12-06 00:00:00
FRD,Basic Materials,Steel,yfinance,2025-12-06 00:00:00
FRGE,Financial Services,Capital Markets,yfinance,2025-12-06 00:00:00
FRGT,Technology,Software - Application,yfinance,2025-12-06 00:00:00
FRHC,Financial Services,Financial Conglomerates,yfinance,2025-12-06 00:00:00
FRME,Financial Services,Banks - Regional,yfinance,2025-12-06 00:00:00
FRMEP,Financial Services,Banks - Regional,yfinance,2025-12-06 00:00:00
FRMI,Unknown,Unknown,yfinance,2025-12-06 00:00:00
FRO,Energy,Oil & Gas Midstream,yfinance,2025-12-06 00:00:00
FROG,Technology,Software - Application,yfinance,2025-12-06 00:00:00
FRPH,Real Estate,Real Estate Services,yfinance,2025-12-06 00:00:00
FRPT,Consumer Defensive,Packaged Foods,yfinance,2025-12-06 00:00:00
FRSH,Technology,Software - Application,yfinance,2025-12-06 00:00:00
FRST,Financial Services,Banks - Regional,yfinance,2025-12-06 00:00:00
FRSX,Consumer Cyclical,Auto Parts,yfinance,2025-12-06 00:00:00
FRT,Real Estate,REIT - Retail,yfinance,2025-12-06 00:00:00
FSBC,Financial Services,Banks - Regional,yfinance,2025-12-06 00:00:00
FSBW,Financial Services,Banks - Regional,yfinance,2025-12-06 00:00:00
FSCO,Financial Services,Asset Management,yfinance,2025-12-06 00:00:00
FSEA,Financial Services,Banks - Regional,yfinance,2025-12-06 00:00:00
FSFG,Financial Services,Banks - Regional,yfinance,2025-12-06 00:00:00
FSHP,Financial Services,Shell Companies,yfinance,2025-12-06 00:00:00
FSHPR,Unknown,Unknown,yfinance,2025-12-06 00:00:00
FSHPU,Financial Services,Shell Companies,yfinance,2025-12-06 00:00:00
FSI,Basic Materials,Specialty Chemicals,yfinance,2025-12-06 00:00:00
FSK,Financial Services,Asset Management,yfinance,2025-12-06 00:00:00
FSLR,Technology,Solar,yfinance,2025-12-06 00:00:00
FSLY,Technology,Software - Application,yfinance,2025-12-06 00:00:00
FSM,Basic Materials,Gold,yfinance,2025-12-06 00:00:00
FSP,Real Estate,REIT - Office,yfinance,2025-12-06 00:00:00
FSS,Industrials,Pollution & Treatment Controls,yfinance,2025-12-06 00:00:00
FSSL,Unknown,Unknown,yfinance,2025-12-06 00:00:00
FSTR,Industrials,Railroads,yfinance,2025-12-06 00:00:00
FSUN,Financial Services,Banks - Regional,yfinance,2025-12-06 00:00:00
FSV,Real Estate,Real Estate Services,yfinance,2025-12-06 00:00:00
FT,Financial Services,Asset Management,yfinance,2025-12-06 00:00:00
FTAI,Industrials,Rental & Leasing Services,yfinance,2025-12-06 00:00:00
FTAIM,Industrials,Rental & Leasing Services,yfinance,2025-12-06 00:00:00
FTAIN,Industrials,Rental & Leasing Services,yfinance,2025-12-06 00:00:00
FTCI,Technology,Solar,yfinance,2025-12-06 00:00:00
FTDR,Consumer Cyclical,Personal Services,yfinance,2025-12-06 00:00:00
FTEK,Industrials,Pollution & Treatment Controls,yfinance,2025-12-06 00:00:00
FTEL,Consumer Cyclical,Specialty Retail,yfinance,2025-12-06 00:00:00
FTF,Financial Services,Asset Management,yfinance,2025-12-06 00:00:00
FTFT,Technology,Software - Application,yfinance,2025-12-06 00:00:00
FTHM,Real Estate,Real Estate Services,yfinance,2025-12-06 00:00:00
FTHY,Financial Services,Asset Management,yfinance,2025-12-06 00:00:00
FTI,Energy,Oil & Gas Equipment & Services,yfinance,2025-12-06 00:00:00
FTK,Energy,Oil & Gas Equipment & Services,yfinance,2025-12-06 00:00:00
FTLF,Consumer Defensive,Packaged Foods,yfinance,2025-12-06 00:00:00
FTNT,Technology,Software - Infrastructure,yfinance,2025-12-06 00:00:00
FTRE,Healthcare,Biotechnology,yfinance,2025-12-06 00:00:00
FTRK,Communication Services,Entertainment,yfinance,2025-12-06 00:00:00
FTS,Utilities,Utilities - Regulated Electric,yfinance,2025-12-06 00:00:00
FTV,Technology,Scientific & Technical Instruments,yfinance,2025-12-06 00:00:00
FTW,Financial Services,Shell Companies,yfinance,2025-12-06 00:00:00
FUBO,Communication Services,Broadcasting,yfinance,2025-12-06 00:00:00
FUFU,Financial Services,Capital Markets,yfinance,2025-12-06 00:00:00
FUFUW,Financial Services,Capital Markets,yfinance,2025-12-06 00:00:00
FUL,Basic Materials,Specialty Chemicals,yfinance,2025-12-06 00:00:00
FULC,Healthcare,Biotechnology,yfinance,2025-12-06 00:00:00
FULT,Financial Services,Banks - Regional,yfinance,2025-12-06 00:00:00
FULTP,Financial Services,Banks - Regional,yfinance,2025-12-06 00:00:00
FUN,Consumer Cyclical,Leisure,yfinance,2025-12-06 00:00:00
FUNC,Financial Services,Banks - Regional,yfinance,2025-12-06 00:00:00
FUND,Financial Services,Asset Management,yfinance,2025-12-06 00:00:00
FURY,Basic Materials,Other Industrial Metals & Mining,yfinance,2025-12-06 00:00:00
FUSB,Financial Services,Banks - Regional,yfinance,2025-12-06 00:00:00
FUSE,Technology,Software - Application,yfinance,2025-12-06 00:00:00
FUSEW,Technology,Software - Application,yfinance,2025-12-06 00:00:00
FUTU,Financial Services,Capital Markets,yfinance,2025-12-06 00:00:00
FVCB,Financial Services,Banks - Regional,yfinance,2025-12-06 00:00:00
FVN,Financial Services,Shell Companies,yfinance,2025-12-06 00:00:00
FVNNR,Unknown,Unknown,yfinance,2025-12-06 00:00:00
FVNNU,Financial Services,Shell Companies,yfinance,2025-12-06 00:00:00
FVR,Real Estate,REIT - Diversified,yfinance,2025-12-06 00:00:00
FVRR,Communication Services,Internet Content & Information,yfinance,2025-12-06 00:00:00
FWDI,Consumer Cyclical,Footwear & Accessories,yfinance,2025-12-06 00:00:00
FWONA,Communication Services,Entertainment,yfinance,2025-12-06 00:00:00
FWONK,Communication Services,Entertainment,yfinance,2025-12-06 00:00:00
FWRD,Industrials,Integrated Freight & Logistics,yfinance,2025-12-06 00:00:00
FWRG,Consumer Cyclical,Restaurants,yfinance,2025-12-06 00:00:00
FXNC,Financial Services,Banks - Regional,yfinance,2025-12-06 00:00:00
FYBR,Communication Services,Telecom Services,yfinance,2025-12-06 00:00:00
G,Technology,Information Technology Services,yfinance,2025-12-06 00:00:00
GAB,Financial Services,Asset Management,yfinance,2025-12-06 00:00:00
GABC,Financial Services,Banks - Regional,yfinance,2025-12-06 00:00:00
GAIA,Communication Services,Entertainment,yfinance,2025-12-06 00:00:00
GAIN,Financial Services,Asset Management,yfinance,2025-12-06 00:00:00
GAINI,Unknown,Unknown,yfinance,2025-12-06 00:00:00
GAINL,Unknown,Unknown,yfinance,2025-12-06 00:00:00
GAINN,Unknown,Unknown,yfinance,2025-12-06 00:00:00
GAINZ,Unknown,Unknown,yfinance,2025-12-06 00:00:00
GALT,Healthcare,Biotechnology,yfinance,2025-12-06 00:00:00
GAM,Financial Services,Asset Management,yfinance,2025-12-06 00:00:00
GAMB,Consumer Cyclical,Gambling,yfinance,2025-12-06 00:00:00
GAME,Communication Services,Electronic Gaming & Multimedia,yfinance,2025-12-06 00:00:00
GANX,Healthcare,Biotechnology,yfinance,2025-12-06 00:00:00
GAP,Consumer Cyclical,Apparel Retail,yfinance,2025-12-06 00:00:00
GASS,Industrials,Marine Shipping,yfinance,2025-12-06 00:00:00
GATX,Industrials,Rental & Leasing Services,yfinance,2025-12-06 00:00:00
GAU,Basic Materials,Gold,yfinance,2025-12-06 00:00:00
GAUZ,Technology,Electronic Components,yfinance,2025-12-06 00:00:00
GBAB,Financial Services,Asset Management,yfinance,2025-12-06 00:00:00
GBCI,Financial Services,Banks - Regional,yfinance,2025-12-06 00:00:00
GBDC,Financial Services,Asset Management,yfinance,2025-12-06 00:00:00
GBFH,Financial Services,Banks - Regional,yfinance,2025-12-06 00:00:00
GBIO,Healthcare,Biotechnology,yfinance,2025-12-06 00:00:00
GBLI,Financial Services,Insurance - Property & Casualty,yfinance,2025-12-06 00:00:00
GBR,Real Estate,Real Estate Services,yfinance,2025-12-06 00:00:00
GBTG,Consumer Cyclical,Travel Services,yfinance,2025-12-06 00:00:00
GBX,Industrials,Railroads,yfinance,2025-12-06 00:00:00
GCBC,Financial Services,Banks - Regional,yfinance,2025-12-06 00:00:00
GCL,Communication Services,Electronic Gaming & Multimedia,yfinance,2025-12-06 00:00:00
GCLWW,Communication Services,Electronic Gaming & Multimedia,yfinance,2025-12-06 00:00:00
GCMG,Financial Services,Asset Management,yfinance,2025-12-06 00:00:00
GCO,Consumer Cyclical,Apparel Retail,yfinance,2025-12-06 00:00:00
GCT,Technology,Software - Infrastructure,yfinance,2025-12-06 00:00:00
GCTK,Healthcare,Medical Instruments & Supplies,yfinance,2025-12-06 00:00:00
GCTS,Technology,Semiconductors,yfinance,2025-12-06 00:00:00
GCV,Financial Services,Asset Management,yfinance,2025-12-06 00:00:00
GD,Industrials,Aerospace & Defense,yfinance,2025-12-06 00:00:00
GDC,Communication Services,Electronic Gaming & Multimedia,yfinance,2025-12-06 00:00:00
GDDY,Technology,Software - Infrastructure,yfinance,2025-12-06 00:00:00
GDEN,Consumer Cyclical,Resorts & Casinos,yfinance,2025-12-06 00:00:00
GDEV,Communication Services,Electronic Gaming & Multimedia,yfinance,2025-12-06 00:00:00
GDEVW,Communication Services,Electronic Gaming & Multimedia,yfinance,2025-12-06 00:00:00
GDHG,Consumer Cyclical,Leisure,yfinance,2025-12-06 00:00:00
GDL,Financial Services,Asset Management,yfinance,2025-12-06 00:00:00
GDO,Financial Services,Asset Management,yfinance,2025-12-06 00:00:00
GDOT,Financial Services,Credit Services,yfinance,2025-12-06 00:00:00
GDRX,Healthcare,Health Information Services,yfinance,2025-12-06 00:00:00
GDS,Technology,Information Technology Services,yfinance,2025-12-06 00:00:00
GDTC,Healthcare,Biotechnology,yfinance,2025-12-06 00:00:00
GDV,Financial Services,Asset Management,yfinance,2025-12-06 00:00:00
GDYN,Technology,Information Technology Services,yfinance,2025-12-06 00:00:00
GE,Industrials,Aerospace & Defense,yfinance,2025-12-06 00:00:00
GECC,Financial Services,Asset Management,yfinance,2025-12-06 00:00:00
GECCG,Unknown,Unknown,yfinance,2025-12-06 00:00:00
GECCH,Unknown,Unknown,yfinance,2025-12-06 00:00:00
GECCI,Unknown,Unknown,yfinance,2025-12-06 00:00:00
GECCO,Unknown,Unknown,yfinance,2025-12-06 00:00:00
GEF,Consumer Cyclical,Packaging & Containers,yfinance,2025-12-06 00:00:00
GEG,Financial Services,Asset Management,yfinance,2025-12-06 00:00:00
GEGGL,Unknown,Unknown,yfinance,2025-12-06 00:00:00
GEHC,Healthcare,Health Information Services,yfinance,2025-12-06 00:00:00
GEL,Energy,Oil & Gas Midstream,yfinance,2025-12-06 00:00:00
GELS,Healthcare,Drug Manufacturers - Specialty & Generic,yfinance,2025-12-06 00:00:00
GEMI,Financial Services,Capital Markets,yfinance,2025-12-06 00:00:00
GEN,Technology,Software - Infrastructure,yfinance,2025-12-06 00:00:00
GENC,Industrials,Farm & Heavy Construction Machinery,yfinance,2025-12-06 00:00:00
GENI,Communication Services,Internet Content & Information,yfinance,2025-12-06 00:00:00
GENK,Consumer Cyclical,Restaurants,yfinance,2025-12-06 00:00:00
GENVR,Unknown,Unknown,yfinance,2025-12-06 00:00:00
GEO,Industrials,Security & Protection Services,yfinance,2025-12-06 00:00:00
GEOS,Energy,Oil & Gas Equipment & Services,yfinance,2025-12-06 00:00:00
GERN,Healthcare,Biotechnology,yfinance,2025-12-06 00:00:00
GES,Consumer Cyclical,Apparel Retail,yfinance,2025-12-06 00:00:00
GETY,Communication Services,Internet Content & Information,yfinance,2025-12-06 00:00:00
GEV,Industrials,Specialty Industrial Machinery,yfinance,2025-12-06 00:00:00
GEVO,Basic Materials,Specialty Chemicals,yfinance,2025-12-06 00:00:00
GF,Financial Services,Asset Management,yfinance,2025-12-06 00:00:00
GFAI,Industrials,Security & Protection Services,yfinance,2025-12-06 00:00:00
GFAIW,Industrials,Security & Protection Services,yfinance,2025-12-06 00:00:00
GFF,Industrials,Building Products & Equipment,yfinance,2025-12-06 00:00:00
GFI,Basic Materials,Gold,yfinance,2025-12-06 00:00:00
GFL,Industrials,Waste Management,yfinance,2025-12-06 00:00:00
GFR,Energy,Oil & Gas E&P,yfinance,2025-12-06 00:00:00
GFS,Technology,Semiconductors,yfinance,2025-12-06 00:00:00
GGAL,Financial Services,Banks - Regional,yfinance,2025-12-06 00:00:00
GGB,Basic Materials,Steel,yfinance,2025-12-06 00:00:00
GGG,Industrials,Specialty Industrial Machinery,yfinance,2025-12-06 00:00:00
GGN,Financial Services,Asset Management,yfinance,2025-12-06 00:00:00
GGR,Consumer Cyclical,Auto Manufacturers,yfinance,2025-12-06 00:00:00
GGROW,Consumer Cyclical,Auto Manufacturers,yfinance,2025-12-06 00:00:00
GGT,Financial Services,Asset Management,yfinance,2025-12-06 00:00:00
GGZ,Financial Services,Asset Management,yfinance,2025-12-06 00:00:00
GH,Healthcare,Diagnostics & Research,yfinance,2025-12-06 00:00:00
GHC,Consumer Defensive,Education & Training Services,yfinance,2025-12-06 00:00:00
GHG,Consumer Cyclical,Lodging,yfinance,2025-12-06 00:00:00
GHI,Financial Services,Mortgage Finance,yfinance,2025-12-06 00:00:00
GHM,Industrials,Specialty Industrial Machinery,yfinance,2025-12-06 00:00:00
GHRS,Healthcare,Biotechnology,yfinance,2025-12-06 00:00:00
GHY,Financial Services,Asset Management,yfinance,2025-12-06 00:00:00
GIB,Technology,Information Technology Services,yfinance,2025-12-06 00:00:00
GIBO,Communication Services,Internet Content & Information,yfinance,2025-12-06 00:00:00
GIBOW,Communication Services,Internet Content & Information,yfinance,2025-12-06 00:00:00
GIC,Industrials,Industrial Distribution,yfinance,2025-12-06 00:00:00
GIFI,Industrials,Metal Fabrication,yfinance,2025-12-06 00:00:00
GIFT,Communication Services,Internet Content & Information,yfinance,2025-12-06 00:00:00
GIG,Financial Services,Shell Companies,yfinance,2025-12-06 00:00:00
GIGGU,Financial Services,Shell Companies,yfinance,2025-12-06 00:00:00
GIGGW,Financial Services,Shell Companies,yfinance,2025-12-06 00:00:00
GIGM,Communication Services,Electronic Gaming & Multimedia,yfinance,2025-12-06 00:00:00
GIII,Consumer Cyclical,Apparel Manufacturing,yfinance,2025-12-06 00:00:00
GIL,Consumer Cyclical,Apparel Manufacturing,yfinance,2025-12-06 00:00:00
GILD,Healthcare,Drug Manufacturers - General,yfinance,2025-12-06 00:00:00
GILT,Technology,Communication Equipment,yfinance,2025-12-06 00:00:00
GIPR,Real Estate,REIT - Diversified,yfinance,2025-12-06 00:00:00
GIPRW,Real Estate,REIT - Diversified,yfinance,2025-12-06 00:00:00
GIS,Consumer Defensive,Packaged Foods,yfinance,2025-12-06 00:00:00
GITS,Communication Services,Internet Content & Information,yfinance,2025-12-06 00:00:00
GIW,Unknown,Unknown,yfinance,2025-12-06 00:00:00
GIWWR,Unknown,Unknown,yfinance,2025-12-06 00:00:00
GIWWU,Unknown,Unknown,yfinance,2025-12-06 00:00:00
GJH,Unknown,Unknown,yfinance,2025-12-06 00:00:00
GJO,Unknown,Unknown,yfinance,2025-12-06 00:00:00
GJP,Unknown,Unknown,yfinance,2025-12-06 00:00:00
GJR,Unknown,Unknown,yfinance,2025-12-06 00:00:00
GJS,Unknown,Unknown,yfinance,2025-12-06 00:00:00
GJT,Unknown,Unknown,yfinance,2025-12-06 00:00:00
GKOS,Healthcare,Medical Devices,yfinance,2025-12-06 00:00:00
GL,Financial Services,Insurance - Life,yfinance,2025-12-06 00:00:00
GLAD,Financial Services,Asset Management,yfinance,2025-12-06 00:00:00
GLBE,Consumer Cyclical,Internet Retail,yfinance,2025-12-06 00:00:00
GLBS,Industrials,Marine Shipping,yfinance,2025-12-06 00:00:00
GLBZ,Financial Services,Banks - Regional,yfinance,2025-12-06 00:00:00
GLDD,Industrials,Engineering & Construction,yfinance,2025-12-06 00:00:00
GLDG,Basic Materials,Gold,yfinance,2025-12-06 00:00:00
GLE,Technology,Information Technology Services,yfinance,2025-12-06 00:00:00
GLIBA,Communication Services,Telecom Services,yfinance,2025-12-06 00:00:00
GLIBK,Communication Services,Telecom Services,yfinance,2025-12-06 00:00:00
GLIBR,Unknown,Unknown,yfinance,2025-12-06 00:00:00
GLMD,Healthcare,Biotechnology,yfinance,2025-12-06 00:00:00
GLNG,Energy,Oil & Gas Midstream,yfinance,2025-12-06 00:00:00
GLO,Financial Services,Asset Management,yfinance,2025-12-06 00:00:00
GLOB,Technology,Information Technology Services,yfinance,2025-12-06 00:00:00
GLOO,Technology,Software - Application,yfinance,2025-12-06 00:00:00
GLP,Energy,Oil & Gas Midstream,yfinance,2025-12-06 00:00:00
GLPG,Healthcare,Biotechnology,yfinance,2025-12-06 00:00:00
GLPI,Real Estate,REIT - Specialty,yfinance,2025-12-06 00:00:00
GLQ,Financial Services,Asset Management,yfinance,2025-12-06 00:00:00
GLRE,Financial Services,Insurance - Reinsurance,yfinance,2025-12-06 00:00:00
GLSI,Healthcare,Biotechnology,yfinance,2025-12-06 00:00:00
GLTO,Healthcare,Biotechnology,yfinance,2025-12-06 00:00:00
GLU,Financial Services,Asset Management,yfinance,2025-12-06 00:00:00
GLUE,Healthcare,Biotechnology,yfinance,2025-12-06 00:00:00
GLV,Financial Services,Asset Management,yfinance,2025-12-06 00:00:00
GLW,Technology,Electronic Components,yfinance,2025-12-06 00:00:00
GLXG,Industrials,Staffing & Employment Services,yfinance,2025-12-06 00:00:00
GLXY,Financial Services,Capital Markets,yfinance,2025-12-06 00:00:00
GM,Consumer Cyclical,Auto Manufacturers,yfinance,2025-12-06 00:00:00
GMAB,Healthcare,Biotechnology,yfinance,2025-12-06 00:00:00
GME,Consumer Cyclical,Specialty Retail,yfinance,2025-12-06 00:00:00
GMED,Healthcare,Medical Devices,yfinance,2025-12-06 00:00:00
GMGI,Communication Services,Electronic Gaming & Multimedia,yfinance,2025-12-06 00:00:00
GMHS,Communication Services,Electronic Gaming & Multimedia,yfinance,2025-12-06 00:00:00
GMM,Technology,Information Technology Services,yfinance,2025-12-06 00:00:00
GMRE,Real Estate,REIT - Healthcare Facilities,yfinance,2025-12-06 00:00:00
GNE,Utilities,Utilities - Regulated Electric,yfinance,2025-12-06 00:00:00
GNK,Industrials,Marine Shipping,yfinance,2025-12-06 00:00:00
GNL,Real Estate,REIT - Diversified,yfinance,2025-12-06 00:00:00
GNLN,Consumer Defensive,Tobacco,yfinance,2025-12-06 00:00:00
GNLX,Healthcare,Biotechnology,yfinance,2025-12-06 00:00:00
GNPX,Healthcare,Biotechnology,yfinance,2025-12-06 00:00:00
GNRC,Industrials,Specialty Industrial Machinery,yfinance,2025-12-06 00:00:00
GNS,Consumer Defensive,Education & Training Services,yfinance,2025-12-06 00:00:00
GNSS,Technology,Scientific & Technical Instruments,yfinance,2025-12-06 00:00:00
GNT,Financial Services,Asset Management,yfinance,2025-12-06 00:00:00
GNTA,Healthcare,Biotechnology,yfinance,2025-12-06 00:00:00
GNTX,Consumer Cyclical,Auto Parts,yfinance,2025-12-06 00:00:00
GNW,Financial Services,Insurance - Life,yfinance,2025-12-06 00:00:00
GO,Consumer Defensive,Grocery Stores,yfinance,2025-12-06 00:00:00
GOCO,Financial Services,Insurance Brokers,yfinance,2025-12-06 00:00:00
GOF,Financial Services,Asset Management,yfinance,2025-12-06 00:00:00
GOGO,Communication Services,Telecom Services,yfinance,2025-12-06 00:00:00
GOLD,Financial Services,Capital Markets,yfinance,2025-12-06 00:00:00
GOLF,Consumer Cyclical,Leisure,yfinance,2025-12-06 00:00:00
GOOD,Real Estate,REIT - Diversified,yfinance,2025-12-06 00:00:00
GOODN,Real Estate,REIT - Diversified,yfinance,2025-12-06 00:00:00
GOODO,Unknown,Unknown,yfinance,2025-12-06 00:00:00
GOOG,Communication Services,Internet Content & Information,yfinance,2025-12-06 00:00:00
GOOGL,Communication Services,Internet Content & Information,yfinance,2025-12-06 00:00:00
GOOS,Consumer Cyclical,Apparel Manufacturing,yfinance,2025-12-06 00:00:00
GORO,Basic Materials,Gold,yfinance,2025-12-06 00:00:00
GOSS,Healthcare,Biotechnology,yfinance,2025-12-06 00:00:00
GOTU,Consumer Defensive,Education & Training Services,yfinance,2025-12-06 00:00:00
GOVX,Healthcare,Biotechnology,yfinance,2025-12-06 00:00:00
GP,Industrials,Farm & Heavy Construction Machinery,yfinance,2025-12-06 00:00:00
GPACU,Financial Services,Shell Companies,yfinance,2025-12-06 00:00:00
GPAT,Financial Services,Shell Companies,yfinance,2025-12-06 00:00:00
GPATU,Financial Services,Shell Companies,yfinance,2025-12-06 00:00:00
GPATW,Financial Services,Shell Companies,yfinance,2025-12-06 00:00:00
GPC,Consumer Cyclical,Auto Parts,yfinance,2025-12-06 00:00:00
GPCR,Healthcare,Biotechnology,yfinance,2025-12-06 00:00:00
GPI,Consumer Cyclical,Auto & Truck Dealerships,yfinance,2025-12-06 00:00:00
GPJA,Unknown,Unknown,yfinance,2025-12-06 00:00:00
GPK,Consumer Cyclical,Packaging & Containers,yfinance,2025-12-06 00:00:00
GPMT,Real Estate,REIT - Mortgage,yfinance,2025-12-06 00:00:00
GPN,Industrials,Specialty Business Services,yfinance,2025-12-06 00:00:00
GPOR,Energy,Oil & Gas E&P,yfinance,2025-12-06 00:00:00
GPRE,Basic Materials,Chemicals,yfinance,2025-12-06 00:00:00
GPRK,Energy,Oil & Gas E&P,yfinance,2025-12-06 00:00:00
GPRO,Technology,Consumer Electronics,yfinance,2025-12-06 00:00:00
GPUS,Industrials,Aerospace & Defense,yfinance,2025-12-06 00:00:00
GRAB,Technology,Software - Application,yfinance,2025-12-06 00:00:00
GRABW,Technology,Software - Application,yfinance,2025-12-06 00:00:00
GRAF,Financial Services,Shell Companies,yfinance,2025-12-06 00:00:00
GRAL,Healthcare,Diagnostics & Research,yfinance,2025-12-06 00:00:00
GRAN,Financial Services,Capital Markets,yfinance,2025-12-06 00:00:00
GRBK,Consumer Cyclical,Residential Construction,yfinance,2025-12-06 00:00:00
GRC,Industrials,Specialty Industrial Machinery,yfinance,2025-12-06 00:00:00
GRCE,Healthcare,Biotechnology,yfinance,2025-12-06 00:00:00
GRDN,Healthcare,Medical Care Facilities,yfinance,2025-12-06 00:00:00
GRDX,Healthcare,Biotechnology,yfinance,2025-12-06 00:00:00
GREE,Financial Services,Capital Markets,yfinance,2025-12-06 00:00:00
GREEL,Unknown,Unknown,yfinance,2025-12-06 00:00:00
GRF,Financial Services,Asset Management,yfinance,2025-12-06 00:00:00
GRFS,Healthcare,Drug Manufacturers - General,yfinance,2025-12-06 00:00:00
GRI,Healthcare,Biotechnology,yfinance,2025-12-06 00:00:00
GRMN,Technology,Scientific & Technical Instruments,yfinance,2025-12-06 00:00:00
GRN,Unknown,Unknown,yfinance,2025-12-06 00:00:00
GRND,Technology,Software - Application,yfinance,2025-12-06 00:00:00
GRNQ,Industrials,Consulting Services,yfinance,2025-12-06 00:00:00
GRNT,Energy,Oil & Gas E&P,yfinance,2025-12-06 00:00:00
GRO,Basic Materials,Other Industrial Metals & Mining,yfinance,2025-12-06 00:00:00
GROV,Consumer Defensive,Household & Personal Products,yfinance,2025-12-06 00:00:00
GROW,Financial Services,Asset Management,yfinance,2025-12-06 00:00:00
GROY,Basic Materials,Gold,yfinance,2025-12-06 00:00:00
GRPN,Communication Services,Internet Content & Information,yfinance,2025-12-06 00:00:00
GRRR,Technology,Software - Infrastructure,yfinance,2025-12-06 00:00:00
GRRRW,Technology,Software - Infrastructure,yfinance,2025-12-06 00:00:00
GRVY,Communication Services,Electronic Gaming & Multimedia,yfinance,2025-12-06 00:00:00
GRWG,Consumer Cyclical,Specialty Retail,yfinance,2025-12-06 00:00:00
GRX,Financial Services,Asset Management,yfinance,2025-12-06 00:00:00
GS,Financial Services,Capital Markets,yfinance,2025-12-06 00:00:00
GSAT,Communication Services,Telecom Services,yfinance,2025-12-06 00:00:00
GSBC,Financial Services,Banks - Regional,yfinance,2025-12-06 00:00:00
GSBD,Financial Services,Asset Management,yfinance,2025-12-06 00:00:00
GSHD,Financial Services,Insurance Brokers,yfinance,2025-12-06 00:00:00
GSHR,Financial Services,Shell Companies,yfinance,2025-12-06 00:00:00
GSHRU,Financial Services,Shell Companies,yfinance,2025-12-06 00:00:00
GSHRW,Financial Services,Shell Companies,yfinance,2025-12-06 00:00:00
GSIT,Technology,Semiconductors,yfinance,2025-12-06 00:00:00
GSIW,Financial Services,Capital Markets,yfinance,2025-12-06 00:00:00
GSK,Healthcare,Drug Manufacturers - General,yfinance,2025-12-06 00:00:00
GSL,Industrials,Marine Shipping,yfinance,2025-12-06 00:00:00
GSM,Basic Materials,Other Industrial Metals & Mining,yfinance,2025-12-06 00:00:00
GSRF,Financial Services,Shell Companies,yfinance,2025-12-06 00:00:00
GSRFR,Unknown,Unknown,yfinance,2025-12-06 00:00:00
GSRFU,Financial Services,Shell Companies,yfinance,2025-12-06 00:00:00
GSUN,Consumer Defensive,Education & Training Services,yfinance,2025-12-06 00:00:00
GT,Consumer Cyclical,Auto Parts,yfinance,2025-12-06 00:00:00
GTBP,Healthcare,Biotechnology,yfinance,2025-12-06 00:00:00
GTE,Energy,Oil & Gas E&P,yfinance,2025-12-06 00:00:00
GTEC,Consumer Cyclical,Auto Parts,yfinance,2025-12-06 00:00:00
GTEN,Unknown,Unknown,yfinance,2025-12-06 00:00:00
GTENU,Unknown,Unknown,yfinance,2025-12-06 00:00:00
GTENW,Unknown,Unknown,yfinance,2025-12-06 00:00:00
GTERA,Financial Services,Shell Companies,yfinance,2025-12-06 00:00:00
GTERR,Unknown,Unknown,yfinance,2025-12-06 00:00:00
GTERU,Financial Services,Shell Companies,yfinance,2025-12-06 00:00:00
GTERW,Financial Services,Shell Companies,yfinance,2025-12-06 00:00:00
GTES,Industrials,Specialty Industrial Machinery,yfinance,2025-12-06 00:00:00
GTIM,Consumer Cyclical,Restaurants,yfinance,2025-12-06 00:00:00
GTLB,Technology,Software - Infrastructure,yfinance,2025-12-06 00:00:00
GTLS,Industrials,Specialty Industrial Machinery,yfinance,2025-12-06 00:00:00
GTM,Technology,Software - Application,yfinance,2025-12-06 00:00:00
GTN,Communication Services,Broadcasting,yfinance,2025-12-06 00:00:00
GTX,Consumer Cyclical,Auto Parts,yfinance,2025-12-06 00:00:00
GTY,Real Estate,REIT - Retail,yfinance,2025-12-06 00:00:00
GUG,Financial Services,Asset Management,yfinance,2025-12-06 00:00:00
GURE,Basic Materials,Chemicals,yfinance,2025-12-06 00:00:00
GUT,Financial Services,Asset Management,yfinance,2025-12-06 00:00:00
GUTS,Healthcare,Biotechnology,yfinance,2025-12-06 00:00:00
GV,Consumer Defensive,Education & Training Services,yfinance,2025-12-06 00:00:00
GVA,Industrials,Engineering & Construction,yfinance,2025-12-06 00:00:00
GVH,Industrials,Integrated Freight & Logistics,yfinance,2025-12-06 00:00:00
GWAV,Industrials,Waste Management,yfinance,2025-12-06 00:00:00
GWH,Industrials,Electrical Equipment & Parts,yfinance,2025-12-06 00:00:00
GWRE,Technology,Software - Application,yfinance,2025-12-06 00:00:00
GWRS,Utilities,Utilities - Regulated Water,yfinance,2025-12-06 00:00:00
GWW,Industrials,Industrial Distribution,yfinance,2025-12-06 00:00:00
GXAI,Communication Services,Electronic Gaming & Multimedia,yfinance,2025-12-06 00:00:00
GXO,Industrials,Integrated Freight & Logistics,yfinance,2025-12-06 00:00:00
GYRE,Healthcare,Biotechnology,yfinance,2025-12-06 00:00:00
GYRO,Real Estate,Real Estate Services,yfinance,2025-12-06 00:00:00
H,Consumer Cyclical,Lodging,yfinance,2025-12-06 00:00:00
HAE,Healthcare,Medical Devices,yfinance,2025-12-06 00:00:00
HAFC,Financial Services,Banks - Regional,yfinance,2025-12-06 00:00:00
HAFN,Industrials,Marine Shipping,yfinance,2025-12-06 00:00:00
HAIN,Consumer Defensive,Packaged Foods,yfinance,2025-12-06 00:00:00
HAL,Energy,Oil & Gas Equipment & Services,yfinance,2025-12-06 00:00:00
HALO,Healthcare,Biotechnology,yfinance,2025-12-06 00:00:00
HAO,Communication Services,Advertising Agencies,yfinance,2025-12-06 00:00:00
HAS,Consumer Cyclical,Leisure,yfinance,2025-12-06 00:00:00
HASI,Financial Services,Asset Management,yfinance,2025-12-06 00:00:00
HAVAU,Financial Services,Shell Companies,yfinance,2025-12-06 00:00:00
HAYW,Industrials,Electrical Equipment & Parts,yfinance,2025-12-06 00:00:00
HBAN,Financial Services,Banks - Regional,yfinance,2025-12-06 00:00:00
HBANL,Financial Services,Banks - Regional,yfinance,2025-12-06 00:00:00
HBANM,Financial Services,Banks - Regional,yfinance,2025-12-06 00:00:00
HBANP,Financial Services,Banks - Regional,yfinance,2025-12-06 00:00:00
HBB,Consumer Cyclical,"Furnishings, Fixtures & Appliances",yfinance,2025-12-06 00:00:00
HBCP,Financial Services,Banks - Regional,yfinance,2025-12-06 00:00:00
HBIO,Healthcare,Medical Instruments & Supplies,yfinance,2025-12-06 00:00:00
HBM,Basic Materials,Copper,yfinance,2025-12-06 00:00:00
HBNB,Real Estate,Real Estate Services,yfinance,2025-12-06 00:00:00
HBNC,Financial Services,Banks - Regional,yfinance,2025-12-06 00:00:00
HBT,Financial Services,Banks - Regional,yfinance,2025-12-06 00:00:00
HCA,Healthcare,Medical Care Facilities,yfinance,2025-12-06 00:00:00
HCACU,Unknown,Unknown,yfinance,2025-12-06 00:00:00
HCAI,Industrials,Farm & Heavy Construction Machinery,yfinance,2025-12-06 00:00:00
HCAT,Healthcare,Health Information Services,yfinance,2025-12-06 00:00:00
HCC,Basic Materials,Coking Coal,yfinance,2025-12-06 00:00:00
HCHL,Consumer Cyclical,Restaurants,yfinance,2025-12-06 00:00:00
HCI,Financial Services,Insurance - Property & Casualty,yfinance,2025-12-06 00:00:00
HCKT,Technology,Information Technology Services,yfinance,2025-12-06 00:00:00
HCM,Healthcare,Drug Manufacturers - Specialty & Generic,yfinance,2025-12-06 00:00:00
HCMA,Financial Services,Shell Companies,yfinance,2025-12-06 00:00:00
HCMAU,Financial Services,Shell Companies,yfinance,2025-12-06 00:00:00
HCMAW,Financial Services,Shell Companies,yfinance,2025-12-06 00:00:00
HCSG,Healthcare,Medical Care Facilities,yfinance,2025-12-06 00:00:00
HCTI,Healthcare,Health Information Services,yfinance,2025-12-06 00:00:00
HCWB,Healthcare,Biotechnology,yfinance,2025-12-06 00:00:00
HCWC,Consumer Defensive,Packaged Foods,yfinance,2025-12-06 00:00:00
HCXY,Unknown,Unknown,yfinance,2025-12-06 00:00:00
HD,Consumer Cyclical,Home Improvement Retail,yfinance,2025-12-06 00:00:00
HDB,Financial Services,Banks - Regional,yfinance,2025-12-06 00:00:00
HDL,Consumer Cyclical,Restaurants,yfinance,2025-12-06 00:00:00
HDSN,Basic Materials,Specialty Chemicals,yfinance,2025-12-06 00:00:00
HE,Utilities,Utilities - Regulated Electric,yfinance,2025-12-06 00:00:00
HEI,Industrials,Aerospace & Defense,yfinance,2025-12-06 00:00:00
HELE,Consumer Defensive,Household & Personal Products,yfinance,2025-12-06 00:00:00
HEPS,Consumer Cyclical,Internet Retail,yfinance,2025-12-06 00:00:00
HEQ,Financial Services,Asset Management,yfinance,2025-12-06 00:00:00
HERE,Consumer Cyclical,Leisure,yfinance,2025-12-06 00:00:00
HERZ,Unknown,Unknown,yfinance,2025-12-06 00:00:00
HESM,Energy,Oil & Gas Midstream,yfinance,2025-12-06 00:00:00
HFBL,Financial Services,Banks - Regional,yfinance,2025-12-06 00:00:00
HFFG,Consumer Defensive,Food Distribution,yfinance,2025-12-06 00:00:00
HFRO,Financial Services,Asset Management,yfinance,2025-12-06 00:00:00
HFWA,Financial Services,Banks - Regional,yfinance,2025-12-06 00:00:00
HG,Financial Services,Insurance - Reinsurance,yfinance,2025-12-06 00:00:00
HGBL,Financial Services,Capital Markets,yfinance,2025-12-06 00:00:00
HGLB,Financial Services,Asset Management,yfinance,2025-12-06 00:00:00
HGTY,Financial Services,Insurance - Property & Casualty,yfinance,2025-12-06 00:00:00
HGV,Consumer Cyclical,Resorts & Casinos,yfinance,2025-12-06 00:00:00
HHH,Real Estate,Real Estate - Development,yfinance,2025-12-06 00:00:00
HHS,Industrials,Conglomerates,yfinance,2025-12-06 00:00:00
HI,Industrials,Specialty Industrial Machinery,yfinance,2025-12-06 00:00:00
HIFS,Financial Services,Banks - Regional,yfinance,2025-12-06 00:00:00
HIG,Financial Services,Insurance - Property & Casualty,yfinance,2025-12-06 00:00:00
HIHO,Industrials,Metal Fabrication,yfinance,2025-12-06 00:00:00
HII,Industrials,Aerospace & Defense,yfinance,2025-12-06 00:00:00
HIMS,Healthcare,Drug Manufacturers - Specialty & Generic,yfinance,2025-12-06 00:00:00
HIMX,Technology,Semiconductors,yfinance,2025-12-06 00:00:00
HIND,Healthcare,Biotechnology,yfinance,2025-12-06 00:00:00
HIO,Financial Services,Asset Management,yfinance,2025-12-06 00:00:00
HIPO,Financial Services,Insurance - Property & Casualty,yfinance,2025-12-06 00:00:00
HIT,Technology,Software - Application,yfinance,2025-12-06 00:00:00
HITI,Healthcare,Pharmaceutical Retailers,yfinance,2025-12-06 00:00:00
HIVE,Financial Services,Capital Markets,yfinance,2025-12-06 00:00:00
HIW,Real Estate,REIT - Office,yfinance,2025-12-06 00:00:00
HIX,Financial Services,Asset Management,yfinance,2025-12-06 00:00:00
HKD,Technology,Software - Application,yfinance,2025-12-06 00:00:00
HKIT,Technology,Software - Application,yfinance,2025-12-06 00:00:00
HKPD,Healthcare,Pharmaceutical Retailers,yfinance,2025-12-06 00:00:00
HL,Basic Materials,Other Precious Metals & Mining,yfinance,2025-12-06 00:00:00
HLF,Consumer Defensive,Packaged Foods,yfinance,2025-12-06 00:00:00
HLI,Financial Services,Capital Markets,yfinance,2025-12-06 00:00:00
HLIO,Industrials,Specialty Industrial Machinery,yfinance,2025-12-06 00:00:00
HLIT,Technology,Communication Equipment,yfinance,2025-12-06 00:00:00
HLLY,Consumer Cyclical,Auto Parts,yfinance,2025-12-06 00:00:00
HLMN,Industrials,Tools & Accessories,yfinance,2025-12-06 00:00:00
HLN,Healthcare,Drug Manufacturers - Specialty & Generic,yfinance,2025-12-06 00:00:00
HLNE,Financial Services,Asset Management,yfinance,2025-12-06 00:00:00
HLP,Basic Materials,Steel,yfinance,2025-12-06 00:00:00
HLT,Consumer Cyclical,Lodging,yfinance,2025-12-06 00:00:00
HLX,Energy,Oil & Gas Equipment & Services,yfinance,2025-12-06 00:00:00
HMC,Consumer Cyclical,Auto Manufacturers,yfinance,2025-12-06 00:00:00
HMN,Financial Services,Insurance - Property & Casualty,yfinance,2025-12-06 00:00:00
HMR,Industrials,Marine Shipping,yfinance,2025-12-06 00:00:00
HMY,Basic Materials,Gold,yfinance,2025-12-06 00:00:00
HNGE,Healthcare,Health Information Services,yfinance,2025-12-06 00:00:00
HNI,Consumer Cyclical,"Furnishings, Fixtures & Appliances",yfinance,2025-12-06 00:00:00
HNNA,Financial Services,Asset Management,yfinance,2025-12-06 00:00:00
HNNAZ,Unknown,Unknown,yfinance,2025-12-06 00:00:00
HNRG,Energy,Thermal Coal,yfinance,2025-12-06 00:00:00
HNST,Consumer Defensive,Household & Personal Products,yfinance,2025-12-06 00:00:00
HNVR,Financial Services,Banks - Regional,yfinance,2025-12-06 00:00:00
HOFT,Consumer Cyclical,"Furnishings, Fixtures & Appliances",yfinance,2025-12-06 00:00:00
HOG,Consumer Cyclical,Recreational Vehicles,yfinance,2025-12-06 00:00:00
HOLO,Technology,Electronic Components,yfinance,2025-12-06 00:00:00
HOLOW,Technology,Electronic Components,yfinance,2025-12-06 00:00:00
HOLX,Healthcare,Medical Instruments & Supplies,yfinance,2025-12-06 00:00:00
HOMB,Financial Services,Banks - Regional,yfinance,2025-12-06 00:00:00
HON,Industrials,Conglomerates,yfinance,2025-12-06 00:00:00
HOOD,Financial Services,Capital Markets,yfinance,2025-12-06 00:00:00
HOPE,Financial Services,Banks - Regional,yfinance,2025-12-06 00:00:00
HOTH,Healthcare,Biotechnology,yfinance,2025-12-06 00:00:00
HOUR,Consumer Cyclical,Internet Retail,yfinance,2025-12-06 00:00:00
HOUS,Real Estate,Real Estate Services,yfinance,2025-12-06 00:00:00
HOV,Consumer Cyclical,Residential Construction,yfinance,2025-12-06 00:00:00
HOVNP,Unknown,Unknown,yfinance,2025-12-06 00:00:00
HOVR,Industrials,Aerospace & Defense,yfinance,2025-12-06 00:00:00
HOVRW,Industrials,Aerospace & Defense,yfinance,2025-12-06 00:00:00
HOWL,Healthcare,Biotechnology,yfinance,2025-12-06 00:00:00
HP,Energy,Oil & Gas Drilling,yfinance,2025-12-06 00:00:00
HPAI,Technology,Software - Infrastructure,yfinance,2025-12-06 00:00:00
HPAIW,Technology,Software - Infrastructure,yfinance,2025-12-06 00:00:00
HPE,Technology,Communication Equipment,yfinance,2025-12-06 00:00:00
HPF,Financial Services,Asset Management,yfinance,2025-12-06 00:00:00
HPI,Financial Services,Asset Management,yfinance,2025-12-06 00:00:00
HPK,Energy,Oil & Gas E&P,yfinance,2025-12-06 00:00:00
HPP,Real Estate,REIT - Office,yfinance,2025-12-06 00:00:00
HPQ,Technology,Computer Hardware,yfinance,2025-12-06 00:00:00
HPS,Financial Services,Asset Management,yfinance,2025-12-06 00:00:00
HQH,Financial Services,Asset Management,yfinance,2025-12-06 00:00:00
HQI,Industrials,Staffing & Employment Services,yfinance,2025-12-06 00:00:00
HQL,Financial Services,Asset Management,yfinance,2025-12-06 00:00:00
HQY,Healthcare,Health Information Services,yfinance,2025-12-06 00:00:00
HR,Real Estate,REIT - Healthcare Facilities,yfinance,2025-12-06 00:00:00
HRB,Consumer Cyclical,Personal Services,yfinance,2025-12-06 00:00:00
HRI,Industrials,Rental & Leasing Services,yfinance,2025-12-06 00:00:00
HRL,Consumer Defensive,Packaged Foods,yfinance,2025-12-06 00:00:00
HRMY,Healthcare,Biotechnology,yfinance,2025-12-06 00:00:00
HROW,Healthcare,Drug Manufacturers - Specialty & Generic,yfinance,2025-12-06 00:00:00
HRTG,Financial Services,Insurance - Property & Casualty,yfinance,2025-12-06 00:00:00
HRTX,Healthcare,Biotechnology,yfinance,2025-12-06 00:00:00
HRZN,Financial Services,Asset Management,yfinance,2025-12-06 00:00:00
HSAI,Consumer Cyclical,Auto Parts,yfinance,2025-12-06 00:00:00
HSBC,Financial Services,Banks - Diversified,yfinance,2025-12-06 00:00:00
HSCS,Healthcare,Medical Devices,yfinance,2025-12-06 00:00:00
HSCSW,Healthcare,Medical Devices,yfinance,2025-12-06 00:00:00
HSDT,Financial Services,Asset Management,yfinance,2025-12-06 00:00:00
HSHP,Industrials,Marine Shipping,yfinance,2025-12-06 00:00:00
HSIC,Healthcare,Medical Distribution,yfinance,2025-12-06 00:00:00
HSII,Industrials,Staffing & Employment Services,yfinance,2025-12-06 00:00:00
HSPO,Financial Services,Shell Companies,yfinance,2025-12-06 00:00:00
HSPOR,Unknown,Unknown,yfinance,2025-12-06 00:00:00
HSPOU,Financial Services,Shell Companies,yfinance,2025-12-06 00:00:00
HSPOW,Financial Services,Shell Companies,yfinance,2025-12-06 00:00:00
HSPT,Financial Services,Shell Companies,yfinance,2025-12-06 00:00:00
HSPTR,Unknown,Unknown,yfinance,2025-12-06 00:00:00
HSPTU,Financial Services,Shell Companies,yfinance,2025-12-06 00:00:00
HST,Real Estate,REIT - Hotel & Motel,yfinance,2025-12-06 00:00:00
HSTM,Healthcare,Health Information Services,yfinance,2025-12-06 00:00:00
HSY,Consumer Defensive,Confectioners,yfinance,2025-12-06 00:00:00
HTB,Financial Services,Banks - Regional,yfinance,2025-12-06 00:00:00
HTBK,Financial Services,Banks - Regional,yfinance,2025-12-06 00:00:00
HTCO,Industrials,Marine Shipping,yfinance,2025-12-06 00:00:00
HTCR,Technology,Software - Application,yfinance,2025-12-06 00:00:00
HTD,Financial Services,Asset Management,yfinance,2025-12-06 00:00:00
HTFB,Unknown,Unknown,yfinance,2025-12-06 00:00:00
HTFC,Unknown,Unknown,yfinance,2025-12-06 00:00:00
HTFL,Healthcare,Health Information Services,yfinance,2025-12-06 00:00:00
HTGC,Financial Services,Asset Management,yfinance,2025-12-06 00:00:00
HTH,Financial Services,Financial Conglomerates,yfinance,2025-12-06 00:00:00
HTHT,Consumer Cyclical,Lodging,yfinance,2025-12-06 00:00:00
HTLD,Industrials,Trucking,yfinance,2025-12-06 00:00:00
HTLM,Consumer Cyclical,Specialty Retail,yfinance,2025-12-06 00:00:00
HTO,Utilities,Utilities - Regulated Water,yfinance,2025-12-06 00:00:00
HTOO,Utilities,Utilities - Renewable,yfinance,2025-12-06 00:00:00
HTOOW,Utilities,Utilities - Renewable,yfinance,2025-12-06 00:00:00
HTZ,Industrials,Rental & Leasing Services,yfinance,2025-12-06 00:00:00
HTZWW,Industrials,Rental & Leasing Services,yfinance,2025-12-06 00:00:00
HUBB,Industrials,Electrical Equipment & Parts,yfinance,2025-12-06 00:00:00
HUBC,Technology,Software - Infrastructure,yfinance,2025-12-06 00:00:00
HUBCW,Unknown,Unknown,yfinance,2025-12-06 00:00:00
HUBCZ,Technology,Software - Infrastructure,yfinance,2025-12-06 00:00:00
HUBG,Industrials,Integrated Freight & Logistics,yfinance,2025-12-06 00:00:00
HUBS,Technology,Software - Application,yfinance,2025-12-06 00:00:00
HUDI,Basic Materials,Steel,yfinance,2025-12-06 00:00:00
HUHU,Industrials,Specialty Industrial Machinery,yfinance,2025-12-06 00:00:00
HUIZ,Financial Services,Insurance Brokers,yfinance,2025-12-06 00:00:00
HUM,Healthcare,Healthcare Plans,yfinance,2025-12-06 00:00:00
HUMA,Healthcare,Biotechnology,yfinance,2025-12-06 00:00:00
HUMAW,Healthcare,Biotechnology,yfinance,2025-12-06 00:00:00
HUN,Basic Materials,Chemicals,yfinance,2025-12-06 00:00:00
HURA,Healthcare,Biotechnology,yfinance,2025-12-06 00:00:00
HURC,Industrials,Specialty Industrial Machinery,yfinance,2025-12-06 00:00:00
HURN,Industrials,Consulting Services,yfinance,2025-12-06 00:00:00
HUSA,Energy,Oil & Gas E&P,yfinance,2025-12-06 00:00:00
HUT,Financial Services,Capital Markets,yfinance,2025-12-06 00:00:00
HUYA,Communication Services,Entertainment,yfinance,2025-12-06 00:00:00
HVII,Financial Services,Shell Companies,yfinance,2025-12-06 00:00:00
HVIIR,Unknown,Unknown,yfinance,2025-12-06 00:00:00
HVIIU,Financial Services,Shell Companies,yfinance,2025-12-06 00:00:00
HVMC,Unknown,Unknown,yfinance,2025-12-06 00:00:00
HVMCU,Financial Services,Shell Companies,yfinance,2025-12-06 00:00:00
HVMCW,Unknown,Unknown,yfinance,2025-12-06 00:00:00
HVT,Consumer Cyclical,Home Improvement Retail,yfinance,2025-12-06 00:00:00
HWBK,Financial Services,Banks - Regional,yfinance,2025-12-06 00:00:00
HWC,Financial Services,Banks - Regional,yfinance,2025-12-06 00:00:00
HWCPZ,Unknown,Unknown,yfinance,2025-12-06 00:00:00
HWH,Consumer Cyclical,Leisure,yfinance,2025-12-06 00:00:00
HWKN,Basic Materials,Specialty Chemicals,yfinance,2025-12-06 00:00:00
HWM,Industrials,Aerospace & Defense,yfinance,2025-12-06 00:00:00
HXHX,Industrials,Integrated Freight & Logistics,yfinance,2025-12-06 00:00:00
HXL,Industrials,Aerospace & Defense,yfinance,2025-12-06 00:00:00
HY,Industrials,Farm & Heavy Construction Machinery,yfinance,2025-12-06 00:00:00
HYAC,Financial Services,Shell Companies,yfinance,2025-12-06 00:00:00
HYFM,Industrials,Farm & Heavy Construction Machinery,yfinance,2025-12-06 00:00:00
HYFT,Healthcare,Biotechnology,yfinance,2025-12-06 00:00:00
HYI,Financial Services,Asset Management,yfinance,2025-12-06 00:00:00
HYLN,Consumer Cyclical,Auto Parts,yfinance,2025-12-06 00:00:00
HYMC,Basic Materials,Gold,yfinance,2025-12-06 00:00:00
HYNE,Financial Services,Banks - Regional,yfinance,2025-12-06 00:00:00
HYPD,Healthcare,Biotechnology,yfinance,2025-12-06 00:00:00
HYPR,Healthcare,Medical Devices,yfinance,2025-12-06 00:00:00
HYT,Financial Services,Asset Management,yfinance,2025-12-06 00:00:00
HZO,Consumer Cyclical,Specialty Retail,yfinance,2025-12-06 00:00:00
IAC,Communication Services,Internet Content & Information,yfinance,2025-12-06 00:00:00
IAE,Financial Services,Asset Management,yfinance,2025-12-06 00:00:00
IAF,Financial Services,Asset Management,yfinance,2025-12-06 00:00:00
IAG,Basic Materials,Gold,yfinance,2025-12-06 00:00:00
IART,Healthcare,Medical Devices,yfinance,2025-12-06 00:00:00
IAS,Communication Services,Advertising Agencies,yfinance,2025-12-06 00:00:00
IAUX,Basic Materials,Gold,yfinance,2025-12-06 00:00:00
IBAC,Financial Services,Shell Companies,yfinance,2025-12-06 00:00:00
IBACR,Unknown,Unknown,yfinance,2025-12-06 00:00:00
IBCP,Financial Services,Banks - Regional,yfinance,2025-12-06 00:00:00
IBEX,Technology,Information Technology Services,yfinance,2025-12-06 00:00:00
IBG,Consumer Defensive,Beverages - Wineries & Distilleries,yfinance,2025-12-06 00:00:00
IBIO,Healthcare,Biotechnology,yfinance,2025-12-06 00:00:00
IBKR,Financial Services,Capital Markets,yfinance,2025-12-06 00:00:00
IBM,Technology,Information Technology Services,yfinance,2025-12-06 00:00:00
IBN,Financial Services,Banks - Regional,yfinance,2025-12-06 00:00:00
IBO,Healthcare,Biotechnology,yfinance,2025-12-06 00:00:00
IBOC,Financial Services,Banks - Regional,yfinance,2025-12-06 00:00:00
IBP,Consumer Cyclical,Residential Construction,yfinance,2025-12-06 00:00:00
IBRX,Healthcare,Biotechnology,yfinance,2025-12-06 00:00:00
IBTA,Technology,Software - Application,yfinance,2025-12-06 00:00:00
ICCC,Healthcare,Biotechnology,yfinance,2025-12-06 00:00:00
ICCM,Healthcare,Medical Devices,yfinance,2025-12-06 00:00:00
ICE,Financial Services,Financial Data & Stock Exchanges,yfinance,2025-12-06 00:00:00
ICFI,Industrials,Consulting Services,yfinance,2025-12-06 00:00:00
ICG,Technology,Semiconductors,yfinance,2025-12-06 00:00:00
ICHR,Technology,Semiconductor Equipment & Materials,yfinance,2025-12-06 00:00:00
ICL,Basic Materials,Agricultural Inputs,yfinance,2025-12-06 00:00:00
ICLR,Healthcare,Diagnostics & Research,yfinance,2025-12-06 00:00:00
ICMB,Financial Services,Asset Management,yfinance,2025-12-06 00:00:00
ICON,Industrials,Marine Shipping,yfinance,2025-12-06 00:00:00
ICU,Healthcare,Biotechnology,yfinance,2025-12-06 00:00:00
ICUCW,Healthcare,Biotechnology,yfinance,2025-12-06 00:00:00
ICUI,Healthcare,Medical Instruments & Supplies,yfinance,2025-12-06 00:00:00
IDA,Utilities,Utilities - Regulated Electric,yfinance,2025-12-06 00:00:00
IDAI,Technology,Software - Application,yfinance,2025-12-06 00:00:00
IDCC,Technology,Software - Application,yfinance,2025-12-06 00:00:00
IDE,Financial Services,Asset Management,yfinance,2025-12-06 00:00:00
IDN,Technology,Software - Application,yfinance,2025-12-06 00:00:00
IDR,Basic Materials,Gold,yfinance,2025-12-06 00:00:00
IDT,Communication Services,Telecom Services,yfinance,2025-12-06 00:00:00
IDXX,Healthcare,Diagnostics & Research,yfinance,2025-12-06 00:00:00
IDYA,Healthcare,Biotechnology,yfinance,2025-12-06 00:00:00
IE,Basic Materials,Copper,yfinance,2025-12-06 00:00:00
IEP,Energy,Oil & Gas Refining & Marketing,yfinance,2025-12-06 00:00:00
IESC,Industrials,Engineering & Construction,yfinance,2025-12-06 00:00:00
IEX,Industrials,Specialty Industrial Machinery,yfinance,2025-12-06 00:00:00
IFBD,Technology,Software - Application,yfinance,2025-12-06 00:00:00
IFF,Basic Materials,Specialty Chemicals,yfinance,2025-12-06 00:00:00
IFN,Financial Services,Asset Management,yfinance,2025-12-06 00:00:00
IFRX,Healthcare,Biotechnology,yfinance,2025-12-06 00:00:00
IFS,Financial Services,Banks - Regional,yfinance,2025-12-06 00:00:00
IGA,Financial Services,Asset Management,yfinance,2025-12-06 00:00:00
IGACU,Unknown,Unknown,yfinance,2025-12-06 00:00:00
IGC,Healthcare,Biotechnology,yfinance,2025-12-06 00:00:00
IGD,Financial Services,Asset Management,yfinance,2025-12-06 00:00:00
IGI,Financial Services,Asset Management,yfinance,2025-12-06 00:00:00
IGIC,Financial Services,Insurance - Diversified,yfinance,2025-12-06 00:00:00
IGR,Financial Services,Asset Management,yfinance,2025-12-06 00:00:00
IH,Consumer Defensive,Education & Training Services,yfinance,2025-12-06 00:00:00
IHD,Financial Services,Asset Management,yfinance,2025-12-06 00:00:00
IHG,Consumer Cyclical,Lodging,yfinance,2025-12-06 00:00:00
IHRT,Communication Services,Broadcasting,yfinance,2025-12-06 00:00:00
IHS,Real Estate,Real Estate Services,yfinance,2025-12-06 00:00:00
IHT,Real Estate,REIT - Hotel & Motel,yfinance,2025-12-06 00:00:00
IIF,Financial Services,Asset Management,yfinance,2025-12-06 00:00:00
III,Technology,Information Technology Services,yfinance,2025-12-06 00:00:00
IIIN,Industrials,Metal Fabrication,yfinance,2025-12-06 00:00:00
IIIV,Technology,Software - Infrastructure,yfinance,2025-12-06 00:00:00
IIM,Financial Services,Asset Management,yfinance,2025-12-06 00:00:00
IINN,Healthcare,Medical Devices,yfinance,2025-12-06 00:00:00
IINNW,Healthcare,Medical Devices,yfinance,2025-12-06 00:00:00
IIPR,Real Estate,REIT - Industrial,yfinance,2025-12-06 00:00:00
IKT,Healthcare,Biotechnology,yfinance,2025-12-06 00:00:00
ILAG,Industrials,Building Products & Equipment,yfinance,2025-12-06 00:00:00
ILLR,Technology,Software - Application,yfinance,2025-12-06 00:00:00
ILLRW,Technology,Software - Application,yfinance,2025-12-06 00:00:00
ILMN,Healthcare,Diagnostics & Research,yfinance,2025-12-06 00:00:00
ILPT,Real Estate,REIT - Industrial,yfinance,2025-12-06 00:00:00
IMA,Healthcare,Biotechnology,yfinance,2025-12-06 00:00:00
IMAX,Communication Services,Entertainment,yfinance,2025-12-06 00:00:00
IMCC,Healthcare,Drug Manufacturers - Specialty & Generic,yfinance,2025-12-06 00:00:00
IMCR,Healthcare,Biotechnology,yfinance,2025-12-06 00:00:00
IMDX,Healthcare,Diagnostics & Research,yfinance,2025-12-06 00:00:00
IMG,Consumer Defensive,Packaged Foods,yfinance,2025-12-06 00:00:00
IMKTA,Consumer Defensive,Grocery Stores,yfinance,2025-12-06 00:00:00
IMMP,Healthcare,Biotechnology,yfinance,2025-12-06 00:00:00
IMMR,Technology,Software - Application,yfinance,2025-12-06 00:00:00
IMMX,Healthcare,Biotechnology,yfinance,2025-12-06 00:00:00
IMNM,Healthcare,Biotechnology,yfinance,2025-12-06 00:00:00
IMNN,Healthcare,Biotechnology,yfinance,2025-12-06 00:00:00
IMO,Energy,Oil & Gas Integrated,yfinance,2025-12-06 00:00:00
IMOS,Technology,Semiconductors,yfinance,2025-12-06 00:00:00
IMPP,Energy,Oil & Gas Midstream,yfinance,2025-12-06 00:00:00
IMPPP,Energy,Oil & Gas Midstream,yfinance,2025-12-06 00:00:00
IMRN,Healthcare,Biotechnology,yfinance,2025-12-06 00:00:00
IMRX,Healthcare,Biotechnology,yfinance,2025-12-06 00:00:00
IMSR,Utilities,Utilities - Regulated Electric,yfinance,2025-12-06 00:00:00
IMSRW,Utilities,Utilities - Regulated Electric,yfinance,2025-12-06 00:00:00
IMTE,Technology,Electronic Components,yfinance,2025-12-06 00:00:00
IMTX,Healthcare,Biotechnology,yfinance,2025-12-06 00:00:00
IMUX,Healthcare,Biotechnology,yfinance,2025-12-06 00:00:00
IMVT,Healthcare,Biotechnology,yfinance,2025-12-06 00:00:00
IMXI,Technology,Software - Infrastructure,yfinance,2025-12-06 00:00:00
INAB,Healthcare,Biotechnology,yfinance,2025-12-06 00:00:00
INAC,Financial Services,Shell Companies,yfinance,2025-12-06 00:00:00
INACR,Unknown,Unknown,yfinance,2025-12-06 00:00:00
INACU,Financial Services,Shell Companies,yfinance,2025-12-06 00:00:00
INBK,Financial Services,Banks - Regional,yfinance,2025-12-06 00:00:00
INBKZ,Unknown,Unknown,yfinance,2025-12-06 00:00:00
INBS,Healthcare,Medical Devices,yfinance,2025-12-06 00:00:00
INBX,Healthcare,Biotechnology,yfinance,2025-12-06 00:00:00
INCR,Healthcare,Drug Manufacturers - Specialty & Generic,yfinance,2025-12-06 00:00:00
INCY,Healthcare,Biotechnology,yfinance,2025-12-06 00:00:00
INDB,Financial Services,Banks - Regional,yfinance,2025-12-06 00:00:00
INDI,Technology,Semiconductor Equipment & Materials,yfinance,2025-12-06 00:00:00
INDO,Energy,Oil & Gas E&P,yfinance,2025-12-06 00:00:00
INDP,Healthcare,Biotechnology,yfinance,2025-12-06 00:00:00
INDV,Healthcare,Drug Manufacturers - Specialty & Generic,yfinance,2025-12-06 00:00:00
INEO,Consumer Cyclical,Auto Parts,yfinance,2025-12-06 00:00:00
INFU,Healthcare,Medical Instruments & Supplies,yfinance,2025-12-06 00:00:00
INFY,Technology,Information Technology Services,yfinance,2025-12-06 00:00:00
ING,Financial Services,Banks - Diversified,yfinance,2025-12-06 00:00:00
INGM,Technology,Information Technology Services,yfinance,2025-12-06 00:00:00
INGN,Healthcare,Medical Devices,yfinance,2025-12-06 00:00:00
INGR,Consumer Defensive,Packaged Foods,yfinance,2025-12-06 00:00:00
INHD,Basic Materials,Steel,yfinance,2025-12-06 00:00:00
INKT,Healthcare,Biotechnology,yfinance,2025-12-06 00:00:00
INLF,Industrials,Specialty Industrial Machinery,yfinance,2025-12-06 00:00:00
INLX,Technology,Software - Application,yfinance,2025-12-06 00:00:00
INM,Healthcare,Drug Manufacturers - Specialty & Generic,yfinance,2025-12-06 00:00:00
INMB,Healthcare,Biotechnology,yfinance,2025-12-06 00:00:00
INMD,Healthcare,Medical Devices,yfinance,2025-12-06 00:00:00
INN,Real Estate,REIT - Hotel & Motel,yfinance,2025-12-06 00:00:00
INNV,Healthcare,Medical Care Facilities,yfinance,2025-12-06 00:00:00
INO,Healthcare,Biotechnology,yfinance,2025-12-06 00:00:00
INOD,Technology,Information Technology Services,yfinance,2025-12-06 00:00:00
INR,Energy,Oil & Gas E&P,yfinance,2025-12-06 00:00:00
INSE,Consumer Cyclical,Gambling,yfinance,2025-12-06 00:00:00
INSG,Technology,Communication Equipment,yfinance,2025-12-06 00:00:00
INSM,Healthcare,Biotechnology,yfinance,2025-12-06 00:00:00
INSP,Healthcare,Medical Devices,yfinance,2025-12-06 00:00:00
INSW,Energy,Oil & Gas Midstream,yfinance,2025-12-06 00:00:00
INTA,Technology,Software - Application,yfinance,2025-12-06 00:00:00
INTC,Technology,Semiconductors,yfinance,2025-12-06 00:00:00
INTG,Consumer Cyclical,Lodging,yfinance,2025-12-06 00:00:00
INTJ,Industrials,Consulting Services,yfinance,2025-12-06 00:00:00
INTR,Financial Services,Banks - Regional,yfinance,2025-12-06 00:00:00
INTS,Healthcare,Biotechnology,yfinance,2025-12-06 00:00:00
INTT,Technology,Semiconductor Equipment & Materials,yfinance,2025-12-06 00:00:00
INTU,Technology,Software - Application,yfinance,2025-12-06 00:00:00
INTZ,Technology,Software - Infrastructure,yfinance,2025-12-06 00:00:00
INUV,Technology,Software - Application,yfinance,2025-12-06 00:00:00
INV,Financial Services,Asset Management,yfinance,2025-12-06 00:00:00
INVA,Healthcare,Biotechnology,yfinance,2025-12-06 00:00:00
INVE,Industrials,Building Products & Equipment,yfinance,2025-12-06 00:00:00
INVH,Real Estate,REIT - Residential,yfinance,2025-12-06 00:00:00
INVX,Energy,Oil & Gas Equipment & Services,yfinance,2025-12-06 00:00:00
INVZ,Consumer Cyclical,Auto Parts,yfinance,2025-12-06 00:00:00
INVZW,Consumer Cyclical,Auto Parts,yfinance,2025-12-06 00:00:00
IOBT,Healthcare,Biotechnology,yfinance,2025-12-06 00:00:00
IONQ,Technology,Computer Hardware,yfinance,2025-12-06 00:00:00
IONR,Basic Materials,Other Industrial Metals & Mining,yfinance,2025-12-06 00:00:00
IONS,Healthcare,Biotechnology,yfinance,2025-12-06 00:00:00
IOR,Financial Services,Mortgage Finance,yfinance,2025-12-06 00:00:00
IOSP,Basic Materials,Specialty Chemicals,yfinance,2025-12-06 00:00:00
IOT,Technology,Software - Infrastructure,yfinance,2025-12-06 00:00:00
IOTR,Communication Services,Telecom Services,yfinance,2025-12-06 00:00:00
IOVA,Healthcare,Biotechnology,yfinance,2025-12-06 00:00:00
IP,Consumer Cyclical,Packaging & Containers,yfinance,2025-12-06 00:00:00
IPAR,Consumer Defensive,Household & Personal Products,yfinance,2025-12-06 00:00:00
IPCX,Financial Services,Shell Companies,yfinance,2025-12-06 00:00:00
IPCXR,Unknown,Unknown,yfinance,2025-12-06 00:00:00
IPCXU,Financial Services,Shell Companies,yfinance,2025-12-06 00:00:00
IPDN,Industrials,Staffing & Employment Services,yfinance,2025-12-06 00:00:00
IPEX,Financial Services,Shell Companies,yfinance,2025-12-06 00:00:00
IPEXR,Unknown,Unknown,yfinance,2025-12-06 00:00:00
IPEXU,Financial Services,Shell Companies,yfinance,2025-12-06 00:00:00
IPGP,Technology,Semiconductor Equipment & Materials,yfinance,2025-12-06 00:00:00
IPHA,Healthcare,Biotechnology,yfinance,2025-12-06 00:00:00
IPI,Basic Materials,Agricultural Inputs,yfinance,2025-12-06 00:00:00
IPM,Technology,Software - Application,yfinance,2025-12-06 00:00:00
IPOD,Financial Services,Shell Companies,yfinance,2025-12-06 00:00:00
IPODU,Financial Services,Shell Companies,yfinance,2025-12-06 00:00:00
IPODW,Financial Services,Shell Companies,yfinance,2025-12-06 00:00:00
IPSC,Healthcare,Biotechnology,yfinance,2025-12-06 00:00:00
IPST,Consumer Defensive,Beverages - Wineries & Distilleries,yfinance,2025-12-06 00:00:00
IPW,Consumer Cyclical,Internet Retail,yfinance,2025-12-06 00:00:00
IPWR,Technology,Semiconductors,yfinance,2025-12-06 00:00:00
IPX,Basic Materials,Other Industrial Metals & Mining,yfinance,2025-12-06 00:00:00
IQ,Communication Services,Entertainment,yfinance,2025-12-06 00:00:00
IQI,Financial Services,Asset Management,yfinance,2025-12-06 00:00:00
IQST,Communication Services,Telecom Services,yfinance,2025-12-06 00:00:00
IQV,Healthcare,Diagnostics & Research,yfinance,2025-12-06 00:00:00
IR,Industrials,Specialty Industrial Machinery,yfinance,2025-12-06 00:00:00
IRBT,Consumer Cyclical,"Furnishings, Fixtures & Appliances",yfinance,2025-12-06 00:00:00
IRD,Healthcare,Biotechnology,yfinance,2025-12-06 00:00:00
IRDM,Communication Services,Telecom Services,yfinance,2025-12-06 00:00:00
IREN,Financial Services,Capital Markets,yfinance,2025-12-06 00:00:00
IRIX,Healthcare,Medical Devices,yfinance,2025-12-06 00:00:00
IRM,Real Estate,REIT - Specialty,yfinance,2025-12-06 00:00:00
IRMD,Healthcare,Medical Devices,yfinance,2025-12-06 00:00:00
IRON,Healthcare,Biotechnology,yfinance,2025-12-06 00:00:00
IROQ,Financial Services,Banks - Regional,yfinance,2025-12-06 00:00:00
IRS,Real Estate,Real Estate Services,yfinance,2025-12-06 00:00:00
IRT,Real Estate,REIT - Residential,yfinance,2025-12-06 00:00:00
IRTC,Healthcare,Medical Devices,yfinance,2025-12-06 00:00:00
IRWD,Healthcare,Drug Manufacturers - Specialty & Generic,yfinance,2025-12-06 00:00:00
ISBA,Financial Services,Banks - Regional,yfinance,2025-12-06 00:00:00
ISD,Financial Services,Asset Management,yfinance,2025-12-06 00:00:00
ISOU,Energy,Uranium,yfinance,2025-12-06 00:00:00
ISPC,Healthcare,Diagnostics & Research,yfinance,2025-12-06 00:00:00
ISPO,Consumer Cyclical,Travel Services,yfinance,2025-12-06 00:00:00
ISPOW,Consumer Cyclical,Travel Services,yfinance,2025-12-06 00:00:00
ISPR,Consumer Defensive,Tobacco,yfinance,2025-12-06 00:00:00
ISRG,Healthcare,Medical Instruments & Supplies,yfinance,2025-12-06 00:00:00
ISSC,Industrials,Aerospace & Defense,yfinance,2025-12-06 00:00:00
ISTR,Financial Services,Banks - Regional,yfinance,2025-12-06 00:00:00
IT,Technology,Information Technology Services,yfinance,2025-12-06 00:00:00
ITGR,Healthcare,Medical Devices,yfinance,2025-12-06 00:00:00
ITIC,Financial Services,Insurance - Specialty,yfinance,2025-12-06 00:00:00
ITP,Basic Materials,Paper & Paper Products,yfinance,2025-12-06 00:00:00
ITRG,Basic Materials,Other Precious Metals & Mining,yfinance,2025-12-06 00:00:00
ITRI,Technology,Scientific & Technical Instruments,yfinance,2025-12-06 00:00:00
ITRM,Healthcare,Biotechnology,yfinance,2025-12-06 00:00:00
ITRN,Technology,Scientific & Technical Instruments,yfinance,2025-12-06 00:00:00
ITT,Industrials,Specialty Industrial Machinery,yfinance,2025-12-06 00:00:00
ITUB,Financial Services,Banks - Regional,yfinance,2025-12-06 00:00:00
ITW,Industrials,Specialty Industrial Machinery,yfinance,2025-12-06 00:00:00
IVA,Healthcare,Biotechnology,yfinance,2025-12-06 00:00:00
IVDA,Industrials,Security & Protection Services,yfinance,2025-12-06 00:00:00
IVDAW,Industrials,Security & Protection Services,yfinance,2025-12-06 00:00:00
IVF,Healthcare,Medical Devices,yfinance,2025-12-06 00:00:00
IVP,Consumer Cyclical,Personal Services,yfinance,2025-12-06 00:00:00
IVR,Real Estate,REIT - Mortgage,yfinance,2025-12-06 00:00:00
IVT,Real Estate,REIT - Retail,yfinance,2025-12-06 00:00:00
IVVD,Healthcare,Biotechnology,yfinance,2025-12-06 00:00:00
IVZ,Financial Services,Asset Management,yfinance,2025-12-06 00:00:00
IX,Financial Services,Financial Conglomerates,yfinance,2025-12-06 00:00:00
IXHL,Healthcare,Drug Manufacturers - Specialty & Generic,yfinance,2025-12-06 00:00:00
IZEA,Communication Services,Internet Content & Information,yfinance,2025-12-06 00:00:00
IZM,Technology,Electronics & Computer Distribution,yfinance,2025-12-06 00:00:00
J,Industrials,Engineering & Construction,yfinance,2025-12-06 00:00:00
JACK,Consumer Cyclical,Restaurants,yfinance,2025-12-06 00:00:00
JACS,Financial Services,Shell Companies,yfinance,2025-12-06 00:00:00
JAGX,Healthcare,Biotechnology,yfinance,2025-12-06 00:00:00
JAKK,Consumer Cyclical,Leisure,yfinance,2025-12-06 00:00:00
JAMF,Technology,Software - Application,yfinance,2025-12-06 00:00:00
JANX,Healthcare,Biotechnology,yfinance,2025-12-06 00:00:00
JAZZ,Healthcare,Biotechnology,yfinance,2025-12-06 00:00:00
JBDI,Consumer Cyclical,Specialty Retail,yfinance,2025-12-06 00:00:00
JBGS,Real Estate,REIT - Office,yfinance,2025-12-06 00:00:00
JBHT,Industrials,Integrated Freight & Logistics,yfinance,2025-12-06 00:00:00
JBI,Industrials,Building Products & Equipment,yfinance,2025-12-06 00:00:00
JBIO,Healthcare,Biotechnology,yfinance,2025-12-06 00:00:00
JBK,Unknown,Unknown,yfinance,2025-12-06 00:00:00
JBL,Technology,Electronic Components,yfinance,2025-12-06 00:00:00
JBLU,Industrials,Airlines,yfinance,2025-12-06 00:00:00
JBS,Consumer Defensive,Packaged Foods,yfinance,2025-12-06 00:00:00
JBSS,Consumer Defensive,Packaged Foods,yfinance,2025-12-06 00:00:00
JBTM,Industrials,Specialty Industrial Machinery,yfinance,2025-12-06 00:00:00
JCAP,Financial Services,Credit Services,yfinance,2025-12-06 00:00:00
JCE,Financial Services,Asset Management,yfinance,2025-12-06 00:00:00
JCI,Industrials,Building Products & Equipment,yfinance,2025-12-06 00:00:00
JCSE,Industrials,Specialty Industrial Machinery,yfinance,2025-12-06 00:00:00
JCTC,Basic Materials,Lumber & Wood Production,yfinance,2025-12-06 00:00:00
JD,Consumer Cyclical,Internet Retail,yfinance,2025-12-06 00:00:00
JDZG,Technology,Information Technology Services,yfinance,2025-12-06 00:00:00
JEF,Financial Services,Capital Markets,yfinance,2025-12-06 00:00:00
JELD,Industrials,Building Products & Equipment,yfinance,2025-12-06 00:00:00
JEM,Consumer Cyclical,Apparel Retail,yfinance,2025-12-06 00:00:00
JENA,Unknown,Unknown,yfinance,2025-12-06 00:00:00
JFB,Real Estate,Real Estate - Development,yfinance,2025-12-06 00:00:00
JFBR,Consumer Cyclical,Internet Retail,yfinance,2025-12-06 00:00:00
JFBRW,Consumer Cyclical,Internet Retail,yfinance,2025-12-06 00:00:00
JFIN,Communication Services,Internet Content & Information,yfinance,2025-12-06 00:00:00
JFR,Financial Services,Asset Management,yfinance,2025-12-06 00:00:00
JFU,Technology,Information Technology Services,yfinance,2025-12-06 00:00:00
JG,Technology,Software - Infrastructure,yfinance,2025-12-06 00:00:00
JGH,Financial Services,Asset Management,yfinance,2025-12-06 00:00:00
JHG,Financial Services,Asset Management,yfinance,2025-12-06 00:00:00
JHI,Financial Services,Asset Management,yfinance,2025-12-06 00:00:00
JHS,Financial Services,Asset Management,yfinance,2025-12-06 00:00:00
JHX,Basic Materials,Building Materials,yfinance,2025-12-06 00:00:00
JILL,Consumer Cyclical,Apparel Retail,yfinance,2025-12-06 00:00:00
JJSF,Consumer Defensive,Packaged Foods,yfinance,2025-12-06 00:00:00
JKHY,Technology,Information Technology Services,yfinance,2025-12-06 00:00:00
JKS,Technology,Solar,yfinance,2025-12-06 00:00:00
JL,Consumer Cyclical,Apparel Manufacturing,yfinance,2025-12-06 00:00:00
JLHL,Industrials,Building Products & Equipment,yfinance,2025-12-06 00:00:00
JLL,Real Estate,Real Estate Services,yfinance,2025-12-06 00:00:00
JLS,Financial Services,Asset Management,yfinance,2025-12-06 00:00:00
JMIA,Consumer Cyclical,Internet Retail,yfinance,2025-12-06 00:00:00
JMM,Financial Services,Asset Management,yfinance,2025-12-06 00:00:00
JMSB,Financial Services,Banks - Regional,yfinance,2025-12-06 00:00:00
JNJ,Healthcare,Drug Manufacturers - General,yfinance,2025-12-06 00:00:00
JOB,Industrials,Staffing & Employment Services,yfinance,2025-12-06 00:00:00
JOBY,Industrials,Airports & Air Services,yfinance,2025-12-06 00:00:00
JOE,Real Estate,Real Estate - Diversified,yfinance,2025-12-06 00:00:00
JOF,Financial Services,Asset Management,yfinance,2025-12-06 00:00:00
JOUT,Consumer Cyclical,Leisure,yfinance,2025-12-06 00:00:00
JOYY,Communication Services,Internet Content & Information,yfinance,2025-12-06 00:00:00
JPC,Financial Services,Asset Management,yfinance,2025-12-06 00:00:00
JPM,Financial Services,Banks - Diversified,yfinance,2025-12-06 00:00:00
JQC,Financial Services,Asset Management,yfinance,2025-12-06 00:00:00
JRI,Financial Services,Asset Management,yfinance,2025-12-06 00:00:00
JRS,Financial Services,Asset Management,yfinance,2025-12-06 00:00:00
JRSH,Consumer Cyclical,Apparel Manufacturing,yfinance,2025-12-06 00:00:00
JRVR,Financial Services,Insurance - Specialty,yfinance,2025-12-06 00:00:00
JSM,Unknown,Unknown,yfinance,2025-12-06 00:00:00
JSPR,Healthcare,Biotechnology,yfinance,2025-12-06 00:00:00
JSPRW,Healthcare,Biotechnology,yfinance,2025-12-06 00:00:00
JTAI,Technology,Software - Application,yfinance,2025-12-06 00:00:00
JUNS,Healthcare,Biotechnology,yfinance,2025-12-06 00:00:00
JVA,Consumer Defensive,Packaged Foods,yfinance,2025-12-06 00:00:00
JWEL,Consumer Cyclical,Internet Retail,yfinance,2025-12-06 00:00:00
JXG,Consumer Cyclical,Apparel Manufacturing,yfinance,2025-12-06 00:00:00
JXN,Financial Services,Insurance - Life,yfinance,2025-12-06 00:00:00
JYD,Industrials,Integrated Freight & Logistics,yfinance,2025-12-06 00:00:00
JYNT,Healthcare,Medical Care Facilities,yfinance,2025-12-06 00:00:00
JZ,Technology,Information Technology Services,yfinance,2025-12-06 00:00:00
JZXN,Consumer Cyclical,Auto & Truck Dealerships,yfinance,2025-12-06 00:00:00
K,Consumer Defensive,Packaged Foods,yfinance,2025-12-06 00:00:00
KAI,Industrials,Specialty Industrial Machinery,yfinance,2025-12-06 00:00:00
KALA,Healthcare,Biotechnology,yfinance,2025-12-06 00:00:00
KALU,Basic Materials,Aluminum,yfinance,2025-12-06 00:00:00
KALV,Healthcare,Biotechnology,yfinance,2025-12-06 00:00:00
KAPA,Healthcare,Biotechnology,yfinance,2025-12-06 00:00:00
KAR,Consumer Cyclical,Auto & Truck Dealerships,yfinance,2025-12-06 00:00:00
KARO,Technology,Software - Application,yfinance,2025-12-06 00:00:00
KAVL,Consumer Defensive,Tobacco,yfinance,2025-12-06 00:00:00
KB,Financial Services,Banks - Regional,yfinance,2025-12-06 00:00:00
KBDC,Financial Services,Asset Management,yfinance,2025-12-06 00:00:00
KBH,Consumer Cyclical,Residential Construction,yfinance,2025-12-06 00:00:00
KBR,Industrials,Engineering & Construction,yfinance,2025-12-06 00:00:00
KBSX,Basic Materials,Steel,yfinance,2025-12-06 00:00:00
KC,Technology,Software - Application,yfinance,2025-12-06 00:00:00
KCHV,Unknown,Unknown,yfinance,2025-12-06 00:00:00
KCHVR,Unknown,Unknown,yfinance,2025-12-06 00:00:00
KCHVU,Unknown,Unknown,yfinance,2025-12-06 00:00:00
KD,Technology,Information Technology Services,yfinance,2025-12-06 00:00:00
KDK,Industrials,Farm & Heavy Construction Machinery,yfinance,2025-12-06 00:00:00
KDKRW,Industrials,Farm & Heavy Construction Machinery,yfinance,2025-12-06 00:00:00
KDP,Consumer Defensive,Beverages - Non-Alcoholic,yfinance,2025-12-06 00:00:00
KE,Industrials,Electrical Equipment & Parts,yfinance,2025-12-06 00:00:00
KELYA,Industrials,Staffing & Employment Services,yfinance,2025-12-06 00:00:00
KELYB,Industrials,Staffing & Employment Services,yfinance,2025-12-06 00:00:00
KEN,Utilities,Utilities - Independent Power Producers,yfinance,2025-12-06 00:00:00
KEP,Utilities,Utilities - Regulated Electric,yfinance,2025-12-06 00:00:00
KEQU,Consumer Cyclical,"Furnishings, Fixtures & Appliances",yfinance,2025-12-06 00:00:00
KEX,Industrials,Marine Shipping,yfinance,2025-12-06 00:00:00
KEY,Financial Services,Banks - Regional,yfinance,2025-12-06 00:00:00
KEYS,Technology,Scientific & Technical Instruments,yfinance,2025-12-06 00:00:00
KF,Financial Services,Asset Management,yfinance,2025-12-06 00:00:00
KFFB,Financial Services,Banks - Regional,yfinance,2025-12-06 00:00:00
KFII,Financial Services,Shell Companies,yfinance,2025-12-06 00:00:00
KFIIR,Unknown,Unknown,yfinance,2025-12-06 00:00:00
KFIIU,Financial Services,Shell Companies,yfinance,2025-12-06 00:00:00
KFRC,Industrials,Staffing & Employment Services,yfinance,2025-12-06 00:00:00
KFS,Consumer Cyclical,Auto & Truck Dealerships,yfinance,2025-12-06 00:00:00
KFY,Industrials,Staffing & Employment Services,yfinance,2025-12-06 00:00:00
KG,Financial Services,Insurance Brokers,yfinance,2025-12-06 00:00:00
KGC,Basic Materials,Gold,yfinance,2025-12-06 00:00:00
KGEI,Energy,Oil & Gas E&P,yfinance,2025-12-06 00:00:00
KGS,Energy,Oil & Gas Equipment & Services,yfinance,2025-12-06 00:00:00
KHC,Consumer Defensive,Packaged Foods,yfinance,2025-12-06 00:00:00
KIDS,Healthcare,Medical Devices,yfinance,2025-12-06 00:00:00
KIDZ,Consumer Defensive,Education & Training Services,yfinance,2025-12-06 00:00:00
KIDZW,Consumer Defensive,Education & Training Services,yfinance,2025-12-06 00:00:00
KIM,Real Estate,REIT - Retail,yfinance,2025-12-06 00:00:00
KINS,Financial Services,Insurance - Property & Casualty,yfinance,2025-12-06 00:00:00
KIO,Financial Services,Asset Management,yfinance,2025-12-06 00:00:00
KITT,Industrials,Aerospace & Defense,yfinance,2025-12-06 00:00:00
KITTW,Industrials,Aerospace & Defense,yfinance,2025-12-06 00:00:00
KKR,Financial Services,Asset Management,yfinance,2025-12-06 00:00:00
KKRS,Unknown,Unknown,yfinance,2025-12-06 00:00:00
KKRT,Unknown,Unknown,yfinance,2025-12-06 00:00:00
KLAC,Technology,Semiconductor Equipment & Materials,yfinance,2025-12-06 00:00:00
KLAR,Technology,Software - Infrastructure,yfinance,2025-12-06 00:00:00
KLC,Consumer Defensive,Education & Training Services,yfinance,2025-12-06 00:00:00
KLIC,Technology,Semiconductor Equipment & Materials,yfinance,2025-12-06 00:00:00
KLRS,Healthcare,Biotechnology,yfinance,2025-12-06 00:00:00
KLTO,Healthcare,Biotechnology,yfinance,2025-12-06 00:00:00
KLTOW,Healthcare,Biotechnology,yfinance,2025-12-06 00:00:00
KLTR,Technology,Software - Application,yfinance,2025-12-06 00:00:00
KLXE,Energy,Oil & Gas Equipment & Services,yfinance,2025-12-06 00:00:00
KMB,Consumer Defensive,Household & Personal Products,yfinance,2025-12-06 00:00:00
KMDA,Healthcare,Drug Manufacturers - Specialty & Generic,yfinance,2025-12-06 00:00:00
KMI,Energy,Oil & Gas Midstream,yfinance,2025-12-06 00:00:00
KMPB,Unknown,Unknown,yfinance,2025-12-06 00:00:00
KMPR,Financial Services,Insurance - Property & Casualty,yfinance,2025-12-06 00:00:00
KMRK,Consumer Cyclical,Leisure,yfinance,2025-12-06 00:00:00
KMT,Industrials,Tools & Accessories,yfinance,2025-12-06 00:00:00
KMTS,Healthcare,Medical Instruments & Supplies,yfinance,2025-12-06 00:00:00
KMX,Consumer Cyclical,Auto & Truck Dealerships,yfinance,2025-12-06 00:00:00
KN,Technology,Electronic Components,yfinance,2025-12-06 00:00:00
KNDI,Consumer Cyclical,Recreational Vehicles,yfinance,2025-12-06 00:00:00
KNF,Basic Materials,Building Materials,yfinance,2025-12-06 00:00:00
KNOP,Energy,Oil & Gas Midstream,yfinance,2025-12-06 00:00:00
KNRX,Technology,Software - Application,yfinance,2025-12-06 00:00:00
KNSA,Healthcare,Drug Manufacturers - Specialty & Generic,yfinance,2025-12-06 00:00:00
KNSL,Financial Services,Insurance - Property & Casualty,yfinance,2025-12-06 00:00:00
KNTK,Energy,Oil & Gas Midstream,yfinance,2025-12-06 00:00:00
KNX,Industrials,Trucking,yfinance,2025-12-06 00:00:00
KO,Consumer Defensive,Beverages - Non-Alcoholic,yfinance,2025-12-06 00:00:00
KOD,Healthcare,Biotechnology,yfinance,2025-12-06 00:00:00
KODK,Industrials,Specialty Business Services,yfinance,2025-12-06 00:00:00
KOF,Consumer Defensive,Beverages - Non-Alcoholic,yfinance,2025-12-06 00:00:00
KOP,Basic Materials,Specialty Chemicals,yfinance,2025-12-06 00:00:00
KOPN,Technology,Electronic Components,yfinance,2025-12-06 00:00:00
KORE,Communication Services,Telecom Services,yfinance,2025-12-06 00:00:00
KOS,Energy,Oil & Gas E&P,yfinance,2025-12-06 00:00:00
KOSS,Technology,Consumer Electronics,yfinance,2025-12-06 00:00:00
KOYN,Financial Services,Shell Companies,yfinance,2025-12-06 00:00:00
KOYNU,Financial Services,Shell Companies,yfinance,2025-12-06 00:00:00
KOYNW,Financial Services,Shell Companies,yfinance,2025-12-06 00:00:00
KPLT,Technology,Software - Infrastructure,yfinance,2025-12-06 00:00:00
KPLTW,Technology,Software - Infrastructure,yfinance,2025-12-06 00:00:00
KPRX,Healthcare,Biotechnology,yfinance,2025-12-06 00:00:00
KPTI,Healthcare,Biotechnology,yfinance,2025-12-06 00:00:00
KR,Consumer Defensive,Grocery Stores,yfinance,2025-12-06 00:00:00
KRC,Real Estate,REIT - Office,yfinance,2025-12-06 00:00:00
KREF,Real Estate,REIT - Mortgage,yfinance,2025-12-06 00:00:00
KRG,Real Estate,REIT - Retail,yfinance,2025-12-06 00:00:00
KRKR,Communication Services,Advertising Agencies,yfinance,2025-12-06 00:00:00
KRMD,Healthcare,Medical Instruments & Supplies,yfinance,2025-12-06 00:00:00
KRMN,Industrials,Aerospace & Defense,yfinance,2025-12-06 00:00:00
KRNT,Industrials,Specialty Industrial Machinery,yfinance,2025-12-06 00:00:00
KRNY,Financial Services,Banks - Regional,yfinance,2025-12-06 00:00:00
KRO,Basic Materials,Specialty Chemicals,yfinance,2025-12-06 00:00:00
KROS,Healthcare,Biotechnology,yfinance,2025-12-06 00:00:00
KRP,Energy,Oil & Gas E&P,yfinance,2025-12-06 00:00:00
KRRO,Healthcare,Biotechnology,yfinance,2025-12-06 00:00:00
KRSP,Unknown,Unknown,yfinance,2025-12-06 00:00:00
KRT,Consumer Cyclical,Packaging & Containers,yfinance,2025-12-06 00:00:00
KRUS,Consumer Cyclical,Restaurants,yfinance,2025-12-06 00:00:00
KRYS,Healthcare,Biotechnology,yfinance,2025-12-06 00:00:00
KSCP,Industrials,Security & Protection Services,yfinance,2025-12-06 00:00:00
KSPI,Technology,Software - Infrastructure,yfinance,2025-12-06 00:00:00
KSS,Consumer Cyclical,Department Stores,yfinance,2025-12-06 00:00:00
KT,Communication Services,Telecom Services,yfinance,2025-12-06 00:00:00
KTB,Consumer Cyclical,Apparel Manufacturing,yfinance,2025-12-06 00:00:00
KTCC,Technology,Computer Hardware,yfinance,2025-12-06 00:00:00
KTF,Financial Services,Asset Management,yfinance,2025-12-06 00:00:00
KTH,Unknown,Unknown,yfinance,2025-12-06 00:00:00
KTN,Unknown,Unknown,yfinance,2025-12-06 00:00:00
KTOS,Industrials,Aerospace & Defense,yfinance,2025-12-06 00:00:00
KTTA,Healthcare,Biotechnology,yfinance,2025-12-06 00:00:00
KTTAW,Healthcare,Biotechnology,yfinance,2025-12-06 00:00:00
KULR,Technology,Electronic Components,yfinance,2025-12-06 00:00:00
KURA,Healthcare,Biotechnology,yfinance,2025-12-06 00:00:00
KVAC,Financial Services,Shell Companies,yfinance,2025-12-06 00:00:00
KVACU,Financial Services,Shell Companies,yfinance,2025-12-06 00:00:00
KVACW,Financial Services,Shell Companies,yfinance,2025-12-06 00:00:00
KVHI,Communication Services,Telecom Services,yfinance,2025-12-06 00:00:00
KVUE,Consumer Defensive,Household & Personal Products,yfinance,2025-12-06 00:00:00
KVYO,Technology,Software - Application,yfinance,2025-12-06 00:00:00
KW,Real Estate,Real Estate Services,yfinance,2025-12-06 00:00:00
KWM,Communication Services,Entertainment,yfinance,2025-12-06 00:00:00
KWMWW,Communication Services,Entertainment,yfinance,2025-12-06 00:00:00
KWR,Basic Materials,Specialty Chemicals,yfinance,2025-12-06 00:00:00
KXIN,Consumer Cyclical,Auto & Truck Dealerships,yfinance,2025-12-06 00:00:00
KYIV,Communication Services,Telecom Services,yfinance,2025-12-06 00:00:00
KYIVW,Communication Services,Telecom Services,yfinance,2025-12-06 00:00:00
KYMR,Healthcare,Biotechnology,yfinance,2025-12-06 00:00:00
KYN,Financial Services,Asset Management,yfinance,2025-12-06 00:00:00
KYTX,Healthcare,Biotechnology,yfinance,2025-12-06 00:00:00
KZIA,Healthcare,Biotechnology,yfinance,2025-12-06 00:00:00
KZR,Healthcare,Biotechnology,yfinance,2025-12-06 00:00:00
L,Financial Services,Insurance - Property & Casualty,yfinance,2025-12-06 00:00:00
LAB,Healthcare,Medical Devices,yfinance,2025-12-06 00:00:00
LAC,Basic Materials,Other Industrial Metals & Mining,yfinance,2025-12-06 00:00:00
LAD,Consumer Cyclical,Auto & Truck Dealerships,yfinance,2025-12-06 00:00:00
LADR,Real Estate,REIT - Mortgage,yfinance,2025-12-06 00:00:00
LAES,Technology,Semiconductors,yfinance,2025-12-06 00:00:00
LAFA,Financial Services,Shell Companies,yfinance,2025-12-06 00:00:00
LAFAR,Unknown,Unknown,yfinance,2025-12-06 00:00:00
LAFAU,Financial Services,Shell Companies,yfinance,2025-12-06 00:00:00
LAKE,Consumer Cyclical,Apparel Manufacturing,yfinance,2025-12-06 00:00:00
LAMR,Real Estate,REIT - Specialty,yfinance,2025-12-06 00:00:00
LAND,Real Estate,REIT - Specialty,yfinance,2025-12-06 00:00:00
LANDM,Real Estate,REIT - Specialty,yfinance,2025-12-06 00:00:00
LANDO,Real Estate,REIT - Specialty,yfinance,2025-12-06 00:00:00
LANDP,Real Estate,REIT - Specialty,yfinance,2025-12-06 00:00:00
LANV,Consumer Cyclical,Luxury Goods,yfinance,2025-12-06 00:00:00
LAR,Basic Materials,Other Industrial Metals & Mining,yfinance,2025-12-06 00:00:00
LARK,Financial Services,Banks - Regional,yfinance,2025-12-06 00:00:00
LASE,Industrials,Specialty Industrial Machinery,yfinance,2025-12-06 00:00:00
LASR,Technology,Semiconductors,yfinance,2025-12-06 00:00:00
LATA,Financial Services,Shell Companies,yfinance,2025-12-06 00:00:00
LATAU,Financial Services,Shell Companies,yfinance,2025-12-06 00:00:00
LATAW,Financial Services,Shell Companies,yfinance,2025-12-06 00:00:00
LAUR,Consumer Defensive,Education & Training Services,yfinance,2025-12-06 00:00:00
LAW,Technology,Software - Application,yfinance,2025-12-06 00:00:00
LAWR,Industrials,Consulting Services,yfinance,2025-12-06 00:00:00
LAZ,Financial Services,Capital Markets,yfinance,2025-12-06 00:00:00
LAZR,Consumer Cyclical,Auto Parts,yfinance,2025-12-06 00:00:00
LB,Energy,Oil & Gas Equipment & Services,yfinance,2025-12-06 00:00:00
LBGJ,Industrials,Specialty Industrial Machinery,yfinance,2025-12-06 00:00:00
LBRDA,Communication Services,Telecom Services,yfinance,2025-12-06 00:00:00
LBRDK,Communication Services,Telecom Services,yfinance,2025-12-06 00:00:00
LBRDP,Communication Services,Telecom Services,yfinance,2025-12-06 00:00:00
LBRT,Energy,Oil & Gas Equipment & Services,yfinance,2025-12-06 00:00:00
LBRX,Healthcare,Biotechnology,yfinance,2025-12-06 00:00:00
LBTYA,Communication Services,Telecom Services,yfinance,2025-12-06 00:00:00
LBTYB,Communication Services,Telecom Services,yfinance,2025-12-06 00:00:00
LBTYK,Communication Services,Telecom Services,yfinance,2025-12-06 00:00:00
LC,Financial Services,Banks - Regional,yfinance,2025-12-06 00:00:00
LCCC,Financial Services,Shell Companies,yfinance,2025-12-06 00:00:00
LCCCR,Unknown,Unknown,yfinance,2025-12-06 00:00:00
LCCCU,Financial Services,Shell Companies,yfinance,2025-12-06 00:00:00
LCFY,Communication Services,Internet Content & Information,yfinance,2025-12-06 00:00:00
LCFYW,Communication Services,Internet Content & Information,yfinance,2025-12-06 00:00:00
LCID,Consumer Cyclical,Auto Manufacturers,yfinance,2025-12-06 00:00:00
LCII,Consumer Cyclical,Recreational Vehicles,yfinance,2025-12-06 00:00:00
LCNB,Financial Services,Banks - Regional,yfinance,2025-12-06 00:00:00
LCTX,Healthcare,Biotechnology,yfinance,2025-12-06 00:00:00
LCUT,Consumer Cyclical,"Furnishings, Fixtures & Appliances",yfinance,2025-12-06 00:00:00
LDI,Financial Services,Mortgage Finance,yfinance,2025-12-06 00:00:00
LDOS,Technology,Information Technology Services,yfinance,2025-12-06 00:00:00
LDP,Financial Services,Asset Management,yfinance,2025-12-06 00:00:00
LDWY,Communication Services,Advertising Agencies,yfinance,2025-12-06 00:00:00
LE,Consumer Cyclical,Apparel Retail,yfinance,2025-12-06 00:00:00
LEA,Consumer Cyclical,Auto Parts,yfinance,2025-12-06 00:00:00
LECO,Industrials,Tools & Accessories,yfinance,2025-12-06 00:00:00
LEDS,Technology,Semiconductors,yfinance,2025-12-06 00:00:00
LEE,Communication Services,Publishing,yfinance,2025-12-06 00:00:00
LEG,Consumer Cyclical,"Furnishings, Fixtures & Appliances",yfinance,2025-12-06 00:00:00
LEGH,Consumer Cyclical,Residential Construction,yfinance,2025-12-06 00:00:00
LEGN,Healthcare,Biotechnology,yfinance,2025-12-06 00:00:00
LEGT,Financial Services,Shell Companies,yfinance,2025-12-06 00:00:00
LEN,Consumer Cyclical,Residential Construction,yfinance,2025-12-06 00:00:00
LENZ,Healthcare,Biotechnology,yfinance,2025-12-06 00:00:00
LEO,Financial Services,Asset Management,yfinance,2025-12-06 00:00:00
LESL,Consumer Cyclical,Specialty Retail,yfinance,2025-12-06 00:00:00
LEU,Energy,Uranium,yfinance,2025-12-06 00:00:00
LEVI,Consumer Cyclical,Apparel Manufacturing,yfinance,2025-12-06 00:00:00
LEXX,Healthcare,Biotechnology,yfinance,2025-12-06 00:00:00
LEXXW,Healthcare,Biotechnology,yfinance,2025-12-06 00:00:00
LFACU,Financial Services,Shell Companies,yfinance,2025-12-06 00:00:00
LFCR,Healthcare,Drug Manufacturers - Specialty & Generic,yfinance,2025-12-06 00:00:00
LFMD,Healthcare,Health Information Services,yfinance,2025-12-06 00:00:00
LFMDP,Healthcare,Health Information Services,yfinance,2025-12-06 00:00:00
LFS,Communication Services,Entertainment,yfinance,2025-12-06 00:00:00
LFST,Healthcare,Medical Care Facilities,yfinance,2025-12-06 00:00:00
LFT,Real Estate,REIT - Mortgage,yfinance,2025-12-06 00:00:00
LFUS,Technology,Electronic Components,yfinance,2025-12-06 00:00:00
LFVN,Consumer Defensive,Packaged Foods,yfinance,2025-12-06 00:00:00
LFWD,Healthcare,Medical Devices,yfinance,2025-12-06 00:00:00
LGCB,Consumer Cyclical,Internet Retail,yfinance,2025-12-06 00:00:00
LGCL,Technology,Software - Application,yfinance,2025-12-06 00:00:00
LGCY,Consumer Defensive,Education & Training Services,yfinance,2025-12-06 00:00:00
LGHL,Financial Services,Capital Markets,yfinance,2025-12-06 00:00:00
LGI,Financial Services,Asset Management,yfinance,2025-12-06 00:00:00
LGIH,Consumer Cyclical,Residential Construction,yfinance,2025-12-06 00:00:00
LGL,Technology,Scientific & Technical Instruments,yfinance,2025-12-06 00:00:00
LGN,Industrials,Engineering & Construction,yfinance,2025-12-06 00:00:00
LGND,Healthcare,Biotechnology,yfinance,2025-12-06 00:00:00
LGO,Basic Materials,Other Industrial Metals & Mining,yfinance,2025-12-06 00:00:00
LGPS,Industrials,Conglomerates,yfinance,2025-12-06 00:00:00
LGVN,Healthcare,Biotechnology,yfinance,2025-12-06 00:00:00
LH,Healthcare,Diagnostics & Research,yfinance,2025-12-06 00:00:00
LHAI,Real Estate,Real Estate Services,yfinance,2025-12-06 00:00:00
LHSW,Technology,Software - Infrastructure,yfinance,2025-12-06 00:00:00
LHX,Industrials,Aerospace & Defense,yfinance,2025-12-06 00:00:00
LI,Consumer Cyclical,Auto Manufacturers,yfinance,2025-12-06 00:00:00
LICN,Industrials,Specialty Business Services,yfinance,2025-12-06 00:00:00
LIDR,Technology,Software - Infrastructure,yfinance,2025-12-06 00:00:00
LIDRW,Technology,Software - Infrastructure,yfinance,2025-12-06 00:00:00
LIEN,Financial Services,Asset Management,yfinance,2025-12-06 00:00:00
LIF,Technology,Software - Application,yfinance,2025-12-06 00:00:00
LII,Industrials,Building Products & Equipment,yfinance,2025-12-06 00:00:00
LILA,Communication Services,Telecom Services,yfinance,2025-12-06 00:00:00
LILAK,Communication Services,Telecom Services,yfinance,2025-12-06 00:00:00
LIMN,Healthcare,Biotechnology,yfinance,2025-12-06 00:00:00
LIMNW,Healthcare,Biotechnology,yfinance,2025-12-06 00:00:00
LIN,Basic Materials,Specialty Chemicals,yfinance,2025-12-06 00:00:00
LINC,Consumer Defensive,Education & Training Services,yfinance,2025-12-06 00:00:00
LIND,Consumer Cyclical,Travel Services,yfinance,2025-12-06 00:00:00
LINE,Real Estate,REIT - Industrial,yfinance,2025-12-06 00:00:00
LINK,Technology,Electronic Components,yfinance,2025-12-06 00:00:00
LION,Unknown,Unknown,yfinance,2025-12-06 00:00:00
LIQT,Industrials,Pollution & Treatment Controls,yfinance,2025-12-06 00:00:00
LITB,Consumer Cyclical,Apparel Manufacturing,yfinance,2025-12-06 00:00:00
LITE,Technology,Communication Equipment,yfinance,2025-12-06 00:00:00
LITM,Basic Materials,Other Industrial Metals & Mining,yfinance,2025-12-06 00:00:00
LITS,Healthcare,Biotechnology,yfinance,2025-12-06 00:00:00
LIVE,Consumer Cyclical,Home Improvement Retail,yfinance,2025-12-06 00:00:00
LIVN,Healthcare,Medical Devices,yfinance,2025-12-06 00:00:00
LIXT,Healthcare,Biotechnology,yfinance,2025-12-06 00:00:00
LKFN,Financial Services,Banks - Regional,yfinance,2025-12-06 00:00:00
LKQ,Consumer Cyclical,Auto Parts,yfinance,2025-12-06 00:00:00
LKSP,Financial Services,Shell Companies,yfinance,2025-12-06 00:00:00
LKSPR,Unknown,Unknown,yfinance,2025-12-06 00:00:00
LKSPU,Financial Services,Shell Companies,yfinance,2025-12-06 00:00:00
LLY,Healthcare,Drug Manufacturers - General,yfinance,2025-12-06 00:00:00
LLYVA,Communication Services,Entertainment,yfinance,2025-12-06 00:00:00
LLYVK,Communication Services,Entertainment,yfinance,2025-12-06 00:00:00
LMAT,Healthcare,Medical Instruments & Supplies,yfinance,2025-12-06 00:00:00
LMB,Industrials,Building Products & Equipment,yfinance,2025-12-06 00:00:00
LMFA,Financial Services,Credit Services,yfinance,2025-12-06 00:00:00
LMND,Financial Services,Insurance - Property & Casualty,yfinance,2025-12-06 00:00:00
LMNR,Consumer Defensive,Farm Products,yfinance,2025-12-06 00:00:00
LMT,Industrials,Aerospace & Defense,yfinance,2025-12-06 00:00:00
LNAI,Healthcare,Biotechnology,yfinance,2025-12-06 00:00:00
LNC,Financial Services,Insurance - Life,yfinance,2025-12-06 00:00:00
LND,Consumer Defensive,Farm Products,yfinance,2025-12-06 00:00:00
LNG,Energy,Oil & Gas Midstream,yfinance,2025-12-06 00:00:00
LNKB,Financial Services,Banks - Regional,yfinance,2025-12-06 00:00:00
LNKS,Industrials,Electrical Equipment & Parts,yfinance,2025-12-06 00:00:00
LNN,Industrials,Farm & Heavy Construction Machinery,yfinance,2025-12-06 00:00:00
LNSR,Healthcare,Medical Devices,yfinance,2025-12-06 00:00:00
LNT,Utilities,Utilities - Regulated Electric,yfinance,2025-12-06 00:00:00
LNTH,Healthcare,Drug Manufacturers - Specialty & Generic,yfinance,2025-12-06 00:00:00
LNZA,Industrials,Waste Management,yfinance,2025-12-06 00:00:00
LNZAW,Unknown,Unknown,yfinance,2025-12-06 00:00:00
LOAN,Real Estate,REIT - Mortgage,yfinance,2025-12-06 00:00:00
LOAR,Industrials,Aerospace & Defense,yfinance,2025-12-06 00:00:00
LOB,Financial Services,Banks - Regional,yfinance,2025-12-06 00:00:00
LOBO,Consumer Cyclical,Auto Manufacturers,yfinance,2025-12-06 00:00:00
LOCL,Consumer Defensive,Farm Products,yfinance,2025-12-06 00:00:00
LOCO,Consumer Cyclical,Restaurants,yfinance,2025-12-06 00:00:00
LODE,Basic Materials,Other Precious Metals & Mining,yfinance,2025-12-06 00:00:00
LOGI,Technology,Computer Hardware,yfinance,2025-12-06 00:00:00
LOKV,Financial Services,Shell Companies,yfinance,2025-12-06 00:00:00
LOKVU,Financial Services,Shell Companies,yfinance,2025-12-06 00:00:00
LOKVW,Financial Services,Shell Companies,yfinance,2025-12-06 00:00:00
LOMA,Basic Materials,Building Materials,yfinance,2025-12-06 00:00:00
LOOP,Basic Materials,Specialty Chemicals,yfinance,2025-12-06 00:00:00
LOPE,Consumer Defensive,Education & Training Services,yfinance,2025-12-06 00:00:00
LOT,Consumer Cyclical,Auto Manufacturers,yfinance,2025-12-06 00:00:00
LOTWW,Consumer Cyclical,Auto Manufacturers,yfinance,2025-12-06 00:00:00
LOVE,Consumer Cyclical,"Furnishings, Fixtures & Appliances",yfinance,2025-12-06 00:00:00
LOW,Consumer Cyclical,Home Improvement Retail,yfinance,2025-12-06 00:00:00
LPA,Real Estate,Real Estate - Development,yfinance,2025-12-06 00:00:00
LPAA,Financial Services,Shell Companies,yfinance,2025-12-06 00:00:00
LPAAU,Financial Services,Shell Companies,yfinance,2025-12-06 00:00:00
LPAAW,Financial Services,Shell Companies,yfinance,2025-12-06 00:00:00
LPBB,Financial Services,Shell Companies,yfinance,2025-12-06 00:00:00
LPBBU,Financial Services,Shell Companies,yfinance,2025-12-06 00:00:00
LPBBW,Financial Services,Shell Companies,yfinance,2025-12-06 00:00:00
LPCN,Healthcare,Biotechnology,yfinance,2025-12-06 00:00:00
LPG,Energy,Oil & Gas Midstream,yfinance,2025-12-06 00:00:00
LPL,Technology,Consumer Electronics,yfinance,2025-12-06 00:00:00
LPLA,Financial Services,Capital Markets,yfinance,2025-12-06 00:00:00
LPRO,Financial Services,Credit Services,yfinance,2025-12-06 00:00:00
LPSN,Technology,Software - Application,yfinance,2025-12-06 00:00:00
LPTH,Technology,Electronic Components,yfinance,2025-12-06 00:00:00
LPX,Industrials,Building Products & Equipment,yfinance,2025-12-06 00:00:00
LQDA,Healthcare,Biotechnology,yfinance,2025-12-06 00:00:00
LQDT,Consumer Cyclical,Internet Retail,yfinance,2025-12-06 00:00:00
LRCX,Technology,Semiconductor Equipment & Materials,yfinance,2025-12-06 00:00:00
LRE,Real Estate,Real Estate - Development,yfinance,2025-12-06 00:00:00
LRHC,Real Estate,Real Estate Services,yfinance,2025-12-06 00:00:00
LRMR,Healthcare,Biotechnology,yfinance,2025-12-06 00:00:00
LRN,Consumer Defensive,Education & Training Services,yfinance,2025-12-06 00:00:00
LSAK,Technology,Software - Infrastructure,yfinance,2025-12-06 00:00:00
LSBK,Financial Services,Banks - Regional,yfinance,2025-12-06 00:00:00
LSCC,Technology,Semiconductors,yfinance,2025-12-06 00:00:00
LSE,Energy,Oil & Gas Equipment & Services,yfinance,2025-12-06 00:00:00
LSF,Consumer Defensive,Packaged Foods,yfinance,2025-12-06 00:00:00
LSH,Industrials,Integrated Freight & Logistics,yfinance,2025-12-06 00:00:00
LSPD,Technology,Software - Application,yfinance,2025-12-06 00:00:00
LSTA,Healthcare,Biotechnology,yfinance,2025-12-06 00:00:00
LSTR,Industrials,Integrated Freight & Logistics,yfinance,2025-12-06 00:00:00
LTBR,Industrials,Electrical Equipment & Parts,yfinance,2025-12-06 00:00:00
LTC,Real Estate,REIT - Healthcare Facilities,yfinance,2025-12-06 00:00:00
LTH,Consumer Cyclical,Leisure,yfinance,2025-12-06 00:00:00
LTM,Industrials,Airlines,yfinance,2025-12-06 00:00:00
LTRN,Healthcare,Biotechnology,yfinance,2025-12-06 00:00:00
LTRX,Technology,Communication Equipment,yfinance,2025-12-06 00:00:00
LTRYW,Unknown,Unknown,yfinance,2025-12-06 00:00:00
LU,Financial Services,Credit Services,yfinance,2025-12-06 00:00:00
LUCD,Healthcare,Medical Devices,yfinance,2025-12-06 00:00:00
LUCK,Consumer Cyclical,Leisure,yfinance,2025-12-06 00:00:00
LUCY,Healthcare,Medical Instruments & Supplies,yfinance,2025-12-06 00:00:00
LUCYW,Healthcare,Medical Instruments & Supplies,yfinance,2025-12-06 00:00:00
LUD,Basic Materials,Steel,yfinance,2025-12-06 00:00:00
LULU,Consumer Cyclical,Apparel Retail,yfinance,2025-12-06 00:00:00
LUMN,Communication Services,Telecom Services,yfinance,2025-12-06 00:00:00
LUNG,Healthcare,Medical Devices,yfinance,2025-12-06 00:00:00
LUNR,Industrials,Aerospace & Defense,yfinance,2025-12-06 00:00:00
LUV,Industrials,Airlines,yfinance,2025-12-06 00:00:00
LUXE,Consumer Cyclical,Luxury Goods,yfinance,2025-12-06 00:00:00
LVLU,Consumer Cyclical,Apparel Retail,yfinance,2025-12-06 00:00:00
LVO,Communication Services,Entertainment,yfinance,2025-12-06 00:00:00
LVRO,Basic Materials,Agricultural Inputs,yfinance,2025-12-06 00:00:00
LVROW,Unknown,Unknown,yfinance,2025-12-06 00:00:00
LVS,Consumer Cyclical,Resorts & Casinos,yfinance,2025-12-06 00:00:00
LVWR,Consumer Cyclical,Auto Manufacturers,yfinance,2025-12-06 00:00:00
LW,Consumer Defensive,Packaged Foods,yfinance,2025-12-06 00:00:00
LWAC,Unknown,Unknown,yfinance,2025-12-06 00:00:00
LWACU,Unknown,Unknown,yfinance,2025-12-06 00:00:00
LWACW,Unknown,Unknown,yfinance,2025-12-06 00:00:00
LWAY,Consumer Defensive,Packaged Foods,yfinance,2025-12-06 00:00:00
LWLG,Basic Materials,Specialty Chemicals,yfinance,2025-12-06 00:00:00
LX,Financial Services,Credit Services,yfinance,2025-12-06 00:00:00
LXEH,Consumer Defensive,Education & Training Services,yfinance,2025-12-06 00:00:00
LXEO,Healthcare,Biotechnology,yfinance,2025-12-06 00:00:00
LXFR,Industrials,Specialty Industrial Machinery,yfinance,2025-12-06 00:00:00
LXP,Real Estate,REIT - Industrial,yfinance,2025-12-06 00:00:00
LXRX,Healthcare,Biotechnology,yfinance,2025-12-06 00:00:00
LXU,Basic Materials,Chemicals,yfinance,2025-12-06 00:00:00
LYB,Basic Materials,Specialty Chemicals,yfinance,2025-12-06 00:00:00
LYEL,Healthcare,Biotechnology,yfinance,2025-12-06 00:00:00
LYFT,Technology,Software - Application,yfinance,2025-12-06 00:00:00
LYG,Financial Services,Banks - Regional,yfinance,2025-12-06 00:00:00
LYRA,Healthcare,Biotechnology,yfinance,2025-12-06 00:00:00
LYTS,Technology,Electronic Components,yfinance,2025-12-06 00:00:00
LYV,Communication Services,Entertainment,yfinance,2025-12-06 00:00:00
LZ,Industrials,Specialty Business Services,yfinance,2025-12-06 00:00:00
LZB,Consumer Cyclical,"Furnishings, Fixtures & Appliances",yfinance,2025-12-06 00:00:00
LZM,Basic Materials,Other Industrial Metals & Mining,yfinance,2025-12-06 00:00:00
LZMH,Technology,Information Technology Services,yfinance,2025-12-06 00:00:00
M,Consumer Cyclical,Department Stores,yfinance,2025-12-06 00:00:00
MA,Financial Services,Credit Services,yfinance,2025-12-06 00:00:00
MAA,Real Estate,REIT - Residential,yfinance,2025-12-06 00:00:00
MAAS,Financial Services,Asset Management,yfinance,2025-12-06 00:00:00
MAC,Real Estate,REIT - Retail,yfinance,2025-12-06 00:00:00
MACI,Financial Services,Shell Companies,yfinance,2025-12-06 00:00:00
MACIU,Financial Services,Shell Companies,yfinance,2025-12-06 00:00:00
MACIW,Financial Services,Shell Companies,yfinance,2025-12-06 00:00:00
MAGH,Industrials,Engineering & Construction,yfinance,2025-12-06 00:00:00
MAGN,Basic Materials,Paper & Paper Products,yfinance,2025-12-06 00:00:00
MAIA,Healthcare,Biotechnology,yfinance,2025-12-06 00:00:00
MAIN,Financial Services,Asset Management,yfinance,2025-12-06 00:00:00
MAMA,Consumer Defensive,Packaged Foods,yfinance,2025-12-06 00:00:00
MAMK,Industrials,Conglomerates,yfinance,2025-12-06 00:00:00
MAMO,Consumer Cyclical,Recreational Vehicles,yfinance,2025-12-06 00:00:00
MAN,Industrials,Staffing & Employment Services,yfinance,2025-12-06 00:00:00
MANH,Technology,Software - Application,yfinance,2025-12-06 00:00:00
MANU,Communication Services,Entertainment,yfinance,2025-12-06 00:00:00
MAPS,Technology,Software - Application,yfinance,2025-12-06 00:00:00
MAPSW,Technology,Software - Application,yfinance,2025-12-06 00:00:00
MAR,Consumer Cyclical,Lodging,yfinance,2025-12-06 00:00:00
MARA,Financial Services,Capital Markets,yfinance,2025-12-06 00:00:00
MARPS,Energy,Oil & Gas Midstream,yfinance,2025-12-06 00:00:00
MAS,Industrials,Building Products & Equipment,yfinance,2025-12-06 00:00:00
MASI,Healthcare,Medical Devices,yfinance,2025-12-06 00:00:00
MASK,Technology,Software - Application,yfinance,2025-12-06 00:00:00
MASS,Healthcare,Medical Devices,yfinance,2025-12-06 00:00:00
MAT,Consumer Cyclical,Leisure,yfinance,2025-12-06 00:00:00
MATH,Financial Services,Capital Markets,yfinance,2025-12-06 00:00:00
MATV,Basic Materials,Specialty Chemicals,yfinance,2025-12-06 00:00:00
MATW,Industrials,Conglomerates,yfinance,2025-12-06 00:00:00
MATX,Industrials,Marine Shipping,yfinance,2025-12-06 00:00:00
MAX,Communication Services,Internet Content & Information,yfinance,2025-12-06 00:00:00
MAXN,Technology,Solar,yfinance,2025-12-06 00:00:00
MAYS,Real Estate,Real Estate Services,yfinance,2025-12-06 00:00:00
MAZE,Healthcare,Biotechnology,yfinance,2025-12-06 00:00:00
MB,Consumer Cyclical,Restaurants,yfinance,2025-12-06 00:00:00
MBAI,Healthcare,Diagnostics & Research,yfinance,2025-12-06 00:00:00
MBAV,Financial Services,Shell Companies,yfinance,2025-12-06 00:00:00
MBAVU,Financial Services,Shell Companies,yfinance,2025-12-06 00:00:00
MBAVW,Financial Services,Shell Companies,yfinance,2025-12-06 00:00:00
MBBC,Financial Services,Banks - Regional,yfinance,2025-12-06 00:00:00
MBC,Consumer Cyclical,"Furnishings, Fixtures & Appliances",yfinance,2025-12-06 00:00:00
MBCN,Financial Services,Banks - Regional,yfinance,2025-12-06 00:00:00
MBI,Financial Services,Insurance - Specialty,yfinance,2025-12-06 00:00:00
MBIN,Financial Services,Banks - Regional,yfinance,2025-12-06 00:00:00
MBINL,Financial Services,Banks - Regional,yfinance,2025-12-06 00:00:00
MBINM,Financial Services,Banks - Regional,yfinance,2025-12-06 00:00:00
MBINN,Financial Services,Banks - Regional,yfinance,2025-12-06 00:00:00
MBIO,Healthcare,Biotechnology,yfinance,2025-12-06 00:00:00
MBLY,Consumer Cyclical,Auto Parts,yfinance,2025-12-06 00:00:00
MBNKO,Financial Services,Banks - Regional,yfinance,2025-12-06 00:00:00
MBOT,Healthcare,Medical Instruments & Supplies,yfinance,2025-12-06 00:00:00
MBRX,Healthcare,Biotechnology,yfinance,2025-12-06 00:00:00
MBUU,Consumer Cyclical,Recreational Vehicles,yfinance,2025-12-06 00:00:00
MBVI,Unknown,Unknown,yfinance,2025-12-06 00:00:00
MBVIU,Financial Services,Shell Companies,yfinance,2025-12-06 00:00:00
MBVIW,Unknown,Unknown,yfinance,2025-12-06 00:00:00
MBWM,Financial Services,Banks - Regional,yfinance,2025-12-06 00:00:00
MBX,Healthcare,Biotechnology,yfinance,2025-12-06 00:00:00
MC,Financial Services,Capital Markets,yfinance,2025-12-06 00:00:00
MCB,Financial Services,Banks - Regional,yfinance,2025-12-06 00:00:00
MCBS,Financial Services,Banks - Regional,yfinance,2025-12-06 00:00:00
MCD,Consumer Cyclical,Restaurants,yfinance,2025-12-06 00:00:00
MCFT,Consumer Cyclical,Recreational Vehicles,yfinance,2025-12-06 00:00:00
MCGA,Unknown,Unknown,yfinance,2025-12-06 00:00:00
MCGAU,Unknown,Unknown,yfinance,2025-12-06 00:00:00
MCGAW,Unknown,Unknown,yfinance,2025-12-06 00:00:00
MCHB,Financial Services,Banks - Regional,yfinance,2025-12-06 00:00:00
MCHP,Technology,Semiconductors,yfinance,2025-12-06 00:00:00
MCHPP,Technology,Semiconductors,yfinance,2025-12-06 00:00:00
MCHX,Communication Services,Advertising Agencies,yfinance,2025-12-06 00:00:00
MCI,Financial Services,Asset Management,yfinance,2025-12-06 00:00:00
MCK,Healthcare,Medical Distribution,yfinance,2025-12-06 00:00:00
MCN,Financial Services,Asset Management,yfinance,2025-12-06 00:00:00
MCO,Financial Services,Financial Data & Stock Exchanges,yfinance,2025-12-06 00:00:00
MCR,Financial Services,Asset Management,yfinance,2025-12-06 00:00:00
MCRB,Healthcare,Biotechnology,yfinance,2025-12-06 00:00:00
MCRI,Consumer Cyclical,Resorts & Casinos,yfinance,2025-12-06 00:00:00
MCRP,Technology,Software - Infrastructure,yfinance,2025-12-06 00:00:00
MCS,Communication Services,Entertainment,yfinance,2025-12-06 00:00:00
MCTA,Healthcare,Medical Care Facilities,yfinance,2025-12-06 00:00:00
MCTR,Communication Services,Advertising Agencies,yfinance,2025-12-06 00:00:00
MCW,Consumer Cyclical,Auto & Truck Dealerships,yfinance,2025-12-06 00:00:00
MCY,Financial Services,Insurance - Property & Casualty,yfinance,2025-12-06 00:00:00
MD,Healthcare,Medical Care Facilities,yfinance,2025-12-06 00:00:00
MDAI,Healthcare,Medical Devices,yfinance,2025-12-06 00:00:00
MDAIW,Healthcare,Medical Devices,yfinance,2025-12-06 00:00:00
MDB,Technology,Software - Infrastructure,yfinance,2025-12-06 00:00:00
MDBH,Financial Services,Capital Markets,yfinance,2025-12-06 00:00:00
MDCX,Healthcare,Drug Manufacturers - General,yfinance,2025-12-06 00:00:00
MDCXW,Healthcare,Drug Manufacturers - General,yfinance,2025-12-06 00:00:00
MDGL,Healthcare,Biotechnology,yfinance,2025-12-06 00:00:00
MDIA,Communication Services,Broadcasting,yfinance,2025-12-06 00:00:00
MDLZ,Consumer Defensive,Confectioners,yfinance,2025-12-06 00:00:00
MDRR,Real Estate,REIT - Diversified,yfinance,2025-12-06 00:00:00
MDT,Healthcare,Medical Devices,yfinance,2025-12-06 00:00:00
MDU,Utilities,Utilities - Regulated Gas,yfinance,2025-12-06 00:00:00
MDV,Real Estate,REIT - Industrial,yfinance,2025-12-06 00:00:00
MDWD,Healthcare,Biotechnology,yfinance,2025-12-06 00:00:00
MDXG,Healthcare,Biotechnology,yfinance,2025-12-06 00:00:00
MDXH,Healthcare,Diagnostics & Research,yfinance,2025-12-06 00:00:00
MEC,Industrials,Metal Fabrication,yfinance,2025-12-06 00:00:00
MED,Consumer Cyclical,Personal Services,yfinance,2025-12-06 00:00:00
MEDP,Healthcare,Diagnostics & Research,yfinance,2025-12-06 00:00:00
MEG,Industrials,Waste Management,yfinance,2025-12-06 00:00:00
MEGI,Financial Services,Asset Management,yfinance,2025-12-06 00:00:00
MEGL,Financial Services,Capital Markets,yfinance,2025-12-06 00:00:00
MEHA,Consumer Defensive,Packaged Foods,yfinance,2025-12-06 00:00:00
MEI,Technology,Electronic Components,yfinance,2025-12-06 00:00:00
MELI,Consumer Cyclical,Internet Retail,yfinance,2025-12-06 00:00:00
MENS,Healthcare,Biotechnology,yfinance,2025-12-06 00:00:00
MEOH,Basic Materials,Chemicals,yfinance,2025-12-06 00:00:00
MERC,Basic Materials,Paper & Paper Products,yfinance,2025-12-06 00:00:00
MESO,Healthcare,Biotechnology,yfinance,2025-12-06 00:00:00
MET,Financial Services,Insurance - Life,yfinance,2025-12-06 00:00:00
META,Communication Services,Internet Content & Information,yfinance,2025-12-06 00:00:00
METC,Basic Materials,Coking Coal,yfinance,2025-12-06 00:00:00
METCB,Basic Materials,Coking Coal,yfinance,2025-12-06 00:00:00
METCI,Unknown,Unknown,yfinance,2025-12-06 00:00:00
METCZ,Unknown,Unknown,yfinance,2025-12-06 00:00:00
MFA,Real Estate,REIT - Mortgage,yfinance,2025-12-06 00:00:00
MFAN,Unknown,Unknown,yfinance,2025-12-06 00:00:00
MFAO,Unknown,Unknown,yfinance,2025-12-06 00:00:00
MFC,Financial Services,Insurance - Life,yfinance,2025-12-06 00:00:00
MFG,Financial Services,Banks - Regional,yfinance,2025-12-06 00:00:00
MFI,Technology,Software - Application,yfinance,2025-12-06 00:00:00
MFIC,Financial Services,Asset Management,yfinance,2025-12-06 00:00:00
MFICL,Unknown,Unknown,yfinance,2025-12-06 00:00:00
MFIN,Financial Services,Credit Services,yfinance,2025-12-06 00:00:00
MFM,Financial Services,Asset Management,yfinance,2025-12-06 00:00:00
MG,Industrials,Security & Protection Services,yfinance,2025-12-06 00:00:00
MGA,Consumer Cyclical,Auto Parts,yfinance,2025-12-06 00:00:00
MGEE,Utilities,Utilities - Regulated Electric,yfinance,2025-12-06 00:00:00
MGF,Financial Services,Asset Management,yfinance,2025-12-06 00:00:00
MGIC,Technology,Information Technology Services,yfinance,2025-12-06 00:00:00
MGIH,Consumer Cyclical,Packaging & Containers,yfinance,2025-12-06 00:00:00
MGLD,Financial Services,Asset Management,yfinance,2025-12-06 00:00:00
MGM,Consumer Cyclical,Resorts & Casinos,yfinance,2025-12-06 00:00:00
MGN,Industrials,Engineering & Construction,yfinance,2025-12-06 00:00:00
MGNI,Communication Services,Advertising Agencies,yfinance,2025-12-06 00:00:00
MGNX,Healthcare,Biotechnology,yfinance,2025-12-06 00:00:00
MGPI,Consumer Defensive,Beverages - Wineries & Distilleries,yfinance,2025-12-06 00:00:00
MGR,Unknown,Unknown,yfinance,2025-12-06 00:00:00
MGRB,Unknown,Unknown,yfinance,2025-12-06 00:00:00
MGRC,Industrials,Rental & Leasing Services,yfinance,2025-12-06 00:00:00
MGRD,Unknown,Unknown,yfinance,2025-12-06 00:00:00
MGRE,Unknown,Unknown,yfinance,2025-12-06 00:00:00
MGRT,Technology,Information Technology Services,yfinance,2025-12-06 00:00:00
MGRX,Healthcare,Health Information Services,yfinance,2025-12-06 00:00:00
MGTX,Healthcare,Biotechnology,yfinance,2025-12-06 00:00:00
MGX,Healthcare,Biotechnology,yfinance,2025-12-06 00:00:00
MGY,Energy,Oil & Gas E&P,yfinance,2025-12-06 00:00:00
MGYR,Financial Services,Banks - Regional,yfinance,2025-12-06 00:00:00
MH,Consumer Defensive,Education & Training Services,yfinance,2025-12-06 00:00:00
MHD,Financial Services,Asset Management,yfinance,2025-12-06 00:00:00
MHF,Financial Services,Asset Management,yfinance,2025-12-06 00:00:00
MHH,Industrials,Staffing & Employment Services,yfinance,2025-12-06 00:00:00
MHK,Consumer Cyclical,"Furnishings, Fixtures & Appliances",yfinance,2025-12-06 00:00:00
MHLA,Unknown,Unknown,yfinance,2025-12-06 00:00:00
MHN,Financial Services,Asset Management,yfinance,2025-12-06 00:00:00
MHNC,Unknown,Unknown,yfinance,2025-12-06 00:00:00
MHO,Consumer Cyclical,Residential Construction,yfinance,2025-12-06 00:00:00
MHUA,Healthcare,Medical Instruments & Supplies,yfinance,2025-12-06 00:00:00
MI,Consumer Cyclical,Internet Retail,yfinance,2025-12-06 00:00:00
MIAX,Financial Services,Capital Markets,yfinance,2025-12-06 00:00:00
MIDD,Industrials,Specialty Industrial Machinery,yfinance,2025-12-06 00:00:00
MIGI,Financial Services,Capital Markets,yfinance,2025-12-06 00:00:00
MIMI,Industrials,Engineering & Construction,yfinance,2025-12-06 00:00:00
MIN,Financial Services,Asset Management,yfinance,2025-12-06 00:00:00
MIND,Technology,Scientific & Technical Instruments,yfinance,2025-12-06 00:00:00
MIR,Industrials,Specialty Industrial Machinery,yfinance,2025-12-06 00:00:00
MIRA,Healthcare,Drug Manufacturers - General,yfinance,2025-12-06 00:00:00
MIRM,Healthcare,Biotechnology,yfinance,2025-12-06 00:00:00
MIST,Healthcare,Biotechnology,yfinance,2025-12-06 00:00:00
MITK,Technology,Software - Application,yfinance,2025-12-06 00:00:00
MITN,Unknown,Unknown,yfinance,2025-12-06 00:00:00
MITP,Unknown,Unknown,yfinance,2025-12-06 00:00:00
MITQ,Technology,Communication Equipment,yfinance,2025-12-06 00:00:00
MITT,Real Estate,REIT - Mortgage,yfinance,2025-12-06 00:00:00
MIY,Financial Services,Asset Management,yfinance,2025-12-06 00:00:00
MKC,Consumer Defensive,Packaged Foods,yfinance,2025-12-06 00:00:00
MKDW,Unknown,Unknown,yfinance,2025-12-06 00:00:00
MKDWW,Unknown,Unknown,yfinance,2025-12-06 00:00:00
MKL,Financial Services,Insurance - Property & Casualty,yfinance,2025-12-06 00:00:00
MKLY,Financial Services,Shell Companies,yfinance,2025-12-06 00:00:00
MKLYR,Unknown,Unknown,yfinance,2025-12-06 00:00:00
MKLYU,Financial Services,Shell Companies,yfinance,2025-12-06 00:00:00
MKSI,Technology,Scientific & Technical Instruments,yfinance,2025-12-06 00:00:00
MKTW,Financial Services,Financial Data & Stock Exchanges,yfinance,2025-12-06 00:00:00
MKTX,Financial Services,Capital Markets,yfinance,2025-12-06 00:00:00
MKZR,Real Estate,REIT - Diversified,yfinance,2025-12-06 00:00:00
MLAB,Technology,Scientific & Technical Instruments,yfinance,2025-12-06 00:00:00
MLAC,Unknown,Unknown,yfinance,2025-12-06 00:00:00
MLACR,Unknown,Unknown,yfinance,2025-12-06 00:00:00
MLACU,Unknown,Unknown,yfinance,2025-12-06 00:00:00
MLCI,Financial Services,Asset Management,yfinance,2025-12-06 00:00:00
MLCO,Consumer Cyclical,Resorts & Casinos,yfinance,2025-12-06 00:00:00
MLEC,Healthcare,Biotechnology,yfinance,2025-12-06 00:00:00
MLECW,Healthcare,Biotechnology,yfinance,2025-12-06 00:00:00
MLGO,Technology,Software - Infrastructure,yfinance,2025-12-06 00:00:00
MLI,Industrials,Metal Fabrication,yfinance,2025-12-06 00:00:00
MLKN,Consumer Cyclical,"Furnishings, Fixtures & Appliances",yfinance,2025-12-06 00:00:00
MLM,Basic Materials,Building Materials,yfinance,2025-12-06 00:00:00
MLP,Real Estate,Real Estate Services,yfinance,2025-12-06 00:00:00
MLPB,Unknown,Unknown,yfinance,2025-12-06 00:00:00
MLR,Consumer Cyclical,Auto Parts,yfinance,2025-12-06 00:00:00
MLSS,Healthcare,Medical Instruments & Supplies,yfinance,2025-12-06 00:00:00
MLTX,Healthcare,Biotechnology,yfinance,2025-12-06 00:00:00
MLYS,Healthcare,Biotechnology,yfinance,2025-12-06 00:00:00
MMA,Consumer Cyclical,Leisure,yfinance,2025-12-06 00:00:00
MMC,Financial Services,Insurance Brokers,yfinance,2025-12-06 00:00:00
MMD,Financial Services,Asset Management,yfinance,2025-12-06 00:00:00
MMI,Real Estate,Real Estate Services,yfinance,2025-12-06 00:00:00
MMLP,Energy,Oil & Gas Midstream,yfinance,2025-12-06 00:00:00
MMM,Industrials,Conglomerates,yfinance,2025-12-06 00:00:00
MMS,Industrials,Specialty Business Services,yfinance,2025-12-06 00:00:00
MMSI,Healthcare,Medical Instruments & Supplies,yfinance,2025-12-06 00:00:00
MMT,Financial Services,Asset Management,yfinance,2025-12-06 00:00:00
MMTXU,Financial Services,Shell Companies,yfinance,2025-12-06 00:00:00
MMU,Financial Services,Asset Management,yfinance,2025-12-06 00:00:00
MMYT,Consumer Cyclical,Travel Services,yfinance,2025-12-06 00:00:00
MNDO,Technology,Software - Application,yfinance,2025-12-06 00:00:00
MNDR,Healthcare,Health Information Services,yfinance,2025-12-06 00:00:00
MNDY,Technology,Software - Application,yfinance,2025-12-06 00:00:00
MNKD,Healthcare,Biotechnology,yfinance,2025-12-06 00:00:00
MNMD,Healthcare,Biotechnology,yfinance,2025-12-06 00:00:00
MNOV,Healthcare,Biotechnology,yfinance,2025-12-06 00:00:00
MNPR,Healthcare,Biotechnology,yfinance,2025-12-06 00:00:00
MNR,Energy,Oil & Gas E&P,yfinance,2025-12-06 00:00:00
MNRO,Consumer Cyclical,Auto Parts,yfinance,2025-12-06 00:00:00
MNSB,Financial Services,Banks - Regional,yfinance,2025-12-06 00:00:00
MNSBP,Financial Services,Banks - Regional,yfinance,2025-12-06 00:00:00
MNSO,Consumer Cyclical,Specialty Retail,yfinance,2025-12-06 00:00:00
MNST,Consumer Defensive,Beverages - Non-Alcoholic,yfinance,2025-12-06 00:00:00
MNTK,Basic Materials,Specialty Chemicals,yfinance,2025-12-06 00:00:00
MNTN,Technology,Software - Application,yfinance,2025-12-06 00:00:00
MNTS,Industrials,Aerospace & Defense,yfinance,2025-12-06 00:00:00
MNTSW,Industrials,Aerospace & Defense,yfinance,2025-12-06 00:00:00
MNY,Communication Services,Internet Content & Information,yfinance,2025-12-06 00:00:00
MNYWW,Communication Services,Internet Content & Information,yfinance,2025-12-06 00:00:00
MO,Consumer Defensive,Tobacco,yfinance,2025-12-06 00:00:00
MOB,Industrials,Aerospace & Defense,yfinance,2025-12-06 00:00:00
MOBBW,Industrials,Aerospace & Defense,yfinance,2025-12-06 00:00:00
MOBX,Technology,Semiconductors,yfinance,2025-12-06 00:00:00
MOBXW,Technology,Semiconductors,yfinance,2025-12-06 00:00:00
MOD,Consumer Cyclical,Auto Parts,yfinance,2025-12-06 00:00:00
MODD,Healthcare,Medical Devices,yfinance,2025-12-06 00:00:00
MODG,Consumer Cyclical,Leisure,yfinance,2025-12-06 00:00:00
MOFG,Financial Services,Banks - Regional,yfinance,2025-12-06 00:00:00
MOGO,Technology,Software - Infrastructure,yfinance,2025-12-06 00:00:00
MOGU,Consumer Cyclical,Internet Retail,yfinance,2025-12-06 00:00:00
MOH,Healthcare,Healthcare Plans,yfinance,2025-12-06 00:00:00
MOLN,Healthcare,Biotechnology,yfinance,2025-12-06 00:00:00
MOMO,Communication Services,Internet Content & Information,yfinance,2025-12-06 00:00:00
MORN,Financial Services,Financial Data & Stock Exchanges,yfinance,2025-12-06 00:00:00
MOS,Basic Materials,Agricultural Inputs,yfinance,2025-12-06 00:00:00
MOV,Consumer Cyclical,Luxury Goods,yfinance,2025-12-06 00:00:00
MOVE,Healthcare,Medical Devices,yfinance,2025-12-06 00:00:00
MP,Basic Materials,Other Industrial Metals & Mining,yfinance,2025-12-06 00:00:00
MPA,Financial Services,Asset Management,yfinance,2025-12-06 00:00:00
MPAA,Consumer Cyclical,Auto Parts,yfinance,2025-12-06 00:00:00
MPB,Financial Services,Banks - Regional,yfinance,2025-12-06 00:00:00
MPC,Energy,Oil & Gas Refining & Marketing,yfinance,2025-12-06 00:00:00
MPLT,Healthcare,Biotechnology,yfinance,2025-12-06 00:00:00
MPLX,Energy,Oil & Gas Midstream,yfinance,2025-12-06 00:00:00
MPTI,Technology,Electronic Components,yfinance,2025-12-06 00:00:00
MPU,Communication Services,Entertainment,yfinance,2025-12-06 00:00:00
MPV,Financial Services,Asset Management,yfinance,2025-12-06 00:00:00
MPW,Real Estate,REIT - Healthcare Facilities,yfinance,2025-12-06 00:00:00
MPWR,Technology,Semiconductors,yfinance,2025-12-06 00:00:00
MPX,Consumer Cyclical,Recreational Vehicles,yfinance,2025-12-06 00:00:00
MQ,Technology,Software - Infrastructure,yfinance,2025-12-06 00:00:00
MQT,Financial Services,Asset Management,yfinance,2025-12-06 00:00:00
MQY,Financial Services,Asset Management,yfinance,2025-12-06 00:00:00
MRAM,Technology,Semiconductors,yfinance,2025-12-06 00:00:00
MRBK,Financial Services,Banks - Regional,yfinance,2025-12-06 00:00:00
MRCC,Financial Services,Asset Management,yfinance,2025-12-06 00:00:00
MRCY,Industrials,Aerospace & Defense,yfinance,2025-12-06 00:00:00
MREO,Healthcare,Biotechnology,yfinance,2025-12-06 00:00:00
MRK,Healthcare,Drug Manufacturers - General,yfinance,2025-12-06 00:00:00
MRKR,Healthcare,Biotechnology,yfinance,2025-12-06 00:00:00
MRM,Consumer Cyclical,Personal Services,yfinance,2025-12-06 00:00:00
MRNA,Healthcare,Biotechnology,yfinance,2025-12-06 00:00:00
MRNO,Real Estate,Real Estate - Development,yfinance,2025-12-06 00:00:00
MRNOW,Real Estate,Real Estate - Development,yfinance,2025-12-06 00:00:00
MRP,Real Estate,REIT - Residential,yfinance,2025-12-06 00:00:00
MRSN,Healthcare,Biotechnology,yfinance,2025-12-06 00:00:00
MRT,Technology,Software - Application,yfinance,2025-12-06 00:00:00
MRTN,Industrials,Trucking,yfinance,2025-12-06 00:00:00
MRUS,Healthcare,Biotechnology,yfinance,2025-12-06 00:00:00
MRVI,Healthcare,Biotechnology,yfinance,2025-12-06 00:00:00
MRVL,Technology,Semiconductors,yfinance,2025-12-06 00:00:00
MRX,Financial Services,Capital Markets,yfinance,2025-12-06 00:00:00
MS,Financial Services,Capital Markets,yfinance,2025-12-06 00:00:00
MSA,Industrials,Security & Protection Services,yfinance,2025-12-06 00:00:00
MSAI,Technology,Software - Infrastructure,yfinance,2025-12-06 00:00:00
MSAIW,Technology,Software - Infrastructure,yfinance,2025-12-06 00:00:00
MSB,Basic Materials,Steel,yfinance,2025-12-06 00:00:00
MSBI,Financial Services,Banks - Regional,yfinance,2025-12-06 00:00:00
MSBIP,Financial Services,Banks - Regional,yfinance,2025-12-06 00:00:00
MSC,Consumer Cyclical,Resorts & Casinos,yfinance,2025-12-06 00:00:00
MSCI,Financial Services,Financial Data & Stock Exchanges,yfinance,2025-12-06 00:00:00
MSD,Financial Services,Asset Management,yfinance,2025-12-06 00:00:00
MSDL,Financial Services,Asset Management,yfinance,2025-12-06 00:00:00
MSEX,Utilities,Utilities - Regulated Water,yfinance,2025-12-06 00:00:00
MSFT,Technology,Software - Infrastructure,yfinance,2025-12-06 00:00:00
MSGE,Consumer Cyclical,Leisure,yfinance,2025-12-06 00:00:00
MSGM,Communication Services,Electronic Gaming & Multimedia,yfinance,2025-12-06 00:00:00
MSGS,Communication Services,Entertainment,yfinance,2025-12-06 00:00:00
MSGY,Industrials,Engineering & Construction,yfinance,2025-12-06 00:00:00
MSI,Technology,Communication Equipment,yfinance,2025-12-06 00:00:00
MSIF,Financial Services,Asset Management,yfinance,2025-12-06 00:00:00
MSM,Industrials,Industrial Distribution,yfinance,2025-12-06 00:00:00
MSN,Technology,Consumer Electronics,yfinance,2025-12-06 00:00:00
MSPR,Healthcare,Health Information Services,yfinance,2025-12-06 00:00:00
MSPRW,Healthcare,Health Information Services,yfinance,2025-12-06 00:00:00
MSPRZ,Healthcare,Health Information Services,yfinance,2025-12-06 00:00:00
MSS,Consumer Defensive,Grocery Stores,yfinance,2025-12-06 00:00:00
MSTR,Technology,Software - Application,yfinance,2025-12-06 00:00:00
MSW,Industrials,Engineering & Construction,yfinance,2025-12-06 00:00:00
MT,Basic Materials,Steel,yfinance,2025-12-06 00:00:00
MTA,Basic Materials,Other Precious Metals & Mining,yfinance,2025-12-06 00:00:00
MTB,Financial Services,Banks - Regional,yfinance,2025-12-06 00:00:00
MTC,Technology,Software - Application,yfinance,2025-12-06 00:00:00
MTCH,Communication Services,Internet Content & Information,yfinance,2025-12-06 00:00:00
MTD,Healthcare,Diagnostics & Research,yfinance,2025-12-06 00:00:00
MTDR,Energy,Oil & Gas E&P,yfinance,2025-12-06 00:00:00
MTEK,Technology,Electronic Components,yfinance,2025-12-06 00:00:00
MTEKW,Technology,Electronic Components,yfinance,2025-12-06 00:00:00
MTEN,Industrials,Metal Fabrication,yfinance,2025-12-06 00:00:00
MTEX,Consumer Defensive,Food Distribution,yfinance,2025-12-06 00:00:00
MTG,Financial Services,Insurance - Specialty,yfinance,2025-12-06 00:00:00
MTH,Consumer Cyclical,Residential Construction,yfinance,2025-12-06 00:00:00
MTLS,Technology,Software - Application,yfinance,2025-12-06 00:00:00
MTN,Consumer Cyclical,Resorts & Casinos,yfinance,2025-12-06 00:00:00
MTNB,Healthcare,Biotechnology,yfinance,2025-12-06 00:00:00
MTR,Energy,Oil & Gas E&P,yfinance,2025-12-06 00:00:00
MTRN,Basic Materials,Other Industrial Metals & Mining,yfinance,2025-12-06 00:00:00
MTRX,Industrials,Engineering & Construction,yfinance,2025-12-06 00:00:00
MTSI,Technology,Semiconductors,yfinance,2025-12-06 00:00:00
MTUS,Basic Materials,Steel,yfinance,2025-12-06 00:00:00
MTVA,Healthcare,Biotechnology,yfinance,2025-12-06 00:00:00
MTW,Industrials,Farm & Heavy Construction Machinery,yfinance,2025-12-06 00:00:00
MTX,Basic Materials,Specialty Chemicals,yfinance,2025-12-06 00:00:00
MTZ,Industrials,Engineering & Construction,yfinance,2025-12-06 00:00:00
MU,Technology,Semiconductors,yfinance,2025-12-06 00:00:00
MUA,Financial Services,Asset Management,yfinance,2025-12-06 00:00:00
MUC,Financial Services,Asset Management,yfinance,2025-12-06 00:00:00
MUE,Financial Services,Asset Management,yfinance,2025-12-06 00:00:00
MUFG,Financial Services,Banks - Diversified,yfinance,2025-12-06 00:00:00
MUJ,Financial Services,Asset Management,yfinance,2025-12-06 00:00:00
MUR,Energy,Oil & Gas E&P,yfinance,2025-12-06 00:00:00
MURA,Healthcare,Biotechnology,yfinance,2025-12-06 00:00:00
MUSA,Consumer Cyclical,Specialty Retail,yfinance,2025-12-06 00:00:00
MUX,Basic Materials,Other Precious Metals & Mining,yfinance,2025-12-06 00:00:00
MVBF,Financial Services,Banks - Regional,yfinance,2025-12-06 00:00:00
MVF,Financial Services,Asset Management,yfinance,2025-12-06 00:00:00
MVIS,Technology,Scientific & Technical Instruments,yfinance,2025-12-06 00:00:00
MVO,Energy,Oil & Gas E&P,yfinance,2025-12-06 00:00:00
MVST,Consumer Cyclical,Auto Parts,yfinance,2025-12-06 00:00:00
MVSTW,Consumer Cyclical,Auto Parts,yfinance,2025-12-06 00:00:00
MVT,Financial Services,Asset Management,yfinance,2025-12-06 00:00:00
MWA,Industrials,Specialty Industrial Machinery,yfinance,2025-12-06 00:00:00
MWG,Industrials,Rental & Leasing Services,yfinance,2025-12-06 00:00:00
MWYN,Consumer Cyclical,"Furnishings, Fixtures & Appliances",yfinance,2025-12-06 00:00:00
MX,Technology,Semiconductors,yfinance,2025-12-06 00:00:00
MXC,Energy,Oil & Gas E&P,yfinance,2025-12-06 00:00:00
MXCT,Healthcare,Medical Devices,yfinance,2025-12-06 00:00:00
MXE,Financial Services,Asset Management,yfinance,2025-12-06 00:00:00
MXF,Financial Services,Asset Management,yfinance,2025-12-06 00:00:00
MXL,Technology,Semiconductors,yfinance,2025-12-06 00:00:00
MYD,Financial Services,Asset Management,yfinance,2025-12-06 00:00:00
MYE,Consumer Cyclical,Packaging & Containers,yfinance,2025-12-06 00:00:00
MYFW,Financial Services,Banks - Regional,yfinance,2025-12-06 00:00:00
MYGN,Healthcare,Diagnostics & Research,yfinance,2025-12-06 00:00:00
MYI,Financial Services,Asset Management,yfinance,2025-12-06 00:00:00
MYN,Financial Services,Asset Management,yfinance,2025-12-06 00:00:00
MYND,Consumer Defensive,Education & Training Services,yfinance,2025-12-06 00:00:00
MYNZ,Healthcare,Diagnostics & Research,yfinance,2025-12-06 00:00:00
MYO,Healthcare,Medical Devices,yfinance,2025-12-06 00:00:00
MYPS,Communication Services,Electronic Gaming & Multimedia,yfinance,2025-12-06 00:00:00
MYPSW,Communication Services,Electronic Gaming & Multimedia,yfinance,2025-12-06 00:00:00
MYRG,Industrials,Engineering & Construction,yfinance,2025-12-06 00:00:00
MYSE,Technology,Software - Application,yfinance,2025-12-06 00:00:00
MYSEW,Technology,Software - Application,yfinance,2025-12-06 00:00:00
MYSZ,Technology,Software - Application,yfinance,2025-12-06 00:00:00
MZTI,Consumer Defensive,Packaged Foods,yfinance,2025-12-06 00:00:00
NAAS,Consumer Cyclical,Specialty Retail,yfinance,2025-12-06 00:00:00
NABL,Technology,Information Technology Services,yfinance,2025-12-06 00:00:00
NAC,Financial Services,Asset Management,yfinance,2025-12-06 00:00:00
NAD,Financial Services,Asset Management,yfinance,2025-12-06 00:00:00
NAGE,Healthcare,Biotechnology,yfinance,2025-12-06 00:00:00
NAII,Consumer Defensive,Packaged Foods,yfinance,2025-12-06 00:00:00
NAK,Basic Materials,Other Industrial Metals & Mining,yfinance,2025-12-06 00:00:00
NAKA,Healthcare,Medical Care Facilities,yfinance,2025-12-06 00:00:00
NAMI,Communication Services,Internet Content & Information,yfinance,2025-12-06 00:00:00
NAMM,Basic Materials,Gold,yfinance,2025-12-06 00:00:00
NAMMW,Basic Materials,Gold,yfinance,2025-12-06 00:00:00
NAMS,Healthcare,Biotechnology,yfinance,2025-12-06 00:00:00
NAMSW,Healthcare,Biotechnology,yfinance,2025-12-06 00:00:00
NAN,Financial Services,Asset Management,yfinance,2025-12-06 00:00:00
NAOV,Healthcare,Medical Devices,yfinance,2025-12-06 00:00:00
NAT,Energy,Oil & Gas Midstream,yfinance,2025-12-06 00:00:00
NATH,Consumer Cyclical,Restaurants,yfinance,2025-12-06 00:00:00
NATL,Technology,Software - Application,yfinance,2025-12-06 00:00:00
NATR,Consumer Defensive,Packaged Foods,yfinance,2025-12-06 00:00:00
NAUT,Healthcare,Biotechnology,yfinance,2025-12-06 00:00:00
NAVI,Financial Services,Credit Services,yfinance,2025-12-06 00:00:00
NAVN,Technology,Software - Application,yfinance,2025-12-06 00:00:00
NAZ,Financial Services,Asset Management,yfinance,2025-12-06 00:00:00
NB,Basic Materials,Other Industrial Metals & Mining,yfinance,2025-12-06 00:00:00
NBB,Financial Services,Asset Management,yfinance,2025-12-06 00:00:00
NBBK,Financial Services,Banks - Regional,yfinance,2025-12-06 00:00:00
NBH,Financial Services,Asset Management,yfinance,2025-12-06 00:00:00
NBHC,Financial Services,Banks - Regional,yfinance,2025-12-06 00:00:00
NBIS,Communication Services,Internet Content & Information,yfinance,2025-12-06 00:00:00
NBIX,Healthcare,Drug Manufacturers - Specialty & Generic,yfinance,2025-12-06 00:00:00
NBN,Financial Services,Banks - Regional,yfinance,2025-12-06 00:00:00
NBP,Healthcare,Biotechnology,yfinance,2025-12-06 00:00:00
NBR,Energy,Oil & Gas Drilling,yfinance,2025-12-06 00:00:00
NBTB,Financial Services,Banks - Regional,yfinance,2025-12-06 00:00:00
NBTX,Healthcare,Biotechnology,yfinance,2025-12-06 00:00:00
NBXG,Financial Services,Asset Management,yfinance,2025-12-06 00:00:00
NBY,Healthcare,Biotechnology,yfinance,2025-12-06 00:00:00
NC,Energy,Thermal Coal,yfinance,2025-12-06 00:00:00
NCA,Financial Services,Asset Management,yfinance,2025-12-06 00:00:00
NCDL,Financial Services,Asset Management,yfinance,2025-12-06 00:00:00
NCEL,Healthcare,Biotechnology,yfinance,2025-12-06 00:00:00
NCEW,Industrials,Integrated Freight & Logistics,yfinance,2025-12-06 00:00:00
NCI,Consumer Cyclical,Apparel Manufacturing,yfinance,2025-12-06 00:00:00
NCL,Consumer Cyclical,"Furnishings, Fixtures & Appliances",yfinance,2025-12-06 00:00:00
NCLH,Consumer Cyclical,Travel Services,yfinance,2025-12-06 00:00:00
NCMI,Communication Services,Advertising Agencies,yfinance,2025-12-06 00:00:00
NCNA,Healthcare,Biotechnology,yfinance,2025-12-06 00:00:00
NCNO,Technology,Software - Application,yfinance,2025-12-06 00:00:00
NCPL,Financial Services,Capital Markets,yfinance,2025-12-06 00:00:00
NCPLW,Financial Services,Capital Markets,yfinance,2025-12-06 00:00:00
NCRA,Consumer Defensive,Packaged Foods,yfinance,2025-12-06 00:00:00
NCSM,Energy,Oil & Gas Equipment & Services,yfinance,2025-12-06 00:00:00
NCT,Industrials,Marine Shipping,yfinance,2025-12-06 00:00:00
NCTY,Financial Services,Capital Markets,yfinance,2025-12-06 00:00:00
NCV,Financial Services,Asset Management,yfinance,2025-12-06 00:00:00
NCZ,Financial Services,Asset Management,yfinance,2025-12-06 00:00:00
NDAQ,Financial Services,Financial Data & Stock Exchanges,yfinance,2025-12-06 00:00:00
NDLS,Consumer Cyclical,Restaurants,yfinance,2025-12-06 00:00:00
NDMO,Financial Services,Asset Management,yfinance,2025-12-06 00:00:00
NDRA,Healthcare,Diagnostics & Research,yfinance,2025-12-06 00:00:00
NDSN,Industrials,Specialty Industrial Machinery,yfinance,2025-12-06 00:00:00
NE,Energy,Oil & Gas Drilling,yfinance,2025-12-06 00:00:00
NEA,Financial Services,Asset Management,yfinance,2025-12-06 00:00:00
NECB,Financial Services,Banks - Regional,yfinance,2025-12-06 00:00:00
NEE,Utilities,Utilities - Regulated Electric,yfinance,2025-12-06 00:00:00
NEGG,Consumer Cyclical,Internet Retail,yfinance,2025-12-06 00:00:00
NEM,Basic Materials,Gold,yfinance,2025-12-06 00:00:00
NEN,Real Estate,Real Estate Services,yfinance,2025-12-06 00:00:00
NEO,Healthcare,Diagnostics & Research,yfinance,2025-12-06 00:00:00
NEOG,Healthcare,Diagnostics & Research,yfinance,2025-12-06 00:00:00
NEON,Technology,Electronic Components,yfinance,2025-12-06 00:00:00
NEOV,Industrials,Electrical Equipment & Parts,yfinance,2025-12-06 00:00:00
NEOVW,Industrials,Electrical Equipment & Parts,yfinance,2025-12-06 00:00:00
NEPH,Healthcare,Medical Instruments & Supplies,yfinance,2025-12-06 00:00:00
NERV,Healthcare,Biotechnology,yfinance,2025-12-06 00:00:00
NESR,Energy,Oil & Gas Equipment & Services,yfinance,2025-12-06 00:00:00
NET,Technology,Software - Infrastructure,yfinance,2025-12-06 00:00:00
NEU,Basic Materials,Specialty Chemicals,yfinance,2025-12-06 00:00:00
NEUP,Healthcare,Biotechnology,yfinance,2025-12-06 00:00:00
NEWP,Basic Materials,Silver,yfinance,2025-12-06 00:00:00
NEWT,Financial Services,Banks - Regional,yfinance,2025-12-06 00:00:00
NEWTG,Unknown,Unknown,yfinance,2025-12-06 00:00:00
NEWTH,Unknown,Unknown,yfinance,2025-12-06 00:00:00
NEWTI,Unknown,Unknown,yfinance,2025-12-06 00:00:00
NEWTP,Financial Services,Banks - Regional,yfinance,2025-12-06 00:00:00
NEWTZ,Unknown,Unknown,yfinance,2025-12-06 00:00:00
NEXA,Basic Materials,Other Industrial Metals & Mining,yfinance,2025-12-06 00:00:00
NEXM,Basic Materials,Other Industrial Metals & Mining,yfinance,2025-12-06 00:00:00
NEXN,Communication Services,Advertising Agencies,yfinance,2025-12-06 00:00:00
NEXT,Energy,Oil & Gas Equipment & Services,yfinance,2025-12-06 00:00:00
NFBK,Financial Services,Banks - Regional,yfinance,2025-12-06 00:00:00
NFE,Energy,Oil & Gas Midstream,yfinance,2025-12-06 00:00:00
NFG,Energy,Oil & Gas Integrated,yfinance,2025-12-06 00:00:00
NFGC,Basic Materials,Gold,yfinance,2025-12-06 00:00:00
NFJ,Financial Services,Asset Management,yfinance,2025-12-06 00:00:00
NFLX,Communication Services,Entertainment,yfinance,2025-12-06 00:00:00
NG,Basic Materials,Gold,yfinance,2025-12-06 00:00:00
NGD,Basic Materials,Gold,yfinance,2025-12-06 00:00:00
NGG,Utilities,Utilities - Regulated Electric,yfinance,2025-12-06 00:00:00
NGL,Energy,Oil & Gas Midstream,yfinance,2025-12-06 00:00:00
NGNE,Healthcare,Biotechnology,yfinance,2025-12-06 00:00:00
NGS,Energy,Oil & Gas Equipment & Services,yfinance,2025-12-06 00:00:00
NGVC,Consumer Defensive,Grocery Stores,yfinance,2025-12-06 00:00:00
NGVT,Basic Materials,Specialty Chemicals,yfinance,2025-12-06 00:00:00
NHC,Healthcare,Medical Care Facilities,yfinance,2025-12-06 00:00:00
NHI,Real Estate,REIT - Healthcare Facilities,yfinance,2025-12-06 00:00:00
NHIC,Unknown,Unknown,yfinance,2025-12-06 00:00:00
NHICU,Unknown,Unknown,yfinance,2025-12-06 00:00:00
NHICW,Financial Services,Shell Companies,yfinance,2025-12-06 00:00:00
NHPAP,Real Estate,REIT - Healthcare Facilities,yfinance,2025-12-06 00:00:00
NHPBP,Real Estate,REIT - Healthcare Facilities,yfinance,2025-12-06 00:00:00
NHS,Financial Services,Asset Management,yfinance,2025-12-06 00:00:00
NHTC,Consumer Cyclical,Internet Retail,yfinance,2025-12-06 00:00:00
NI,Utilities,Utilities - Regulated Gas,yfinance,2025-12-06 00:00:00
NIC,Financial Services,Banks - Regional,yfinance,2025-12-06 00:00:00
NICE,Technology,Software - Application,yfinance,2025-12-06 00:00:00
NIE,Financial Services,Asset Management,yfinance,2025-12-06 00:00:00
NIM,Financial Services,Asset Management,yfinance,2025-12-06 00:00:00
NINE,Energy,Oil & Gas Equipment & Services,yfinance,2025-12-06 00:00:00
NIO,Consumer Cyclical,Auto Manufacturers,yfinance,2025-12-06 00:00:00
NIOBW,Unknown,Unknown,yfinance,2025-12-06 00:00:00
NIPG,Communication Services,Entertainment,yfinance,2025-12-06 00:00:00
NIQ,Unknown,Unknown,yfinance,2025-12-06 00:00:00
NISN,Industrials,Specialty Business Services,yfinance,2025-12-06 00:00:00
NITO,Basic Materials,Agricultural Inputs,yfinance,2025-12-06 00:00:00
NIU,Consumer Cyclical,Auto Manufacturers,yfinance,2025-12-06 00:00:00
NIVF,Healthcare,Medical Care Facilities,yfinance,2025-12-06 00:00:00
NIVFW,Healthcare,Medical Care Facilities,yfinance,2025-12-06 00:00:00
NIXX,Industrials,Staffing & Employment Services,yfinance,2025-12-06 00:00:00
NIXXW,Industrials,Staffing & Employment Services,yfinance,2025-12-06 00:00:00
NJR,Utilities,Utilities - Regulated Gas,yfinance,2025-12-06 00:00:00
NKE,Consumer Cyclical,Footwear & Accessories,yfinance,2025-12-06 00:00:00
NKLR,Utilities,Utilities - Regulated Electric,yfinance,2025-12-06 00:00:00
NKSH,Financial Services,Banks - Regional,yfinance,2025-12-06 00:00:00
NKTR,Healthcare,Biotechnology,yfinance,2025-12-06 00:00:00
NKTX,Healthcare,Biotechnology,yfinance,2025-12-06 00:00:00
NKX,Financial Services,Asset Management,yfinance,2025-12-06 00:00:00
NL,Industrials,Security & Protection Services,yfinance,2025-12-06 00:00:00
NLOP,Real Estate,REIT - Office,yfinance,2025-12-06 00:00:00
NLY,Real Estate,REIT - Mortgage,yfinance,2025-12-06 00:00:00
NMAI,Financial Services,Asset Management,yfinance,2025-12-06 00:00:00
NMAX,Communication Services,Broadcasting,yfinance,2025-12-06 00:00:00
NMCO,Financial Services,Asset Management,yfinance,2025-12-06 00:00:00
NMFC,Financial Services,Asset Management,yfinance,2025-12-06 00:00:00
NMFCZ,Unknown,Unknown,yfinance,2025-12-06 00:00:00
NMG,Basic Materials,Other Industrial Metals & Mining,yfinance,2025-12-06 00:00:00
NMI,Financial Services,Asset Management,yfinance,2025-12-06 00:00:00
NMIH,Financial Services,Insurance - Specialty,yfinance,2025-12-06 00:00:00
NML,Financial Services,Asset Management,yfinance,2025-12-06 00:00:00
NMM,Industrials,Marine Shipping,yfinance,2025-12-06 00:00:00
NMP,Unknown,Unknown,yfinance,2025-12-06 00:00:00
NMPAR,Unknown,Unknown,yfinance,2025-12-06 00:00:00
NMPAU,Unknown,Unknown,yfinance,2025-12-06 00:00:00
NMR,Financial Services,Capital Markets,yfinance,2025-12-06 00:00:00
NMRA,Healthcare,Biotechnology,yfinance,2025-12-06 00:00:00
NMRK,Real Estate,Real Estate Services,yfinance,2025-12-06 00:00:00
NMS,Financial Services,Asset Management,yfinance,2025-12-06 00:00:00
NMT,Financial Services,Asset Management,yfinance,2025-12-06 00:00:00
NMTC,Healthcare,Medical Devices,yfinance,2025-12-06 00:00:00
NMZ,Financial Services,Asset Management,yfinance,2025-12-06 00:00:00
NN,Technology,Software - Infrastructure,yfinance,2025-12-06 00:00:00
NNAVW,Technology,Software - Infrastructure,yfinance,2025-12-06 00:00:00
NNBR,Industrials,Conglomerates,yfinance,2025-12-06 00:00:00
NNDM,Technology,Computer Hardware,yfinance,2025-12-06 00:00:00
NNE,Industrials,Specialty Industrial Machinery,yfinance,2025-12-06 00:00:00
NNI,Financial Services,Credit Services,yfinance,2025-12-06 00:00:00
NNN,Real Estate,REIT - Retail,yfinance,2025-12-06 00:00:00
NNNN,Healthcare,Medical Instruments & Supplies,yfinance,2025-12-06 00:00:00
NNOX,Healthcare,Medical Devices,yfinance,2025-12-06 00:00:00
NNVC,Healthcare,Biotechnology,yfinance,2025-12-06 00:00:00
NNY,Financial Services,Asset Management,yfinance,2025-12-06 00:00:00
NOA,Energy,Oil & Gas Equipment & Services,yfinance,2025-12-06 00:00:00
NOAH,Financial Services,Asset Management,yfinance,2025-12-06 00:00:00
NOC,Industrials,Aerospace & Defense,yfinance,2025-12-06 00:00:00
NODK,Financial Services,Insurance - Property & Casualty,yfinance,2025-12-06 00:00:00
NOEM,Financial Services,Shell Companies,yfinance,2025-12-06 00:00:00
NOEMR,Unknown,Unknown,yfinance,2025-12-06 00:00:00
NOEMU,Financial Services,Shell Companies,yfinance,2025-12-06 00:00:00
NOEMW,Financial Services,Shell Companies,yfinance,2025-12-06 00:00:00
NOG,Energy,Oil & Gas E&P,yfinance,2025-12-06 00:00:00
NOK,Technology,Communication Equipment,yfinance,2025-12-06 00:00:00
NOM,Financial Services,Asset Management,yfinance,2025-12-06 00:00:00
NOMA,Consumer Cyclical,Leisure,yfinance,2025-12-06 00:00:00
NOMD,Consumer Defensive,Packaged Foods,yfinance,2025-12-06 00:00:00
NOTE,Technology,Information Technology Services,yfinance,2025-12-06 00:00:00
NOTV,Healthcare,Diagnostics & Research,yfinance,2025-12-06 00:00:00
NOV,Energy,Oil & Gas Equipment & Services,yfinance,2025-12-06 00:00:00
NOVT,Technology,Scientific & Technical Instruments,yfinance,2025-12-06 00:00:00
NOVTU,Technology,Scientific & Technical Instruments,yfinance,2025-12-06 00:00:00
NOW,Technology,Software - Application,yfinance,2025-12-06 00:00:00
NP,Financial Services,Insurance Brokers,yfinance,2025-12-06 00:00:00
NPAC,Financial Services,Shell Companies,yfinance,2025-12-06 00:00:00
NPACU,Financial Services,Shell Companies,yfinance,2025-12-06 00:00:00
NPACW,Financial Services,Shell Companies,yfinance,2025-12-06 00:00:00
NPB,Financial Services,Banks - Regional,yfinance,2025-12-06 00:00:00
NPCE,Healthcare,Medical Devices,yfinance,2025-12-06 00:00:00
NPCT,Financial Services,Asset Management,yfinance,2025-12-06 00:00:00
NPFD,Financial Services,Asset Management,yfinance,2025-12-06 00:00:00
NPK,Industrials,Aerospace & Defense,yfinance,2025-12-06 00:00:00
NPKI,Energy,Oil & Gas Equipment & Services,yfinance,2025-12-06 00:00:00
NPO,Industrials,Specialty Industrial Machinery,yfinance,2025-12-06 00:00:00
NPT,Consumer Cyclical,Specialty Retail,yfinance,2025-12-06 00:00:00
NPV,Financial Services,Asset Management,yfinance,2025-12-06 00:00:00
NPWR,Industrials,Specialty Industrial Machinery,yfinance,2025-12-06 00:00:00
NQP,Financial Services,Asset Management,yfinance,2025-12-06 00:00:00
NRC,Healthcare,Health Information Services,yfinance,2025-12-06 00:00:00
NRDS,Communication Services,Internet Content & Information,yfinance,2025-12-06 00:00:00
NRDY,Technology,Software - Application,yfinance,2025-12-06 00:00:00
NREF,Real Estate,REIT - Mortgage,yfinance,2025-12-06 00:00:00
NRG,Utilities,Utilities - Independent Power Producers,yfinance,2025-12-06 00:00:00
NRGV,Utilities,Utilities - Renewable,yfinance,2025-12-06 00:00:00
NRIM,Financial Services,Banks - Regional,yfinance,2025-12-06 00:00:00
NRIX,Healthcare,Biotechnology,yfinance,2025-12-06 00:00:00
NRK,Financial Services,Asset Management,yfinance,2025-12-06 00:00:00
NRO,Financial Services,Asset Management,yfinance,2025-12-06 00:00:00
NRP,Energy,Thermal Coal,yfinance,2025-12-06 00:00:00
NRSN,Healthcare,Biotechnology,yfinance,2025-12-06 00:00:00
NRSNW,Healthcare,Biotechnology,yfinance,2025-12-06 00:00:00
NRT,Energy,Oil & Gas E&P,yfinance,2025-12-06 00:00:00
NRUC,Unknown,Unknown,yfinance,2025-12-06 00:00:00
NRXP,Healthcare,Biotechnology,yfinance,2025-12-06 00:00:00
NRXPW,Healthcare,Biotechnology,yfinance,2025-12-06 00:00:00
NRXS,Healthcare,Biotechnology,yfinance,2025-12-06 00:00:00
NSA,Real Estate,REIT - Industrial,yfinance,2025-12-06 00:00:00
NSC,Industrials,Railroads,yfinance,2025-12-06 00:00:00
NSIT,Technology,Electronics & Computer Distribution,yfinance,2025-12-06 00:00:00
NSP,Industrials,Staffing & Employment Services,yfinance,2025-12-06 00:00:00
NSPR,Healthcare,Medical Devices,yfinance,2025-12-06 00:00:00
NSRX,Healthcare,Drug Manufacturers - General,yfinance,2025-12-06 00:00:00
NSSC,Industrials,Security & Protection Services,yfinance,2025-12-06 00:00:00
NSTS,Financial Services,Banks - Regional,yfinance,2025-12-06 00:00:00
NSYS,Healthcare,Medical Devices,yfinance,2025-12-06 00:00:00
NTAP,Technology,Software - Infrastructure,yfinance,2025-12-06 00:00:00
NTB,Financial Services,Banks - Diversified,yfinance,2025-12-06 00:00:00
NTCL,Technology,Software - Application,yfinance,2025-12-06 00:00:00
NTCT,Technology,Software - Infrastructure,yfinance,2025-12-06 00:00:00
NTES,Communication Services,Electronic Gaming & Multimedia,yfinance,2025-12-06 00:00:00
NTGR,Technology,Communication Equipment,yfinance,2025-12-06 00:00:00
NTHI,Healthcare,Biotechnology,yfinance,2025-12-06 00:00:00
NTIC,Basic Materials,Specialty Chemicals,yfinance,2025-12-06 00:00:00
NTIP,Industrials,Specialty Business Services,yfinance,2025-12-06 00:00:00
NTLA,Healthcare,Biotechnology,yfinance,2025-12-06 00:00:00
NTNX,Technology,Software - Infrastructure,yfinance,2025-12-06 00:00:00
NTR,Basic Materials,Agricultural Inputs,yfinance,2025-12-06 00:00:00
NTRA,Healthcare,Diagnostics & Research,yfinance,2025-12-06 00:00:00
NTRB,Healthcare,Biotechnology,yfinance,2025-12-06 00:00:00
NTRBW,Healthcare,Biotechnology,yfinance,2025-12-06 00:00:00
NTRP,Consumer Cyclical,Travel Services,yfinance,2025-12-06 00:00:00
NTRS,Financial Services,Asset Management,yfinance,2025-12-06 00:00:00
NTRSO,Financial Services,Asset Management,yfinance,2025-12-06 00:00:00
NTSK,Technology,Software - Infrastructure,yfinance,2025-12-06 00:00:00
NTST,Real Estate,REIT - Retail,yfinance,2025-12-06 00:00:00
NTWK,Technology,Software - Application,yfinance,2025-12-06 00:00:00
NTWO,Financial Services,Shell Companies,yfinance,2025-12-06 00:00:00
NTWOU,Financial Services,Shell Companies,yfinance,2025-12-06 00:00:00
NTWOW,Financial Services,Shell Companies,yfinance,2025-12-06 00:00:00
NTZ,Consumer Cyclical,"Furnishings, Fixtures & Appliances",yfinance,2025-12-06 00:00:00
NU,Financial Services,Banks - Regional,yfinance,2025-12-06 00:00:00
NUAI,Technology,Software - Infrastructure,yfinance,2025-12-06 00:00:00
NUAIW,Technology,Software - Infrastructure,yfinance,2025-12-06 00:00:00
NUE,Basic Materials,Steel,yfinance,2025-12-06 00:00:00
NUKK,Technology,Software - Application,yfinance,2025-12-06 00:00:00
NUKKW,Technology,Software - Application,yfinance,2025-12-06 00:00:00
NUS,Consumer Defensive,Household & Personal Products,yfinance,2025-12-06 00:00:00
NUTR,Consumer Cyclical,Travel Services,yfinance,2025-12-06 00:00:00
NUTX,Healthcare,Medical Care Facilities,yfinance,2025-12-06 00:00:00
NUV,Financial Services,Asset Management,yfinance,2025-12-06 00:00:00
NUVB,Healthcare,Biotechnology,yfinance,2025-12-06 00:00:00
NUVL,Healthcare,Biotechnology,yfinance,2025-12-06 00:00:00
NUW,Financial Services,Asset Management,yfinance,2025-12-06 00:00:00
NUWE,Healthcare,Medical Devices,yfinance,2025-12-06 00:00:00
NVA,Basic Materials,Other Industrial Metals & Mining,yfinance,2025-12-06 00:00:00
NVAWW,Basic Materials,Other Industrial Metals & Mining,yfinance,2025-12-06 00:00:00
NVAX,Healthcare,Biotechnology,yfinance,2025-12-06 00:00:00
NVCR,Healthcare,Medical Devices,yfinance,2025-12-06 00:00:00
NVCT,Healthcare,Biotechnology,yfinance,2025-12-06 00:00:00
NVDA,Technology,Semiconductors,yfinance,2025-12-06 00:00:00
NVEC,Technology,Semiconductors,yfinance,2025-12-06 00:00:00
NVG,Financial Services,Asset Management,yfinance,2025-12-06 00:00:00
NVGS,Energy,Oil & Gas Midstream,yfinance,2025-12-06 00:00:00
NVMI,Technology,Semiconductor Equipment & Materials,yfinance,2025-12-06 00:00:00
NVNI,Technology,Software - Application,yfinance,2025-12-06 00:00:00
NVNIW,Technology,Software - Application,yfinance,2025-12-06 00:00:00
NVNO,Healthcare,Medical Devices,yfinance,2025-12-06 00:00:00
NVO,Healthcare,Drug Manufacturers - General,yfinance,2025-12-06 00:00:00
NVR,Consumer Cyclical,Residential Construction,yfinance,2025-12-06 00:00:00
NVRI,Industrials,Waste Management,yfinance,2025-12-06 00:00:00
NVS,Healthcare,Drug Manufacturers - General,yfinance,2025-12-06 00:00:00
NVST,Healthcare,Medical Instruments & Supplies,yfinance,2025-12-06 00:00:00
NVT,Industrials,Electrical Equipment & Parts,yfinance,2025-12-06 00:00:00
NVTS,Technology,Semiconductors,yfinance,2025-12-06 00:00:00
NVVE,Consumer Cyclical,Specialty Retail,yfinance,2025-12-06 00:00:00
NVVEW,Consumer Cyclical,Specialty Retail,yfinance,2025-12-06 00:00:00
NVX,Industrials,Electrical Equipment & Parts,yfinance,2025-12-06 00:00:00
NWBI,Financial Services,Banks - Regional,yfinance,2025-12-06 00:00:00
NWE,Utilities,Utilities - Regulated Electric,yfinance,2025-12-06 00:00:00
NWFL,Financial Services,Banks - Regional,yfinance,2025-12-06 00:00:00
NWG,Financial Services,Banks - Regional,yfinance,2025-12-06 00:00:00
NWGL,Basic Materials,Lumber & Wood Production,yfinance,2025-12-06 00:00:00
NWL,Consumer Defensive,Household & Personal Products,yfinance,2025-12-06 00:00:00
NWN,Utilities,Utilities - Regulated Gas,yfinance,2025-12-06 00:00:00
NWPX,Basic Materials,Steel,yfinance,2025-12-06 00:00:00
NWS,Communication Services,Entertainment,yfinance,2025-12-06 00:00:00
NWSA,Communication Services,Entertainment,yfinance,2025-12-06 00:00:00
NWTG,Consumer Cyclical,Leisure,yfinance,2025-12-06 00:00:00
NX,Industrials,Building Products & Equipment,yfinance,2025-12-06 00:00:00
NXC,Financial Services,Asset Management,yfinance,2025-12-06 00:00:00
NXDR,Communication Services,Internet Content & Information,yfinance,2025-12-06 00:00:00
NXDT,Real Estate,REIT - Diversified,yfinance,2025-12-06 00:00:00
NXE,Energy,Uranium,yfinance,2025-12-06 00:00:00
NXG,Financial Services,Asset Management,yfinance,2025-12-06 00:00:00
NXGL,Healthcare,Medical Instruments & Supplies,yfinance,2025-12-06 00:00:00
NXGLW,Healthcare,Medical Instruments & Supplies,yfinance,2025-12-06 00:00:00
NXJ,Financial Services,Asset Management,yfinance,2025-12-06 00:00:00
NXL,Healthcare,Medical Devices,yfinance,2025-12-06 00:00:00
NXN,Financial Services,Asset Management,yfinance,2025-12-06 00:00:00
NXP,Financial Services,Asset Management,yfinance,2025-12-06 00:00:00
NXPI,Technology,Semiconductors,yfinance,2025-12-06 00:00:00
NXPL,Technology,Software - Application,yfinance,2025-12-06 00:00:00
NXPLW,Technology,Software - Application,yfinance,2025-12-06 00:00:00
NXRT,Real Estate,REIT - Residential,yfinance,2025-12-06 00:00:00
NXST,Communication Services,Broadcasting,yfinance,2025-12-06 00:00:00
NXT,Technology,Solar,yfinance,2025-12-06 00:00:00
NXTC,Healthcare,Biotechnology,yfinance,2025-12-06 00:00:00
NXTT,Technology,Software - Application,yfinance,2025-12-06 00:00:00
NXXT,Utilities,Utilities - Renewable,yfinance,2025-12-06 00:00:00
NYAX,Technology,Software - Infrastructure,yfinance,2025-12-06 00:00:00
NYC,Real Estate,Real Estate Services,yfinance,2025-12-06 00:00:00
NYT,Communication Services,Publishing,yfinance,2025-12-06 00:00:00
NYXH,Healthcare,Medical Instruments & Supplies,yfinance,2025-12-06 00:00:00
NZF,Financial Services,Asset Management,yfinance,2025-12-06 00:00:00
O,Real Estate,REIT - Retail,yfinance,2025-12-06 00:00:00
OABI,Healthcare,Biotechnology,yfinance,2025-12-06 00:00:00
OABIW,Healthcare,Biotechnology,yfinance,2025-12-06 00:00:00
OACC,Financial Services,Shell Companies,yfinance,2025-12-06 00:00:00
OACCU,Financial Services,Shell Companies,yfinance,2025-12-06 00:00:00
OACCW,Financial Services,Shell Companies,yfinance,2025-12-06 00:00:00
OAKU,Financial Services,Shell Companies,yfinance,2025-12-06 00:00:00
OAKUR,Unknown,Unknown,yfinance,2025-12-06 00:00:00
OAKUU,Financial Services,Shell Companies,yfinance,2025-12-06 00:00:00
OAKUW,Unknown,Unknown,yfinance,2025-12-06 00:00:00
OBA,Financial Services,Shell Companies,yfinance,2025-12-06 00:00:00
OBAWU,Financial Services,Shell Companies,yfinance,2025-12-06 00:00:00
OBAWW,Financial Services,Shell Companies,yfinance,2025-12-06 00:00:00
OBDC,Financial Services,Asset Management,yfinance,2025-12-06 00:00:00
OBE,Energy,Oil & Gas E&P,yfinance,2025-12-06 00:00:00
OBIO,Healthcare,Biotechnology,yfinance,2025-12-06 00:00:00
OBK,Financial Services,Banks - Regional,yfinance,2025-12-06 00:00:00
OBLG,Technology,Software - Application,yfinance,2025-12-06 00:00:00
OBT,Financial Services,Banks - Regional,yfinance,2025-12-06 00:00:00
OC,Industrials,Building Products & Equipment,yfinance,2025-12-06 00:00:00
OCC,Technology,Communication Equipment,yfinance,2025-12-06 00:00:00
OCCI,Financial Services,Asset Management,yfinance,2025-12-06 00:00:00
OCCIM,Financial Services,Asset Management,yfinance,2025-12-06 00:00:00
OCCIN,Financial Services,Asset Management,yfinance,2025-12-06 00:00:00
OCCIO,Financial Services,Asset Management,yfinance,2025-12-06 00:00:00
OCFC,Financial Services,Banks - Regional,yfinance,2025-12-06 00:00:00
OCG,Consumer Cyclical,Internet Retail,yfinance,2025-12-06 00:00:00
OCGN,Healthcare,Biotechnology,yfinance,2025-12-06 00:00:00
OCS,Healthcare,Biotechnology,yfinance,2025-12-06 00:00:00
OCSAW,Unknown,Unknown,yfinance,2025-12-06 00:00:00
OCSL,Financial Services,Asset Management,yfinance,2025-12-06 00:00:00
OCUL,Healthcare,Biotechnology,yfinance,2025-12-06 00:00:00
ODC,Basic Materials,Specialty Chemicals,yfinance,2025-12-06 00:00:00
ODD,Consumer Defensive,Household & Personal Products,yfinance,2025-12-06 00:00:00
ODFL,Industrials,Trucking,yfinance,2025-12-06 00:00:00
ODP,Consumer Cyclical,Specialty Retail,yfinance,2025-12-06 00:00:00
ODV,Basic Materials,Gold,yfinance,2025-12-06 00:00:00
ODVWZ,Basic Materials,Gold,yfinance,2025-12-06 00:00:00
ODYS,Technology,Scientific & Technical Instruments,yfinance,2025-12-06 00:00:00
OEC,Basic Materials,Specialty Chemicals,yfinance,2025-12-06 00:00:00
OESX,Industrials,Electrical Equipment & Parts,yfinance,2025-12-06 00:00:00
OFAL,Industrials,Engineering & Construction,yfinance,2025-12-06 00:00:00
OFG,Financial Services,Banks - Regional,yfinance,2025-12-06 00:00:00
OFIX,Healthcare,Medical Devices,yfinance,2025-12-06 00:00:00
OFLX,Industrials,Specialty Industrial Machinery,yfinance,2025-12-06 00:00:00
OFS,Financial Services,Asset Management,yfinance,2025-12-06 00:00:00
OFSSH,Unknown,Unknown,yfinance,2025-12-06 00:00:00
OFSSO,Unknown,Unknown,yfinance,2025-12-06 00:00:00
OGCP,Real Estate,REIT - Office,yfinance,2025-12-06 00:00:00
OGE,Utilities,Utilities - Regulated Electric,yfinance,2025-12-06 00:00:00
OGEN,Healthcare,Biotechnology,yfinance,2025-12-06 00:00:00
OGI,Healthcare,Drug Manufacturers - Specialty & Generic,yfinance,2025-12-06 00:00:00
OGN,Healthcare,Drug Manufacturers - General,yfinance,2025-12-06 00:00:00
OGS,Utilities,Utilities - Regulated Gas,yfinance,2025-12-06 00:00:00
OHI,Real Estate,REIT - Healthcare Facilities,yfinance,2025-12-06 00:00:00
OI,Consumer Cyclical,Packaging & Containers,yfinance,2025-12-06 00:00:00
OIA,Financial Services,Asset Management,yfinance,2025-12-06 00:00:00
OII,Energy,Oil & Gas Equipment & Services,yfinance,2025-12-06 00:00:00
OIS,Energy,Oil & Gas Equipment & Services,yfinance,2025-12-06 00:00:00
OKE,Energy,Oil & Gas Midstream,yfinance,2025-12-06 00:00:00
OKLO,Utilities,Utilities - Independent Power Producers,yfinance,2025-12-06 00:00:00
OKTA,Technology,Software - Infrastructure,yfinance,2025-12-06 00:00:00
OKUR,Healthcare,Biotechnology,yfinance,2025-12-06 00:00:00
OKYO,Healthcare,Biotechnology,yfinance,2025-12-06 00:00:00
OLB,Technology,Software - Infrastructure,yfinance,2025-12-06 00:00:00
OLED,Technology,Electronic Components,yfinance,2025-12-06 00:00:00
OLLI,Consumer Defensive,Discount Stores,yfinance,2025-12-06 00:00:00
OLMA,Healthcare,Biotechnology,yfinance,2025-12-06 00:00:00
OLN,Basic Materials,Chemicals,yfinance,2025-12-06 00:00:00
OLP,Real Estate,REIT - Diversified,yfinance,2025-12-06 00:00:00
OLPX,Consumer Cyclical,Specialty Retail,yfinance,2025-12-06 00:00:00
OM,Healthcare,Medical Devices,yfinance,2025-12-06 00:00:00
OMAB,Industrials,Airports & Air Services,yfinance,2025-12-06 00:00:00
OMC,Communication Services,Advertising Agencies,yfinance,2025-12-06 00:00:00
OMCC,Financial Services,Credit Services,yfinance,2025-12-06 00:00:00
OMCL,Healthcare,Health Information Services,yfinance,2025-12-06 00:00:00
OMDA,Healthcare,Health Information Services,yfinance,2025-12-06 00:00:00
OMER,Healthcare,Biotechnology,yfinance,2025-12-06 00:00:00
OMEX,Basic Materials,Other Industrial Metals & Mining,yfinance,2025-12-06 00:00:00
OMF,Financial Services,Credit Services,yfinance,2025-12-06 00:00:00
OMH,Real Estate,Real Estate Services,yfinance,2025-12-06 00:00:00
OMI,Healthcare,Medical Distribution,yfinance,2025-12-06 00:00:00
OMSE,Energy,Oil & Gas Equipment & Services,yfinance,2025-12-06 00:00:00
ON,Technology,Semiconductors,yfinance,2025-12-06 00:00:00
ONB,Financial Services,Banks - Regional,yfinance,2025-12-06 00:00:00
ONBPO,Financial Services,Banks - Regional,yfinance,2025-12-06 00:00:00
ONBPP,Financial Services,Banks - Regional,yfinance,2025-12-06 00:00:00
ONC,Healthcare,Biotechnology,yfinance,2025-12-06 00:00:00
ONCH,Financial Services,Shell Companies,yfinance,2025-12-06 00:00:00
ONCHU,Financial Services,Shell Companies,yfinance,2025-12-06 00:00:00
ONCHW,Financial Services,Shell Companies,yfinance,2025-12-06 00:00:00
ONCO,Healthcare,Biotechnology,yfinance,2025-12-06 00:00:00
ONCY,Healthcare,Biotechnology,yfinance,2025-12-06 00:00:00
ONDS,Technology,Communication Equipment,yfinance,2025-12-06 00:00:00
ONEG,Industrials,Engineering & Construction,yfinance,2025-12-06 00:00:00
ONEW,Consumer Cyclical,Specialty Retail,yfinance,2025-12-06 00:00:00
ONFO,Communication Services,Internet Content & Information,yfinance,2025-12-06 00:00:00
ONFOW,Communication Services,Internet Content & Information,yfinance,2025-12-06 00:00:00
ONIT,Financial Services,Mortgage Finance,yfinance,2025-12-06 00:00:00
ONL,Real Estate,REIT - Office,yfinance,2025-12-06 00:00:00
ONMD,Healthcare,Health Information Services,yfinance,2025-12-06 00:00:00
ONMDW,Healthcare,Health Information Services,yfinance,2025-12-06 00:00:00
ONON,Consumer Cyclical,Footwear & Accessories,yfinance,2025-12-06 00:00:00
ONTF,Technology,Software - Application,yfinance,2025-12-06 00:00:00
ONTO,Technology,Semiconductor Equipment & Materials,yfinance,2025-12-06 00:00:00
OOMA,Technology,Software - Application,yfinance,2025-12-06 00:00:00
OPAD,Real Estate,Real Estate Services,yfinance,2025-12-06 00:00:00
OPAL,Utilities,Utilities - Regulated Gas,yfinance,2025-12-06 00:00:00
OPBK,Financial Services,Banks - Regional,yfinance,2025-12-06 00:00:00
OPCH,Healthcare,Medical Care Facilities,yfinance,2025-12-06 00:00:00
OPEN,Real Estate,Real Estate Services,yfinance,2025-12-06 00:00:00
OPENL,Real Estate,Real Estate Services,yfinance,2025-12-06 00:00:00
OPENW,Real Estate,Real Estate Services,yfinance,2025-12-06 00:00:00
OPENZ,Real Estate,Real Estate Services,yfinance,2025-12-06 00:00:00
OPFI,Financial Services,Credit Services,yfinance,2025-12-06 00:00:00
OPHC,Financial Services,Banks - Regional,yfinance,2025-12-06 00:00:00
OPK,Healthcare,Diagnostics & Research,yfinance,2025-12-06 00:00:00
OPP,Financial Services,Asset Management,yfinance,2025-12-06 00:00:00
OPRA,Communication Services,Internet Content & Information,yfinance,2025-12-06 00:00:00
OPRT,Financial Services,Credit Services,yfinance,2025-12-06 00:00:00
OPRX,Healthcare,Health Information Services,yfinance,2025-12-06 00:00:00
OPTT,Industrials,Specialty Industrial Machinery,yfinance,2025-12-06 00:00:00
OPTU,Communication Services,Telecom Services,yfinance,2025-12-06 00:00:00
OPTX,Technology,Electronic Components,yfinance,2025-12-06 00:00:00
OPTXW,Technology,Electronic Components,yfinance,2025-12-06 00:00:00
OPXS,Industrials,Aerospace & Defense,yfinance,2025-12-06 00:00:00
OPY,Financial Services,Capital Markets,yfinance,2025-12-06 00:00:00
OR,Basic Materials,Gold,yfinance,2025-12-06 00:00:00
ORA,Utilities,Utilities - Renewable,yfinance,2025-12-06 00:00:00
ORBS,Consumer Cyclical,Packaging & Containers,yfinance,2025-12-06 00:00:00
ORC,Real Estate,REIT - Mortgage,yfinance,2025-12-06 00:00:00
ORCL,Technology,Software - Infrastructure,yfinance,2025-12-06 00:00:00
ORGN,Basic Materials,Chemicals,yfinance,2025-12-06 00:00:00
ORGNW,Basic Materials,Chemicals,yfinance,2025-12-06 00:00:00
ORGO,Healthcare,Drug Manufacturers - Specialty & Generic,yfinance,2025-12-06 00:00:00
ORI,Financial Services,Insurance - Property & Casualty,yfinance,2025-12-06 00:00:00
ORIC,Healthcare,Biotechnology,yfinance,2025-12-06 00:00:00
ORIQ,Financial Services,Shell Companies,yfinance,2025-12-06 00:00:00
ORIQU,Financial Services,Shell Companies,yfinance,2025-12-06 00:00:00
ORIQW,Financial Services,Shell Companies,yfinance,2025-12-06 00:00:00
ORIS,Consumer Defensive,Packaged Foods,yfinance,2025-12-06 00:00:00
ORKA,Healthcare,Biotechnology,yfinance,2025-12-06 00:00:00
ORKT,Technology,Software - Application,yfinance,2025-12-06 00:00:00
ORLA,Basic Materials,Gold,yfinance,2025-12-06 00:00:00
ORLY,Consumer Cyclical,Auto Parts,yfinance,2025-12-06 00:00:00
ORMP,Healthcare,Biotechnology,yfinance,2025-12-06 00:00:00
ORN,Industrials,Engineering & Construction,yfinance,2025-12-06 00:00:00
ORRF,Financial Services,Banks - Regional,yfinance,2025-12-06 00:00:00
OS,Technology,Software - Infrastructure,yfinance,2025-12-06 00:00:00
OSBC,Financial Services,Banks - Regional,yfinance,2025-12-06 00:00:00
OSCR,Healthcare,Healthcare Plans,yfinance,2025-12-06 00:00:00
OSG,Financial Services,Insurance - Specialty,yfinance,2025-12-06 00:00:00
OSIS,Technology,Electronic Components,yfinance,2025-12-06 00:00:00
OSK,Industrials,Farm & Heavy Construction Machinery,yfinance,2025-12-06 00:00:00
OSPN,Technology,Software - Infrastructure,yfinance,2025-12-06 00:00:00
OSRH,Healthcare,Biotechnology,yfinance,2025-12-06 00:00:00
OSRHW,Healthcare,Biotechnology,yfinance,2025-12-06 00:00:00
OSS,Technology,Computer Hardware,yfinance,2025-12-06 00:00:00
OST,Technology,Electronic Components,yfinance,2025-12-06 00:00:00
OSTX,Healthcare,Biotechnology,yfinance,2025-12-06 00:00:00
OSUR,Healthcare,Medical Instruments & Supplies,yfinance,2025-12-06 00:00:00
OSW,Consumer Cyclical,Leisure,yfinance,2025-12-06 00:00:00
OTEX,Technology,Software - Application,yfinance,2025-12-06 00:00:00
OTF,Financial Services,Asset Management,yfinance,2025-12-06 00:00:00
OTGA,Financial Services,Shell Companies,yfinance,2025-12-06 00:00:00
OTGAU,Financial Services,Shell Companies,yfinance,2025-12-06 00:00:00
OTGAW,Financial Services,Shell Companies,yfinance,2025-12-06 00:00:00
OTH,Consumer Cyclical,Auto & Truck Dealerships,yfinance,2025-12-06 00:00:00
OTIS,Industrials,Specialty Industrial Machinery,yfinance,2025-12-06 00:00:00
OTLK,Healthcare,Biotechnology,yfinance,2025-12-06 00:00:00
OTLY,Consumer Defensive,Packaged Foods,yfinance,2025-12-06 00:00:00
OTTR,Industrials,Conglomerates,yfinance,2025-12-06 00:00:00
OUST,Technology,Electronic Components,yfinance,2025-12-06 00:00:00
OUSTZ,Technology,Electronic Components,yfinance,2025-12-06 00:00:00
OUT,Real Estate,REIT - Specialty,yfinance,2025-12-06 00:00:00
OVBC,Financial Services,Banks - Regional,yfinance,2025-12-06 00:00:00
OVID,Healthcare,Biotechnology,yfinance,2025-12-06 00:00:00
OVLY,Financial Services,Banks - Regional,yfinance,2025-12-06 00:00:00
OVV,Energy,Oil & Gas E&P,yfinance,2025-12-06 00:00:00
OWL,Financial Services,Asset Management,yfinance,2025-12-06 00:00:00
OWLS,Technology,Software - Infrastructure,yfinance,2025-12-06 00:00:00
OWLT,Healthcare,Medical Devices,yfinance,2025-12-06 00:00:00
OXBR,Financial Services,Insurance - Reinsurance,yfinance,2025-12-06 00:00:00
OXBRW,Financial Services,Insurance - Reinsurance,yfinance,2025-12-06 00:00:00
OXLC,Financial Services,Asset Management,yfinance,2025-12-06 00:00:00
OXLCG,Unknown,Unknown,yfinance,2025-12-06 00:00:00
OXLCI,Unknown,Unknown,yfinance,2025-12-06 00:00:00
OXLCL,Unknown,Unknown,yfinance,2025-12-06 00:00:00
OXLCN,Financial Services,Asset Management,yfinance,2025-12-06 00:00:00
OXLCO,Financial Services,Asset Management,yfinance,2025-12-06 00:00:00
OXLCP,Financial Services,Asset Management,yfinance,2025-12-06 00:00:00
OXLCZ,Unknown,Unknown,yfinance,2025-12-06 00:00:00
OXM,Consumer Cyclical,Apparel Manufacturing,yfinance,2025-12-06 00:00:00
OXSQ,Financial Services,Asset Management,yfinance,2025-12-06 00:00:00
OXSQG,Unknown,Unknown,yfinance,2025-12-06 00:00:00
OXSQH,Unknown,Unknown,yfinance,2025-12-06 00:00:00
OXY,Energy,Oil & Gas E&P,yfinance,2025-12-06 00:00:00
OYSE,Financial Services,Shell Companies,yfinance,2025-12-06 00:00:00
OYSER,Unknown,Unknown,yfinance,2025-12-06 00:00:00
OYSEU,Financial Services,Shell Companies,yfinance,2025-12-06 00:00:00
OZ,Real Estate,Real Estate - Development,yfinance,2025-12-06 00:00:00
OZK,Financial Services,Banks - Regional,yfinance,2025-12-06 00:00:00
OZKAP,Financial Services,Banks - Regional,yfinance,2025-12-06 00:00:00
PAA,Energy,Oil & Gas Midstream,yfinance,2025-12-06 00:00:00
PAAS,Basic Materials,Gold,yfinance,2025-12-06 00:00:00
PAC,Industrials,Airports & Air Services,yfinance,2025-12-06 00:00:00
PACB,Healthcare,Medical Devices,yfinance,2025-12-06 00:00:00
PACH,Financial Services,Shell Companies,yfinance,2025-12-06 00:00:00
PACHU,Financial Services,Shell Companies,yfinance,2025-12-06 00:00:00
PACHW,Financial Services,Shell Companies,yfinance,2025-12-06 00:00:00
PACK,Consumer Cyclical,Packaging & Containers,yfinance,2025-12-06 00:00:00
PACS,Healthcare,Medical Care Facilities,yfinance,2025-12-06 00:00:00
PAG,Consumer Cyclical,Auto & Truck Dealerships,yfinance,2025-12-06 00:00:00
PAGP,Energy,Oil & Gas Midstream,yfinance,2025-12-06 00:00:00
PAGS,Technology,Software - Infrastructure,yfinance,2025-12-06 00:00:00
PAHC,Healthcare,Drug Manufacturers - Specialty & Generic,yfinance,2025-12-06 00:00:00
PAI,Financial Services,Asset Management,yfinance,2025-12-06 00:00:00
PAII,Unknown,Unknown,yfinance,2025-12-06 00:00:00
PAL,Industrials,Integrated Freight & Logistics,yfinance,2025-12-06 00:00:00
PALI,Healthcare,Biotechnology,yfinance,2025-12-06 00:00:00
PAM,Utilities,Utilities - Independent Power Producers,yfinance,2025-12-06 00:00:00
PAMT,Industrials,Trucking,yfinance,2025-12-06 00:00:00
PANL,Industrials,Marine Shipping,yfinance,2025-12-06 00:00:00
PANW,Technology,Software - Infrastructure,yfinance,2025-12-06 00:00:00
PAPL,Financial Services,Mortgage Finance,yfinance,2025-12-06 00:00:00
PAR,Technology,Software - Application,yfinance,2025-12-06 00:00:00
PARK,Healthcare,Medical Care Facilities,yfinance,2025-12-06 00:00:00
PARR,Energy,Oil & Gas Refining & Marketing,yfinance,2025-12-06 00:00:00
PASG,Healthcare,Biotechnology,yfinance,2025-12-06 00:00:00
PASW,Consumer Cyclical,Textile Manufacturing,yfinance,2025-12-06 00:00:00
PATH,Technology,Software - Infrastructure,yfinance,2025-12-06 00:00:00
PATK,Consumer Cyclical,"Furnishings, Fixtures & Appliances",yfinance,2025-12-06 00:00:00
PAVM,Healthcare,Medical Devices,yfinance,2025-12-06 00:00:00
PAVS,Consumer Defensive,Packaged Foods,yfinance,2025-12-06 00:00:00
PAX,Financial Services,Asset Management,yfinance,2025-12-06 00:00:00
PAXS,Financial Services,Asset Management,yfinance,2025-12-06 00:00:00
PAY,Technology,Software - Infrastructure,yfinance,2025-12-06 00:00:00
PAYC,Technology,Software - Application,yfinance,2025-12-06 00:00:00
PAYO,Technology,Software - Infrastructure,yfinance,2025-12-06 00:00:00
PAYS,Technology,Software - Infrastructure,yfinance,2025-12-06 00:00:00
PAYX,Technology,Software - Application,yfinance,2025-12-06 00:00:00
PB,Financial Services,Banks - Regional,yfinance,2025-12-06 00:00:00
PBA,Energy,Oil & Gas Midstream,yfinance,2025-12-06 00:00:00
PBBK,Financial Services,Banks - Regional,yfinance,2025-12-06 00:00:00
PBF,Energy,Oil & Gas Refining & Marketing,yfinance,2025-12-06 00:00:00
PBFS,Financial Services,Banks - Regional,yfinance,2025-12-06 00:00:00
PBH,Healthcare,Drug Manufacturers - Specialty & Generic,yfinance,2025-12-06 00:00:00
PBHC,Financial Services,Banks - Regional,yfinance,2025-12-06 00:00:00
PBI,Industrials,Integrated Freight & Logistics,yfinance,2025-12-06 00:00:00
PBM,Healthcare,Biotechnology,yfinance,2025-12-06 00:00:00
PBMWW,Healthcare,Biotechnology,yfinance,2025-12-06 00:00:00
PBR,Energy,Oil & Gas Integrated,yfinance,2025-12-06 00:00:00
PBT,Energy,Oil & Gas Midstream,yfinance,2025-12-06 00:00:00
PBYI,Healthcare,Biotechnology,yfinance,2025-12-06 00:00:00
PC,Industrials,Specialty Business Services,yfinance,2025-12-06 00:00:00
PCAP,Financial Services,Shell Companies,yfinance,2025-12-06 00:00:00
PCAPU,Financial Services,Shell Companies,yfinance,2025-12-06 00:00:00
PCAPW,Financial Services,Shell Companies,yfinance,2025-12-06 00:00:00
PCAR,Industrials,Farm & Heavy Construction Machinery,yfinance,2025-12-06 00:00:00
PCB,Financial Services,Banks - Regional,yfinance,2025-12-06 00:00:00
PCF,Financial Services,Asset Management,yfinance,2025-12-06 00:00:00
PCG,Utilities,Utilities - Regulated Electric,yfinance,2025-12-06 00:00:00
PCH,Real Estate,REIT - Specialty,yfinance,2025-12-06 00:00:00
PCLA,Communication Services,Telecom Services,yfinance,2025-12-06 00:00:00
PCM,Financial Services,Asset Management,yfinance,2025-12-06 00:00:00
PCN,Financial Services,Asset Management,yfinance,2025-12-06 00:00:00
PCOR,Technology,Software - Application,yfinance,2025-12-06 00:00:00
PCQ,Financial Services,Asset Management,yfinance,2025-12-06 00:00:00
PCRX,Healthcare,Drug Manufacturers - Specialty & Generic,yfinance,2025-12-06 00:00:00
PCSA,Healthcare,Biotechnology,yfinance,2025-12-06 00:00:00
PCSC,Financial Services,Shell Companies,yfinance,2025-12-06 00:00:00
PCT,Industrials,Pollution & Treatment Controls,yfinance,2025-12-06 00:00:00
PCTTU,Industrials,Pollution & Treatment Controls,yfinance,2025-12-06 00:00:00
PCTTW,Industrials,Pollution & Treatment Controls,yfinance,2025-12-06 00:00:00
PCTY,Technology,Software - Application,yfinance,2025-12-06 00:00:00
PCVX,Healthcare,Biotechnology,yfinance,2025-12-06 00:00:00
PCYO,Utilities,Utilities - Regulated Water,yfinance,2025-12-06 00:00:00
PD,Technology,Software - Application,yfinance,2025-12-06 00:00:00
PDCC,Financial Services,Asset Management,yfinance,2025-12-06 00:00:00
PDD,Consumer Cyclical,Internet Retail,yfinance,2025-12-06 00:00:00
PDEX,Healthcare,Medical Instruments & Supplies,yfinance,2025-12-06 00:00:00
PDFS,Technology,Software - Application,yfinance,2025-12-06 00:00:00
PDI,Financial Services,Asset Management,yfinance,2025-12-06 00:00:00
PDLB,Financial Services,Banks - Regional,yfinance,2025-12-06 00:00:00
PDM,Real Estate,REIT - Office,yfinance,2025-12-06 00:00:00
PDO,Financial Services,Asset Management,yfinance,2025-12-06 00:00:00
PDPA,Financial Services,Asset Management,yfinance,2025-12-06 00:00:00
PDS,Energy,Oil & Gas Drilling,yfinance,2025-12-06 00:00:00
PDSB,Healthcare,Biotechnology,yfinance,2025-12-06 00:00:00
PDT,Financial Services,Asset Management,yfinance,2025-12-06 00:00:00
PDX,Financial Services,Asset Management,yfinance,2025-12-06 00:00:00
PDYN,Technology,Software - Infrastructure,yfinance,2025-12-06 00:00:00
PDYNW,Technology,Software - Infrastructure,yfinance,2025-12-06 00:00:00
PEB,Real Estate,REIT - Hotel & Motel,yfinance,2025-12-06 00:00:00
PEBK,Financial Services,Banks - Regional,yfinance,2025-12-06 00:00:00
PEBO,Financial Services,Banks - Regional,yfinance,2025-12-06 00:00:00
PECO,Real Estate,REIT - Retail,yfinance,2025-12-06 00:00:00
PED,Energy,Oil & Gas E&P,yfinance,2025-12-06 00:00:00
PEG,Utilities,Utilities - Regulated Electric,yfinance,2025-12-06 00:00:00
PEGA,Technology,Software - Application,yfinance,2025-12-06 00:00:00
PELI,Financial Services,Shell Companies,yfinance,2025-12-06 00:00:00
PELIR,Unknown,Unknown,yfinance,2025-12-06 00:00:00
PELIU,Financial Services,Shell Companies,yfinance,2025-12-06 00:00:00
PEN,Healthcare,Medical Devices,yfinance,2025-12-06 00:00:00
PENG,Technology,Information Technology Services,yfinance,2025-12-06 00:00:00
PENN,Consumer Cyclical,Resorts & Casinos,yfinance,2025-12-06 00:00:00
PEO,Financial Services,Asset Management,yfinance,2025-12-06 00:00:00
PEP,Consumer Defensive,Beverages - Non-Alcoholic,yfinance,2025-12-06 00:00:00
PEPG,Healthcare,Biotechnology,yfinance,2025-12-06 00:00:00
PERF,Technology,Software - Application,yfinance,2025-12-06 00:00:00
PERI,Communication Services,Internet Content & Information,yfinance,2025-12-06 00:00:00
PESI,Industrials,Waste Management,yfinance,2025-12-06 00:00:00
PETS,Healthcare,Pharmaceutical Retailers,yfinance,2025-12-06 00:00:00
PETZ,Consumer Cyclical,Restaurants,yfinance,2025-12-06 00:00:00
PEW,Industrials,Aerospace & Defense,yfinance,2025-12-06 00:00:00
PFAI,Consumer Defensive,Farm Products,yfinance,2025-12-06 00:00:00
PFBC,Financial Services,Banks - Regional,yfinance,2025-12-06 00:00:00
PFD,Financial Services,Asset Management,yfinance,2025-12-06 00:00:00
PFE,Healthcare,Drug Manufacturers - General,yfinance,2025-12-06 00:00:00
PFFL,Unknown,Unknown,yfinance,2025-12-06 00:00:00
PFG,Financial Services,Asset Management,yfinance,2025-12-06 00:00:00
PFGC,Consumer Defensive,Food Distribution,yfinance,2025-12-06 00:00:00
PFH,Unknown,Unknown,yfinance,2025-12-06 00:00:00
PFIS,Financial Services,Banks - Regional,yfinance,2025-12-06 00:00:00
PFL,Financial Services,Asset Management,yfinance,2025-12-06 00:00:00
PFLT,Financial Services,Asset Management,yfinance,2025-12-06 00:00:00
PFN,Financial Services,Asset Management,yfinance,2025-12-06 00:00:00
PFO,Financial Services,Asset Management,yfinance,2025-12-06 00:00:00
PFS,Financial Services,Banks - Regional,yfinance,2025-12-06 00:00:00
PFSA,Healthcare,Medical Devices,yfinance,2025-12-06 00:00:00
PFSI,Financial Services,Mortgage Finance,yfinance,2025-12-06 00:00:00
PFX,Financial Services,Asset Management,yfinance,2025-12-06 00:00:00
PFXNZ,Unknown,Unknown,yfinance,2025-12-06 00:00:00
PG,Consumer Defensive,Household & Personal Products,yfinance,2025-12-06 00:00:00
PGAC,Financial Services,Shell Companies,yfinance,2025-12-06 00:00:00
PGACR,Unknown,Unknown,yfinance,2025-12-06 00:00:00
PGACU,Financial Services,Shell Companies,yfinance,2025-12-06 00:00:00
PGC,Financial Services,Banks - Regional,yfinance,2025-12-06 00:00:00
PGEN,Healthcare,Biotechnology,yfinance,2025-12-06 00:00:00
PGNY,Healthcare,Healthcare Plans,yfinance,2025-12-06 00:00:00
PGP,Financial Services,Asset Management,yfinance,2025-12-06 00:00:00
PGR,Financial Services,Insurance - Property & Casualty,yfinance,2025-12-06 00:00:00
PGRE,Real Estate,REIT - Office,yfinance,2025-12-06 00:00:00
PGY,Technology,Software - Infrastructure,yfinance,2025-12-06 00:00:00
PGYWW,Technology,Software - Infrastructure,yfinance,2025-12-06 00:00:00
PGZ,Financial Services,Asset Management,yfinance,2025-12-06 00:00:00
PH,Industrials,Specialty Industrial Machinery,yfinance,2025-12-06 00:00:00
PHAR,Healthcare,Biotechnology,yfinance,2025-12-06 00:00:00
PHAT,Healthcare,Biotechnology,yfinance,2025-12-06 00:00:00
PHG,Healthcare,Medical Devices,yfinance,2025-12-06 00:00:00
PHGE,Healthcare,Biotechnology,yfinance,2025-12-06 00:00:00
PHI,Communication Services,Telecom Services,yfinance,2025-12-06 00:00:00
PHIN,Consumer Cyclical,Auto Parts,yfinance,2025-12-06 00:00:00
PHIO,Healthcare,Biotechnology,yfinance,2025-12-06 00:00:00
PHK,Financial Services,Asset Management,yfinance,2025-12-06 00:00:00
PHM,Consumer Cyclical,Residential Construction,yfinance,2025-12-06 00:00:00
PHOE,Industrials,Engineering & Construction,yfinance,2025-12-06 00:00:00
PHR,Healthcare,Health Information Services,yfinance,2025-12-06 00:00:00
PHUN,Technology,Software - Application,yfinance,2025-12-06 00:00:00
PHVS,Healthcare,Biotechnology,yfinance,2025-12-06 00:00:00
PI,Technology,Semiconductors,yfinance,2025-12-06 00:00:00
PII,Consumer Cyclical,Recreational Vehicles,yfinance,2025-12-06 00:00:00
PIII,Healthcare,Medical Care Facilities,yfinance,2025-12-06 00:00:00
PIIIW,Healthcare,Medical Care Facilities,yfinance,2025-12-06 00:00:00
PIM,Financial Services,Asset Management,yfinance,2025-12-06 00:00:00
PINE,Real Estate,REIT - Retail,yfinance,2025-12-06 00:00:00
PINS,Communication Services,Internet Content & Information,yfinance,2025-12-06 00:00:00
PIPR,Financial Services,Capital Markets,yfinance,2025-12-06 00:00:00
PJT,Financial Services,Capital Markets,yfinance,2025-12-06 00:00:00
PK,Real Estate,REIT - Hotel & Motel,yfinance,2025-12-06 00:00:00
PKBK,Financial Services,Banks - Regional,yfinance,2025-12-06 00:00:00
PKE,Industrials,Aerospace & Defense,yfinance,2025-12-06 00:00:00
PKG,Consumer Cyclical,Packaging & Containers,yfinance,2025-12-06 00:00:00
PKOH,Industrials,Specialty Industrial Machinery,yfinance,2025-12-06 00:00:00
PKST,Real Estate,REIT - Office,yfinance,2025-12-06 00:00:00
PKX,Basic Materials,Steel,yfinance,2025-12-06 00:00:00
PL,Industrials,Aerospace & Defense,yfinance,2025-12-06 00:00:00
PLAB,Technology,Semiconductor Equipment & Materials,yfinance,2025-12-06 00:00:00
PLAG,Industrials,Conglomerates,yfinance,2025-12-06 00:00:00
PLAY,Communication Services,Entertainment,yfinance,2025-12-06 00:00:00
PLBC,Financial Services,Banks - Regional,yfinance,2025-12-06 00:00:00
PLBL,Consumer Cyclical,Department Stores,yfinance,2025-12-06 00:00:00
PLBY,Consumer Cyclical,Leisure,yfinance,2025-12-06 00:00:00
PLCE,Consumer Cyclical,Apparel Manufacturing,yfinance,2025-12-06 00:00:00
PLD,Real Estate,REIT - Industrial,yfinance,2025-12-06 00:00:00
PLG,Basic Materials,Other Precious Metals & Mining,yfinance,2025-12-06 00:00:00
PLMK,Financial Services,Shell Companies,yfinance,2025-12-06 00:00:00
PLMKU,Financial Services,Shell Companies,yfinance,2025-12-06 00:00:00
PLMKW,Financial Services,Shell Companies,yfinance,2025-12-06 00:00:00
PLMR,Financial Services,Insurance - Property & Casualty,yfinance,2025-12-06 00:00:00
PLNT,Consumer Cyclical,Leisure,yfinance,2025-12-06 00:00:00
PLOW,Consumer Cyclical,Auto Parts,yfinance,2025-12-06 00:00:00
PLPC,Industrials,Electrical Equipment & Parts,yfinance,2025-12-06 00:00:00
PLRX,Healthcare,Biotechnology,yfinance,2025-12-06 00:00:00
PLRZ,Healthcare,Biotechnology,yfinance,2025-12-06 00:00:00
PLSE,Healthcare,Medical Instruments & Supplies,yfinance,2025-12-06 00:00:00
PLTK,Communication Services,Electronic Gaming & Multimedia,yfinance,2025-12-06 00:00:00
PLTR,Technology,Software - Infrastructure,yfinance,2025-12-06 00:00:00
PLTS,Unknown,Unknown,yfinance,2025-12-06 00:00:00
PLUG,Industrials,Electrical Equipment & Parts,yfinance,2025-12-06 00:00:00
PLUR,Healthcare,Biotechnology,yfinance,2025-12-06 00:00:00
PLUS,Technology,Software - Application,yfinance,2025-12-06 00:00:00
PLUT,Financial Services,Capital Markets,yfinance,2025-12-06 00:00:00
PLX,Healthcare,Biotechnology,yfinance,2025-12-06 00:00:00
PLXS,Technology,Electronic Components,yfinance,2025-12-06 00:00:00
PLYM,Real Estate,REIT - Industrial,yfinance,2025-12-06 00:00:00
PM,Consumer Defensive,Tobacco,yfinance,2025-12-06 00:00:00
PMAX,Industrials,Specialty Business Services,yfinance,2025-12-06 00:00:00
PMCB,Healthcare,Biotechnology,yfinance,2025-12-06 00:00:00
PMEC,Industrials,Specialty Business Services,yfinance,2025-12-06 00:00:00
PMI,Healthcare,Medical Devices,yfinance,2025-12-06 00:00:00
PML,Financial Services,Asset Management,yfinance,2025-12-06 00:00:00
PMM,Financial Services,Asset Management,yfinance,2025-12-06 00:00:00
PMN,Healthcare,Biotechnology,yfinance,2025-12-06 00:00:00
PMNT,Consumer Cyclical,Apparel Manufacturing,yfinance,2025-12-06 00:00:00
PMO,Financial Services,Asset Management,yfinance,2025-12-06 00:00:00
PMT,Real Estate,REIT - Mortgage,yfinance,2025-12-06 00:00:00
PMTR,Financial Services,Shell Companies,yfinance,2025-12-06 00:00:00
PMTRU,Financial Services,Shell Companies,yfinance,2025-12-06 00:00:00
PMTRW,Financial Services,Shell Companies,yfinance,2025-12-06 00:00:00
PMTS,Financial Services,Credit Services,yfinance,2025-12-06 00:00:00
PMTU,Unknown,Unknown,yfinance,2025-12-06 00:00:00
PMTV,Unknown,Unknown,yfinance,2025-12-06 00:00:00
PMTW,Unknown,Unknown,yfinance,2025-12-06 00:00:00
PMVP,Healthcare,Biotechnology,yfinance,2025-12-06 00:00:00
PN,Technology,Solar,yfinance,2025-12-06 00:00:00
PNBK,Financial Services,Banks - Regional,yfinance,2025-12-06 00:00:00
PNC,Financial Services,Banks - Regional,yfinance,2025-12-06 00:00:00
PNFP,Financial Services,Banks - Regional,yfinance,2025-12-06 00:00:00
PNFPP,Financial Services,Banks - Regional,yfinance,2025-12-06 00:00:00
PNI,Financial Services,Asset Management,yfinance,2025-12-06 00:00:00
PNNT,Financial Services,Asset Management,yfinance,2025-12-06 00:00:00
PNR,Industrials,Specialty Industrial Machinery,yfinance,2025-12-06 00:00:00
PNRG,Energy,Oil & Gas E&P,yfinance,2025-12-06 00:00:00
PNTG,Healthcare,Medical Care Facilities,yfinance,2025-12-06 00:00:00
PNW,Utilities,Utilities - Regulated Electric,yfinance,2025-12-06 00:00:00
POAI,Healthcare,Health Information Services,yfinance,2025-12-06 00:00:00
POAS,Healthcare,Medical Devices,yfinance,2025-12-06 00:00:00
POCI,Healthcare,Medical Instruments & Supplies,yfinance,2025-12-06 00:00:00
PODC,Communication Services,Internet Content & Information,yfinance,2025-12-06 00:00:00
PODD,Healthcare,Medical Devices,yfinance,2025-12-06 00:00:00
POET,Technology,Semiconductors,yfinance,2025-12-06 00:00:00
POLA,Industrials,Electrical Equipment & Parts,yfinance,2025-12-06 00:00:00
POLE,Financial Services,Shell Companies,yfinance,2025-12-06 00:00:00
POLEU,Financial Services,Shell Companies,yfinance,2025-12-06 00:00:00
POLEW,Financial Services,Shell Companies,yfinance,2025-12-06 00:00:00
POM,Healthcare,Pharmaceutical Retailers,yfinance,2025-12-06 00:00:00
PONY,Technology,Information Technology Services,yfinance,2025-12-06 00:00:00
POOL,Industrials,Industrial Distribution,yfinance,2025-12-06 00:00:00
POR,Utilities,Utilities - Regulated Electric,yfinance,2025-12-06 00:00:00
POST,Consumer Defensive,Packaged Foods,yfinance,2025-12-06 00:00:00
POWI,Technology,Semiconductors,yfinance,2025-12-06 00:00:00
POWL,Industrials,Electrical Equipment & Parts,yfinance,2025-12-06 00:00:00
POWW,Industrials,Aerospace & Defense,yfinance,2025-12-06 00:00:00
POWWP,Industrials,Aerospace & Defense,yfinance,2025-12-06 00:00:00
PPBT,Healthcare,Biotechnology,yfinance,2025-12-06 00:00:00
PPC,Consumer Defensive,Packaged Foods,yfinance,2025-12-06 00:00:00
PPCB,Healthcare,Biotechnology,yfinance,2025-12-06 00:00:00
PPG,Basic Materials,Specialty Chemicals,yfinance,2025-12-06 00:00:00
PPIH,Industrials,Building Products & Equipment,yfinance,2025-12-06 00:00:00
PPL,Utilities,Utilities - Regulated Electric,yfinance,2025-12-06 00:00:00
PPSI,Industrials,Electrical Equipment & Parts,yfinance,2025-12-06 00:00:00
PPT,Financial Services,Asset Management,yfinance,2025-12-06 00:00:00
PPTA,Basic Materials,Other Precious Metals & Mining,yfinance,2025-12-06 00:00:00
PR,Energy,Oil & Gas E&P,yfinance,2025-12-06 00:00:00
PRA,Financial Services,Insurance - Property & Casualty,yfinance,2025-12-06 00:00:00
PRAA,Financial Services,Credit Services,yfinance,2025-12-06 00:00:00
PRAX,Healthcare,Biotechnology,yfinance,2025-12-06 00:00:00
PRCH,Technology,Software - Application,yfinance,2025-12-06 00:00:00
PRCT,Healthcare,Medical Devices,yfinance,2025-12-06 00:00:00
PRDO,Consumer Defensive,Education & Training Services,yfinance,2025-12-06 00:00:00
PRE,Healthcare,Diagnostics & Research,yfinance,2025-12-06 00:00:00
PRENW,Healthcare,Diagnostics & Research,yfinance,2025-12-06 00:00:00
PRFX,Healthcare,Drug Manufacturers - Specialty & Generic,yfinance,2025-12-06 00:00:00
PRG,Industrials,Rental & Leasing Services,yfinance,2025-12-06 00:00:00
PRGO,Healthcare,Drug Manufacturers - Specialty & Generic,yfinance,2025-12-06 00:00:00
PRGS,Technology,Software - Infrastructure,yfinance,2025-12-06 00:00:00
PRH,Unknown,Unknown,yfinance,2025-12-06 00:00:00
PRHI,Financial Services,Insurance - Property & Casualty,yfinance,2025-12-06 00:00:00
PRHIZ,Unknown,Unknown,yfinance,2025-12-06 00:00:00
PRI,Financial Services,Insurance - Life,yfinance,2025-12-06 00:00:00
PRIM,Industrials,Engineering & Construction,yfinance,2025-12-06 00:00:00
PRK,Financial Services,Banks - Regional,yfinance,2025-12-06 00:00:00
PRKS,Consumer Cyclical,Leisure,yfinance,2025-12-06 00:00:00
PRLB,Industrials,Metal Fabrication,yfinance,2025-12-06 00:00:00
PRLD,Healthcare,Biotechnology,yfinance,2025-12-06 00:00:00
PRM,Basic Materials,Specialty Chemicals,yfinance,2025-12-06 00:00:00
PRMB,Consumer Defensive,Beverages - Non-Alcoholic,yfinance,2025-12-06 00:00:00
PRME,Healthcare,Biotechnology,yfinance,2025-12-06 00:00:00
PRO,Technology,Software - Application,yfinance,2025-12-06 00:00:00
PROF,Healthcare,Medical Devices,yfinance,2025-12-06 00:00:00
PROK,Healthcare,Biotechnology,yfinance,2025-12-06 00:00:00
PROP,Energy,Oil & Gas E&P,yfinance,2025-12-06 00:00:00
PROV,Financial Services,Banks - Regional,yfinance,2025-12-06 00:00:00
PRPH,Healthcare,Diagnostics & Research,yfinance,2025-12-06 00:00:00
PRPL,Consumer Cyclical,"Furnishings, Fixtures & Appliances",yfinance,2025-12-06 00:00:00
PRPO,Healthcare,Diagnostics & Research,yfinance,2025-12-06 00:00:00
PRQR,Healthcare,Biotechnology,yfinance,2025-12-06 00:00:00
PRS,Unknown,Unknown,yfinance,2025-12-06 00:00:00
PRSO,Technology,Semiconductors,yfinance,2025-12-06 00:00:00
PRSU,Consumer Cyclical,Travel Services,yfinance,2025-12-06 00:00:00
PRT,Energy,Oil & Gas E&P,yfinance,2025-12-06 00:00:00
PRTA,Healthcare,Biotechnology,yfinance,2025-12-06 00:00:00
PRTC,Healthcare,Biotechnology,yfinance,2025-12-06 00:00:00
PRTH,Technology,Software - Infrastructure,yfinance,2025-12-06 00:00:00
PRTS,Consumer Cyclical,Auto Parts,yfinance,2025-12-06 00:00:00
PRU,Financial Services,Insurance - Life,yfinance,2025-12-06 00:00:00
PRVA,Healthcare,Health Information Services,yfinance,2025-12-06 00:00:00
PRZO,Industrials,Aerospace & Defense,yfinance,2025-12-06 00:00:00
PSA,Real Estate,REIT - Industrial,yfinance,2025-12-06 00:00:00
PSBD,Financial Services,Asset Management,yfinance,2025-12-06 00:00:00
PSEC,Financial Services,Asset Management,yfinance,2025-12-06 00:00:00
PSF,Financial Services,Asset Management,yfinance,2025-12-06 00:00:00
PSFE,Technology,Software - Infrastructure,yfinance,2025-12-06 00:00:00
PSHG,Industrials,Marine Shipping,yfinance,2025-12-06 00:00:00
PSIG,Industrials,Integrated Freight & Logistics,yfinance,2025-12-06 00:00:00
PSIX,Industrials,Specialty Industrial Machinery,yfinance,2025-12-06 00:00:00
PSKY,Communication Services,Entertainment,yfinance,2025-12-06 00:00:00
PSMT,Consumer Defensive,Discount Stores,yfinance,2025-12-06 00:00:00
PSN,Technology,Information Technology Services,yfinance,2025-12-06 00:00:00
PSNL,Healthcare,Diagnostics & Research,yfinance,2025-12-06 00:00:00
PSNY,Consumer Cyclical,Auto Manufacturers,yfinance,2025-12-06 00:00:00
PSNYW,Consumer Cyclical,Auto Manufacturers,yfinance,2025-12-06 00:00:00
PSO,Communication Services,Publishing,yfinance,2025-12-06 00:00:00
PSQH,Technology,Software - Application,yfinance,2025-12-06 00:00:00
PSTG,Technology,Computer Hardware,yfinance,2025-12-06 00:00:00
PSTL,Real Estate,REIT - Office,yfinance,2025-12-06 00:00:00
PSTV,Healthcare,Biotechnology,yfinance,2025-12-06 00:00:00
PSX,Energy,Oil & Gas Refining & Marketing,yfinance,2025-12-06 00:00:00
PT,Financial Services,Credit Services,yfinance,2025-12-06 00:00:00
PTA,Financial Services,Asset Management,yfinance,2025-12-06 00:00:00
PTC,Technology,Software - Application,yfinance,2025-12-06 00:00:00
PTCT,Healthcare,Biotechnology,yfinance,2025-12-06 00:00:00
PTEN,Energy,Oil & Gas Drilling,yfinance,2025-12-06 00:00:00
PTGX,Healthcare,Biotechnology,yfinance,2025-12-06 00:00:00
PTHL,Healthcare,Medical Devices,yfinance,2025-12-06 00:00:00
PTHS,Healthcare,Biotechnology,yfinance,2025-12-06 00:00:00
PTIX,Healthcare,Biotechnology,yfinance,2025-12-06 00:00:00
PTIXW,Healthcare,Biotechnology,yfinance,2025-12-06 00:00:00
PTLE,Consumer Cyclical,Specialty Retail,yfinance,2025-12-06 00:00:00
PTLO,Consumer Cyclical,Restaurants,yfinance,2025-12-06 00:00:00
PTN,Healthcare,Biotechnology,yfinance,2025-12-06 00:00:00
PTNM,Consumer Defensive,Household & Personal Products,yfinance,2025-12-06 00:00:00
PTON,Consumer Cyclical,Leisure,yfinance,2025-12-06 00:00:00
PTRN,Technology,Software - Application,yfinance,2025-12-06 00:00:00
PTY,Financial Services,Asset Management,yfinance,2025-12-06 00:00:00
PUBM,Technology,Software - Application,yfinance,2025-12-06 00:00:00
PUK,Financial Services,Insurance - Life,yfinance,2025-12-06 00:00:00
PULM,Healthcare,Biotechnology,yfinance,2025-12-06 00:00:00
PUMP,Energy,Oil & Gas Equipment & Services,yfinance,2025-12-06 00:00:00
PURR,Financial Services,Capital Markets,yfinance,2025-12-06 00:00:00
PVH,Consumer Cyclical,Apparel Manufacturing,yfinance,2025-12-06 00:00:00
PVL,Energy,Oil & Gas E&P,yfinance,2025-12-06 00:00:00
PVLA,Healthcare,Biotechnology,yfinance,2025-12-06 00:00:00
PW,Real Estate,REIT - Specialty,yfinance,2025-12-06 00:00:00
PWP,Financial Services,Capital Markets,yfinance,2025-12-06 00:00:00
PWR,Industrials,Engineering & Construction,yfinance,2025-12-06 00:00:00
PX,Financial Services,Asset Management,yfinance,2025-12-06 00:00:00
PXED,Consumer Defensive,Education & Training Services,yfinance,2025-12-06 00:00:00
PXLW,Technology,Semiconductors,yfinance,2025-12-06 00:00:00
PXS,Energy,Oil & Gas Midstream,yfinance,2025-12-06 00:00:00
PYPD,Healthcare,Biotechnology,yfinance,2025-12-06 00:00:00
PYPL,Financial Services,Credit Services,yfinance,2025-12-06 00:00:00
PYT,Unknown,Unknown,yfinance,2025-12-06 00:00:00
PYXS,Healthcare,Biotechnology,yfinance,2025-12-06 00:00:00
PZG,Basic Materials,Gold,yfinance,2025-12-06 00:00:00
PZZA,Consumer Cyclical,Restaurants,yfinance,2025-12-06 00:00:00
Q,Technology,Semiconductor Equipment & Materials,yfinance,2025-12-06 00:00:00
QBTS,Technology,Computer Hardware,yfinance,2025-12-06 00:00:00
QCLS,Technology,Computer Hardware,yfinance,2025-12-06 00:00:00
QCOM,Technology,Semiconductors,yfinance,2025-12-06 00:00:00
QCRH,Financial Services,Banks - Regional,yfinance,2025-12-06 00:00:00
QD,Financial Services,Credit Services,yfinance,2025-12-06 00:00:00
QDEL,Healthcare,Medical Devices,yfinance,2025-12-06 00:00:00
QETA,Financial Services,Shell Companies,yfinance,2025-12-06 00:00:00
QETAR,Unknown,Unknown,yfinance,2025-12-06 00:00:00
QETAU,Financial Services,Shell Companies,yfinance,2025-12-06 00:00:00
QFIN,Financial Services,Credit Services,yfinance,2025-12-06 00:00:00
QGEN,Healthcare,Diagnostics & Research,yfinance,2025-12-06 00:00:00
QH,Technology,Software - Application,yfinance,2025-12-06 00:00:00
QIPT,Healthcare,Medical Distribution,yfinance,2025-12-06 00:00:00
QLYS,Technology,Software - Infrastructure,yfinance,2025-12-06 00:00:00
QMCO,Technology,Computer Hardware,yfinance,2025-12-06 00:00:00
QMMM,Communication Services,Advertising Agencies,yfinance,2025-12-06 00:00:00
QNCX,Healthcare,Biotechnology,yfinance,2025-12-06 00:00:00
QNRX,Healthcare,Biotechnology,yfinance,2025-12-06 00:00:00
QNST,Communication Services,Advertising Agencies,yfinance,2025-12-06 00:00:00
QNTM,Healthcare,Biotechnology,yfinance,2025-12-06 00:00:00
QQQX,Financial Services,Asset Management,yfinance,2025-12-06 00:00:00
QRHC,Industrials,Waste Management,yfinance,2025-12-06 00:00:00
QRVO,Technology,Semiconductors,yfinance,2025-12-06 00:00:00
QS,Consumer Cyclical,Auto Parts,yfinance,2025-12-06 00:00:00
QSEA,Financial Services,Shell Companies,yfinance,2025-12-06 00:00:00
QSEAR,Unknown,Unknown,yfinance,2025-12-06 00:00:00
QSEAU,Financial Services,Shell Companies,yfinance,2025-12-06 00:00:00
QSI,Healthcare,Medical Devices,yfinance,2025-12-06 00:00:00
QSIAW,Healthcare,Medical Devices,yfinance,2025-12-06 00:00:00
QSR,Consumer Cyclical,Restaurants,yfinance,2025-12-06 00:00:00
QTRX,Healthcare,Medical Devices,yfinance,2025-12-06 00:00:00
QTTB,Healthcare,Biotechnology,yfinance,2025-12-06 00:00:00
QTWO,Technology,Software - Application,yfinance,2025-12-06 00:00:00
QUAD,Industrials,Specialty Business Services,yfinance,2025-12-06 00:00:00
QUBT,Technology,Computer Hardware,yfinance,2025-12-06 00:00:00
QUIK,Technology,Semiconductors,yfinance,2025-12-06 00:00:00
QUMS,Financial Services,Shell Companies,yfinance,2025-12-06 00:00:00
QUMSR,Unknown,Unknown,yfinance,2025-12-06 00:00:00
QUMSU,Financial Services,Shell Companies,yfinance,2025-12-06 00:00:00
QURE,Healthcare,Biotechnology,yfinance,2025-12-06 00:00:00
QVCC,Unknown,Unknown,yfinance,2025-12-06 00:00:00
QVCD,Unknown,Unknown,yfinance,2025-12-06 00:00:00
QVCGA,Consumer Cyclical,Internet Retail,yfinance,2025-12-06 00:00:00
QVCGP,Consumer Cyclical,Internet Retail,yfinance,2025-12-06 00:00:00
QXO,Industrials,Industrial Distribution,yfinance,2025-12-06 00:00:00
R,Industrials,Rental & Leasing Services,yfinance,2025-12-06 00:00:00
RA,Financial Services,Asset Management,yfinance,2025-12-06 00:00:00
RAAQ,Financial Services,Shell Companies,yfinance,2025-12-06 00:00:00
RAAQU,Financial Services,Shell Companies,yfinance,2025-12-06 00:00:00
RAAQW,Financial Services,Shell Companies,yfinance,2025-12-06 00:00:00
RAC,Unknown,Unknown,yfinance,2025-12-06 00:00:00
RACE,Consumer Cyclical,Auto Manufacturers,yfinance,2025-12-06 00:00:00
RADX,Healthcare,Biotechnology,yfinance,2025-12-06 00:00:00
RAIL,Industrials,Railroads,yfinance,2025-12-06 00:00:00
RAIN,Industrials,Pollution & Treatment Controls,yfinance,2025-12-06 00:00:00
RAINW,Industrials,Pollution & Treatment Controls,yfinance,2025-12-06 00:00:00
RAL,Technology,Electronic Components,yfinance,2025-12-06 00:00:00
RAMP,Technology,Software - Infrastructure,yfinance,2025-12-06 00:00:00
RAND,Financial Services,Asset Management,yfinance,2025-12-06 00:00:00
RANG,Financial Services,Shell Companies,yfinance,2025-12-06 00:00:00
RANGR,Unknown,Unknown,yfinance,2025-12-06 00:00:00
RANGU,Financial Services,Shell Companies,yfinance,2025-12-06 00:00:00
RANI,Healthcare,Biotechnology,yfinance,2025-12-06 00:00:00
RAPP,Healthcare,Biotechnology,yfinance,2025-12-06 00:00:00
RAPT,Healthcare,Biotechnology,yfinance,2025-12-06 00:00:00
RARE,Healthcare,Biotechnology,yfinance,2025-12-06 00:00:00
RAVE,Consumer Cyclical,Restaurants,yfinance,2025-12-06 00:00:00
RAY,Consumer Defensive,Household & Personal Products,yfinance,2025-12-06 00:00:00
RAYA,Industrials,Electrical Equipment & Parts,yfinance,2025-12-06 00:00:00
RBA,Industrials,Specialty Business Services,yfinance,2025-12-06 00:00:00
RBB,Financial Services,Banks - Regional,yfinance,2025-12-06 00:00:00
RBBN,Technology,Software - Application,yfinance,2025-12-06 00:00:00
RBC,Industrials,Tools & Accessories,yfinance,2025-12-06 00:00:00
RBCAA,Financial Services,Banks - Regional,yfinance,2025-12-06 00:00:00
RBKB,Financial Services,Banks - Regional,yfinance,2025-12-06 00:00:00
RBLX,Communication Services,Electronic Gaming & Multimedia,yfinance,2025-12-06 00:00:00
RBNE,Energy,Oil & Gas Midstream,yfinance,2025-12-06 00:00:00
RBOT,Healthcare,Medical Devices,yfinance,2025-12-06 00:00:00
RBRK,Technology,Software - Infrastructure,yfinance,2025-12-06 00:00:00
RC,Real Estate,REIT - Mortgage,yfinance,2025-12-06 00:00:00
RCAT,Industrials,Aerospace & Defense,yfinance,2025-12-06 00:00:00
RCB,Unknown,Unknown,yfinance,2025-12-06 00:00:00
RCC,Unknown,Unknown,yfinance,2025-12-06 00:00:00
RCD,Unknown,Unknown,yfinance,2025-12-06 00:00:00
RCEL,Healthcare,Medical Devices,yfinance,2025-12-06 00:00:00
RCG,Financial Services,Asset Management,yfinance,2025-12-06 00:00:00
RCI,Communication Services,Telecom Services,yfinance,2025-12-06 00:00:00
RCKT,Healthcare,Biotechnology,yfinance,2025-12-06 00:00:00
RCKTW,Unknown,Unknown,yfinance,2025-12-06 00:00:00
RCKY,Consumer Cyclical,Footwear & Accessories,yfinance,2025-12-06 00:00:00
RCL,Consumer Cyclical,Travel Services,yfinance,2025-12-06 00:00:00
RCMT,Industrials,Conglomerates,yfinance,2025-12-06 00:00:00
RCON,Energy,Oil & Gas Equipment & Services,yfinance,2025-12-06 00:00:00
RCS,Financial Services,Asset Management,yfinance,2025-12-06 00:00:00
RCT,Technology,Software - Application,yfinance,2025-12-06 00:00:00
RCUS,Healthcare,Biotechnology,yfinance,2025-12-06 00:00:00
RDAC,Financial Services,Shell Companies,yfinance,2025-12-06 00:00:00
RDACR,Unknown,Unknown,yfinance,2025-12-06 00:00:00
RDACU,Financial Services,Shell Companies,yfinance,2025-12-06 00:00:00
RDAG,Financial Services,Shell Companies,yfinance,2025-12-06 00:00:00
RDAGU,Financial Services,Shell Companies,yfinance,2025-12-06 00:00:00
RDAGW,Financial Services,Shell Companies,yfinance,2025-12-06 00:00:00
RDCM,Communication Services,Telecom Services,yfinance,2025-12-06 00:00:00
RDDT,Communication Services,Internet Content & Information,yfinance,2025-12-06 00:00:00
RDGT,Healthcare,Pharmaceutical Retailers,yfinance,2025-12-06 00:00:00
RDHL,Healthcare,Drug Manufacturers - Specialty & Generic,yfinance,2025-12-06 00:00:00
RDI,Communication Services,Entertainment,yfinance,2025-12-06 00:00:00
RDIB,Communication Services,Entertainment,yfinance,2025-12-06 00:00:00
RDN,Financial Services,Insurance - Specialty,yfinance,2025-12-06 00:00:00
RDNT,Healthcare,Diagnostics & Research,yfinance,2025-12-06 00:00:00
RDNW,Consumer Cyclical,Auto & Truck Dealerships,yfinance,2025-12-06 00:00:00
RDVT,Technology,Software - Application,yfinance,2025-12-06 00:00:00
RDW,Industrials,Aerospace & Defense,yfinance,2025-12-06 00:00:00
RDWR,Technology,Software - Infrastructure,yfinance,2025-12-06 00:00:00
RDY,Healthcare,Drug Manufacturers - Specialty & Generic,yfinance,2025-12-06 00:00:00
RDZN,Technology,Software - Application,yfinance,2025-12-06 00:00:00
RDZNW,Technology,Software - Application,yfinance,2025-12-06 00:00:00
REAL,Consumer Cyclical,Luxury Goods,yfinance,2025-12-06 00:00:00
REAX,Real Estate,Real Estate Services,yfinance,2025-12-06 00:00:00
REBN,Consumer Cyclical,Restaurants,yfinance,2025-12-06 00:00:00
RECT,Consumer Cyclical,Specialty Retail,yfinance,2025-12-06 00:00:00
REE,Consumer Cyclical,Auto Parts,yfinance,2025-12-06 00:00:00
REED,Consumer Defensive,Beverages - Non-Alcoholic,yfinance,2025-12-06 00:00:00
REFI,Real Estate,REIT - Mortgage,yfinance,2025-12-06 00:00:00
REFR,Technology,Electronic Components,yfinance,2025-12-06 00:00:00
REG,Real Estate,REIT - Retail,yfinance,2025-12-06 00:00:00
REGCO,Real Estate,REIT - Retail,yfinance,2025-12-06 00:00:00
REGCP,Real Estate,REIT - Retail,yfinance,2025-12-06 00:00:00
REGN,Healthcare,Biotechnology,yfinance,2025-12-06 00:00:00
REI,Energy,Oil & Gas E&P,yfinance,2025-12-06 00:00:00
REKR,Technology,Software - Infrastructure,yfinance,2025-12-06 00:00:00
RELI,Financial Services,Insurance Brokers,yfinance,2025-12-06 00:00:00
RELIW,Financial Services,Insurance Brokers,yfinance,2025-12-06 00:00:00
RELL,Technology,Electronic Components,yfinance,2025-12-06 00:00:00
RELX,Industrials,Specialty Business Services,yfinance,2025-12-06 00:00:00
RELY,Technology,Software - Infrastructure,yfinance,2025-12-06 00:00:00
RENT,Consumer Cyclical,Apparel Retail,yfinance,2025-12-06 00:00:00
REPL,Healthcare,Biotechnology,yfinance,2025-12-06 00:00:00
REPX,Energy,Oil & Gas E&P,yfinance,2025-12-06 00:00:00
RERE,Consumer Cyclical,Internet Retail,yfinance,2025-12-06 00:00:00
RES,Energy,Oil & Gas Equipment & Services,yfinance,2025-12-06 00:00:00
RETO,Basic Materials,Building Materials,yfinance,2025-12-06 00:00:00
REVB,Healthcare,Biotechnology,yfinance,2025-12-06 00:00:00
REVBW,Healthcare,Biotechnology,yfinance,2025-12-06 00:00:00
REVG,Industrials,Farm & Heavy Construction Machinery,yfinance,2025-12-06 00:00:00
REX,Basic Materials,Chemicals,yfinance,2025-12-06 00:00:00
REXR,Real Estate,REIT - Industrial,yfinance,2025-12-06 00:00:00
REYN,Consumer Cyclical,Packaging & Containers,yfinance,2025-12-06 00:00:00
REZI,Industrials,Industrial Distribution,yfinance,2025-12-06 00:00:00
RF,Financial Services,Banks - Regional,yfinance,2025-12-06 00:00:00
RFAI,Financial Services,Shell Companies,yfinance,2025-12-06 00:00:00
RFAIR,Unknown,Unknown,yfinance,2025-12-06 00:00:00
RFAIU,Financial Services,Shell Companies,yfinance,2025-12-06 00:00:00
RFI,Financial Services,Asset Management,yfinance,2025-12-06 00:00:00
RFIL,Industrials,Electrical Equipment & Parts,yfinance,2025-12-06 00:00:00
RFL,Real Estate,Real Estate Services,yfinance,2025-12-06 00:00:00
RFM,Financial Services,Asset Management,yfinance,2025-12-06 00:00:00
RFMZ,Financial Services,Asset Management,yfinance,2025-12-06 00:00:00
RGA,Financial Services,Insurance - Reinsurance,yfinance,2025-12-06 00:00:00
RGC,Healthcare,Drug Manufacturers - Specialty & Generic,yfinance,2025-12-06 00:00:00
RGCO,Utilities,Utilities - Regulated Gas,yfinance,2025-12-06 00:00:00
RGEN,Healthcare,Medical Instruments & Supplies,yfinance,2025-12-06 00:00:00
RGLD,Basic Materials,Gold,yfinance,2025-12-06 00:00:00
RGNT,Healthcare,Medical Instruments & Supplies,yfinance,2025-12-06 00:00:00
RGNX,Healthcare,Biotechnology,yfinance,2025-12-06 00:00:00
RGP,Industrials,Consulting Services,yfinance,2025-12-06 00:00:00
RGR,Industrials,Aerospace & Defense,yfinance,2025-12-06 00:00:00
RGS,Consumer Cyclical,Personal Services,yfinance,2025-12-06 00:00:00
RGT,Financial Services,Asset Management,yfinance,2025-12-06 00:00:00
RGTI,Technology,Computer Hardware,yfinance,2025-12-06 00:00:00
RGTIW,Technology,Computer Hardware,yfinance,2025-12-06 00:00:00
RH,Consumer Cyclical,Specialty Retail,yfinance,2025-12-06 00:00:00
RHI,Industrials,Staffing & Employment Services,yfinance,2025-12-06 00:00:00
RHLD,Industrials,Specialty Business Services,yfinance,2025-12-06 00:00:00
RHP,Real Estate,REIT - Hotel & Motel,yfinance,2025-12-06 00:00:00
RIBB,Financial Services,Shell Companies,yfinance,2025-12-06 00:00:00
RIBBR,Unknown,Unknown,yfinance,2025-12-06 00:00:00
RIBBU,Financial Services,Shell Companies,yfinance,2025-12-06 00:00:00
RICK,Consumer Cyclical,Restaurants,yfinance,2025-12-06 00:00:00
RIG,Energy,Oil & Gas Drilling,yfinance,2025-12-06 00:00:00
RIGL,Healthcare,Biotechnology,yfinance,2025-12-06 00:00:00
RILY,Financial Services,Financial Conglomerates,yfinance,2025-12-06 00:00:00
RILYG,Unknown,Unknown,yfinance,2025-12-06 00:00:00
RILYK,Unknown,Unknown,yfinance,2025-12-06 00:00:00
RILYL,Financial Services,Financial Conglomerates,yfinance,2025-12-06 00:00:00
RILYN,Unknown,Unknown,yfinance,2025-12-06 00:00:00
RILYP,Financial Services,Financial Conglomerates,yfinance,2025-12-06 00:00:00
RILYT,Unknown,Unknown,yfinance,2025-12-06 00:00:00
RILYZ,Unknown,Unknown,yfinance,2025-12-06 00:00:00
RIME,Technology,Consumer Electronics,yfinance,2025-12-06 00:00:00
RIO,Basic Materials,Other Industrial Metals & Mining,yfinance,2025-12-06 00:00:00
RIOT,Financial Services,Capital Markets,yfinance,2025-12-06 00:00:00
RITM,Real Estate,REIT - Mortgage,yfinance,2025-12-06 00:00:00
RITR,Industrials,Engineering & Construction,yfinance,2025-12-06 00:00:00
RIV,Financial Services,Asset Management,yfinance,2025-12-06 00:00:00
RIVN,Consumer Cyclical,Auto Manufacturers,yfinance,2025-12-06 00:00:00
RJET,Industrials,Airlines,yfinance,2025-12-06 00:00:00
RJF,Financial Services,Asset Management,yfinance,2025-12-06 00:00:00
RKDA,Consumer Defensive,Packaged Foods,yfinance,2025-12-06 00:00:00
RKLB,Industrials,Aerospace & Defense,yfinance,2025-12-06 00:00:00
RKT,Financial Services,Mortgage Finance,yfinance,2025-12-06 00:00:00
RL,Consumer Cyclical,Apparel Manufacturing,yfinance,2025-12-06 00:00:00
RLAY,Healthcare,Biotechnology,yfinance,2025-12-06 00:00:00
RLGT,Industrials,Integrated Freight & Logistics,yfinance,2025-12-06 00:00:00
RLI,Financial Services,Insurance - Property & Casualty,yfinance,2025-12-06 00:00:00
RLJ,Real Estate,REIT - Hotel & Motel,yfinance,2025-12-06 00:00:00
RLMD,Healthcare,Biotechnology,yfinance,2025-12-06 00:00:00
RLTY,Financial Services,Asset Management,yfinance,2025-12-06 00:00:00
RLX,Consumer Defensive,Tobacco,yfinance,2025-12-06 00:00:00
RLYB,Healthcare,Biotechnology,yfinance,2025-12-06 00:00:00
RM,Financial Services,Credit Services,yfinance,2025-12-06 00:00:00
RMAX,Real Estate,Real Estate Services,yfinance,2025-12-06 00:00:00
RMBI,Financial Services,Banks - Regional,yfinance,2025-12-06 00:00:00
RMBS,Technology,Semiconductors,yfinance,2025-12-06 00:00:00
RMCF,Consumer Defensive,Confectioners,yfinance,2025-12-06 00:00:00
RMCO,Financial Services,Asset Management,yfinance,2025-12-06 00:00:00
RMCOW,Financial Services,Asset Management,yfinance,2025-12-06 00:00:00
RMD,Healthcare,Medical Instruments & Supplies,yfinance,2025-12-06 00:00:00
RMI,Financial Services,Asset Management,yfinance,2025-12-06 00:00:00
RMM,Financial Services,Asset Management,yfinance,2025-12-06 00:00:00
RMMZ,Financial Services,Asset Management,yfinance,2025-12-06 00:00:00
RMNI,Technology,Software - Application,yfinance,2025-12-06 00:00:00
RMR,Real Estate,Real Estate Services,yfinance,2025-12-06 00:00:00
RMSG,Unknown,Unknown,yfinance,2025-12-06 00:00:00
RMSGW,Unknown,Unknown,yfinance,2025-12-06 00:00:00
RMT,Financial Services,Asset Management,yfinance,2025-12-06 00:00:00
RMTI,Healthcare,Drug Manufacturers - Specialty & Generic,yfinance,2025-12-06 00:00:00
RNA,Healthcare,Biotechnology,yfinance,2025-12-06 00:00:00
RNAC,Healthcare,Biotechnology,yfinance,2025-12-06 00:00:00
RNAZ,Healthcare,Biotechnology,yfinance,2025-12-06 00:00:00
RNG,Technology,Software - Application,yfinance,2025-12-06 00:00:00
RNGR,Energy,Oil & Gas Equipment & Services,yfinance,2025-12-06 00:00:00
RNGT,Unknown,Unknown,yfinance,2025-12-06 00:00:00
RNGTU,Unknown,Unknown,yfinance,2025-12-06 00:00:00
RNGTW,Unknown,Unknown,yfinance,2025-12-06 00:00:00
RNP,Financial Services,Asset Management,yfinance,2025-12-06 00:00:00
RNR,Financial Services,Insurance - Reinsurance,yfinance,2025-12-06 00:00:00
RNST,Financial Services,Banks - Regional,yfinance,2025-12-06 00:00:00
RNTX,Healthcare,Biotechnology,yfinance,2025-12-06 00:00:00
RNW,Utilities,Utilities - Renewable,yfinance,2025-12-06 00:00:00
RNWWW,Utilities,Utilities - Renewable,yfinance,2025-12-06 00:00:00
RNXT,Healthcare,Biotechnology,yfinance,2025-12-06 00:00:00
ROAD,Industrials,Engineering & Construction,yfinance,2025-12-06 00:00:00
ROCK,Industrials,Building Products & Equipment,yfinance,2025-12-06 00:00:00
ROG,Technology,Electronic Components,yfinance,2025-12-06 00:00:00
ROIV,Healthcare,Biotechnology,yfinance,2025-12-06 00:00:00
ROK,Industrials,Specialty Industrial Machinery,yfinance,2025-12-06 00:00:00
ROKU,Communication Services,Entertainment,yfinance,2025-12-06 00:00:00
ROL,Consumer Cyclical,Personal Services,yfinance,2025-12-06 00:00:00
ROLR,Consumer Cyclical,Gambling,yfinance,2025-12-06 00:00:00
ROMA,Industrials,Consulting Services,yfinance,2025-12-06 00:00:00
ROOT,Financial Services,Insurance - Property & Casualty,yfinance,2025-12-06 00:00:00
ROP,Technology,Software - Application,yfinance,2025-12-06 00:00:00
ROST,Consumer Cyclical,Apparel Retail,yfinance,2025-12-06 00:00:00
RPAY,Technology,Software - Infrastructure,yfinance,2025-12-06 00:00:00
RPD,Technology,Software - Infrastructure,yfinance,2025-12-06 00:00:00
RPGL,Technology,Software - Application,yfinance,2025-12-06 00:00:00
RPID,Healthcare,Medical Devices,yfinance,2025-12-06 00:00:00
RPM,Basic Materials,Specialty Chemicals,yfinance,2025-12-06 00:00:00
RPRX,Healthcare,Biotechnology,yfinance,2025-12-06 00:00:00
RPT,Real Estate,REIT - Mortgage,yfinance,2025-12-06 00:00:00
RPTX,Healthcare,Biotechnology,yfinance,2025-12-06 00:00:00
RQI,Financial Services,Asset Management,yfinance,2025-12-06 00:00:00
RR,Industrials,Specialty Industrial Machinery,yfinance,2025-12-06 00:00:00
RRBI,Financial Services,Banks - Regional,yfinance,2025-12-06 00:00:00
RRC,Energy,Oil & Gas E&P,yfinance,2025-12-06 00:00:00
RRGB,Consumer Cyclical,Restaurants,yfinance,2025-12-06 00:00:00
RRR,Consumer Cyclical,Resorts & Casinos,yfinance,2025-12-06 00:00:00
RRX,Industrials,Specialty Industrial Machinery,yfinance,2025-12-06 00:00:00
RS,Basic Materials,Steel,yfinance,2025-12-06 00:00:00
RSF,Financial Services,Asset Management,yfinance,2025-12-06 00:00:00
RSG,Industrials,Waste Management,yfinance,2025-12-06 00:00:00
RSI,Consumer Cyclical,Gambling,yfinance,2025-12-06 00:00:00
RSKD,Technology,Software - Application,yfinance,2025-12-06 00:00:00
RSSS,Technology,Software - Application,yfinance,2025-12-06 00:00:00
RSVR,Communication Services,Entertainment,yfinance,2025-12-06 00:00:00
RSVRW,Communication Services,Entertainment,yfinance,2025-12-06 00:00:00
RTAC,Financial Services,Shell Companies,yfinance,2025-12-06 00:00:00
RTACU,Financial Services,Shell Companies,yfinance,2025-12-06 00:00:00
RTACW,Financial Services,Shell Companies,yfinance,2025-12-06 00:00:00
RTO,Industrials,Specialty Business Services,yfinance,2025-12-06 00:00:00
RTX,Industrials,Aerospace & Defense,yfinance,2025-12-06 00:00:00
RUBI,Industrials,Marine Shipping,yfinance,2025-12-06 00:00:00
RUM,Communication Services,Internet Content & Information,yfinance,2025-12-06 00:00:00
RUMBW,Communication Services,Internet Content & Information,yfinance,2025-12-06 00:00:00
RUN,Technology,Solar,yfinance,2025-12-06 00:00:00
RUSHA,Consumer Cyclical,Auto & Truck Dealerships,yfinance,2025-12-06 00:00:00
RUSHB,Consumer Cyclical,Auto & Truck Dealerships,yfinance,2025-12-06 00:00:00
RVLV,Consumer Cyclical,Internet Retail,yfinance,2025-12-06 00:00:00
RVMD,Healthcare,Biotechnology,yfinance,2025-12-06 00:00:00
RVMDW,Healthcare,Biotechnology,yfinance,2025-12-06 00:00:00
RVP,Healthcare,Medical Instruments & Supplies,yfinance,2025-12-06 00:00:00
RVPH,Healthcare,Biotechnology,yfinance,2025-12-06 00:00:00
RVPHW,Healthcare,Biotechnology,yfinance,2025-12-06 00:00:00
RVSB,Financial Services,Banks - Regional,yfinance,2025-12-06 00:00:00
RVSN,Industrials,Railroads,yfinance,2025-12-06 00:00:00
RVSNW,Industrials,Railroads,yfinance,2025-12-06 00:00:00
RVT,Financial Services,Asset Management,yfinance,2025-12-06 00:00:00
RVTY,Healthcare,Diagnostics & Research,yfinance,2025-12-06 00:00:00
RVYL,Technology,Software - Infrastructure,yfinance,2025-12-06 00:00:00
RWAY,Financial Services,Asset Management,yfinance,2025-12-06 00:00:00
RWAYL,Unknown,Unknown,yfinance,2025-12-06 00:00:00
RWAYZ,Unknown,Unknown,yfinance,2025-12-06 00:00:00
RWT,Real Estate,REIT - Mortgage,yfinance,2025-12-06 00:00:00
RWTN,Unknown,Unknown,yfinance,2025-12-06 00:00:00
RWTO,Unknown,Unknown,yfinance,2025-12-06 00:00:00
RWTP,Unknown,Unknown,yfinance,2025-12-06 00:00:00
RWTQ,Unknown,Unknown,yfinance,2025-12-06 00:00:00
RXO,Industrials,Trucking,yfinance,2025-12-06 00:00:00
RXRX,Healthcare,Biotechnology,yfinance,2025-12-06 00:00:00
RXST,Healthcare,Medical Devices,yfinance,2025-12-06 00:00:00
RXT,Technology,Software - Infrastructure,yfinance,2025-12-06 00:00:00
RY,Financial Services,Banks - Diversified,yfinance,2025-12-06 00:00:00
RYAAY,Industrials,Airlines,yfinance,2025-12-06 00:00:00
RYAM,Basic Materials,Chemicals,yfinance,2025-12-06 00:00:00
RYAN,Financial Services,Insurance - Specialty,yfinance,2025-12-06 00:00:00
RYDE,Technology,Software - Application,yfinance,2025-12-06 00:00:00
RYET,Consumer Defensive,Education & Training Services,yfinance,2025-12-06 00:00:00
RYI,Industrials,Metal Fabrication,yfinance,2025-12-06 00:00:00
RYM,Consumer Defensive,Tobacco,yfinance,2025-12-06 00:00:00
RYN,Real Estate,REIT - Specialty,yfinance,2025-12-06 00:00:00
RYOJ,Industrials,Consulting Services,yfinance,2025-12-06 00:00:00
RYTM,Healthcare,Biotechnology,yfinance,2025-12-06 00:00:00
RZB,Unknown,Unknown,yfinance,2025-12-06 00:00:00
RZC,Unknown,Unknown,yfinance,2025-12-06 00:00:00
RZLT,Healthcare,Biotechnology,yfinance,2025-12-06 00:00:00
RZLV,Technology,Software - Infrastructure,yfinance,2025-12-06 00:00:00
RZLVW,Technology,Software - Infrastructure,yfinance,2025-12-06 00:00:00
S,Technology,Software - Infrastructure,yfinance,2025-12-06 00:00:00
SA,Basic Materials,Gold,yfinance,2025-12-06 00:00:00
SABA,Financial Services,Asset Management,yfinance,2025-12-06 00:00:00
SABR,Technology,Software - Infrastructure,yfinance,2025-12-06 00:00:00
SABS,Healthcare,Biotechnology,yfinance,2025-12-06 00:00:00
SABSW,Healthcare,Biotechnology,yfinance,2025-12-06 00:00:00
SACH,Real Estate,REIT - Mortgage,yfinance,2025-12-06 00:00:00
SAFE,Real Estate,REIT - Diversified,yfinance,2025-12-06 00:00:00
SAFT,Financial Services,Insurance - Property & Casualty,yfinance,2025-12-06 00:00:00
SAFX,Utilities,Utilities - Renewable,yfinance,2025-12-06 00:00:00
SAGT,Technology,Software - Application,yfinance,2025-12-06 00:00:00
SAH,Consumer Cyclical,Auto & Truck Dealerships,yfinance,2025-12-06 00:00:00
SAIA,Industrials,Trucking,yfinance,2025-12-06 00:00:00
SAIC,Technology,Information Technology Services,yfinance,2025-12-06 00:00:00
SAIH,Technology,Information Technology Services,yfinance,2025-12-06 00:00:00
SAIHW,Technology,Information Technology Services,yfinance,2025-12-06 00:00:00
SAIL,Technology,Software - Infrastructure,yfinance,2025-12-06 00:00:00
SAJ,Unknown,Unknown,yfinance,2025-12-06 00:00:00
SAM,Consumer Defensive,Beverages - Brewers,yfinance,2025-12-06 00:00:00
SAMG,Financial Services,Asset Management,yfinance,2025-12-06 00:00:00
SAN,Financial Services,Banks - Diversified,yfinance,2025-12-06 00:00:00
SANA,Healthcare,Biotechnology,yfinance,2025-12-06 00:00:00
SANG,Technology,Software - Infrastructure,yfinance,2025-12-06 00:00:00
SANM,Technology,Electronic Components,yfinance,2025-12-06 00:00:00
SAP,Technology,Software - Application,yfinance,2025-12-06 00:00:00
SAR,Financial Services,Asset Management,yfinance,2025-12-06 00:00:00
SARO,Industrials,Aerospace & Defense,yfinance,2025-12-06 00:00:00
SAT,Unknown,Unknown,yfinance,2025-12-06 00:00:00
SATA,Financial Services,Asset Management,yfinance,2025-12-06 00:00:00
SATL,Industrials,Aerospace & Defense,yfinance,2025-12-06 00:00:00
SATLW,Industrials,Aerospace & Defense,yfinance,2025-12-06 00:00:00
SATS,Communication Services,Telecom Services,yfinance,2025-12-06 00:00:00
SAVA,Healthcare,Biotechnology,yfinance,2025-12-06 00:00:00
SAY,Unknown,Unknown,yfinance,2025-12-06 00:00:00
SAZ,Unknown,Unknown,yfinance,2025-12-06 00:00:00
SB,Industrials,Marine Shipping,yfinance,2025-12-06 00:00:00
SBAC,Real Estate,REIT - Specialty,yfinance,2025-12-06 00:00:00
SBC,Industrials,Consulting Services,yfinance,2025-12-06 00:00:00
SBCF,Financial Services,Banks - Regional,yfinance,2025-12-06 00:00:00
SBCWW,Industrials,Consulting Services,yfinance,2025-12-06 00:00:00
SBDS,Consumer Cyclical,Internet Retail,yfinance,2025-12-06 00:00:00
SBET,Consumer Cyclical,Gambling,yfinance,2025-12-06 00:00:00
SBEV,Consumer Defensive,Beverages - Wineries & Distilleries,yfinance,2025-12-06 00:00:00
SBFG,Financial Services,Banks - Regional,yfinance,2025-12-06 00:00:00
SBFM,Healthcare,Drug Manufacturers - Specialty & Generic,yfinance,2025-12-06 00:00:00
SBFMW,Healthcare,Drug Manufacturers - Specialty & Generic,yfinance,2025-12-06 00:00:00
SBGI,Communication Services,Broadcasting,yfinance,2025-12-06 00:00:00
SBH,Consumer Cyclical,Specialty Retail,yfinance,2025-12-06 00:00:00
SBI,Financial Services,Asset Management,yfinance,2025-12-06 00:00:00
SBLK,Industrials,Marine Shipping,yfinance,2025-12-06 00:00:00
SBLX,Consumer Cyclical,Auto Manufacturers,yfinance,2025-12-06 00:00:00
SBR,Energy,Oil & Gas Midstream,yfinance,2025-12-06 00:00:00
SBRA,Real Estate,REIT - Healthcare Facilities,yfinance,2025-12-06 00:00:00
SBS,Utilities,Utilities - Regulated Water,yfinance,2025-12-06 00:00:00
SBSI,Financial Services,Banks - Regional,yfinance,2025-12-06 00:00:00
SBSW,Basic Materials,Other Precious Metals & Mining,yfinance,2025-12-06 00:00:00
SBUX,Consumer Cyclical,Restaurants,yfinance,2025-12-06 00:00:00
SBXD,Financial Services,Shell Companies,yfinance,2025-12-06 00:00:00
SCAG,Industrials,Farm & Heavy Construction Machinery,yfinance,2025-12-06 00:00:00
SCAGW,Industrials,Farm & Heavy Construction Machinery,yfinance,2025-12-06 00:00:00
SCCD,Unknown,Unknown,yfinance,2025-12-06 00:00:00
SCCE,Unknown,Unknown,yfinance,2025-12-06 00:00:00
SCCF,Unknown,Unknown,yfinance,2025-12-06 00:00:00
SCCG,Unknown,Unknown,yfinance,2025-12-06 00:00:00
SCCO,Basic Materials,Copper,yfinance,2025-12-06 00:00:00
SCD,Financial Services,Asset Management,yfinance,2025-12-06 00:00:00
SCHL,Communication Services,Publishing,yfinance,2025-12-06 00:00:00
SCHW,Financial Services,Capital Markets,yfinance,2025-12-06 00:00:00
SCI,Consumer Cyclical,Personal Services,yfinance,2025-12-06 00:00:00
SCIIU,Unknown,Unknown,yfinance,2025-12-06 00:00:00
SCKT,Technology,Computer Hardware,yfinance,2025-12-06 00:00:00
SCL,Basic Materials,Specialty Chemicals,yfinance,2025-12-06 00:00:00
SCLX,Healthcare,Drug Manufacturers - General,yfinance,2025-12-06 00:00:00
SCLXW,Healthcare,Drug Manufacturers - General,yfinance,2025-12-06 00:00:00
SCM,Financial Services,Asset Management,yfinance,2025-12-06 00:00:00
SCNI,Healthcare,Biotechnology,yfinance,2025-12-06 00:00:00
SCNX,Healthcare,Pharmaceutical Retailers,yfinance,2025-12-06 00:00:00
SCOR,Communication Services,Internet Content & Information,yfinance,2025-12-06 00:00:00
SCS,Consumer Cyclical,"Furnishings, Fixtures & Appliances",yfinance,2025-12-06 00:00:00
SCSC,Technology,Electronics & Computer Distribution,yfinance,2025-12-06 00:00:00
SCVL,Consumer Cyclical,Apparel Retail,yfinance,2025-12-06 00:00:00
SCWO,Industrials,Pollution & Treatment Controls,yfinance,2025-12-06 00:00:00
SCYX,Healthcare,Drug Manufacturers - Specialty & Generic,yfinance,2025-12-06 00:00:00
SD,Energy,Oil & Gas E&P,yfinance,2025-12-06 00:00:00
SDA,Consumer Cyclical,Auto & Truck Dealerships,yfinance,2025-12-06 00:00:00
SDAWW,Unknown,Unknown,yfinance,2025-12-06 00:00:00
SDGR,Healthcare,Health Information Services,yfinance,2025-12-06 00:00:00
SDHC,Real Estate,Real Estate - Development,yfinance,2025-12-06 00:00:00
SDHI,Financial Services,Shell Companies,yfinance,2025-12-06 00:00:00
SDHIR,Unknown,Unknown,yfinance,2025-12-06 00:00:00
SDHIU,Financial Services,Shell Companies,yfinance,2025-12-06 00:00:00
SDHY,Financial Services,Asset Management,yfinance,2025-12-06 00:00:00
SDM,Communication Services,Advertising Agencies,yfinance,2025-12-06 00:00:00
SDOT,Consumer Defensive,Farm Products,yfinance,2025-12-06 00:00:00
SDRL,Energy,Oil & Gas Drilling,yfinance,2025-12-06 00:00:00
SDST,Industrials,Electrical Equipment & Parts,yfinance,2025-12-06 00:00:00
SDSTW,Industrials,Electrical Equipment & Parts,yfinance,2025-12-06 00:00:00
SE,Consumer Cyclical,Internet Retail,yfinance,2025-12-06 00:00:00
SEAT,Communication Services,Internet Content & Information,yfinance,2025-12-06 00:00:00
SEATW,Communication Services,Internet Content & Information,yfinance,2025-12-06 00:00:00
SEB,Industrials,Conglomerates,yfinance,2025-12-06 00:00:00
SEDG,Technology,Solar,yfinance,2025-12-06 00:00:00
SEE,Consumer Cyclical,Packaging & Containers,yfinance,2025-12-06 00:00:00
SEED,Basic Materials,Agricultural Inputs,yfinance,2025-12-06 00:00:00
SEER,Healthcare,Biotechnology,yfinance,2025-12-06 00:00:00
SEG,Real Estate,Real Estate Services,yfinance,2025-12-06 00:00:00
SEGG,Consumer Cyclical,Gambling,yfinance,2025-12-06 00:00:00
SEI,Energy,Oil & Gas Equipment & Services,yfinance,2025-12-06 00:00:00
SEIC,Financial Services,Asset Management,yfinance,2025-12-06 00:00:00
SELF,Real Estate,REIT - Specialty,yfinance,2025-12-06 00:00:00
SELX,Technology,Electronic Components,yfinance,2025-12-06 00:00:00
SEM,Healthcare,Medical Care Facilities,yfinance,2025-12-06 00:00:00
SEMR,Technology,Software - Application,yfinance,2025-12-06 00:00:00
SENEA,Consumer Defensive,Packaged Foods,yfinance,2025-12-06 00:00:00
SENEB,Consumer Defensive,Packaged Foods,yfinance,2025-12-06 00:00:00
SENS,Healthcare,Medical Devices,yfinance,2025-12-06 00:00:00
SEPN,Healthcare,Biotechnology,yfinance,2025-12-06 00:00:00
SER,Healthcare,Biotechnology,yfinance,2025-12-06 00:00:00
SERA,Healthcare,Medical Devices,yfinance,2025-12-06 00:00:00
SERV,Industrials,Specialty Industrial Machinery,yfinance,2025-12-06 00:00:00
SES,Consumer Cyclical,Auto Parts,yfinance,2025-12-06 00:00:00
SEV,Unknown,Unknown,yfinance,2025-12-06 00:00:00
SEVN,Real Estate,REIT - Mortgage,yfinance,2025-12-06 00:00:00
SEZL,Financial Services,Credit Services,yfinance,2025-12-06 00:00:00
SF,Financial Services,Capital Markets,yfinance,2025-12-06 00:00:00
SFB,Unknown,Unknown,yfinance,2025-12-06 00:00:00
SFBC,Financial Services,Banks - Regional,yfinance,2025-12-06 00:00:00
SFBS,Financial Services,Banks - Regional,yfinance,2025-12-06 00:00:00
SFD,Consumer Defensive,Packaged Foods,yfinance,2025-12-06 00:00:00
SFHG,Industrials,Specialty Business Services,yfinance,2025-12-06 00:00:00
SFIX,Consumer Cyclical,Apparel Retail,yfinance,2025-12-06 00:00:00
SFL,Industrials,Marine Shipping,yfinance,2025-12-06 00:00:00
SFM,Consumer Defensive,Grocery Stores,yfinance,2025-12-06 00:00:00
SFNC,Financial Services,Banks - Regional,yfinance,2025-12-06 00:00:00
SFST,Financial Services,Banks - Regional,yfinance,2025-12-06 00:00:00
SFWL,Industrials,Integrated Freight & Logistics,yfinance,2025-12-06 00:00:00
SG,Consumer Cyclical,Restaurants,yfinance,2025-12-06 00:00:00
SGA,Communication Services,Broadcasting,yfinance,2025-12-06 00:00:00
SGBX,Industrials,Metal Fabrication,yfinance,2025-12-06 00:00:00
SGC,Consumer Cyclical,Apparel Manufacturing,yfinance,2025-12-06 00:00:00
SGD,Real Estate,Real Estate - Development,yfinance,2025-12-06 00:00:00
SGHC,Consumer Cyclical,Gambling,yfinance,2025-12-06 00:00:00
SGHT,Healthcare,Medical Devices,yfinance,2025-12-06 00:00:00
SGI,Consumer Cyclical,"Furnishings, Fixtures & Appliances",yfinance,2025-12-06 00:00:00
SGLY,Industrials,Integrated Freight & Logistics,yfinance,2025-12-06 00:00:00
SGML,Basic Materials,Other Industrial Metals & Mining,yfinance,2025-12-06 00:00:00
SGMO,Healthcare,Biotechnology,yfinance,2025-12-06 00:00:00
SGMT,Healthcare,Biotechnology,yfinance,2025-12-06 00:00:00
SGN,Technology,Software - Application,yfinance,2025-12-06 00:00:00
SGRP,Industrials,Specialty Business Services,yfinance,2025-12-06 00:00:00
SGRY,Healthcare,Medical Care Facilities,yfinance,2025-12-06 00:00:00
SGU,Energy,Oil & Gas Refining & Marketing,yfinance,2025-12-06 00:00:00
SHAK,Consumer Cyclical,Restaurants,yfinance,2025-12-06 00:00:00
SHBI,Financial Services,Banks - Regional,yfinance,2025-12-06 00:00:00
SHC,Healthcare,Diagnostics & Research,yfinance,2025-12-06 00:00:00
SHCO,Consumer Cyclical,Lodging,yfinance,2025-12-06 00:00:00
SHEL,Energy,Oil & Gas Integrated,yfinance,2025-12-06 00:00:00
SHEN,Communication Services,Telecom Services,yfinance,2025-12-06 00:00:00
SHFS,Financial Services,Banks - Regional,yfinance,2025-12-06 00:00:00
SHFSW,Financial Services,Banks - Regional,yfinance,2025-12-06 00:00:00
SHG,Financial Services,Banks - Regional,yfinance,2025-12-06 00:00:00
SHIM,Industrials,Engineering & Construction,yfinance,2025-12-06 00:00:00
SHIP,Industrials,Marine Shipping,yfinance,2025-12-06 00:00:00
SHLS,Technology,Solar,yfinance,2025-12-06 00:00:00
SHMD,Industrials,Specialty Industrial Machinery,yfinance,2025-12-06 00:00:00
SHMDW,Industrials,Specialty Industrial Machinery,yfinance,2025-12-06 00:00:00
SHO,Real Estate,REIT - Hotel & Motel,yfinance,2025-12-06 00:00:00
SHOO,Consumer Cyclical,Footwear & Accessories,yfinance,2025-12-06 00:00:00
SHOP,Technology,Software - Application,yfinance,2025-12-06 00:00:00
SHPH,Healthcare,Drug Manufacturers - Specialty & Generic,yfinance,2025-12-06 00:00:00
SHW,Basic Materials,Specialty Chemicals,yfinance,2025-12-06 00:00:00
SI,Unknown,Unknown,yfinance,2025-12-06 00:00:00
SIBN,Healthcare,Medical Devices,yfinance,2025-12-06 00:00:00
SID,Basic Materials,Steel,yfinance,2025-12-06 00:00:00
SIDU,Industrials,Aerospace & Defense,yfinance,2025-12-06 00:00:00
SIEB,Financial Services,Capital Markets,yfinance,2025-12-06 00:00:00
SIF,Industrials,Aerospace & Defense,yfinance,2025-12-06 00:00:00
SIFY,Communication Services,Telecom Services,yfinance,2025-12-06 00:00:00
SIG,Consumer Cyclical,Luxury Goods,yfinance,2025-12-06 00:00:00
SIGA,Healthcare,Drug Manufacturers - Specialty & Generic,yfinance,2025-12-06 00:00:00
SIGI,Financial Services,Insurance - Property & Casualty,yfinance,2025-12-06 00:00:00
SIGIP,Financial Services,Insurance - Property & Casualty,yfinance,2025-12-06 00:00:00
SII,Financial Services,Asset Management,yfinance,2025-12-06 00:00:00
SILA,Real Estate,REIT - Healthcare Facilities,yfinance,2025-12-06 00:00:00
SILC,Technology,Communication Equipment,yfinance,2025-12-06 00:00:00
SILO,Healthcare,Biotechnology,yfinance,2025-12-06 00:00:00
SIM,Basic Materials,Steel,yfinance,2025-12-06 00:00:00
SIMA,Financial Services,Shell Companies,yfinance,2025-12-06 00:00:00
SIMAU,Financial Services,Shell Companies,yfinance,2025-12-06 00:00:00
SIMAW,Financial Services,Shell Companies,yfinance,2025-12-06 00:00:00
SIMO,Technology,Semiconductors,yfinance,2025-12-06 00:00:00
SINT,Healthcare,Medical Devices,yfinance,2025-12-06 00:00:00
SION,Healthcare,Biotechnology,yfinance,2025-12-06 00:00:00
SIRI,Communication Services,Entertainment,yfinance,2025-12-06 00:00:00
SITC,Real Estate,REIT - Retail,yfinance,2025-12-06 00:00:00
SITE,Industrials,Industrial Distribution,yfinance,2025-12-06 00:00:00
SITM,Technology,Semiconductors,yfinance,2025-12-06 00:00:00
SJ,Communication Services,Internet Content & Information,yfinance,2025-12-06 00:00:00
SJM,Consumer Defensive,Packaged Foods,yfinance,2025-12-06 00:00:00
SJT,Energy,Oil & Gas E&P,yfinance,2025-12-06 00:00:00
SKBL,Industrials,Engineering & Construction,yfinance,2025-12-06 00:00:00
SKE,Basic Materials,Other Industrial Metals & Mining,yfinance,2025-12-06 00:00:00
SKIL,Consumer Defensive,Education & Training Services,yfinance,2025-12-06 00:00:00
SKIN,Consumer Defensive,Household & Personal Products,yfinance,2025-12-06 00:00:00
SKK,Industrials,Engineering & Construction,yfinance,2025-12-06 00:00:00
SKLZ,Communication Services,Electronic Gaming & Multimedia,yfinance,2025-12-06 00:00:00
SKM,Communication Services,Telecom Services,yfinance,2025-12-06 00:00:00
SKT,Real Estate,REIT - Retail,yfinance,2025-12-06 00:00:00
SKWD,Financial Services,Insurance - Property & Casualty,yfinance,2025-12-06 00:00:00
SKY,Consumer Cyclical,Residential Construction,yfinance,2025-12-06 00:00:00
SKYE,Healthcare,Biotechnology,yfinance,2025-12-06 00:00:00
SKYH,Real Estate,Real Estate - Development,yfinance,2025-12-06 00:00:00
SKYQ,Energy,Oil & Gas Integrated,yfinance,2025-12-06 00:00:00
SKYT,Technology,Semiconductors,yfinance,2025-12-06 00:00:00
SKYW,Industrials,Airlines,yfinance,2025-12-06 00:00:00
SKYX,Industrials,Electrical Equipment & Parts,yfinance,2025-12-06 00:00:00
SLAB,Technology,Semiconductors,yfinance,2025-12-06 00:00:00
SLAI,Technology,Information Technology Services,yfinance,2025-12-06 00:00:00
SLB,Energy,Oil & Gas Equipment & Services,yfinance,2025-12-06 00:00:00
SLDB,Healthcare,Biotechnology,yfinance,2025-12-06 00:00:00
SLDE,Financial Services,Insurance - Property & Casualty,yfinance,2025-12-06 00:00:00
SLDP,Consumer Cyclical,Auto Parts,yfinance,2025-12-06 00:00:00
SLDPW,Consumer Cyclical,Auto Parts,yfinance,2025-12-06 00:00:00
SLE,Communication Services,Internet Content & Information,yfinance,2025-12-06 00:00:00
SLF,Financial Services,Insurance - Diversified,yfinance,2025-12-06 00:00:00
SLG,Real Estate,REIT - Office,yfinance,2025-12-06 00:00:00
SLGB,Industrials,Integrated Freight & Logistics,yfinance,2025-12-06 00:00:00
SLGL,Healthcare,Biotechnology,yfinance,2025-12-06 00:00:00
SLGN,Consumer Cyclical,Packaging & Containers,yfinance,2025-12-06 00:00:00
SLI,Basic Materials,Other Industrial Metals & Mining,yfinance,2025-12-06 00:00:00
SLM,Financial Services,Credit Services,yfinance,2025-12-06 00:00:00
SLMBP,Financial Services,Credit Services,yfinance,2025-12-06 00:00:00
SLMT,Communication Services,Entertainment,yfinance,2025-12-06 00:00:00
SLN,Healthcare,Biotechnology,yfinance,2025-12-06 00:00:00
SLND,Industrials,Engineering & Construction,yfinance,2025-12-06 00:00:00
SLNG,Energy,Oil & Gas Integrated,yfinance,2025-12-06 00:00:00
SLNH,Financial Services,Capital Markets,yfinance,2025-12-06 00:00:00
SLNHP,Financial Services,Capital Markets,yfinance,2025-12-06 00:00:00
SLNO,Healthcare,Biotechnology,yfinance,2025-12-06 00:00:00
SLP,Healthcare,Health Information Services,yfinance,2025-12-06 00:00:00
SLQT,Financial Services,Insurance Brokers,yfinance,2025-12-06 00:00:00
SLRC,Financial Services,Asset Management,yfinance,2025-12-06 00:00:00
SLRX,Healthcare,Biotechnology,yfinance,2025-12-06 00:00:00
SLS,Healthcare,Biotechnology,yfinance,2025-12-06 00:00:00
SLSN,Consumer Defensive,Household & Personal Products,yfinance,2025-12-06 00:00:00
SLSR,Basic Materials,Other Precious Metals & Mining,yfinance,2025-12-06 00:00:00
SLVM,Basic Materials,Paper & Paper Products,yfinance,2025-12-06 00:00:00
SLXN,Healthcare,Biotechnology,yfinance,2025-12-06 00:00:00
SLXNW,Healthcare,Biotechnology,yfinance,2025-12-06 00:00:00
SM,Energy,Oil & Gas E&P,yfinance,2025-12-06 00:00:00
SMA,Real Estate,REIT - Industrial,yfinance,2025-12-06 00:00:00
SMBC,Financial Services,Banks - Regional,yfinance,2025-12-06 00:00:00
SMBK,Financial Services,Banks - Regional,yfinance,2025-12-06 00:00:00
SMC,Energy,Oil & Gas Midstream,yfinance,2025-12-06 00:00:00
SMCI,Technology,Computer Hardware,yfinance,2025-12-06 00:00:00
SMFG,Financial Services,Banks - Diversified,yfinance,2025-12-06 00:00:00
SMG,Basic Materials,Agricultural Inputs,yfinance,2025-12-06 00:00:00
SMHB,Unknown,Unknown,yfinance,2025-12-06 00:00:00
SMHI,Industrials,Marine Shipping,yfinance,2025-12-06 00:00:00
SMID,Basic Materials,Building Materials,yfinance,2025-12-06 00:00:00
SMJF,Unknown,Unknown,yfinance,2025-12-06 00:00:00
SMLR,Healthcare,Medical Devices,yfinance,2025-12-06 00:00:00
SMMT,Healthcare,Biotechnology,yfinance,2025-12-06 00:00:00
SMP,Consumer Cyclical,Auto Parts,yfinance,2025-12-06 00:00:00
SMPL,Consumer Defensive,Packaged Foods,yfinance,2025-12-06 00:00:00
SMR,Industrials,Specialty Industrial Machinery,yfinance,2025-12-06 00:00:00
SMRT,Technology,Software - Application,yfinance,2025-12-06 00:00:00
SMSI,Technology,Software - Application,yfinance,2025-12-06 00:00:00
SMTC,Technology,Semiconductors,yfinance,2025-12-06 00:00:00
SMTI,Healthcare,Medical Instruments & Supplies,yfinance,2025-12-06 00:00:00
SMTK,Technology,Semiconductor Equipment & Materials,yfinance,2025-12-06 00:00:00
SMWB,Technology,Software - Application,yfinance,2025-12-06 00:00:00
SMX,Industrials,Specialty Business Services,yfinance,2025-12-06 00:00:00
SMXT,Technology,Solar,yfinance,2025-12-06 00:00:00
SMXWW,Industrials,Specialty Business Services,yfinance,2025-12-06 00:00:00
SN,Consumer Cyclical,"Furnishings, Fixtures & Appliances",yfinance,2025-12-06 00:00:00
SNA,Industrials,Tools & Accessories,yfinance,2025-12-06 00:00:00
SNAL,Communication Services,Electronic Gaming & Multimedia,yfinance,2025-12-06 00:00:00
SNAP,Communication Services,Internet Content & Information,yfinance,2025-12-06 00:00:00
SNBR,Consumer Cyclical,"Furnishings, Fixtures & Appliances",yfinance,2025-12-06 00:00:00
SNCR,Technology,Software - Infrastructure,yfinance,2025-12-06 00:00:00
SNCY,Industrials,Airlines,yfinance,2025-12-06 00:00:00
SND,Energy,Oil & Gas Equipment & Services,yfinance,2025-12-06 00:00:00
SNDA,Healthcare,Medical Care Facilities,yfinance,2025-12-06 00:00:00
SNDK,Technology,Computer Hardware,yfinance,2025-12-06 00:00:00
SNDL,Consumer Defensive,Beverages - Wineries & Distilleries,yfinance,2025-12-06 00:00:00
SNDR,Industrials,Trucking,yfinance,2025-12-06 00:00:00
SNDX,Healthcare,Biotechnology,yfinance,2025-12-06 00:00:00
SNES,Basic Materials,Specialty Chemicals,yfinance,2025-12-06 00:00:00
SNEX,Financial Services,Capital Markets,yfinance,2025-12-06 00:00:00
SNFCA,Financial Services,Mortgage Finance,yfinance,2025-12-06 00:00:00
SNGX,Healthcare,Biotechnology,yfinance,2025-12-06 00:00:00
SNN,Healthcare,Medical Devices,yfinance,2025-12-06 00:00:00
SNOA,Healthcare,Drug Manufacturers - Specialty & Generic,yfinance,2025-12-06 00:00:00
SNOW,Technology,Software - Application,yfinance,2025-12-06 00:00:00
SNPS,Technology,Software - Infrastructure,yfinance,2025-12-06 00:00:00
SNSE,Healthcare,Biotechnology,yfinance,2025-12-06 00:00:00
SNT,Industrials,Security & Protection Services,yfinance,2025-12-06 00:00:00
SNTG,Financial Services,Credit Services,yfinance,2025-12-06 00:00:00
SNTI,Healthcare,Biotechnology,yfinance,2025-12-06 00:00:00
SNV,Financial Services,Banks - Regional,yfinance,2025-12-06 00:00:00
SNWV,Healthcare,Medical Devices,yfinance,2025-12-06 00:00:00
SNX,Technology,Electronics & Computer Distribution,yfinance,2025-12-06 00:00:00
SNY,Healthcare,Drug Manufacturers - General,yfinance,2025-12-06 00:00:00
SNYR,Healthcare,Medical Distribution,yfinance,2025-12-06 00:00:00
SO,Utilities,Utilities - Regulated Electric,yfinance,2025-12-06 00:00:00
SOAR,Industrials,Airports & Air Services,yfinance,2025-12-06 00:00:00
SOBO,Energy,Oil & Gas Midstream,yfinance,2025-12-06 00:00:00
SOBR,Technology,Scientific & Technical Instruments,yfinance,2025-12-06 00:00:00
SOC,Energy,Oil & Gas Drilling,yfinance,2025-12-06 00:00:00
SOCA,Financial Services,Shell Companies,yfinance,2025-12-06 00:00:00
SOCAU,Financial Services,Shell Companies,yfinance,2025-12-06 00:00:00
SOCAW,Financial Services,Shell Companies,yfinance,2025-12-06 00:00:00
SOFI,Financial Services,Credit Services,yfinance,2025-12-06 00:00:00
SOGP,Communication Services,Internet Content & Information,yfinance,2025-12-06 00:00:00
SOHO,Real Estate,REIT - Hotel & Motel,yfinance,2025-12-06 00:00:00
SOHOB,Real Estate,REIT - Hotel & Motel,yfinance,2025-12-06 00:00:00
SOHON,Real Estate,REIT - Hotel & Motel,yfinance,2025-12-06 00:00:00
SOHOO,Real Estate,REIT - Hotel & Motel,yfinance,2025-12-06 00:00:00
SOHU,Communication Services,Electronic Gaming & Multimedia,yfinance,2025-12-06 00:00:00
SOJC,Unknown,Unknown,yfinance,2025-12-06 00:00:00
SOJD,Unknown,Unknown,yfinance,2025-12-06 00:00:00
SOJE,Unknown,Unknown,yfinance,2025-12-06 00:00:00
SOJF,Unknown,Unknown,yfinance,2025-12-06 00:00:00
SOL,Technology,Solar,yfinance,2025-12-06 00:00:00
SOLS,Basic Materials,Specialty Chemicals,yfinance,2025-12-06 00:00:00
SOLV,Healthcare,Medical Instruments & Supplies,yfinance,2025-12-06 00:00:00
SOMN,Utilities,Utilities - Regulated Electric,yfinance,2025-12-06 00:00:00
SON,Consumer Cyclical,Packaging & Containers,yfinance,2025-12-06 00:00:00
SONM,Technology,Communication Equipment,yfinance,2025-12-06 00:00:00
SONO,Technology,Consumer Electronics,yfinance,2025-12-06 00:00:00
SONY,Technology,Consumer Electronics,yfinance,2025-12-06 00:00:00
SOPA,Communication Services,Advertising Agencies,yfinance,2025-12-06 00:00:00
SOPH,Healthcare,Health Information Services,yfinance,2025-12-06 00:00:00
SOR,Financial Services,Asset Management,yfinance,2025-12-06 00:00:00
SORA,Consumer Cyclical,Luxury Goods,yfinance,2025-12-06 00:00:00
SOS,Financial Services,Capital Markets,yfinance,2025-12-06 00:00:00
SOTK,Technology,Scientific & Technical Instruments,yfinance,2025-12-06 00:00:00
SOUL,Financial Services,Shell Companies,yfinance,2025-12-06 00:00:00
SOUN,Technology,Software - Application,yfinance,2025-12-06 00:00:00
SOUNW,Technology,Software - Application,yfinance,2025-12-06 00:00:00
SOWG,Consumer Defensive,Confectioners,yfinance,2025-12-06 00:00:00
SPAI,Industrials,Aerospace & Defense,yfinance,2025-12-06 00:00:00
SPB,Consumer Defensive,Household & Personal Products,yfinance,2025-12-06 00:00:00
SPCB,Industrials,Security & Protection Services,yfinance,2025-12-06 00:00:00
SPCE,Industrials,Aerospace & Defense,yfinance,2025-12-06 00:00:00
SPE,Financial Services,Asset Management,yfinance,2025-12-06 00:00:00
SPEG,Financial Services,Shell Companies,yfinance,2025-12-06 00:00:00
SPEGR,Unknown,Unknown,yfinance,2025-12-06 00:00:00
SPEGU,Financial Services,Shell Companies,yfinance,2025-12-06 00:00:00
SPFI,Financial Services,Banks - Regional,yfinance,2025-12-06 00:00:00
SPG,Real Estate,REIT - Retail,yfinance,2025-12-06 00:00:00
SPGI,Financial Services,Financial Data & Stock Exchanges,yfinance,2025-12-06 00:00:00
SPH,Utilities,Utilities - Regulated Gas,yfinance,2025-12-06 00:00:00
SPHL,Consumer Cyclical,Residential Construction,yfinance,2025-12-06 00:00:00
SPHR,Communication Services,Entertainment,yfinance,2025-12-06 00:00:00
SPIR,Industrials,Specialty Business Services,yfinance,2025-12-06 00:00:00
SPKL,Financial Services,Shell Companies,yfinance,2025-12-06 00:00:00
SPKLU,Financial Services,Shell Companies,yfinance,2025-12-06 00:00:00
SPKLW,Financial Services,Shell Companies,yfinance,2025-12-06 00:00:00
SPMA,Financial Services,Asset Management,yfinance,2025-12-06 00:00:00
SPMC,Unknown,Unknown,yfinance,2025-12-06 00:00:00
SPME,Financial Services,Asset Management,yfinance,2025-12-06 00:00:00
SPNS,Technology,Software - Application,yfinance,2025-12-06 00:00:00
SPNT,Financial Services,Insurance - Reinsurance,yfinance,2025-12-06 00:00:00
SPOK,Healthcare,Health Information Services,yfinance,2025-12-06 00:00:00
SPOT,Communication Services,Internet Content & Information,yfinance,2025-12-06 00:00:00
SPPL,Industrials,Specialty Industrial Machinery,yfinance,2025-12-06 00:00:00
SPR,Industrials,Aerospace & Defense,yfinance,2025-12-06 00:00:00
SPRB,Healthcare,Biotechnology,yfinance,2025-12-06 00:00:00
SPRC,Healthcare,Biotechnology,yfinance,2025-12-06 00:00:00
SPRO,Healthcare,Biotechnology,yfinance,2025-12-06 00:00:00
SPRU,Technology,Solar,yfinance,2025-12-06 00:00:00
SPRY,Healthcare,Biotechnology,yfinance,2025-12-06 00:00:00
SPSC,Technology,Software - Application,yfinance,2025-12-06 00:00:00
SPT,Technology,Software - Application,yfinance,2025-12-06 00:00:00
SPWH,Consumer Cyclical,Specialty Retail,yfinance,2025-12-06 00:00:00
SPWR,Technology,Solar,yfinance,2025-12-06 00:00:00
SPWRW,Technology,Solar,yfinance,2025-12-06 00:00:00
SPXC,Industrials,Building Products & Equipment,yfinance,2025-12-06 00:00:00
SPXX,Financial Services,Asset Management,yfinance,2025-12-06 00:00:00
SQFT,Real Estate,REIT - Diversified,yfinance,2025-12-06 00:00:00
SQFTP,Real Estate,REIT - Diversified,yfinance,2025-12-06 00:00:00
SQFTW,Real Estate,REIT - Diversified,yfinance,2025-12-06 00:00:00
SQM,Basic Materials,Specialty Chemicals,yfinance,2025-12-06 00:00:00
SQNS,Technology,Semiconductors,yfinance,2025-12-06 00:00:00
SR,Utilities,Utilities - Regulated Gas,yfinance,2025-12-06 00:00:00
SRAD,Technology,Software - Application,yfinance,2025-12-06 00:00:00
SRBK,Financial Services,Banks - Regional,yfinance,2025-12-06 00:00:00
SRCE,Financial Services,Banks - Regional,yfinance,2025-12-06 00:00:00
SRE,Utilities,Utilities - Diversified,yfinance,2025-12-06 00:00:00
SREA,Unknown,Unknown,yfinance,2025-12-06 00:00:00
SRFM,Industrials,Airlines,yfinance,2025-12-06 00:00:00
SRG,Real Estate,Real Estate Services,yfinance,2025-12-06 00:00:00
SRI,Consumer Cyclical,Auto Parts,yfinance,2025-12-06 00:00:00
SRL,Financial Services,Capital Markets,yfinance,2025-12-06 00:00:00
SRPT,Healthcare,Biotechnology,yfinance,2025-12-06 00:00:00
SRRK,Healthcare,Biotechnology,yfinance,2025-12-06 00:00:00
SRTA,Healthcare,Medical Care Facilities,yfinance,2025-12-06 00:00:00
SRTAW,Healthcare,Medical Care Facilities,yfinance,2025-12-06 00:00:00
SRTS,Healthcare,Medical Devices,yfinance,2025-12-06 00:00:00
SRV,Financial Services,Asset Management,yfinance,2025-12-06 00:00:00
SRXH,Healthcare,Medical Care Facilities,yfinance,2025-12-06 00:00:00
SRZN,Healthcare,Biotechnology,yfinance,2025-12-06 00:00:00
SRZNW,Healthcare,Biotechnology,yfinance,2025-12-06 00:00:00
SSB,Financial Services,Banks - Regional,yfinance,2025-12-06 00:00:00
SSBI,Financial Services,Banks - Regional,yfinance,2025-12-06 00:00:00
SSD,Basic Materials,Lumber & Wood Production,yfinance,2025-12-06 00:00:00
SSEA,Financial Services,Shell Companies,yfinance,2025-12-06 00:00:00
SSEAR,Unknown,Unknown,yfinance,2025-12-06 00:00:00
SSEAU,Financial Services,Shell Companies,yfinance,2025-12-06 00:00:00
SSII,Healthcare,Medical Devices,yfinance,2025-12-06 00:00:00
SSKN,Healthcare,Medical Devices,yfinance,2025-12-06 00:00:00
SSL,Basic Materials,Specialty Chemicals,yfinance,2025-12-06 00:00:00
SSM,Consumer Cyclical,Auto Manufacturers,yfinance,2025-12-06 00:00:00
SSNC,Technology,Software - Application,yfinance,2025-12-06 00:00:00
SSP,Communication Services,Broadcasting,yfinance,2025-12-06 00:00:00
SSRM,Basic Materials,Gold,yfinance,2025-12-06 00:00:00
SSSS,Financial Services,Asset Management,yfinance,2025-12-06 00:00:00
SSSSL,Unknown,Unknown,yfinance,2025-12-06 00:00:00
SST,Industrials,Specialty Business Services,yfinance,2025-12-06 00:00:00
SSTI,Technology,Software - Application,yfinance,2025-12-06 00:00:00
SSTK,Communication Services,Internet Content & Information,yfinance,2025-12-06 00:00:00
SSYS,Technology,Computer Hardware,yfinance,2025-12-06 00:00:00
ST,Technology,Scientific & Technical Instruments,yfinance,2025-12-06 00:00:00
STAA,Healthcare,Medical Instruments & Supplies,yfinance,2025-12-06 00:00:00
STAG,Real Estate,REIT - Industrial,yfinance,2025-12-06 00:00:00
STAI,Industrials,Building Products & Equipment,yfinance,2025-12-06 00:00:00
STAK,Energy,Oil & Gas Equipment & Services,yfinance,2025-12-06 00:00:00
STBA,Financial Services,Banks - Regional,yfinance,2025-12-06 00:00:00
STC,Financial Services,Insurance - Property & Casualty,yfinance,2025-12-06 00:00:00
STE,Healthcare,Medical Devices,yfinance,2025-12-06 00:00:00
STEC,Technology,Software - Application,yfinance,2025-12-06 00:00:00
STEL,Financial Services,Banks - Regional,yfinance,2025-12-06 00:00:00
STEM,Utilities,Utilities - Renewable,yfinance,2025-12-06 00:00:00
STEP,Financial Services,Asset Management,yfinance,2025-12-06 00:00:00
STEW,Financial Services,Asset Management,yfinance,2025-12-06 00:00:00
STEX,Financial Services,Capital Markets,yfinance,2025-12-06 00:00:00
STFS,Communication Services,Advertising Agencies,yfinance,2025-12-06 00:00:00
STG,Consumer Defensive,Education & Training Services,yfinance,2025-12-06 00:00:00
STGW,Communication Services,Advertising Agencies,yfinance,2025-12-06 00:00:00
STHO,Real Estate,Real Estate Services,yfinance,2025-12-06 00:00:00
STI,Industrials,Electrical Equipment & Parts,yfinance,2025-12-06 00:00:00
STIM,Healthcare,Medical Devices,yfinance,2025-12-06 00:00:00
STK,Financial Services,Asset Management,yfinance,2025-12-06 00:00:00
STKE,Financial Services,Capital Markets,yfinance,2025-12-06 00:00:00
STKH,Consumer Defensive,Packaged Foods,yfinance,2025-12-06 00:00:00
STKL,Consumer Defensive,Beverages - Non-Alcoholic,yfinance,2025-12-06 00:00:00
STKS,Consumer Cyclical,Restaurants,yfinance,2025-12-06 00:00:00
STLA,Consumer Cyclical,Auto Manufacturers,yfinance,2025-12-06 00:00:00
STLD,Basic Materials,Steel,yfinance,2025-12-06 00:00:00
STM,Technology,Semiconductors,yfinance,2025-12-06 00:00:00
STN,Industrials,Engineering & Construction,yfinance,2025-12-06 00:00:00
STNE,Technology,Software - Infrastructure,yfinance,2025-12-06 00:00:00
STNG,Energy,Oil & Gas Midstream,yfinance,2025-12-06 00:00:00
STOK,Healthcare,Biotechnology,yfinance,2025-12-06 00:00:00
STRA,Consumer Defensive,Education & Training Services,yfinance,2025-12-06 00:00:00
STRC,Technology,Software - Application,yfinance,2025-12-06 00:00:00
STRD,Technology,Software - Application,yfinance,2025-12-06 00:00:00
STRF,Technology,Software - Application,yfinance,2025-12-06 00:00:00
STRK,Technology,Software - Application,yfinance,2025-12-06 00:00:00
STRL,Industrials,Engineering & Construction,yfinance,2025-12-06 00:00:00
STRO,Healthcare,Biotechnology,yfinance,2025-12-06 00:00:00
STRR,Industrials,Conglomerates,yfinance,2025-12-06 00:00:00
STRRP,Industrials,Conglomerates,yfinance,2025-12-06 00:00:00
STRS,Real Estate,Real Estate - Diversified,yfinance,2025-12-06 00:00:00
STRT,Consumer Cyclical,Auto Parts,yfinance,2025-12-06 00:00:00
STRW,Real Estate,REIT - Healthcare Facilities,yfinance,2025-12-06 00:00:00
STRZ,Communication Services,Entertainment,yfinance,2025-12-06 00:00:00
STSS,Healthcare,Medical Instruments & Supplies,yfinance,2025-12-06 00:00:00
STSSW,Healthcare,Medical Instruments & Supplies,yfinance,2025-12-06 00:00:00
STT,Financial Services,Asset Management,yfinance,2025-12-06 00:00:00
STTK,Healthcare,Biotechnology,yfinance,2025-12-06 00:00:00
STUB,Communication Services,Internet Content & Information,yfinance,2025-12-06 00:00:00
STVN,Healthcare,Medical Instruments & Supplies,yfinance,2025-12-06 00:00:00
STWD,Real Estate,REIT - Mortgage,yfinance,2025-12-06 00:00:00
STX,Technology,Computer Hardware,yfinance,2025-12-06 00:00:00
STXS,Healthcare,Medical Instruments & Supplies,yfinance,2025-12-06 00:00:00
STZ,Consumer Defensive,Beverages - Brewers,yfinance,2025-12-06 00:00:00
SU,Energy,Oil & Gas Integrated,yfinance,2025-12-06 00:00:00
SUGP,Industrials,Security & Protection Services,yfinance,2025-12-06 00:00:00
SUI,Real Estate,REIT - Residential,yfinance,2025-12-06 00:00:00
SUIG,Financial Services,Credit Services,yfinance,2025-12-06 00:00:00
SUN,Energy,Oil & Gas Refining & Marketing,yfinance,2025-12-06 00:00:00
SUNC,Energy,Oil & Gas Midstream,yfinance,2025-12-06 00:00:00
SUNE,Technology,Solar,yfinance,2025-12-06 00:00:00
SUNS,Real Estate,REIT - Mortgage,yfinance,2025-12-06 00:00:00
SUPN,Healthcare,Drug Manufacturers - Specialty & Generic,yfinance,2025-12-06 00:00:00
SUPV,Financial Services,Banks - Regional,yfinance,2025-12-06 00:00:00
SUPX,Technology,Software - Infrastructure,yfinance,2025-12-06 00:00:00
SURG,Communication Services,Telecom Services,yfinance,2025-12-06 00:00:00
SUUN,Utilities,Utilities - Renewable,yfinance,2025-12-06 00:00:00
SUZ,Basic Materials,Paper & Paper Products,yfinance,2025-12-06 00:00:00
SVA,Unknown,Unknown,yfinance,2025-12-06 00:00:00
SVAC,Unknown,Unknown,yfinance,2025-12-06 00:00:00
SVACU,Unknown,Unknown,yfinance,2025-12-06 00:00:00
SVACW,Unknown,Unknown,yfinance,2025-12-06 00:00:00
SVC,Real Estate,REIT - Hotel & Motel,yfinance,2025-12-06 00:00:00
SVCC,Financial Services,Shell Companies,yfinance,2025-12-06 00:00:00
SVCCU,Financial Services,Shell Companies,yfinance,2025-12-06 00:00:00
SVCCW,Financial Services,Shell Companies,yfinance,2025-12-06 00:00:00
SVCO,Technology,Software - Application,yfinance,2025-12-06 00:00:00
SVM,Basic Materials,Silver,yfinance,2025-12-06 00:00:00
SVRA,Healthcare,Biotechnology,yfinance,2025-12-06 00:00:00
SVRE,Technology,Scientific & Technical Instruments,yfinance,2025-12-06 00:00:00
SVREW,Technology,Scientific & Technical Instruments,yfinance,2025-12-06 00:00:00
SVRN,Industrials,Marine Shipping,yfinance,2025-12-06 00:00:00
SVV,Consumer Cyclical,Specialty Retail,yfinance,2025-12-06 00:00:00
SW,Consumer Cyclical,Packaging & Containers,yfinance,2025-12-06 00:00:00
SWAG,Communication Services,Advertising Agencies,yfinance,2025-12-06 00:00:00
SWAGW,Communication Services,Advertising Agencies,yfinance,2025-12-06 00:00:00
SWBI,Industrials,Aerospace & Defense,yfinance,2025-12-06 00:00:00
SWIM,Industrials,Building Products & Equipment,yfinance,2025-12-06 00:00:00
SWK,Industrials,Tools & Accessories,yfinance,2025-12-06 00:00:00
SWKH,Financial Services,Asset Management,yfinance,2025-12-06 00:00:00
SWKHL,Unknown,Unknown,yfinance,2025-12-06 00:00:00
SWKS,Technology,Semiconductors,yfinance,2025-12-06 00:00:00
SWVL,Industrials,Railroads,yfinance,2025-12-06 00:00:00
SWVLW,Unknown,Unknown,yfinance,2025-12-06 00:00:00
SWX,Utilities,Utilities - Regulated Gas,yfinance,2025-12-06 00:00:00
SWZ,Unknown,Unknown,yfinance,2025-12-06 00:00:00
SXC,Basic Materials,Coking Coal,yfinance,2025-12-06 00:00:00
SXI,Industrials,Specialty Industrial Machinery,yfinance,2025-12-06 00:00:00
SXT,Basic Materials,Specialty Chemicals,yfinance,2025-12-06 00:00:00
SXTC,Healthcare,Drug Manufacturers - Specialty & Generic,yfinance,2025-12-06 00:00:00
SXTP,Healthcare,Biotechnology,yfinance,2025-12-06 00:00:00
SXTPW,Unknown,Unknown,yfinance,2025-12-06 00:00:00
SY,Healthcare,Health Information Services,yfinance,2025-12-06 00:00:00
SYBT,Financial Services,Banks - Regional,yfinance,2025-12-06 00:00:00
SYBX,Healthcare,Biotechnology,yfinance,2025-12-06 00:00:00
SYF,Financial Services,Credit Services,yfinance,2025-12-06 00:00:00
SYK,Healthcare,Medical Devices,yfinance,2025-12-06 00:00:00
SYM,Industrials,Specialty Industrial Machinery,yfinance,2025-12-06 00:00:00
SYNA,Technology,Semiconductors,yfinance,2025-12-06 00:00:00
SYNX,Technology,Communication Equipment,yfinance,2025-12-06 00:00:00
SYPR,Consumer Cyclical,Auto Parts,yfinance,2025-12-06 00:00:00
SYRE,Healthcare,Biotechnology,yfinance,2025-12-06 00:00:00
SYY,Consumer Defensive,Food Distribution,yfinance,2025-12-06 00:00:00
SZZL,Financial Services,Shell Companies,yfinance,2025-12-06 00:00:00
SZZLR,Unknown,Unknown,yfinance,2025-12-06 00:00:00
SZZLU,Financial Services,Shell Companies,yfinance,2025-12-06 00:00:00
T,Communication Services,Telecom Services,yfinance,2025-12-06 00:00:00
TAC,Utilities,Utilities - Independent Power Producers,yfinance,2025-12-06 00:00:00
TACH,Financial Services,Shell Companies,yfinance,2025-12-06 00:00:00
TACHU,Financial Services,Shell Companies,yfinance,2025-12-06 00:00:00
TACHW,Financial Services,Shell Companies,yfinance,2025-12-06 00:00:00
TACO,Financial Services,Shell Companies,yfinance,2025-12-06 00:00:00
TACOU,Financial Services,Shell Companies,yfinance,2025-12-06 00:00:00
TACOW,Financial Services,Shell Companies,yfinance,2025-12-06 00:00:00
TACT,Technology,Computer Hardware,yfinance,2025-12-06 00:00:00
TAK,Healthcare,Drug Manufacturers - Specialty & Generic,yfinance,2025-12-06 00:00:00
TAL,Consumer Defensive,Education & Training Services,yfinance,2025-12-06 00:00:00
TALK,Healthcare,Health Information Services,yfinance,2025-12-06 00:00:00
TALKW,Unknown,Unknown,yfinance,2025-12-06 00:00:00
TALO,Energy,Oil & Gas E&P,yfinance,2025-12-06 00:00:00
TANH,Consumer Defensive,Household & Personal Products,yfinance,2025-12-06 00:00:00
TAOP,Technology,Software - Infrastructure,yfinance,2025-12-06 00:00:00
TAOX,Technology,Software - Infrastructure,yfinance,2025-12-06 00:00:00
TAP,Consumer Defensive,Beverages - Brewers,yfinance,2025-12-06 00:00:00
TARA,Healthcare,Biotechnology,yfinance,2025-12-06 00:00:00
TARS,Healthcare,Biotechnology,yfinance,2025-12-06 00:00:00
TASK,Technology,Information Technology Services,yfinance,2025-12-06 00:00:00
TATT,Industrials,Aerospace & Defense,yfinance,2025-12-06 00:00:00
TAVI,Financial Services,Shell Companies,yfinance,2025-12-06 00:00:00
TAVIR,Unknown,Unknown,yfinance,2025-12-06 00:00:00
TAVIU,Financial Services,Shell Companies,yfinance,2025-12-06 00:00:00
TAYD,Industrials,Specialty Industrial Machinery,yfinance,2025-12-06 00:00:00
TBB,Unknown,Unknown,yfinance,2025-12-06 00:00:00
TBBB,Consumer Defensive,Discount Stores,yfinance,2025-12-06 00:00:00
TBBK,Financial Services,Banks - Regional,yfinance,2025-12-06 00:00:00
TBCH,Technology,Consumer Electronics,yfinance,2025-12-06 00:00:00
TBH,Communication Services,Electronic Gaming & Multimedia,yfinance,2025-12-06 00:00:00
TBHC,Consumer Cyclical,Home Improvement Retail,yfinance,2025-12-06 00:00:00
TBI,Industrials,Staffing & Employment Services,yfinance,2025-12-06 00:00:00
TBLA,Communication Services,Internet Content & Information,yfinance,2025-12-06 00:00:00
TBLAW,Communication Services,Internet Content & Information,yfinance,2025-12-06 00:00:00
TBLD,Financial Services,Asset Management,yfinance,2025-12-06 00:00:00
TBMC,Financial Services,Shell Companies,yfinance,2025-12-06 00:00:00
TBMCR,Unknown,Unknown,yfinance,2025-12-06 00:00:00
TBN,Energy,Oil & Gas E&P,yfinance,2025-12-06 00:00:00
TBPH,Healthcare,Biotechnology,yfinance,2025-12-06 00:00:00
TBRG,Healthcare,Health Information Services,yfinance,2025-12-06 00:00:00
TC,Communication Services,Advertising Agencies,yfinance,2025-12-06 00:00:00
TCBI,Financial Services,Banks - Regional,yfinance,2025-12-06 00:00:00
TCBIO,Financial Services,Banks - Regional,yfinance,2025-12-06 00:00:00
TCBK,Financial Services,Banks - Regional,yfinance,2025-12-06 00:00:00
TCBS,Financial Services,Banks - Regional,yfinance,2025-12-06 00:00:00
TCBX,Financial Services,Banks - Regional,yfinance,2025-12-06 00:00:00
TCGL,Unknown,Unknown,yfinance,2025-12-06 00:00:00
TCI,Real Estate,Real Estate Services,yfinance,2025-12-06 00:00:00
TCMD,Healthcare,Medical Devices,yfinance,2025-12-06 00:00:00
TCOM,Consumer Cyclical,Travel Services,yfinance,2025-12-06 00:00:00
TCPA,Unknown,Unknown,yfinance,2025-12-06 00:00:00
TCPC,Financial Services,Asset Management,yfinance,2025-12-06 00:00:00
TCRT,Healthcare,Biotechnology,yfinance,2025-12-06 00:00:00
TCRX,Healthcare,Biotechnology,yfinance,2025-12-06 00:00:00
TCX,Technology,Software - Infrastructure,yfinance,2025-12-06 00:00:00
TD,Financial Services,Banks - Diversified,yfinance,2025-12-06 00:00:00
TDAC,Financial Services,Shell Companies,yfinance,2025-12-06 00:00:00
TDACU,Financial Services,Shell Companies,yfinance,2025-12-06 00:00:00
TDACW,Financial Services,Shell Companies,yfinance,2025-12-06 00:00:00
TDAY,Communication Services,Publishing,yfinance,2025-12-06 00:00:00
TDC,Technology,Software - Infrastructure,yfinance,2025-12-06 00:00:00
TDF,Financial Services,Asset Management,yfinance,2025-12-06 00:00:00
TDG,Industrials,Aerospace & Defense,yfinance,2025-12-06 00:00:00
TDIC,Communication Services,Advertising Agencies,yfinance,2025-12-06 00:00:00
TDOC,Healthcare,Health Information Services,yfinance,2025-12-06 00:00:00
TDS,Communication Services,Telecom Services,yfinance,2025-12-06 00:00:00
TDTH,Technology,Information Technology Services,yfinance,2025-12-06 00:00:00
TDUP,Consumer Cyclical,Internet Retail,yfinance,2025-12-06 00:00:00
TDW,Energy,Oil & Gas Equipment & Services,yfinance,2025-12-06 00:00:00
TDWDU,Unknown,Unknown,yfinance,2025-12-06 00:00:00
TDY,Technology,Scientific & Technical Instruments,yfinance,2025-12-06 00:00:00
TE,Industrials,Electrical Equipment & Parts,yfinance,2025-12-06 00:00:00
TEAD,Communication Services,Internet Content & Information,yfinance,2025-12-06 00:00:00
TEAM,Technology,Software - Application,yfinance,2025-12-06 00:00:00
TECH,Healthcare,Biotechnology,yfinance,2025-12-06 00:00:00
TECK,Basic Materials,Other Industrial Metals & Mining,yfinance,2025-12-06 00:00:00
TECTP,Financial Services,Banks - Regional,yfinance,2025-12-06 00:00:00
TECX,Healthcare,Biotechnology,yfinance,2025-12-06 00:00:00
TEF,Communication Services,Telecom Services,yfinance,2025-12-06 00:00:00
TEI,Financial Services,Asset Management,yfinance,2025-12-06 00:00:00
TEL,Technology,Electronic Components,yfinance,2025-12-06 00:00:00
TELA,Healthcare,Medical Devices,yfinance,2025-12-06 00:00:00
TELO,Healthcare,Biotechnology,yfinance,2025-12-06 00:00:00
TEM,Healthcare,Health Information Services,yfinance,2025-12-06 00:00:00
TEN,Energy,Oil & Gas Midstream,yfinance,2025-12-06 00:00:00
TENB,Technology,Software - Infrastructure,yfinance,2025-12-06 00:00:00
TENX,Healthcare,Biotechnology,yfinance,2025-12-06 00:00:00
TEO,Communication Services,Telecom Services,yfinance,2025-12-06 00:00:00
TER,Technology,Semiconductor Equipment & Materials,yfinance,2025-12-06 00:00:00
TERN,Healthcare,Biotechnology,yfinance,2025-12-06 00:00:00
TEVA,Healthcare,Drug Manufacturers - Specialty & Generic,yfinance,2025-12-06 00:00:00
TEX,Industrials,Farm & Heavy Construction Machinery,yfinance,2025-12-06 00:00:00
TFC,Financial Services,Banks - Regional,yfinance,2025-12-06 00:00:00
TFII,Industrials,Trucking,yfinance,2025-12-06 00:00:00
TFIN,Financial Services,Banks - Regional,yfinance,2025-12-06 00:00:00
TFPM,Basic Materials,Other Precious Metals & Mining,yfinance,2025-12-06 00:00:00
TFSA,Unknown,Unknown,yfinance,2025-12-06 00:00:00
TFSL,Financial Services,Banks - Regional,yfinance,2025-12-06 00:00:00
TFX,Healthcare,Medical Instruments & Supplies,yfinance,2025-12-06 00:00:00
TG,Industrials,Metal Fabrication,yfinance,2025-12-06 00:00:00
TGB,Basic Materials,Copper,yfinance,2025-12-06 00:00:00
TGE,Financial Services,Asset Management,yfinance,2025-12-06 00:00:00
TGEN,Industrials,Electrical Equipment & Parts,yfinance,2025-12-06 00:00:00
TGHL,Technology,Software - Infrastructure,yfinance,2025-12-06 00:00:00
TGL,Technology,Software - Application,yfinance,2025-12-06 00:00:00
TGLS,Basic Materials,Building Materials,yfinance,2025-12-06 00:00:00
TGNA,Communication Services,Broadcasting,yfinance,2025-12-06 00:00:00
TGS,Energy,Oil & Gas Integrated,yfinance,2025-12-06 00:00:00
TGT,Consumer Defensive,Discount Stores,yfinance,2025-12-06 00:00:00
TGTX,Healthcare,Biotechnology,yfinance,2025-12-06 00:00:00
TH,Industrials,Specialty Business Services,yfinance,2025-12-06 00:00:00
THAR,Healthcare,Biotechnology,yfinance,2025-12-06 00:00:00
THC,Healthcare,Medical Care Facilities,yfinance,2025-12-06 00:00:00
THCH,Consumer Cyclical,Restaurants,yfinance,2025-12-06 00:00:00
THFF,Financial Services,Banks - Regional,yfinance,2025-12-06 00:00:00
THG,Financial Services,Insurance - Property & Casualty,yfinance,2025-12-06 00:00:00
THH,Industrials,Specialty Business Services,yfinance,2025-12-06 00:00:00
THM,Basic Materials,Gold,yfinance,2025-12-06 00:00:00
THO,Consumer Cyclical,Recreational Vehicles,yfinance,2025-12-06 00:00:00
THQ,Financial Services,Asset Management,yfinance,2025-12-06 00:00:00
THR,Industrials,Specialty Industrial Machinery,yfinance,2025-12-06 00:00:00
THRM,Consumer Cyclical,Auto Parts,yfinance,2025-12-06 00:00:00
THRY,Communication Services,Internet Content & Information,yfinance,2025-12-06 00:00:00
THS,Consumer Defensive,Packaged Foods,yfinance,2025-12-06 00:00:00
THW,Financial Services,Asset Management,yfinance,2025-12-06 00:00:00
TIC,Industrials,Specialty Business Services,yfinance,2025-12-06 00:00:00
TIGO,Communication Services,Telecom Services,yfinance,2025-12-06 00:00:00
TIGR,Financial Services,Capital Markets,yfinance,2025-12-06 00:00:00
TII,Basic Materials,Other Industrial Metals & Mining,yfinance,2025-12-06 00:00:00
TIL,Healthcare,Biotechnology,yfinance,2025-12-06 00:00:00
TILE,Consumer Cyclical,"Furnishings, Fixtures & Appliances",yfinance,2025-12-06 00:00:00
TIMB,Communication Services,Telecom Services,yfinance,2025-12-06 00:00:00
TIPT,Financial Services,Insurance - Specialty,yfinance,2025-12-06 00:00:00
TIRX,Financial Services,Insurance Brokers,yfinance,2025-12-06 00:00:00
TISI,Industrials,Specialty Business Services,yfinance,2025-12-06 00:00:00
TITN,Industrials,Industrial Distribution,yfinance,2025-12-06 00:00:00
TIVC,Healthcare,Medical Devices,yfinance,2025-12-06 00:00:00
TJX,Consumer Cyclical,Apparel Retail,yfinance,2025-12-06 00:00:00
TK,Energy,Oil & Gas Midstream,yfinance,2025-12-06 00:00:00
TKC,Communication Services,Telecom Services,yfinance,2025-12-06 00:00:00
TKLF,Consumer Cyclical,Specialty Retail,yfinance,2025-12-06 00:00:00
TKNO,Healthcare,Drug Manufacturers - Specialty & Generic,yfinance,2025-12-06 00:00:00
TKO,Communication Services,Entertainment,yfinance,2025-12-06 00:00:00
TKR,Industrials,Tools & Accessories,yfinance,2025-12-06 00:00:00
TLF,Consumer Cyclical,Specialty Retail,yfinance,2025-12-06 00:00:00
TLIH,Industrials,Industrial Distribution,yfinance,2025-12-06 00:00:00
TLK,Communication Services,Telecom Services,yfinance,2025-12-06 00:00:00
TLN,Utilities,Utilities - Independent Power Producers,yfinance,2025-12-06 00:00:00
TLNC,Financial Services,Shell Companies,yfinance,2025-12-06 00:00:00
TLNCU,Financial Services,Shell Companies,yfinance,2025-12-06 00:00:00
TLNCW,Financial Services,Shell Companies,yfinance,2025-12-06 00:00:00
TLPH,Healthcare,Drug Manufacturers - Specialty & Generic,yfinance,2025-12-06 00:00:00
TLRY,Healthcare,Drug Manufacturers - Specialty & Generic,yfinance,2025-12-06 00:00:00
TLS,Technology,Software - Infrastructure,yfinance,2025-12-06 00:00:00
TLSA,Healthcare,Biotechnology,yfinance,2025-12-06 00:00:00
TLSI,Healthcare,Medical Devices,yfinance,2025-12-06 00:00:00
TLSIW,Healthcare,Medical Devices,yfinance,2025-12-06 00:00:00
TLX,Healthcare,Biotechnology,yfinance,2025-12-06 00:00:00
TLYS,Consumer Cyclical,Apparel Retail,yfinance,2025-12-06 00:00:00
TM,Consumer Cyclical,Auto Manufacturers,yfinance,2025-12-06 00:00:00
TMC,Basic Materials,Other Industrial Metals & Mining,yfinance,2025-12-06 00:00:00
TMCI,Healthcare,Medical Devices,yfinance,2025-12-06 00:00:00
TMCWW,Basic Materials,Other Industrial Metals & Mining,yfinance,2025-12-06 00:00:00
TMDE,Energy,Oil & Gas Midstream,yfinance,2025-12-06 00:00:00
TMDX,Healthcare,Medical Devices,yfinance,2025-12-06 00:00:00
TME,Communication Services,Internet Content & Information,yfinance,2025-12-06 00:00:00
TMHC,Consumer Cyclical,Residential Construction,yfinance,2025-12-06 00:00:00
TMO,Healthcare,Diagnostics & Research,yfinance,2025-12-06 00:00:00
TMP,Financial Services,Banks - Regional,yfinance,2025-12-06 00:00:00
TMQ,Basic Materials,Other Industrial Metals & Mining,yfinance,2025-12-06 00:00:00
TMUS,Communication Services,Telecom Services,yfinance,2025-12-06 00:00:00
TMUSI,Unknown,Unknown,yfinance,2025-12-06 00:00:00
TMUSL,Unknown,Unknown,yfinance,2025-12-06 00:00:00
TMUSZ,Unknown,Unknown,yfinance,2025-12-06 00:00:00
TNC,Industrials,Specialty Industrial Machinery,yfinance,2025-12-06 00:00:00
TNDM,Healthcare,Medical Devices,yfinance,2025-12-06 00:00:00
TNET,Industrials,Staffing & Employment Services,yfinance,2025-12-06 00:00:00
TNGX,Healthcare,Biotechnology,yfinance,2025-12-06 00:00:00
TNK,Energy,Oil & Gas Midstream,yfinance,2025-12-06 00:00:00
TNL,Consumer Cyclical,Travel Services,yfinance,2025-12-06 00:00:00
TNMG,Communication Services,Publishing,yfinance,2025-12-06 00:00:00
TNON,Healthcare,Medical Devices,yfinance,2025-12-06 00:00:00
TNONW,Unknown,Unknown,yfinance,2025-12-06 00:00:00
TNXP,Healthcare,Biotechnology,yfinance,2025-12-06 00:00:00
TNYA,Healthcare,Biotechnology,yfinance,2025-12-06 00:00:00
TOI,Healthcare,Medical Care Facilities,yfinance,2025-12-06 00:00:00
TOIIW,Healthcare,Medical Care Facilities,yfinance,2025-12-06 00:00:00
TOL,Consumer Cyclical,Residential Construction,yfinance,2025-12-06 00:00:00
TOMZ,Industrials,Pollution & Treatment Controls,yfinance,2025-12-06 00:00:00
TONX,Technology,Software - Application,yfinance,2025-12-06 00:00:00
TOON,Communication Services,Entertainment,yfinance,2025-12-06 00:00:00
TOP,Financial Services,Capital Markets,yfinance,2025-12-06 00:00:00
TOPP,Industrials,Trucking,yfinance,2025-12-06 00:00:00
TOPS,Energy,Oil & Gas Midstream,yfinance,2025-12-06 00:00:00
TORO,Energy,Oil & Gas Midstream,yfinance,2025-12-06 00:00:00
TOST,Technology,Software - Infrastructure,yfinance,2025-12-06 00:00:00
TOUR,Consumer Cyclical,Travel Services,yfinance,2025-12-06 00:00:00
TOVX,Healthcare,Biotechnology,yfinance,2025-12-06 00:00:00
TOWN,Financial Services,Banks - Regional,yfinance,2025-12-06 00:00:00
TOYO,Technology,Solar,yfinance,2025-12-06 00:00:00
TPB,Consumer Defensive,Tobacco,yfinance,2025-12-06 00:00:00
TPC,Industrials,Engineering & Construction,yfinance,2025-12-06 00:00:00
TPCS,Industrials,Metal Fabrication,yfinance,2025-12-06 00:00:00
TPET,Energy,Oil & Gas E&P,yfinance,2025-12-06 00:00:00
TPG,Financial Services,Asset Management,yfinance,2025-12-06 00:00:00
TPGXL,Unknown,Unknown,yfinance,2025-12-06 00:00:00
TPH,Consumer Cyclical,Residential Construction,yfinance,2025-12-06 00:00:00
TPL,Energy,Oil & Gas E&P,yfinance,2025-12-06 00:00:00
TPR,Consumer Cyclical,Luxury Goods,yfinance,2025-12-06 00:00:00
TPST,Healthcare,Biotechnology,yfinance,2025-12-06 00:00:00
TPTA,Unknown,Unknown,yfinance,2025-12-06 00:00:00
TPVG,Financial Services,Asset Management,yfinance,2025-12-06 00:00:00
TR,Consumer Defensive,Confectioners,yfinance,2025-12-06 00:00:00
TRAK,Technology,Software - Application,yfinance,2025-12-06 00:00:00
TRAW,Healthcare,Biotechnology,yfinance,2025-12-06 00:00:00
TRC,Industrials,Conglomerates,yfinance,2025-12-06 00:00:00
TRDA,Healthcare,Biotechnology,yfinance,2025-12-06 00:00:00
TREE,Financial Services,Financial Conglomerates,yfinance,2025-12-06 00:00:00
TREX,Industrials,Building Products & Equipment,yfinance,2025-12-06 00:00:00
TRGP,Energy,Oil & Gas Midstream,yfinance,2025-12-06 00:00:00
TRI,Industrials,Specialty Business Services,yfinance,2025-12-06 00:00:00
TRIB,Healthcare,Medical Devices,yfinance,2025-12-06 00:00:00
TRIN,Financial Services,Asset Management,yfinance,2025-12-06 00:00:00
TRINI,Unknown,Unknown,yfinance,2025-12-06 00:00:00
TRINZ,Unknown,Unknown,yfinance,2025-12-06 00:00:00
TRIP,Consumer Cyclical,Travel Services,yfinance,2025-12-06 00:00:00
TRMB,Technology,Scientific & Technical Instruments,yfinance,2025-12-06 00:00:00
TRMD,Energy,Oil & Gas Midstream,yfinance,2025-12-06 00:00:00
TRMK,Financial Services,Banks - Regional,yfinance,2025-12-06 00:00:00
TRN,Industrials,Railroads,yfinance,2025-12-06 00:00:00
TRNO,Real Estate,REIT - Industrial,yfinance,2025-12-06 00:00:00
TRNR,Consumer Cyclical,Personal Services,yfinance,2025-12-06 00:00:00
TRNS,Industrials,Specialty Business Services,yfinance,2025-12-06 00:00:00
TRON,Consumer Cyclical,Leisure,yfinance,2025-12-06 00:00:00
TROO,Financial Services,Credit Services,yfinance,2025-12-06 00:00:00
TROW,Financial Services,Asset Management,yfinance,2025-12-06 00:00:00
TROX,Basic Materials,Chemicals,yfinance,2025-12-06 00:00:00
TRP,Energy,Oil & Gas Midstream,yfinance,2025-12-06 00:00:00
TRS,Consumer Cyclical,Packaging & Containers,yfinance,2025-12-06 00:00:00
TRSG,Industrials,Metal Fabrication,yfinance,2025-12-06 00:00:00
TRST,Financial Services,Banks - Regional,yfinance,2025-12-06 00:00:00
TRT,Technology,Semiconductor Equipment & Materials,yfinance,2025-12-06 00:00:00
TRTX,Real Estate,REIT - Mortgage,yfinance,2025-12-06 00:00:00
TRU,Financial Services,Financial Data & Stock Exchanges,yfinance,2025-12-06 00:00:00
TRUE,Communication Services,Internet Content & Information,yfinance,2025-12-06 00:00:00
TRUG,Consumer Cyclical,Leisure,yfinance,2025-12-06 00:00:00
TRUP,Financial Services,Insurance - Property & Casualty,yfinance,2025-12-06 00:00:00
TRV,Financial Services,Insurance - Property & Casualty,yfinance,2025-12-06 00:00:00
TRVG,Communication Services,Internet Content & Information,yfinance,2025-12-06 00:00:00
TRVI,Healthcare,Biotechnology,yfinance,2025-12-06 00:00:00
TRX,Basic Materials,Gold,yfinance,2025-12-06 00:00:00
TS,Energy,Oil & Gas Equipment & Services,yfinance,2025-12-06 00:00:00
TSAT,Technology,Communication Equipment,yfinance,2025-12-06 00:00:00
TSBK,Financial Services,Banks - Regional,yfinance,2025-12-06 00:00:00
TSCO,Consumer Cyclical,Specialty Retail,yfinance,2025-12-06 00:00:00
TSE,Basic Materials,Specialty Chemicals,yfinance,2025-12-06 00:00:00
TSEM,Technology,Semiconductors,yfinance,2025-12-06 00:00:00
TSHA,Healthcare,Biotechnology,yfinance,2025-12-06 00:00:00
TSI,Financial Services,Asset Management,yfinance,2025-12-06 00:00:00
TSLA,Consumer Cyclical,Auto Manufacturers,yfinance,2025-12-06 00:00:00
TSLX,Financial Services,Asset Management,yfinance,2025-12-06 00:00:00
TSM,Technology,Semiconductors,yfinance,2025-12-06 00:00:00
TSN,Consumer Defensive,Farm Products,yfinance,2025-12-06 00:00:00
TSQ,Communication Services,Advertising Agencies,yfinance,2025-12-06 00:00:00
TSSI,Technology,Information Technology Services,yfinance,2025-12-06 00:00:00
TT,Industrials,Building Products & Equipment,yfinance,2025-12-06 00:00:00
TTAM,Basic Materials,Building Materials,yfinance,2025-12-06 00:00:00
TTAN,Technology,Software - Application,yfinance,2025-12-06 00:00:00
TTC,Industrials,Tools & Accessories,yfinance,2025-12-06 00:00:00
TTD,Communication Services,Advertising Agencies,yfinance,2025-12-06 00:00:00
TTE,Energy,Oil & Gas Integrated,yfinance,2025-12-06 00:00:00
TTEC,Technology,Information Technology Services,yfinance,2025-12-06 00:00:00
TTEK,Industrials,Engineering & Construction,yfinance,2025-12-06 00:00:00
TTGT,Technology,Information Technology Services,yfinance,2025-12-06 00:00:00
TTI,Industrials,Conglomerates,yfinance,2025-12-06 00:00:00
TTMI,Technology,Electronic Components,yfinance,2025-12-06 00:00:00
TTRX,Healthcare,Biotechnology,yfinance,2025-12-06 00:00:00
TTSH,Consumer Cyclical,Home Improvement Retail,yfinance,2025-12-06 00:00:00
TTWO,Communication Services,Electronic Gaming & Multimedia,yfinance,2025-12-06 00:00:00
TU,Communication Services,Telecom Services,yfinance,2025-12-06 00:00:00
TURB,Technology,Solar,yfinance,2025-12-06 00:00:00
TUSK,Industrials,Conglomerates,yfinance,2025-12-06 00:00:00
TUYA,Technology,Software - Infrastructure,yfinance,2025-12-06 00:00:00
TV,Communication Services,Telecom Services,yfinance,2025-12-06 00:00:00
TVA,Financial Services,Shell Companies,yfinance,2025-12-06 00:00:00
TVACU,Financial Services,Shell Companies,yfinance,2025-12-06 00:00:00
TVACW,Financial Services,Shell Companies,yfinance,2025-12-06 00:00:00
TVAI,Financial Services,Shell Companies,yfinance,2025-12-06 00:00:00
TVAIR,Unknown,Unknown,yfinance,2025-12-06 00:00:00
TVAIU,Financial Services,Shell Companies,yfinance,2025-12-06 00:00:00
TVC,Unknown,Unknown,yfinance,2025-12-06 00:00:00
TVE,Unknown,Unknown,yfinance,2025-12-06 00:00:00
TVGN,Healthcare,Biotechnology,yfinance,2025-12-06 00:00:00
TVGNW,Healthcare,Biotechnology,yfinance,2025-12-06 00:00:00
TVRD,Healthcare,Biotechnology,yfinance,2025-12-06 00:00:00
TVTX,Healthcare,Biotechnology,yfinance,2025-12-06 00:00:00
TW,Financial Services,Capital Markets,yfinance,2025-12-06 00:00:00
TWFG,Financial Services,Insurance Brokers,yfinance,2025-12-06 00:00:00
TWG,Consumer Defensive,Food Distribution,yfinance,2025-12-06 00:00:00
TWI,Industrials,Farm & Heavy Construction Machinery,yfinance,2025-12-06 00:00:00
TWIN,Industrials,Specialty Industrial Machinery,yfinance,2025-12-06 00:00:00
TWLO,Technology,Software - Infrastructure,yfinance,2025-12-06 00:00:00
TWN,Financial Services,Asset Management,yfinance,2025-12-06 00:00:00
TWNP,Consumer Cyclical,Restaurants,yfinance,2025-12-06 00:00:00
TWO,Real Estate,REIT - Mortgage,yfinance,2025-12-06 00:00:00
TWOD,Unknown,Unknown,yfinance,2025-12-06 00:00:00
TWST,Healthcare,Diagnostics & Research,yfinance,2025-12-06 00:00:00
TX,Basic Materials,Steel,yfinance,2025-12-06 00:00:00
TXG,Healthcare,Health Information Services,yfinance,2025-12-06 00:00:00
TXMD,Healthcare,Drug Manufacturers - Specialty & Generic,yfinance,2025-12-06 00:00:00
TXN,Technology,Semiconductors,yfinance,2025-12-06 00:00:00
TXNM,Utilities,Utilities - Regulated Electric,yfinance,2025-12-06 00:00:00
TXO,Energy,Oil & Gas E&P,yfinance,2025-12-06 00:00:00
TXRH,Consumer Cyclical,Restaurants,yfinance,2025-12-06 00:00:00
TXT,Industrials,Aerospace & Defense,yfinance,2025-12-06 00:00:00
TY,Financial Services,Asset Management,yfinance,2025-12-06 00:00:00
TYG,Financial Services,Asset Management,yfinance,2025-12-06 00:00:00
TYGO,Technology,Solar,yfinance,2025-12-06 00:00:00
TYL,Technology,Software - Application,yfinance,2025-12-06 00:00:00
TYRA,Healthcare,Biotechnology,yfinance,2025-12-06 00:00:00
TZOO,Communication Services,Internet Content & Information,yfinance,2025-12-06 00:00:00
TZUP,Communication Services,Advertising Agencies,yfinance,2025-12-06 00:00:00
U,Technology,Software - Application,yfinance,2025-12-06 00:00:00
UA,Consumer Cyclical,Apparel Manufacturing,yfinance,2025-12-06 00:00:00
UAA,Consumer Cyclical,Apparel Manufacturing,yfinance,2025-12-06 00:00:00
UAL,Industrials,Airlines,yfinance,2025-12-06 00:00:00
UAMY,Basic Materials,Other Industrial Metals & Mining,yfinance,2025-12-06 00:00:00
UAN,Basic Materials,Agricultural Inputs,yfinance,2025-12-06 00:00:00
UAVS,Technology,Computer Hardware,yfinance,2025-12-06 00:00:00
UBCP,Financial Services,Banks - Regional,yfinance,2025-12-06 00:00:00
UBER,Technology,Software - Application,yfinance,2025-12-06 00:00:00
UBFO,Financial Services,Banks - Regional,yfinance,2025-12-06 00:00:00
UBS,Financial Services,Banks - Diversified,yfinance,2025-12-06 00:00:00
UBSI,Financial Services,Banks - Regional,yfinance,2025-12-06 00:00:00
UBXG,Technology,Software - Infrastructure,yfinance,2025-12-06 00:00:00
UCAR,Consumer Cyclical,Auto & Truck Dealerships,yfinance,2025-12-06 00:00:00
UCB,Financial Services,Banks - Regional,yfinance,2025-12-06 00:00:00
UCFI,Financial Services,Shell Companies,yfinance,2025-12-06 00:00:00
UCFIW,Financial Services,Shell Companies,yfinance,2025-12-06 00:00:00
UCIB,Unknown,Unknown,yfinance,2025-12-06 00:00:00
UCL,Communication Services,Telecom Services,yfinance,2025-12-06 00:00:00
UCTT,Technology,Semiconductor Equipment & Materials,yfinance,2025-12-06 00:00:00
UDMY,Consumer Defensive,Education & Training Services,yfinance,2025-12-06 00:00:00
UDR,Real Estate,REIT - Residential,yfinance,2025-12-06 00:00:00
UE,Real Estate,REIT - Retail,yfinance,2025-12-06 00:00:00
UEC,Energy,Uranium,yfinance,2025-12-06 00:00:00
UEIC,Technology,Consumer Electronics,yfinance,2025-12-06 00:00:00
UFCS,Financial Services,Insurance - Property & Casualty,yfinance,2025-12-06 00:00:00
UFG,Industrials,Marine Shipping,yfinance,2025-12-06 00:00:00
UFI,Consumer Cyclical,Textile Manufacturing,yfinance,2025-12-06 00:00:00
UFPI,Basic Materials,Lumber & Wood Production,yfinance,2025-12-06 00:00:00
UFPT,Healthcare,Medical Devices,yfinance,2025-12-06 00:00:00
UG,Consumer Defensive,Household & Personal Products,yfinance,2025-12-06 00:00:00
UGI,Utilities,Utilities - Regulated Gas,yfinance,2025-12-06 00:00:00
UGP,Energy,Oil & Gas Refining & Marketing,yfinance,2025-12-06 00:00:00
UGRO,Industrials,Farm & Heavy Construction Machinery,yfinance,2025-12-06 00:00:00
UHAL,Industrials,Rental & Leasing Services,yfinance,2025-12-06 00:00:00
UHG,Consumer Cyclical,Residential Construction,yfinance,2025-12-06 00:00:00
UHGWW,Unknown,Unknown,yfinance,2025-12-06 00:00:00
UHS,Healthcare,Medical Care Facilities,yfinance,2025-12-06 00:00:00
UHT,Real Estate,REIT - Healthcare Facilities,yfinance,2025-12-06 00:00:00
UI,Technology,Communication Equipment,yfinance,2025-12-06 00:00:00
UIS,Technology,Information Technology Services,yfinance,2025-12-06 00:00:00
UK,Real Estate,Real Estate Services,yfinance,2025-12-06 00:00:00
UL,Consumer Defensive,Household & Personal Products,yfinance,2025-12-06 00:00:00
ULBI,Industrials,Electrical Equipment & Parts,yfinance,2025-12-06 00:00:00
ULCC,Industrials,Airlines,yfinance,2025-12-06 00:00:00
ULH,Industrials,Trucking,yfinance,2025-12-06 00:00:00
ULS,Industrials,Specialty Business Services,yfinance,2025-12-06 00:00:00
ULTA,Consumer Cyclical,Specialty Retail,yfinance,2025-12-06 00:00:00
ULY,Technology,Software - Application,yfinance,2025-12-06 00:00:00
UMAC,Technology,Computer Hardware,yfinance,2025-12-06 00:00:00
UMBF,Financial Services,Banks - Regional,yfinance,2025-12-06 00:00:00
UMBFO,Financial Services,Banks - Regional,yfinance,2025-12-06 00:00:00
UMC,Technology,Semiconductors,yfinance,2025-12-06 00:00:00
UMH,Real Estate,REIT - Residential,yfinance,2025-12-06 00:00:00
UNB,Financial Services,Banks - Regional,yfinance,2025-12-06 00:00:00
UNCY,Healthcare,Biotechnology,yfinance,2025-12-06 00:00:00
UNF,Industrials,Specialty Business Services,yfinance,2025-12-06 00:00:00
UNFI,Consumer Defensive,Food Distribution,yfinance,2025-12-06 00:00:00
UNH,Healthcare,Healthcare Plans,yfinance,2025-12-06 00:00:00
UNIT,Real Estate,REIT - Specialty,yfinance,2025-12-06 00:00:00
UNM,Financial Services,Insurance - Life,yfinance,2025-12-06 00:00:00
UNMA,Unknown,Unknown,yfinance,2025-12-06 00:00:00
UNP,Industrials,Railroads,yfinance,2025-12-06 00:00:00
UNTY,Financial Services,Banks - Regional,yfinance,2025-12-06 00:00:00
UOKA,Consumer Cyclical,Lodging,yfinance,2025-12-06 00:00:00
UONE,Communication Services,Broadcasting,yfinance,2025-12-06 00:00:00
UONEK,Communication Services,Broadcasting,yfinance,2025-12-06 00:00:00
UP,Industrials,Airports & Air Services,yfinance,2025-12-06 00:00:00
UPB,Healthcare,Biotechnology,yfinance,2025-12-06 00:00:00
UPBD,Technology,Software - Application,yfinance,2025-12-06 00:00:00
UPC,Healthcare,Drug Manufacturers - Specialty & Generic,yfinance,2025-12-06 00:00:00
UPLD,Technology,Software - Application,yfinance,2025-12-06 00:00:00
UPS,Industrials,Integrated Freight & Logistics,yfinance,2025-12-06 00:00:00
UPST,Financial Services,Credit Services,yfinance,2025-12-06 00:00:00
UPWK,Communication Services,Internet Content & Information,yfinance,2025-12-06 00:00:00
UPXI,Communication Services,Internet Content & Information,yfinance,2025-12-06 00:00:00
URBN,Consumer Cyclical,Apparel Retail,yfinance,2025-12-06 00:00:00
URG,Energy,Uranium,yfinance,2025-12-06 00:00:00
URGN,Healthcare,Biotechnology,yfinance,2025-12-06 00:00:00
URI,Industrials,Rental & Leasing Services,yfinance,2025-12-06 00:00:00
UROY,Energy,Uranium,yfinance,2025-12-06 00:00:00
USA,Financial Services,Asset Management,yfinance,2025-12-06 00:00:00
USAC,Energy,Oil & Gas Equipment & Services,yfinance,2025-12-06 00:00:00
USAR,Basic Materials,Other Industrial Metals & Mining,yfinance,2025-12-06 00:00:00
USAS,Basic Materials,Other Industrial Metals & Mining,yfinance,2025-12-06 00:00:00
USAU,Basic Materials,Gold,yfinance,2025-12-06 00:00:00
USB,Financial Services,Banks - Regional,yfinance,2025-12-06 00:00:00
USBC,Technology,Scientific & Technical Instruments,yfinance,2025-12-06 00:00:00
USCB,Financial Services,Banks - Regional,yfinance,2025-12-06 00:00:00
USEA,Industrials,Marine Shipping,yfinance,2025-12-06 00:00:00
USEG,Energy,Oil & Gas E&P,yfinance,2025-12-06 00:00:00
USFD,Consumer Defensive,Food Distribution,yfinance,2025-12-06 00:00:00
USGO,Basic Materials,Other Industrial Metals & Mining,yfinance,2025-12-06 00:00:00
USGOW,Unknown,Unknown,yfinance,2025-12-06 00:00:00
USIO,Technology,Software - Infrastructure,yfinance,2025-12-06 00:00:00
USLM,Basic Materials,Building Materials,yfinance,2025-12-06 00:00:00
USNA,Consumer Defensive,Packaged Foods,yfinance,2025-12-06 00:00:00
USPH,Healthcare,Medical Care Facilities,yfinance,2025-12-06 00:00:00
UTF,Financial Services,Asset Management,yfinance,2025-12-06 00:00:00
UTG,Financial Services,Asset Management,yfinance,2025-12-06 00:00:00
UTHR,Healthcare,Drug Manufacturers - Specialty & Generic,yfinance,2025-12-06 00:00:00
UTI,Consumer Defensive,Education & Training Services,yfinance,2025-12-06 00:00:00
UTL,Utilities,Utilities - Diversified,yfinance,2025-12-06 00:00:00
UTMD,Healthcare,Medical Instruments & Supplies,yfinance,2025-12-06 00:00:00
UTSI,Technology,Communication Equipment,yfinance,2025-12-06 00:00:00
UTZ,Consumer Defensive,Packaged Foods,yfinance,2025-12-06 00:00:00
UUU,Industrials,Building Products & Equipment,yfinance,2025-12-06 00:00:00
UUUU,Energy,Uranium,yfinance,2025-12-06 00:00:00
UVE,Financial Services,Insurance - Property & Casualty,yfinance,2025-12-06 00:00:00
UVSP,Financial Services,Banks - Regional,yfinance,2025-12-06 00:00:00
UVV,Consumer Defensive,Tobacco,yfinance,2025-12-06 00:00:00
UWMC,Financial Services,Mortgage Finance,yfinance,2025-12-06 00:00:00
UXIN,Consumer Cyclical,Auto & Truck Dealerships,yfinance,2025-12-06 00:00:00
UYSC,Financial Services,Shell Companies,yfinance,2025-12-06 00:00:00
UYSCR,Unknown,Unknown,yfinance,2025-12-06 00:00:00
UYSCU,Financial Services,Shell Companies,yfinance,2025-12-06 00:00:00
UZD,Unknown,Unknown,yfinance,2025-12-06 00:00:00
UZE,Unknown,Unknown,yfinance,2025-12-06 00:00:00
UZF,Unknown,Unknown,yfinance,2025-12-06 00:00:00
V,Financial Services,Credit Services,yfinance,2025-12-06 00:00:00
VABK,Financial Services,Banks - Regional,yfinance,2025-12-06 00:00:00
VAC,Consumer Cyclical,Resorts & Casinos,yfinance,2025-12-06 00:00:00
VACH,Financial Services,Shell Companies,yfinance,2025-12-06 00:00:00
VACHU,Financial Services,Shell Companies,yfinance,2025-12-06 00:00:00
VACHW,Financial Services,Shell Companies,yfinance,2025-12-06 00:00:00
VACI,Financial Services,Shell Companies,yfinance,2025-12-06 00:00:00
VAL,Energy,Oil & Gas Equipment & Services,yfinance,2025-12-06 00:00:00
VALE,Basic Materials,Other Industrial Metals & Mining,yfinance,2025-12-06 00:00:00
VALN,Healthcare,Biotechnology,yfinance,2025-12-06 00:00:00
VALU,Financial Services,Financial Data & Stock Exchanges,yfinance,2025-12-06 00:00:00
VANI,Healthcare,Biotechnology,yfinance,2025-12-06 00:00:00
VATE,Industrials,Engineering & Construction,yfinance,2025-12-06 00:00:00
VBF,Financial Services,Asset Management,yfinance,2025-12-06 00:00:00
VBIX,Communication Services,Internet Content & Information,yfinance,2025-12-06 00:00:00
VBNK,Financial Services,Banks - Regional,yfinance,2025-12-06 00:00:00
VC,Consumer Cyclical,Auto Parts,yfinance,2025-12-06 00:00:00
VCEL,Healthcare,Biotechnology,yfinance,2025-12-06 00:00:00
VCIC,Financial Services,Shell Companies,yfinance,2025-12-06 00:00:00
VCICU,Financial Services,Shell Companies,yfinance,2025-12-06 00:00:00
VCICW,Financial Services,Shell Companies,yfinance,2025-12-06 00:00:00
VCIG,Industrials,Consulting Services,yfinance,2025-12-06 00:00:00
VCTR,Financial Services,Asset Management,yfinance,2025-12-06 00:00:00
VCV,Financial Services,Asset Management,yfinance,2025-12-06 00:00:00
VCYT,Healthcare,Diagnostics & Research,yfinance,2025-12-06 00:00:00
VECO,Technology,Semiconductor Equipment & Materials,yfinance,2025-12-06 00:00:00
VEEA,Technology,Information Technology Services,yfinance,2025-12-06 00:00:00
VEEAW,Technology,Information Technology Services,yfinance,2025-12-06 00:00:00
VEEE,Consumer Cyclical,Recreational Vehicles,yfinance,2025-12-06 00:00:00
VEEV,Healthcare,Health Information Services,yfinance,2025-12-06 00:00:00
VEL,Financial Services,Mortgage Finance,yfinance,2025-12-06 00:00:00
VELO,Technology,Computer Hardware,yfinance,2025-12-06 00:00:00
VENU,Consumer Cyclical,Restaurants,yfinance,2025-12-06 00:00:00
VEON,Communication Services,Telecom Services,yfinance,2025-12-06 00:00:00
VERA,Healthcare,Biotechnology,yfinance,2025-12-06 00:00:00
VERI,Technology,Software - Infrastructure,yfinance,2025-12-06 00:00:00
VERO,Healthcare,Medical Devices,yfinance,2025-12-06 00:00:00
VERU,Healthcare,Biotechnology,yfinance,2025-12-06 00:00:00
VERX,Technology,Software - Application,yfinance,2025-12-06 00:00:00
VET,Energy,Oil & Gas E&P,yfinance,2025-12-06 00:00:00
VFC,Consumer Cyclical,Apparel Manufacturing,yfinance,2025-12-06 00:00:00
VFF,Consumer Defensive,Farm Products,yfinance,2025-12-06 00:00:00
VFL,Financial Services,Asset Management,yfinance,2025-12-06 00:00:00
VFS,Consumer Cyclical,Auto Manufacturers,yfinance,2025-12-06 00:00:00
VFSWW,Consumer Cyclical,Auto Manufacturers,yfinance,2025-12-06 00:00:00
VG,Energy,Oil & Gas Midstream,yfinance,2025-12-06 00:00:00
VGAS,Utilities,Utilities - Renewable,yfinance,2025-12-06 00:00:00
VGASW,Unknown,Unknown,yfinance,2025-12-06 00:00:00
VGI,Financial Services,Asset Management,yfinance,2025-12-06 00:00:00
VGM,Financial Services,Asset Management,yfinance,2025-12-06 00:00:00
VGZ,Basic Materials,Gold,yfinance,2025-12-06 00:00:00
VHC,Technology,Software - Infrastructure,yfinance,2025-12-06 00:00:00
VHI,Basic Materials,Chemicals,yfinance,2025-12-06 00:00:00
VIA,Technology,Software - Application,yfinance,2025-12-06 00:00:00
VIASP,Utilities,Utilities - Regulated Electric,yfinance,2025-12-06 00:00:00
VIAV,Technology,Communication Equipment,yfinance,2025-12-06 00:00:00
VICI,Real Estate,REIT - Diversified,yfinance,2025-12-06 00:00:00
VICR,Technology,Electronic Components,yfinance,2025-12-06 00:00:00
VIK,Consumer Cyclical,Travel Services,yfinance,2025-12-06 00:00:00
VINP,Financial Services,Asset Management,yfinance,2025-12-06 00:00:00
VIOT,Consumer Cyclical,"Furnishings, Fixtures & Appliances",yfinance,2025-12-06 00:00:00
VIPS,Consumer Cyclical,Internet Retail,yfinance,2025-12-06 00:00:00
VIR,Healthcare,Biotechnology,yfinance,2025-12-06 00:00:00
VIRC,Consumer Cyclical,"Furnishings, Fixtures & Appliances",yfinance,2025-12-06 00:00:00
VIRT,Financial Services,Capital Markets,yfinance,2025-12-06 00:00:00
VIST,Energy,Oil & Gas E&P,yfinance,2025-12-06 00:00:00
VITL,Consumer Defensive,Farm Products,yfinance,2025-12-06 00:00:00
VIV,Communication Services,Telecom Services,yfinance,2025-12-06 00:00:00
VIVK,Energy,Oil & Gas Integrated,yfinance,2025-12-06 00:00:00
VIVS,Healthcare,Biotechnology,yfinance,2025-12-06 00:00:00
VKI,Financial Services,Asset Management,yfinance,2025-12-06 00:00:00
VKQ,Financial Services,Asset Management,yfinance,2025-12-06 00:00:00
VKTX,Healthcare,Biotechnology,yfinance,2025-12-06 00:00:00
VLGEA,Consumer Defensive,Grocery Stores,yfinance,2025-12-06 00:00:00
VLN,Technology,Semiconductors,yfinance,2025-12-06 00:00:00
VLO,Energy,Oil & Gas Refining & Marketing,yfinance,2025-12-06 00:00:00
VLRS,Industrials,Airlines,yfinance,2025-12-06 00:00:00
VLT,Financial Services,Asset Management,yfinance,2025-12-06 00:00:00
VLTO,Industrials,Pollution & Treatment Controls,yfinance,2025-12-06 00:00:00
VLY,Financial Services,Banks - Regional,yfinance,2025-12-06 00:00:00
VLYPN,Financial Services,Banks - Regional,yfinance,2025-12-06 00:00:00
VLYPO,Financial Services,Banks - Regional,yfinance,2025-12-06 00:00:00
VLYPP,Financial Services,Banks - Regional,yfinance,2025-12-06 00:00:00
VMAR,Consumer Cyclical,Recreational Vehicles,yfinance,2025-12-06 00:00:00
VMC,Basic Materials,Building Materials,yfinance,2025-12-06 00:00:00
VMD,Healthcare,Medical Devices,yfinance,2025-12-06 00:00:00
VMI,Industrials,Conglomerates,yfinance,2025-12-06 00:00:00
VMO,Financial Services,Asset Management,yfinance,2025-12-06 00:00:00
VNCE,Consumer Cyclical,Apparel Manufacturing,yfinance,2025-12-06 00:00:00
VNDA,Healthcare,Biotechnology,yfinance,2025-12-06 00:00:00
VNET,Technology,Information Technology Services,yfinance,2025-12-06 00:00:00
VNME,Financial Services,Shell Companies,yfinance,2025-12-06 00:00:00
VNMEU,Financial Services,Shell Companies,yfinance,2025-12-06 00:00:00
VNMEW,Financial Services,Shell Companies,yfinance,2025-12-06 00:00:00
VNO,Real Estate,REIT - Office,yfinance,2025-12-06 00:00:00
VNOM,Energy,Oil & Gas Midstream,yfinance,2025-12-06 00:00:00
VNRX,Healthcare,Medical Devices,yfinance,2025-12-06 00:00:00
VNT,Technology,Scientific & Technical Instruments,yfinance,2025-12-06 00:00:00
VNTG,Industrials,Marine Shipping,yfinance,2025-12-06 00:00:00
VOC,Energy,Oil & Gas E&P,yfinance,2025-12-06 00:00:00
VOD,Communication Services,Telecom Services,yfinance,2025-12-06 00:00:00
VOR,Healthcare,Biotechnology,yfinance,2025-12-06 00:00:00
VOXR,Basic Materials,Other Precious Metals & Mining,yfinance,2025-12-06 00:00:00
VOYA,Financial Services,Financial Conglomerates,yfinance,2025-12-06 00:00:00
VOYG,Industrials,Aerospace & Defense,yfinance,2025-12-06 00:00:00
VPG,Technology,Scientific & Technical Instruments,yfinance,2025-12-06 00:00:00
VPV,Financial Services,Asset Management,yfinance,2025-12-06 00:00:00
VRA,Consumer Cyclical,Footwear & Accessories,yfinance,2025-12-06 00:00:00
VRAR,Technology,Software - Infrastructure,yfinance,2025-12-06 00:00:00
VRAX,Healthcare,Biotechnology,yfinance,2025-12-06 00:00:00
VRCA,Healthcare,Biotechnology,yfinance,2025-12-06 00:00:00
VRDN,Healthcare,Biotechnology,yfinance,2025-12-06 00:00:00
VRE,Real Estate,REIT - Residential,yfinance,2025-12-06 00:00:00
VREX,Healthcare,Medical Devices,yfinance,2025-12-06 00:00:00
VRM,Financial Services,Credit Services,yfinance,2025-12-06 00:00:00
VRME,Industrials,Security & Protection Services,yfinance,2025-12-06 00:00:00
VRNS,Technology,Software - Infrastructure,yfinance,2025-12-06 00:00:00
VRRM,Technology,Information Technology Services,yfinance,2025-12-06 00:00:00
VRSK,Industrials,Consulting Services,yfinance,2025-12-06 00:00:00
VRSN,Technology,Software - Infrastructure,yfinance,2025-12-06 00:00:00
VRT,Industrials,Electrical Equipment & Parts,yfinance,2025-12-06 00:00:00
VRTS,Financial Services,Asset Management,yfinance,2025-12-06 00:00:00
VRTX,Healthcare,Biotechnology,yfinance,2025-12-06 00:00:00
VS,Technology,Software - Application,yfinance,2025-12-06 00:00:00
VSA,Consumer Defensive,Education & Training Services,yfinance,2025-12-06 00:00:00
VSAT,Technology,Communication Equipment,yfinance,2025-12-06 00:00:00
VSCO,Consumer Cyclical,Apparel Retail,yfinance,2025-12-06 00:00:00
VSEC,Industrials,Aerospace & Defense,yfinance,2025-12-06 00:00:00
VSEE,Healthcare,Health Information Services,yfinance,2025-12-06 00:00:00
VSEEW,Healthcare,Health Information Services,yfinance,2025-12-06 00:00:00
VSH,Technology,Semiconductors,yfinance,2025-12-06 00:00:00
VSME,Communication Services,Advertising Agencies,yfinance,2025-12-06 00:00:00
VSSYW,Technology,Software - Application,yfinance,2025-12-06 00:00:00
VST,Utilities,Utilities - Independent Power Producers,yfinance,2025-12-06 00:00:00
VSTA,Consumer Defensive,Education & Training Services,yfinance,2025-12-06 00:00:00
VSTD,Consumer Cyclical,Restaurants,yfinance,2025-12-06 00:00:00
VSTM,Healthcare,Biotechnology,yfinance,2025-12-06 00:00:00
VSTS,Industrials,Rental & Leasing Services,yfinance,2025-12-06 00:00:00
VTAK,Healthcare,Medical Devices,yfinance,2025-12-06 00:00:00
VTEX,Technology,Software - Application,yfinance,2025-12-06 00:00:00
VTGN,Healthcare,Biotechnology,yfinance,2025-12-06 00:00:00
VTLE,Energy,Oil & Gas E&P,yfinance,2025-12-06 00:00:00
VTMX,Real Estate,Real Estate - Development,yfinance,2025-12-06 00:00:00
VTN,Financial Services,Asset Management,yfinance,2025-12-06 00:00:00
VTOL,Energy,Oil & Gas Equipment & Services,yfinance,2025-12-06 00:00:00
VTR,Real Estate,REIT - Healthcare Facilities,yfinance,2025-12-06 00:00:00
VTRS,Healthcare,Drug Manufacturers - Specialty & Generic,yfinance,2025-12-06 00:00:00
VTS,Energy,Oil & Gas E&P,yfinance,2025-12-06 00:00:00
VTSI,Technology,Software - Application,yfinance,2025-12-06 00:00:00
VTVT,Healthcare,Biotechnology,yfinance,2025-12-06 00:00:00
VTYX,Healthcare,Biotechnology,yfinance,2025-12-06 00:00:00
VUZI,Technology,Consumer Electronics,yfinance,2025-12-06 00:00:00
VVOS,Healthcare,Medical Devices,yfinance,2025-12-06 00:00:00
VVPR,Technology,Solar,yfinance,2025-12-06 00:00:00
VVR,Financial Services,Asset Management,yfinance,2025-12-06 00:00:00
VVV,Consumer Cyclical,Auto & Truck Dealerships,yfinance,2025-12-06 00:00:00
VVX,Industrials,Aerospace & Defense,yfinance,2025-12-06 00:00:00
VWAV,Industrials,Aerospace & Defense,yfinance,2025-12-06 00:00:00
VWAVW,Industrials,Aerospace & Defense,yfinance,2025-12-06 00:00:00
VYGR,Healthcare,Biotechnology,yfinance,2025-12-06 00:00:00
VYNE,Healthcare,Biotechnology,yfinance,2025-12-06 00:00:00
VYX,Technology,Information Technology Services,yfinance,2025-12-06 00:00:00
VZ,Communication Services,Telecom Services,yfinance,2025-12-06 00:00:00
VZLA,Basic Materials,Other Industrial Metals & Mining,yfinance,2025-12-06 00:00:00
W,Consumer Cyclical,Internet Retail,yfinance,2025-12-06 00:00:00
WAB,Industrials,Railroads,yfinance,2025-12-06 00:00:00
WABC,Financial Services,Banks - Regional,yfinance,2025-12-06 00:00:00
WAFD,Financial Services,Banks - Regional,yfinance,2025-12-06 00:00:00
WAFDP,Financial Services,Banks - Regional,yfinance,2025-12-06 00:00:00
WAFU,Consumer Defensive,Education & Training Services,yfinance,2025-12-06 00:00:00
WAI,Financial Services,Capital Markets,yfinance,2025-12-06 00:00:00
WAL,Financial Services,Banks - Regional,yfinance,2025-12-06 00:00:00
WALD,Consumer Defensive,Household & Personal Products,yfinance,2025-12-06 00:00:00
WALDW,Consumer Defensive,Household & Personal Products,yfinance,2025-12-06 00:00:00
WASH,Financial Services,Banks - Regional,yfinance,2025-12-06 00:00:00
WAT,Healthcare,Diagnostics & Research,yfinance,2025-12-06 00:00:00
WATT,Technology,Scientific & Technical Instruments,yfinance,2025-12-06 00:00:00
WAVE,Utilities,Utilities - Renewable,yfinance,2025-12-06 00:00:00
WAY,Healthcare,Health Information Services,yfinance,2025-12-06 00:00:00
WB,Communication Services,Internet Content & Information,yfinance,2025-12-06 00:00:00
WBD,Communication Services,Entertainment,yfinance,2025-12-06 00:00:00
WBI,Energy,Oil & Gas Equipment & Services,yfinance,2025-12-06 00:00:00
WBS,Financial Services,Banks - Regional,yfinance,2025-12-06 00:00:00
WBTN,Communication Services,Internet Content & Information,yfinance,2025-12-06 00:00:00
WBUY,Consumer Cyclical,Internet Retail,yfinance,2025-12-06 00:00:00
WBX,Technology,Electronic Components,yfinance,2025-12-06 00:00:00
WCC,Industrials,Industrial Distribution,yfinance,2025-12-06 00:00:00
WCN,Industrials,Waste Management,yfinance,2025-12-06 00:00:00
WCT,Technology,Software - Application,yfinance,2025-12-06 00:00:00
WD,Financial Services,Mortgage Finance,yfinance,2025-12-06 00:00:00
WDAY,Technology,Software - Application,yfinance,2025-12-06 00:00:00
WDC,Technology,Computer Hardware,yfinance,2025-12-06 00:00:00
WDFC,Basic Materials,Specialty Chemicals,yfinance,2025-12-06 00:00:00
WDH,Financial Services,Insurance - Diversified,yfinance,2025-12-06 00:00:00
WDI,Financial Services,Asset Management,yfinance,2025-12-06 00:00:00
WDS,Energy,Oil & Gas E&P,yfinance,2025-12-06 00:00:00
WEA,Financial Services,Asset Management,yfinance,2025-12-06 00:00:00
WEAV,Healthcare,Health Information Services,yfinance,2025-12-06 00:00:00
WEC,Utilities,Utilities - Regulated Electric,yfinance,2025-12-06 00:00:00
WELL,Real Estate,REIT - Healthcare Facilities,yfinance,2025-12-06 00:00:00
WEN,Consumer Cyclical,Restaurants,yfinance,2025-12-06 00:00:00
WENN,Unknown,Unknown,yfinance,2025-12-06 00:00:00
WENNU,Unknown,Unknown,yfinance,2025-12-06 00:00:00
WENNW,Financial Services,Shell Companies,yfinance,2025-12-06 00:00:00
WERN,Industrials,Trucking,yfinance,2025-12-06 00:00:00
WES,Energy,Oil & Gas Midstream,yfinance,2025-12-06 00:00:00
WEST,Consumer Defensive,Packaged Foods,yfinance,2025-12-06 00:00:00
WETH,Technology,Electronic Components,yfinance,2025-12-06 00:00:00
WETO,Technology,Software - Application,yfinance,2025-12-06 00:00:00
WEX,Technology,Software - Infrastructure,yfinance,2025-12-06 00:00:00
WEYS,Consumer Cyclical,Footwear & Accessories,yfinance,2025-12-06 00:00:00
WF,Financial Services,Banks - Regional,yfinance,2025-12-06 00:00:00
WFC,Financial Services,Banks - Diversified,yfinance,2025-12-06 00:00:00
WFCF,Industrials,Specialty Business Services,yfinance,2025-12-06 00:00:00
WFF,Industrials,Specialty Industrial Machinery,yfinance,2025-12-06 00:00:00
WFG,Basic Materials,Lumber & Wood Production,yfinance,2025-12-06 00:00:00
WFRD,Energy,Oil & Gas Equipment & Services,yfinance,2025-12-06 00:00:00
WGO,Consumer Cyclical,Recreational Vehicles,yfinance,2025-12-06 00:00:00
WGRX,Healthcare,Pharmaceutical Retailers,yfinance,2025-12-06 00:00:00
WGS,Healthcare,Diagnostics & Research,yfinance,2025-12-06 00:00:00
WGSWW,Healthcare,Diagnostics & Research,yfinance,2025-12-06 00:00:00
WH,Consumer Cyclical,Lodging,yfinance,2025-12-06 00:00:00
WHD,Energy,Oil & Gas Equipment & Services,yfinance,2025-12-06 00:00:00
WHF,Financial Services,Asset Management,yfinance,2025-12-06 00:00:00
WHFCL,Unknown,Unknown,yfinance,2025-12-06 00:00:00
WHG,Financial Services,Asset Management,yfinance,2025-12-06 00:00:00
WHLR,Real Estate,REIT - Retail,yfinance,2025-12-06 00:00:00
WHLRD,Real Estate,REIT - Retail,yfinance,2025-12-06 00:00:00
WHLRL,Unknown,Unknown,yfinance,2025-12-06 00:00:00
WHLRP,Real Estate,REIT - Retail,yfinance,2025-12-06 00:00:00
WHR,Consumer Cyclical,"Furnishings, Fixtures & Appliances",yfinance,2025-12-06 00:00:00
WHWK,Healthcare,Biotechnology,yfinance,2025-12-06 00:00:00
WIA,Financial Services,Asset Management,yfinance,2025-12-06 00:00:00
WILC,Consumer Defensive,Food Distribution,yfinance,2025-12-06 00:00:00
WIMI,Communication Services,Advertising Agencies,yfinance,2025-12-06 00:00:00
WINA,Consumer Cyclical,Specialty Retail,yfinance,2025-12-06 00:00:00
WING,Consumer Cyclical,Restaurants,yfinance,2025-12-06 00:00:00
WIT,Technology,Information Technology Services,yfinance,2025-12-06 00:00:00
WIW,Financial Services,Asset Management,yfinance,2025-12-06 00:00:00
WIX,Technology,Software - Infrastructure,yfinance,2025-12-06 00:00:00
WK,Technology,Software - Application,yfinance,2025-12-06 00:00:00
WKC,Energy,Oil & Gas Refining & Marketing,yfinance,2025-12-06 00:00:00
WKEY,Technology,Semiconductors,yfinance,2025-12-06 00:00:00
WKHS,Consumer Cyclical,Auto Manufacturers,yfinance,2025-12-06 00:00:00
WKSP,Consumer Cyclical,Auto Parts,yfinance,2025-12-06 00:00:00
WLAC,Financial Services,Shell Companies,yfinance,2025-12-06 00:00:00
WLACU,Financial Services,Shell Companies,yfinance,2025-12-06 00:00:00
WLACW,Financial Services,Shell Companies,yfinance,2025-12-06 00:00:00
WLDN,Industrials,Engineering & Construction,yfinance,2025-12-06 00:00:00
WLDS,Technology,Consumer Electronics,yfinance,2025-12-06 00:00:00
WLDSW,Technology,Consumer Electronics,yfinance,2025-12-06 00:00:00
WLFC,Industrials,Rental & Leasing Services,yfinance,2025-12-06 00:00:00
WLK,Basic Materials,Specialty Chemicals,yfinance,2025-12-06 00:00:00
WLKP,Basic Materials,Chemicals,yfinance,2025-12-06 00:00:00
WLY,Communication Services,Publishing,yfinance,2025-12-06 00:00:00
WLYB,Communication Services,Publishing,yfinance,2025-12-06 00:00:00
WM,Industrials,Waste Management,yfinance,2025-12-06 00:00:00
WMB,Energy,Oil & Gas Midstream,yfinance,2025-12-06 00:00:00
WMG,Communication Services,Entertainment,yfinance,2025-12-06 00:00:00
WMK,Consumer Defensive,Grocery Stores,yfinance,2025-12-06 00:00:00
WMS,Industrials,Building Products & Equipment,yfinance,2025-12-06 00:00:00
WMT,Consumer Defensive,Discount Stores,yfinance,2025-12-06 00:00:00
WNC,Industrials,Farm & Heavy Construction Machinery,yfinance,2025-12-06 00:00:00
WNEB,Financial Services,Banks - Regional,yfinance,2025-12-06 00:00:00
WNW,Consumer Cyclical,Internet Retail,yfinance,2025-12-06 00:00:00
WOK,Healthcare,Medical Devices,yfinance,2025-12-06 00:00:00
WOLF,Technology,Semiconductors,yfinance,2025-12-06 00:00:00
WOOF,Consumer Cyclical,Specialty Retail,yfinance,2025-12-06 00:00:00
WOR,Industrials,Metal Fabrication,yfinance,2025-12-06 00:00:00
WORX,Healthcare,Health Information Services,yfinance,2025-12-06 00:00:00
WOW,Communication Services,Telecom Services,yfinance,2025-12-06 00:00:00
WPC,Real Estate,REIT - Diversified,yfinance,2025-12-06 00:00:00
WPM,Basic Materials,Gold,yfinance,2025-12-06 00:00:00
WPP,Communication Services,Advertising Agencies,yfinance,2025-12-06 00:00:00
WPRT,Consumer Cyclical,Auto Parts,yfinance,2025-12-06 00:00:00
WRAP,Technology,Scientific & Technical Instruments,yfinance,2025-12-06 00:00:00
WRB,Financial Services,Insurance - Property & Casualty,yfinance,2025-12-06 00:00:00
WRBY,Healthcare,Medical Instruments & Supplies,yfinance,2025-12-06 00:00:00
WRD,Technology,Software - Application,yfinance,2025-12-06 00:00:00
WRLD,Financial Services,Credit Services,yfinance,2025-12-06 00:00:00
WRN,Basic Materials,Other Industrial Metals & Mining,yfinance,2025-12-06 00:00:00
WS,Basic Materials,Steel,yfinance,2025-12-06 00:00:00
WSBC,Financial Services,Banks - Regional,yfinance,2025-12-06 00:00:00
WSBCO,Financial Services,Banks - Regional,yfinance,2025-12-06 00:00:00
WSBF,Financial Services,Banks - Regional,yfinance,2025-12-06 00:00:00
WSBK,Financial Services,Banks - Regional,yfinance,2025-12-06 00:00:00
WSC,Industrials,Rental & Leasing Services,yfinance,2025-12-06 00:00:00
WSFS,Financial Services,Banks - Regional,yfinance,2025-12-06 00:00:00
WSHP,Communication Services,Internet Content & Information,yfinance,2025-12-06 00:00:00
WSM,Consumer Cyclical,Specialty Retail,yfinance,2025-12-06 00:00:00
WSO,Industrials,Industrial Distribution,yfinance,2025-12-06 00:00:00
WSR,Real Estate,REIT - Retail,yfinance,2025-12-06 00:00:00
WST,Healthcare,Medical Instruments & Supplies,yfinance,2025-12-06 00:00:00
WSTNU,Financial Services,Shell Companies,yfinance,2025-12-06 00:00:00
WT,Financial Services,Asset Management,yfinance,2025-12-06 00:00:00
WTBA,Financial Services,Banks - Regional,yfinance,2025-12-06 00:00:00
WTF,Financial Services,Asset Management,yfinance,2025-12-06 00:00:00
WTFC,Financial Services,Banks - Regional,yfinance,2025-12-06 00:00:00
WTFCN,Financial Services,Banks - Regional,yfinance,2025-12-06 00:00:00
WTG,Financial Services,Shell Companies,yfinance,2025-12-06 00:00:00
WTGUR,Unknown,Unknown,yfinance,2025-12-06 00:00:00
WTGUU,Financial Services,Shell Companies,yfinance,2025-12-06 00:00:00
WTI,Energy,Oil & Gas E&P,yfinance,2025-12-06 00:00:00
WTM,Financial Services,Insurance - Property & Casualty,yfinance,2025-12-06 00:00:00
WTO,Technology,Consumer Electronics,yfinance,2025-12-06 00:00:00
WTRG,Utilities,Utilities - Regulated Water,yfinance,2025-12-06 00:00:00
WTS,Industrials,Specialty Industrial Machinery,yfinance,2025-12-06 00:00:00
WTTR,Energy,Oil & Gas Equipment & Services,yfinance,2025-12-06 00:00:00
WTW,Financial Services,Insurance Brokers,yfinance,2025-12-06 00:00:00
WU,Financial Services,Credit Services,yfinance,2025-12-06 00:00:00
WULF,Financial Services,Capital Markets,yfinance,2025-12-06 00:00:00
WVE,Healthcare,Biotechnology,yfinance,2025-12-06 00:00:00
WVVI,Consumer Defensive,Beverages - Wineries & Distilleries,yfinance,2025-12-06 00:00:00
WVVIP,Consumer Defensive,Beverages - Wineries & Distilleries,yfinance,2025-12-06 00:00:00
WW,Consumer Cyclical,Personal Services,yfinance,2025-12-06 00:00:00
WWD,Industrials,Aerospace & Defense,yfinance,2025-12-06 00:00:00
WWR,Basic Materials,Other Industrial Metals & Mining,yfinance,2025-12-06 00:00:00
WWW,Consumer Cyclical,Footwear & Accessories,yfinance,2025-12-06 00:00:00
WXM,Industrials,Industrial Distribution,yfinance,2025-12-06 00:00:00
WY,Real Estate,REIT - Specialty,yfinance,2025-12-06 00:00:00
WYFI,Technology,Software - Application,yfinance,2025-12-06 00:00:00
WYHG,Consumer Defensive,Packaged Foods,yfinance,2025-12-06 00:00:00
WYNN,Consumer Cyclical,Resorts & Casinos,yfinance,2025-12-06 00:00:00
WYY,Technology,Information Technology Services,yfinance,2025-12-06 00:00:00
XAIR,Healthcare,Medical Devices,yfinance,2025-12-06 00:00:00
XBIO,Healthcare,Biotechnology,yfinance,2025-12-06 00:00:00
XBIT,Healthcare,Biotechnology,yfinance,2025-12-06 00:00:00
XBP,Technology,Software - Infrastructure,yfinance,2025-12-06 00:00:00
XBPEW,Technology,Software - Infrastructure,yfinance,2025-12-06 00:00:00
XCH,Industrials,Specialty Industrial Machinery,yfinance,2025-12-06 00:00:00
XCUR,Healthcare,Biotechnology,yfinance,2025-12-06 00:00:00
XEL,Utilities,Utilities - Regulated Electric,yfinance,2025-12-06 00:00:00
XELB,Consumer Cyclical,Apparel Manufacturing,yfinance,2025-12-06 00:00:00
XELLL,Unknown,Unknown,yfinance,2025-12-06 00:00:00
XENE,Healthcare,Biotechnology,yfinance,2025-12-06 00:00:00
XERS,Healthcare,Biotechnology,yfinance,2025-12-06 00:00:00
XFLT,Financial Services,Asset Management,yfinance,2025-12-06 00:00:00
XFOR,Healthcare,Biotechnology,yfinance,2025-12-06 00:00:00
XGN,Healthcare,Diagnostics & Research,yfinance,2025-12-06 00:00:00
XHG,Financial Services,Insurance Brokers,yfinance,2025-12-06 00:00:00
XHLD,Communication Services,Broadcasting,yfinance,2025-12-06 00:00:00
XHR,Real Estate,REIT - Hotel & Motel,yfinance,2025-12-06 00:00:00
XIFR,Utilities,Utilities - Renewable,yfinance,2025-12-06 00:00:00
XLO,Healthcare,Biotechnology,yfinance,2025-12-06 00:00:00
XMTR,Industrials,Industrial Distribution,yfinance,2025-12-06 00:00:00
XNCR,Healthcare,Biotechnology,yfinance,2025-12-06 00:00:00
XNET,Technology,Software - Infrastructure,yfinance,2025-12-06 00:00:00
XOM,Energy,Oil & Gas Integrated,yfinance,2025-12-06 00:00:00
XOMA,Healthcare,Biotechnology,yfinance,2025-12-06 00:00:00
XOMAO,Healthcare,Biotechnology,yfinance,2025-12-06 00:00:00
XOMAP,Healthcare,Biotechnology,yfinance,2025-12-06 00:00:00
XOS,Industrials,Farm & Heavy Construction Machinery,yfinance,2025-12-06 00:00:00
XOSWW,Unknown,Unknown,yfinance,2025-12-06 00:00:00
XP,Financial Services,Capital Markets,yfinance,2025-12-06 00:00:00
XPEL,Consumer Cyclical,Auto Parts,yfinance,2025-12-06 00:00:00
XPER,Technology,Software - Application,yfinance,2025-12-06 00:00:00
XPEV,Consumer Cyclical,Auto Manufacturers,yfinance,2025-12-06 00:00:00
XPL,Basic Materials,Other Industrial Metals & Mining,yfinance,2025-12-06 00:00:00
XPO,Industrials,Trucking,yfinance,2025-12-06 00:00:00
XPOF,Consumer Cyclical,Leisure,yfinance,2025-12-06 00:00:00
XPON,Industrials,Electrical Equipment & Parts,yfinance,2025-12-06 00:00:00
XPRO,Energy,Oil & Gas Equipment & Services,yfinance,2025-12-06 00:00:00
XRAY,Healthcare,Medical Instruments & Supplies,yfinance,2025-12-06 00:00:00
XRPN,Financial Services,Shell Companies,yfinance,2025-12-06 00:00:00
XRPNU,Financial Services,Shell Companies,yfinance,2025-12-06 00:00:00
XRPNW,Financial Services,Shell Companies,yfinance,2025-12-06 00:00:00
XRTX,Healthcare,Biotechnology,yfinance,2025-12-06 00:00:00
XRX,Technology,Information Technology Services,yfinance,2025-12-06 00:00:00
XTIA,Industrials,Aerospace & Defense,yfinance,2025-12-06 00:00:00
XTKG,Technology,Software - Application,yfinance,2025-12-06 00:00:00
XTLB,Healthcare,Biotechnology,yfinance,2025-12-06 00:00:00
XTNT,Healthcare,Medical Devices,yfinance,2025-12-06 00:00:00
XWEL,Healthcare,Diagnostics & Research,yfinance,2025-12-06 00:00:00
XWIN,Consumer Cyclical,"Furnishings, Fixtures & Appliances",yfinance,2025-12-06 00:00:00
XXII,Consumer Defensive,Tobacco,yfinance,2025-12-06 00:00:00
XYF,Financial Services,Credit Services,yfinance,2025-12-06 00:00:00
XYL,Industrials,Specialty Industrial Machinery,yfinance,2025-12-06 00:00:00
XYZ,Technology,Software - Infrastructure,yfinance,2025-12-06 00:00:00
XZO,Financial Services,Insurance - Diversified,yfinance,2025-12-06 00:00:00
YAAS,Technology,Software - Application,yfinance,2025-12-06 00:00:00
YALA,Technology,Software - Application,yfinance,2025-12-06 00:00:00
YB,Technology,Software - Application,yfinance,2025-12-06 00:00:00
YCBD,Healthcare,Drug Manufacturers - Specialty & Generic,yfinance,2025-12-06 00:00:00
YCY,Financial Services,Shell Companies,yfinance,2025-12-06 00:00:00
YDDL,Industrials,Waste Management,yfinance,2025-12-06 00:00:00
YDES,Healthcare,Biotechnology,yfinance,2025-12-06 00:00:00
YDESW,Healthcare,Biotechnology,yfinance,2025-12-06 00:00:00
YDKG,Communication Services,Advertising Agencies,yfinance,2025-12-06 00:00:00
YELP,Communication Services,Internet Content & Information,yfinance,2025-12-06 00:00:00
YETI,Consumer Cyclical,Leisure,yfinance,2025-12-06 00:00:00
YEXT,Technology,Software - Infrastructure,yfinance,2025-12-06 00:00:00
YGMZ,Industrials,Trucking,yfinance,2025-12-06 00:00:00
YHC,Consumer Defensive,Beverages - Wineries & Distilleries,yfinance,2025-12-06 00:00:00
YHGJ,Consumer Cyclical,Packaging & Containers,yfinance,2025-12-06 00:00:00
YHNA,Financial Services,Shell Companies,yfinance,2025-12-06 00:00:00
YHNAR,Unknown,Unknown,yfinance,2025-12-06 00:00:00
YHNAU,Financial Services,Shell Companies,yfinance,2025-12-06 00:00:00
YI,Healthcare,Medical Distribution,yfinance,2025-12-06 00:00:00
YIBO,Technology,Computer Hardware,yfinance,2025-12-06 00:00:00
YJ,Consumer Cyclical,Internet Retail,yfinance,2025-12-06 00:00:00
YMAT,Basic Materials,Specialty Chemicals,yfinance,2025-12-06 00:00:00
YMM,Technology,Software - Application,yfinance,2025-12-06 00:00:00
YMT,Technology,Software - Application,yfinance,2025-12-06 00:00:00
YORW,Utilities,Utilities - Regulated Water,yfinance,2025-12-06 00:00:00
YOU,Technology,Software - Application,yfinance,2025-12-06 00:00:00
YOUL,Consumer Defensive,Education & Training Services,yfinance,2025-12-06 00:00:00
YPF,Energy,Oil & Gas Integrated,yfinance,2025-12-06 00:00:00
YQ,Consumer Defensive,Education & Training Services,yfinance,2025-12-06 00:00:00
YRD,Financial Services,Credit Services,yfinance,2025-12-06 00:00:00
YSG,Consumer Defensive,Household & Personal Products,yfinance,2025-12-06 00:00:00
YSXT,Industrials,Specialty Business Services,yfinance,2025-12-06 00:00:00
YTRA,Consumer Cyclical,Travel Services,yfinance,2025-12-06 00:00:00
YUM,Consumer Cyclical,Restaurants,yfinance,2025-12-06 00:00:00
YUMC,Consumer Cyclical,Restaurants,yfinance,2025-12-06 00:00:00
YXT,Technology,Software - Application,yfinance,2025-12-06 00:00:00
YYAI,Technology,Software - Infrastructure,yfinance,2025-12-06 00:00:00
YYGH,Consumer Cyclical,Personal Services,yfinance,2025-12-06 00:00:00
Z,Communication Services,Internet Content & Information,yfinance,2025-12-06 00:00:00
ZBAI,Financial Services,Capital Markets,yfinance,2025-12-06 00:00:00
ZBAO,Financial Services,Insurance Brokers,yfinance,2025-12-06 00:00:00
ZBH,Healthcare,Medical Devices,yfinance,2025-12-06 00:00:00
ZBIO,Healthcare,Biotechnology,yfinance,2025-12-06 00:00:00
ZBRA,Technology,Communication Equipment,yfinance,2025-12-06 00:00:00
ZCMD,Healthcare,Health Information Services,yfinance,2025-12-06 00:00:00
ZD,Communication Services,Advertising Agencies,yfinance,2025-12-06 00:00:00
ZDAI,Industrials,Engineering & Construction,yfinance,2025-12-06 00:00:00
ZDGE,Communication Services,Internet Content & Information,yfinance,2025-12-06 00:00:00
ZENA,Technology,Software - Infrastructure,yfinance,2025-12-06 00:00:00
ZENV,Technology,Software - Application,yfinance,2025-12-06 00:00:00
ZEO,Technology,Solar,yfinance,2025-12-06 00:00:00
ZEOWW,Technology,Solar,yfinance,2025-12-06 00:00:00
ZEPP,Technology,Consumer Electronics,yfinance,2025-12-06 00:00:00
ZETA,Technology,Software - Infrastructure,yfinance,2025-12-06 00:00:00
ZEUS,Basic Materials,Steel,yfinance,2025-12-06 00:00:00
ZG,Communication Services,Internet Content & Information,yfinance,2025-12-06 00:00:00
ZGM,Industrials,Consulting Services,yfinance,2025-12-06 00:00:00
ZGN,Consumer Cyclical,Apparel Manufacturing,yfinance,2025-12-06 00:00:00
ZH,Communication Services,Internet Content & Information,yfinance,2025-12-06 00:00:00
ZIM,Industrials,Marine Shipping,yfinance,2025-12-06 00:00:00
ZION,Financial Services,Banks - Regional,yfinance,2025-12-06 00:00:00
ZIONP,Financial Services,Banks - Regional,yfinance,2025-12-06 00:00:00
ZIP,Communication Services,Internet Content & Information,yfinance,2025-12-06 00:00:00
ZJK,Industrials,Specialty Industrial Machinery,yfinance,2025-12-06 00:00:00
ZJYL,Healthcare,Medical Instruments & Supplies,yfinance,2025-12-06 00:00:00
ZK,Consumer Cyclical,Auto Manufacturers,yfinance,2025-12-06 00:00:00
ZKH,Consumer Cyclical,Internet Retail,yfinance,2025-12-06 00:00:00
ZKIN,Basic Materials,Steel,yfinance,2025-12-06 00:00:00
ZLAB,Healthcare,Biotechnology,yfinance,2025-12-06 00:00:00
ZM,Technology,Software - Application,yfinance,2025-12-06 00:00:00
ZNB,Communication Services,Entertainment,yfinance,2025-12-06 00:00:00
ZNTL,Healthcare,Biotechnology,yfinance,2025-12-06 00:00:00
ZONE,Industrials,Pollution & Treatment Controls,yfinance,2025-12-06 00:00:00
ZOOZ,Consumer Cyclical,Specialty Retail,yfinance,2025-12-06 00:00:00
ZOOZW,Consumer Cyclical,Specialty Retail,yfinance,2025-12-06 00:00:00
ZS,Technology,Software - Infrastructure,yfinance,2025-12-06 00:00:00
ZSPC,Technology,Computer Hardware,yfinance,2025-12-06 00:00:00
ZTEK,Healthcare,Medical Instruments & Supplies,yfinance,2025-12-06 00:00:00
ZTO,Industrials,Integrated Freight & Logistics,yfinance,2025-12-06 00:00:00
ZTR,Unknown,Unknown,yfinance,2025-12-06 00:00:00
ZTS,Healthcare,Drug Manufacturers - Specialty & Generic,yfinance,2025-12-06 00:00:00
ZUMZ,Consumer Cyclical,Apparel Retail,yfinance,2025-12-06 00:00:00
ZURA,Healthcare,Biotechnology,yfinance,2025-12-06 00:00:00
ZVIA,Consumer Defensive,Beverages - Non-Alcoholic,yfinance,2025-12-06 00:00:00
ZVRA,Healthcare,Biotechnology,yfinance,2025-12-06 00:00:00
ZWS,Industrials,Pollution & Treatment Controls,yfinance,2025-12-06 00:00:00
ZYBT,Healthcare,Drug Manufacturers - Specialty & Generic,yfinance,2025-12-06 00:00:00
ZYME,Healthcare,Biotechnology,yfinance,2025-12-06 00:00:00
ZYXI,Healthcare,Medical Distribution,yfinance,2025-12-06 00:00:00
