tree
version=v4
num_class=1
num_tree_per_iteration=1
label_index=0
max_feature_idx=28
objective=lambdarank
feature_names=atr_z_252d atr_z_63d breakout_strength_52w dd_alltime_z_252d dd_cur_z_252d dollar_vol_z_252d dollar_vol_z_63d du_cur_z_252d hv_contraction_z_252d off_ath_z_252d pos_in_range_z_252d pos_in_range_z_63d price_ma_ratio_z_21d price_ma_ratio_z_252d price_ma_ratio_z_63d ret_kurt_63d ret_skew_63d ret_z_21d ret_z_252d ret_z_63d rsi_pctile_252d sharpe_tstat_252d stability_z_252d up_down_vol_ratio_z_252d up_down_vol_ratio_z_63d volume_pctile_252d volume_pctile_63d sector industry
feature_infos=[-20:20] [-20:20] [-1:5.2147080471898568e-16] [-15.515344619750977:10.246460914611816] [-15.515344619750977:12.323378562927246] [-2.4148135185241699:15.842844009399414] [-2.4627370834350586:7.8740077018737793] [-6.098198413848877:15.727980613708496] [-20:20] [-20:20] [-20:20] [-20:20] [-4.4721360206604004:4.4721360206604004] [-14.69410514831543:13.019850730895996] [-7.7269563674926758:7.7926125526428223] [-3:20] [-7.9372539520263672:7.9372539520263672] [-4.4721360206604004:4.4721360206604004] [-11.549576759338379:6.7145428657531738] [-7.5500373840332031:7.736269474029541] [0.01587301678955555:1] [-4.6942753791809082:4.3885746002197266] [-20:20] [-15.530344009399414:14.244590759277344] [-7.7924795150756836:7.7359013557434082] [0.0039682541973888874:1] [0.01587301678955555:1] -1:5:6:9:7:2:8:0:1:4:3:10:11 -1:17:8:13:121:137:122:77:83:37:69:22:1:118:126:60:125:90:79:130:86:11:32:114:53:101:34:39:55:25:40:127:44:76:109:84:64:88:141:38:70:43:20:115:124:0:51:26:104:7:10:75:117:58:71:28:9:102:45:46:129:123:41:6:91:63:112:12:59:103:116:144:68:105:111:36:135:99:128:113:67:23:97:98:66:80:119:30:87:145:85:100:142:136:19:3:50:29:15:110:2:143:18:95:81:89:48:49:52:72:93:56:106:78:107:54:138:133:62:74:134:96:139:42:82:4:47:140:35:16:57:14:92:31:65:24:73:27:132:120:5:94:33:131:21:108
tree_sizes=2114 5064 1189 1078 3090 1396 847 1905 864 1285 746 1194 1219 1331 2978 1469 1419 1121 2858 2689 3029 2152 3286 2972 3377 2982 3646 3098 4240 4341 3846 4464 4518 3717 3573 5187 5493 5408 4447 5024 4491 5426 5096 5991 5589 5576 5347 5549 4594 5454 5849 5058 4916 5768 5356 5395 4936 4955 6218 5152 5092 4983 5719 5461 5815 5550 5588 5197 5873 6203 6157 6036 5752 5531 4955 6258 5595 6256 5757 6028 5240 5251 5454 5811 5710 5030 5384 5334 5476 5846 5623 4784 5795 5026 5431 6152 4431 4815 5448 4726 5609 4821 4873 5343 6927 4946 5018 6032 6170 6144 4045 4946 5454 4854 4876 4908 4931 5804 5204 4768 5683 6814 5136 5296 4786 4771 4333 6736 5003 5018 4502 4725 4612 5242 5197 5579 5193 4580 6322 5087 5319 6985 5160 5605 4830 5806 4191 4626 5242 6524 5758 4226 5728 5327 5947 4554 5079 6061 5223 5490 5984 4987

Tree=0
num_leaves=16
num_cat=5
split_feature=28 28 2 28 0 9 21 21 2 28 9 10 28 15 7
split_gain=340.946 80.5256 23.1631 11.1136 5.31575 2.96505 2.47826 2.46113 1.54954 1.08097 1.01817 0.558925 0.439436 0.121551 0.0457589
threshold=0 1 -0.91584119200706471 2 4.5299596786499032 -1.7222281098365781 1.0966746807098391 -0.30874989926815027 -0.93969428539276112 3 2.4570485353469853 -1.4115138053894041 4 -0.44529359042644495 1.973662316799164
decision_type=9 9 10 9 8 10 10 8 10 9 10 10 9 8 10
left_child=2 4 5 7 8 11 13 9 -2 -3 -10 -1 -9 -5 -12
right_child=1 3 -4 6 -6 -7 -8 12 10 -11 14 -13 -14 -15 -16
leaf_value=0.0076976143674877253 -0.0010662374748410832 0.0069575778162490904 0.035489180061581915 -0.0027560413148312278 -0.0051314480368392628 -0.0082704957037439217 -0.0079343628161399997 0.00055634485775970502 0.014713828797506524 -0.0026676612177260351 0.0015081485391054712 -0.00090367665993390685 -0.0087777591030389884 -0.031096137537368632 -0.00053897516828182817
leaf_weight=23.672270023962479 12.043424968418547 15.916193063589162 422.89096815767698 11.024779476414549 25.583366439997917 14.306138024141545 55.386427864708821 14.318233106285332 120.58744674181798 10.408583527067094 11.039454648358516 11.374471696632101 35.987914012774127 521.54351365238836 10.16318655546638
leaf_count=31028 18099 4020 456894 11229 41397 17205 65855 28170 168808 19151 14920 12284 41401 494375 13598
internal_value=-0.00027453 -0.0189572 0.0314843 -0.0265642 0.00879478 -0.000203372 -0.0289946 -0.00333633 0.0122574 0.00439394 0.0133981 0.00595717 -0.00793782 -0.0308049 0.000767248
internal_weight=1316.25 844.003 472.244 664.586 179.417 49.3529 587.955 76.6309 153.834 26.3248 141.79 35.0467 50.3061 532.568 21.2026
internal_count=1438434 921023 517411 664201 256822 60517 571459 92742 215425 23171 197326 43312 69571 505604 28518
cat_boundaries=0 5 10 15 19 24
cat_threshold=1108358018 1210058897 4194309 1409909030 12292 2156429312 337188104 35866626 38799041 18048 153092208 54951938 4169140032 25169936 33136 2097184 163842 2147483648 4112 16777216 17170432 2952790784 8388608 112
is_linear=0
shrinkage=0.05


Tree=1
num_leaves=43
num_cat=4
split_feature=28 28 28 2 8 2 23 0 8 23 8 28 21 7 7 16 16 7 21 0 7 16 16 2 2 0 3 3 22 0 3 25 9 19 8 8 7 0 11 21 9 9
split_gain=309.878 47.4145 37.4609 16.1859 13.8718 5.91264 5.82481 5.10953 4.60076 4.35547 7.44241 3.90252 2.60771 2.26693 2.2281 1.7737 1.64489 1.5893 1.43893 1.26721 1.22057 1.00354 1.09207 0.949732 0.965418 1.58148 0.96281 0.752989 0.712692 0.574425 0.565728 0.512249 0.483498 0.472451 0.419637 0.31599 0.282874 0.281748 0.242454 0.191407 0.0824015 0.0529352
threshold=0 1 2 -0.81232419610023487 10.452507972717287 -0.89956763386726368 -1.3890185356140134 1.0723135471343996 -4.0672099590301505 1.4517422914505007 0.35977318882942205 3 -0.72737222909927357 0.83177959918975841 -1.5399705171585081 0.3736089318990708 3.0269188880920415 2.7760546207427983 0.29560662806034094 3.2670255899429326 -0.42970275878906244 0.10678947716951372 -0.73065257072448719 -0.82786318659782399 -0.50895777344703663 -1.9802812337875364 1.0156728625297549 -0.66608765721321095 14.69094753265381 1.0000000180025095e-35 2.271428227424622 0.16567460447549823 3.9980844259262089 -1.2403334975242613 0.64505273103714 1.3325125575065615 1.3675070405006411 -0.24386665970087049 5.9086201190948495 0.47266431152820593 0.77614304423332225 1.9722061157226565
decision_type=9 9 9 10 8 10 10 8 10 8 8 9 10 8 8 8 10 10 10 10 10 10 10 10 10 10 10 10 8 10 10 10 8 10 8 10 10 10 8 10 10 10
left_child=2 7 4 11 5 -1 18 20 39 17 27 35 -10 -12 -13 -6 -14 19 34 28 29 22 -20 -22 25 -25 -26 -11 31 -2 36 33 38 40 -5 -4 -28 -15 -33 -7 -8 -35
right_child=1 -3 3 6 15 8 9 -9 12 10 13 14 16 37 -16 -17 -18 -19 21 -21 23 -23 -24 24 26 -27 30 -29 -30 -31 -32 32 -34 41 -36 -37 -38 -39 -40 -41 -42 -43
leaf_value=-0.0016242256031728218 -0.0059664686956527879 -0.033666104270515959 -0.00093682422682397123 -0.0074682255756523611 0.0044833501677687447 -0.00028977029007000405 0.0010171493672948306 -0.013745791832477287 0.00092321702407228274 -0.00016612077476363092 0.0032000839078433134 0.0015250060447071579 0.032313529631216496 -0.011326045981036934 -0.016508381527247765 -0.0077196563965840452 0.0015780392416453787 -0.0004714486982576305 -0.002132491447998651 -0.00053430378534932048 -0.0031516292607028681 -0.003181697698307626 0.0085489951284027973 -0.0021977738795473448 -0.0036644502932188551 0.011228085908338924 -0.00031767722402052645 0.010685203005303566 0.00012749305261136764 0.0016327204382908943 -0.0018025715898920469 0.01592182029148544 0.00072632996679448361 0.0070649707340356502 0.0005698249838253025 0.0050208115894344301 0.0064102742745388054 -0.00047571641113020925 0.00098045177569912149 0.0051229634231337237 -0.0016056802605537964 0.00040521342270538228
leaf_weight=10.36538809907506 24.675609503537999 492.2978898686124 11.289094523745009 27.121666512641241 10.020099787492653 12.421064625144934 11.091287670293243 32.078167346538976 10.443827435956335 15.182694569841258 16.788279458109173 10.544373853583236 324.37622606079094 39.175580369541422 51.445545703711105 17.122790526409521 10.102571361232547 16.372991274212836 10.678864960151257 10.942876832050386 11.763692046341019 10.099190780834759 20.928835052691287 10.352035317264379 32.161156239526463 27.486562764563132 12.14435227945796 100.77252628008137 10.664416089028235 10.118534018911303 10.534417366550768 389.6444724638277 11.215093548045841 56.676586516856332 10.787299311516106 19.687188561962103 29.121284087159438 12.352010279559179 10.305065815307897 21.826087020745035 10.071286700316703 11.327373766340314
leaf_count=9426 13264 919664 10044 10940 2711 3877 3808 21730 2844 4119 6074 4650 56829 11252 29632 3721 2198 4966 4765 4367 4826 3753 7070 3266 15445 10010 6981 40618 4448 5800 3759 127212 4858 20504 5424 12552 10145 4911 3661 4458 2374 4476
internal_value=-8.67001e-05 -0.0258649 0.0140586 0.00735518 0.0257109 0.0284503 0.00975748 -0.00334301 0.0293775 0.0111003 0.00326232 -0.00898745 0.0310392 -0.00698081 -0.0129303 -0.00316392 0.0317241 0.0132695 -0.00197174 0.0137128 0.00115677 0.00300692 0.00578344 0.00326853 0.00465449 0.00833786 0.000464718 0.00961227 0.0140473 -0.00403793 0.00361817 0.0142964 0.0154251 0.00538349 -0.0061009 0.00315983 0.00528619 -0.0102895 0.0156997 0.00409361 -0.000411963 0.00663976
internal_weight=2004.58 692.734 1311.84 895.165 416.678 389.535 802.198 200.436 379.17 722.583 184.271 92.9662 344.923 68.3159 61.9899 27.1429 334.479 538.311 79.6159 521.938 168.358 41.7069 31.6077 133.564 121.8 37.8386 83.9612 115.955 510.996 34.7941 51.8001 500.331 411.165 89.1665 37.909 30.9763 41.2656 51.5276 399.95 34.2472 21.1626 68.004
internal_count=1437432 1014890 422542 336478 86064 79632 279600 95226 70206 247648 66974 56878 61871 22237 34282 6432 59027 180674 31952 175708 73496 15588 11835 54432 49606 13276 36330 44737 171341 19064 20885 166893 135731 31162 16364 22596 17126 16163 130873 8335 6182 24980
cat_boundaries=0 5 10 15 19
cat_threshold=1108881794 3357543441 4194311 269058336 4096 2166358560 4259850 1073742336 1157633024 3224 1108348928 1075841025 5 0 4096 8192 2147483648 2 256
is_linear=0
shrinkage=0.05


Tree=2
num_leaves=9
num_cat=4
split_feature=28 8 27 28 28 7 5 0
split_gain=747.008 10.9802 8.65783 10.4666 8.02228 1.45023 0.313249 0.156421
threshold=0 -4.0672099590301505 1 2 3 -0.94279143214225758 -0.6854763627052306 3.4272996187210087
decision_type=9 10 1 9 9 8 8 10
left_child=1 -1 -2 5 -3 -4 -7 -6
right_child=2 4 3 -5 7 6 -8 -9
leaf_value=-0.0041472911337114412 -0.01554465298949028 0.015462362975722361 0.0026100004097837368 -0.039966295475862418 0.034177471882833141 0 -0.0097737572368538691 0.0033634135015873632
leaf_weight=12.695737839152569 218.53211011773965 293.30364221514901 11.854557961749377 567.20079631209956 676.55885007814504 10.027670646377372 39.383798217313597 12.343885233625768
leaf_count=13910 266021 27596 8779 1036777 45540 4944 32369 1628
internal_value=6.67775e-05 0.0286752 -0.0332064 -0.0374506 0.0295624 -0.00586818 -0.00883249 0.0334444
internal_weight=1841.9 994.902 846.999 628.467 982.206 61.266 49.4115 688.903
internal_count=1437564 88674 1348890 1082869 74764 46092 37313 47168
cat_boundaries=0 5 6 11 15
cat_threshold=34607104 1075841025 7 65536 4096 32 3223846944 4195338 1075839488 16782341 152 33554432 1 2 65536
is_linear=0
shrinkage=0.05


Tree=3
num_leaves=8
num_cat=3
split_feature=28 2 10 27 28 8 2
split_gain=777.313 12.3384 5.42825 2.66585 1.98889 1.69367 0.513209
threshold=0 -0.85816121101379383 6.2402050495147714 1 2 4.2026944160461435 -0.27157832682132715
decision_type=9 10 8 1 9 10 10
left_child=1 4 -3 -2 -1 6 -4
right_child=3 2 5 -5 -6 -7 -8
leaf_value=0.0056469351841844503 -0.015124146041681491 0.032138753519980558 -0.0044473533350691012 -0.037794926008461446 -0.005901914629100182 0.0099693119686050605 0.002164465889945854
leaf_weight=12.371888461464549 160.83107219534577 871.84379865770461 17.660961092828074 647.61615236142825 17.112880937900631 10.314974213222738 11.022290103661364
leaf_count=3819 265557 61468 2706 1094419 6386 468 1891
internal_value=-3.68239e-05 0.0300081 0.0312896 -0.0346471 -0.000521286 0.00485928 -0.00208217
internal_weight=1748.77 940.327 910.842 808.447 29.4848 38.9982 28.6833
internal_count=1436714 76738 66533 1359976 10205 5065 4597
cat_boundaries=0 5 6 11
cat_threshold=1052672 1075841025 7 65536 4096 32 1052672 1073741824 1 0 4096
is_linear=0
shrinkage=0.05


Tree=4
num_leaves=26
num_cat=1
split_feature=27 2 8 2 21 7 21 10 21 11 15 8 2 21 8 15 8 2 21 8 21 8 8 21 2
split_gain=428.367 65.6583 26.0709 17.6478 13.4935 10.0542 6.12663 4.29051 1.33031 1.18452 1.04456 0.653603 0.61674 0.493958 0.370787 0.326264 0.233838 0.628652 0.585095 0.43011 0.139574 0.0928126 0.0686259 0.199364 0.0402355
threshold=0 -0.85816121101379383 -4.0672099590301505 -0.52247056365013111 1.2828928828239443 0.32163903117179876 -0.02503116242587566 5.7665123939514169 -0.27056664228439326 5.1163504123687753 0.1193973906338215 -0.10411469638347624 -0.88975867629051197 -0.72737222909927357 -2.3400310277938838 0.57339689135551464 0.92539876699447643 -0.83163464069366444 0.12658501416444781 -3.1047145128250118 -0.43894901871681208 -0.072822533547878252 0.81567025184631359 -0.48245418071746821 -0.047426126897335046
decision_type=1 10 10 8 10 10 8 8 10 8 10 10 10 10 10 10 10 10 10 10 10 10 10 10 10
left_child=1 12 -3 5 -2 10 15 9 13 -8 14 -10 -1 -7 -4 -5 17 -12 -18 -19 -21 -16 -15 -24 -6
right_child=4 2 3 6 24 8 7 -9 11 -11 16 -13 -14 22 21 -17 18 19 -20 20 -22 -23 23 -25 -26
leaf_value=-0.023362909294915104 -0.040348907337156875 -0.011071196834544715 0.0044799863156857267 -0.0011178127273053313 -0.0065859806363904863 -0.0025850868772990675 0.026434118620220312 0.00086477772474287298 0.00072885312386062944 0.001256325015333182 0.00060169146370737145 -0.0090017322432507912 -0.0021167230199800216 1.7367237347129677e-05 -0.002113045067673945 0.0043826535371684454 0.0061183737489053803 0.0014086089608288538 -0.0013298691468949463 0.0014961837278763511 0.01915437516567112 0.00076804305219638127 0.0051419940096758491 -0.00032520986061355196 -0.00034894923986578726
leaf_weight=52.12144949620415 436.49291681323666 38.680483290518168 10.054621690549537 13.532879036938537 41.843210492428625 10.882354556903008 715.13821943917719 21.069668699419708 11.903812243937862 10.276854049094252 10.050894378349765 31.165541761700297 15.25007809246017 16.35467284861079 14.822109398781322 32.864856798638357 33.00723767481395 13.423878996574784 15.316765680734532 10.817913098289862 96.238284275736078 11.615157550157164 14.594521526625611 12.769965785875685 10.494771772137026
leaf_count=83327 805306 65983 3448 10480 62108 11784 202905 11139 5351 4906 3844 12054 14906 7120 5912 19792 20200 4817 6713 6277 32734 6161 7404 6224 16085
internal_value=-1.80864e-06 0.0159261 0.0190789 0.020571 -0.0369248 0.00856145 0.0245172 0.0255786 -0.0035553 0.0261879 0.0137102 -0.00731188 -0.0215467 0.00143877 0.00207412 0.00297881 0.0150907 0.0167981 0.00423098 0.0175471 0.0184462 -0.00110743 0.00333852 0.00396475 -0.00616572
internal_weight=1700.78 1211.95 1144.58 1105.9 488.831 313.018 792.882 746.485 97.6709 725.415 215.347 43.0694 67.3715 54.6015 36.4919 46.3977 178.855 130.531 48.324 120.48 107.056 26.4373 43.7192 27.3645 52.338
internal_count=1436980 553481 455248 389265 883499 140043 249222 218950 49937 207811 90106 17405 98233 32532 15521 30272 74585 47672 26913 43828 39011 12073 20748 13628 78193
cat_boundaries=0 1
cat_threshold=2209
is_linear=0
shrinkage=0.05


Tree=5
num_leaves=11
num_cat=2
split_feature=28 28 10 21 8 8 15 2 10 18
split_gain=741.002 15.5803 10.2214 4.28546 3.05393 1.79123 1.52471 0.678046 0.251761 0.211394
threshold=0 1 1.8182658553123476 -0.32815955579280848 -1.0000000180025095e-35 1.3081390857696535 2.8800544738769536 -0.85095730423927296 3.5552006959915166 0.69219854474067699
decision_type=9 9 8 10 8 8 10 10 10 8
left_child=1 2 3 -1 6 -5 8 -3 -4 -6
right_child=-2 7 4 5 9 -7 -8 -9 -10 -11
leaf_value=-0.0011041218367911028 -0.036626518569771171 0.0027883313230341435 0.0098557241923398001 0.022581768241319158 3.229064917931659e-06 0.0016996114808211578 -0.0027735253780896748 0.033999457759581096 0.00015778387601309463 -0.0071708414919613873
leaf_weight=18.156987382448278 722.7566437881469 11.48915928576025 29.713557640119689 160.26106928021181 10.047095295187317 20.376856435410446 12.354366877407299 639.45563348181895 10.268434756377244 35.202950886887265
leaf_count=4469 1361606 5283 2004 12676 820 1484 1281 43168 1316 3780
internal_value=-0.000135595 0.0282246 0.0134935 0.0192626 7.73774e-05 0.021127 0.00607998 0.03322 0.00889227 -0.00635992
internal_weight=1670.08 947.326 296.381 198.795 97.5864 180.638 52.3364 650.945 39.982 45.25
internal_count=1437887 76281 27830 18629 9201 14160 4601 48451 3320 4600
cat_boundaries=0 5 7
cat_threshold=1052672 1075841025 7 65536 4096 0 1075838977
is_linear=0
shrinkage=0.05


Tree=6
num_leaves=6
num_cat=2
split_feature=28 2 28 8 10
split_gain=721.321 5.7276 1.38426 3.39072 2.16529
threshold=0 -0.86565417051315297 1 1.3570744991302492 2.9542458057403569
decision_type=9 10 9 8 10
left_child=1 -1 3 4 -3
right_child=-2 2 -4 -5 -6
leaf_value=-0.0015674762623003272 -0.036380375507130892 0.017012446274261871 0.030796484687496378 -0.0020439112261827303 -0.00018621465057540521
leaf_weight=10.304590759362325 707.12861518193677 122.55749618413392 761.29299310329952 19.909763654344715 18.629760357318446
leaf_count=9690 1360159 14230 45921 3612 3088
internal_value=3.25122e-05 0.0281742 0.0288649 0.0125282 0.0152617
internal_weight=1639.82 932.695 922.39 161.097 141.187
internal_count=1436700 76541 66851 20930 17318
cat_boundaries=0 5 7
cat_threshold=1052672 1075841025 7 65536 4096 0 2097153
is_linear=0
shrinkage=0.05


Tree=7
num_leaves=16
num_cat=3
split_feature=27 2 2 2 10 27 10 5 22 0 27 22 4 2 0
split_gain=337.547 61.721 19.4 7.16828 5.9879 3.38938 1.96923 1.79111 0.963274 0.499001 0.480092 0.338998 0.246261 0.227041 0.0951433
threshold=0 -0.53206786513328541 -0.86565417051315297 -0.12200232222676276 6.2402050495147714 1 -0.67886880040168751 -0.58455488085746754 1.0000142455101015 2.2763692140579228 2 -3.0537382364273067 0.45544490218162542 -0.76340734958648671 0.41815508902072912
decision_type=1 10 10 10 8 1 8 8 8 8 1 8 8 10 10
left_child=1 2 -1 -2 -3 8 13 -8 9 -4 -6 -9 14 -7 -10
right_child=3 4 5 -5 10 6 7 11 12 -11 -12 -13 -14 -15 -16
leaf_value=-0.02277169381622933 -0.035501879361550685 0.022033353567751067 0.010540928444762874 -0.0065471315080198426 0.0022621997974788736 -0.00055435431588493872 0.0027039939229816417 0 0.0030086928655968142 -5.01327501102127e-05 -0.0036486011166192069 -0.01016074060726181 -0.0021442585525596795 0.0048670534675295963 -0.00040870039021839505
leaf_weight=53.529333491620491 431.68421272546402 826.15225703961914 71.178794943407411 49.718738294526702 12.202076246321667 11.67170021982747 17.292228591919411 10.001979364809811 10.750157734612005 10.695786994474473 10.653390579449479 47.943468922487227 14.058920384792144 22.643460574210621 11.523921517655252
leaf_count=94866 798247 274468 46579 85500 12996 9120 10295 6798 8316 12174 9542 29669 11726 15768 11204
internal_value=-6.92672e-05 0.0148185 -0.00472896 -0.032801 0.0213681 0.00282935 -0.0029117 -0.00649213 0.00720827 0.00962501 -0.00122778 -0.00926409 0.000119014 0.00372853 0.00211187
internal_weight=1611.7 1130.3 281.29 481.403 849.008 227.76 109.553 75.2377 118.208 81.8746 22.8555 57.9454 36.333 34.3152 22.2741
internal_count=1437268 553521 256515 883747 297006 161649 71650 46762 89999 58753 22538 36467 31246 24888 19520
cat_boundaries=0 1 2 3
cat_threshold=2209 32 32
is_linear=0
shrinkage=0.05


Tree=8
num_leaves=6
num_cat=2
split_feature=28 2 28 10 0
split_gain=558.956 6.67752 3.11278 4.12959 3.62243
threshold=0 -0.85462263226509083 1 5.3444323539733896 0.07020315527915956
decision_type=9 10 9 8 8
left_child=1 -1 4 -4 -3
right_child=-2 2 3 -5 -6
leaf_value=-0.0029807535433189875 -0.033179474970597603 0.033435930791726062 0.017591822783142735 -0.0027419339281558089 0.010680105318023289
leaf_weight=10.911823737304074 669.04736336924543 389.16473234229488 433.75592703298025 12.753596653230487 82.769837284286041
leaf_count=13321 1339402 23396 48120 4833 6880
internal_value=3.88181e-05 0.0245194 0.0252415 0.016452 0.0302798
internal_weight=1598.4 929.356 918.444 446.51 471.935
internal_count=1435952 96550 83229 52953 30276
cat_boundaries=0 5 10
cat_threshold=1576960 1075842049 4194311 65536 4096 4096 2048 1 65536 4096
is_linear=0
shrinkage=0.05


Tree=9
num_leaves=10
num_cat=2
split_feature=28 28 21 18 0 4 0 21 0
split_gain=560.93 12.9017 2.65474 1.91684 2.74086 0.894742 0.783519 0.657978 0.110761
threshold=0 1 -0.34823827445507044 -0.16888278722763059 0.2366590425372124 2.287586092948914 -1.6337514519691465 1.73345023393631 -1.9599010944366453
decision_type=9 9 10 10 10 8 10 10 8
left_child=1 2 -1 6 -5 7 8 -4 -3
right_child=-2 3 5 4 -6 -7 -8 -9 -10
leaf_value=-0.0022056933822364082 -0.032457510781354643 0.0029739209283241334 0.013664024377867033 0.033349650841244326 0.0050196300167536772 -0.00017037448439929991 0.015567529444802259 0.00066275476386262267 -0.00054765018407815236
leaf_weight=19.073215562239056 686.42886539906613 22.056698906846577 195.8544901660498 493.89773946699279 28.932269027864095 11.440737357421311 95.839741247749771 16.465472410985967 10.133992968534583
leaf_count=6899 1361396 1216 22713 25565 2994 3110 9885 1428 2478
internal_value=3.1288e-06 0.0254141 0.0106844 0.0295371 0.0323656 0.0123938 0.0137714 0.0129933 0.00214572
internal_weight=1580.12 893.694 242.834 650.86 522.83 223.761 128.03 212.32 32.1907
internal_count=1437684 76288 34150 42138 28559 27251 13579 24141 3694
cat_boundaries=0 5 7
cat_threshold=1052672 1075841025 7 65536 4096 1048576 2097153
is_linear=0
shrinkage=0.05


Tree=10
num_leaves=5
num_cat=2
split_feature=28 28 10 10
split_gain=536.807 12.2527 2.6846 0.0525719
threshold=0 1 4.2083904743194589 3.2647887468338017
decision_type=9 9 8 10
left_child=1 2 3 -1
right_child=-2 -3 -4 -5
leaf_value=0.011964055405396528 -0.031631375497874786 0.029036267069503331 -0.0032169393308034405 0.00091102990393498832
leaf_weight=198.7531781373109 683.76281588694837 659.37539185131027 12.437594910938058 10.785837050498229
leaf_count=27738 1360937 42200 4957 1481
internal_value=0.000119095 0.0252016 0.0100385 0.0116995
internal_weight=1565.11 881.352 221.977 209.539
internal_count=1437313 76376 34176 29219
cat_boundaries=0 5 7
cat_threshold=1052672 1075841025 7 65536 4096 1048576 2097153
is_linear=0
shrinkage=0.05


Tree=11
num_leaves=9
num_cat=2
split_feature=28 28 7 10 2 2 2 7
split_gain=469.022 11.7972 2.77636 2.29146 1.62198 1.23065 0.780378 0.202579
threshold=0 1 0.51945453882217418 4.0033133029937753 -0.58622634410858143 -0.80432057380676258 -0.087931249290704713 1.0615890026092532
decision_type=9 9 10 8 10 10 10 8
left_child=1 3 6 5 -4 -1 -3 -7
right_child=-2 2 4 -5 -6 7 -8 -9
leaf_value=-0.0011886597512189706 -0.030133547409050044 0.01747165042247327 0.0029857455950315537 -0.0032983699938431105 0.032204576515067626 0.012728175441651571 0.0026434363990739318 0.0036833822205590764
leaf_weight=11.671431627182754 664.50939429289429 226.73154283057374 16.121069154964061 11.531546355661701 397.36916019750061 123.87530378873635 30.561546967772301 64.847513236833038
leaf_count=8080 1346622 20052 1827 7061 18772 23306 1681 9894
internal_value=0.00011928 0.0233662 0.0269131 0.00866002 0.0315212 0.0102352 0.0164433 0.0110636
internal_weight=1547.22 882.709 670.783 211.926 413.49 200.394 257.293 188.723
internal_count=1437295 90673 42332 48341 20599 41280 21733 33200
cat_boundaries=0 5 8
cat_threshold=1052672 1075841025 4194311 65536 4096 1048576 2097153 4194304
is_linear=0
shrinkage=0.05


Tree=12
num_leaves=9
num_cat=3
split_feature=28 28 2 8 2 28 10 0
split_gain=459.78 15.9492 4.36177 2.50369 1.72476 0.342543 0.0954967 0.0697207
threshold=0 1 -0.63553956151008595 2.7366282939910893 -0.80432057380676258 2 3.8083223104476933 -1.4091851711273191
decision_type=9 9 8 8 10 9 10 10
left_child=1 2 7 4 -3 -2 -6 -1
right_child=5 3 -4 -5 6 -7 -8 -9
leaf_value=0.00028175406656977232 -0.0031697880189666726 -0.0017595104749285368 0.030538745211175923 -0.002743340715984856 0.012429907324938781 -0.030353997245123245 0.0010473428238181252 0.0070889800483543266
leaf_weight=10.018757200043181 29.003093622275628 10.769397487354579 524.53480345768912 15.163893514429217 244.48988061447744 643.50175841382588 12.613425617309984 43.522287400468485
leaf_count=1288 65941 6420 26149 5623 27337 1295556 3472 6167
internal_value=1.87023e-05 0.0235322 0.0285788 0.0100146 0.0113855 -0.0295441 0.0121492 0.00661465
internal_weight=1533.62 861.112 578.076 283.037 267.873 672.505 257.103 53.541
internal_count=1437953 76456 33604 42852 37229 1361497 30809 7455
cat_boundaries=0 5 10 15
cat_threshold=1052672 1075841025 7 65536 4096 4096 2048 1 65536 4096 2150105120 2151744522 4194304 5381 1168
is_linear=0
shrinkage=0.05


Tree=13
num_leaves=10
num_cat=3
split_feature=28 28 0 10 2 2 18 28 18
split_gain=407.051 15.4323 5.3199 1.60577 1.21137 0.92815 0.443601 0.428507 0.0941656
threshold=0 1 0.2366590425372124 2.7890077829360966 -0.72163730859756459 -0.78416422009468068 0.99657174944877636 2 1.5704104304313662
decision_type=9 9 8 8 10 10 8 9 8
left_child=1 3 4 5 -3 -1 -4 -2 -5
right_child=7 2 6 8 -6 -7 -8 -9 -10
leaf_value=-0.0013049803414423205 -0.004782611361652157 0.0032275570896803914 0.0076298641684445145 0.00037044264549000646 0.028417104984055891 0.0088624883650125878 -0.00056887976613345789 -0.028924422463962936 -0.0031157244146680454
leaf_weight=11.061909964817458 43.336427970061777 19.096144762937911 59.722807183745317 11.172284838510675 576.94207807609928 156.45774304142105 10.413633626623776 619.86830890555575 11.359356411281626
leaf_count=7265 97258 2580 7940 2762 28756 19445 2880 1262921 4755
internal_value=0.000165157 0.022296 0.0259534 0.00630481 0.0279301 0.00802247 0.0066408 -0.0278815 -0.00225444
internal_weight=1519.43 856.226 666.175 190.051 596.038 167.52 70.1364 663.205 22.5316
internal_count=1436562 76383 42156 34227 31336 26710 10820 1360179 7517
cat_boundaries=0 5 7 12
cat_threshold=1052672 1075841025 7 65536 4096 1048576 2097153 2166915104 2285962250 1080101376 16782597 1168
is_linear=0
shrinkage=0.05


Tree=14
num_leaves=25
num_cat=2
split_feature=27 2 2 27 0 2 9 10 18 22 0 18 16 2 13 18 0 8 7 18 14 14 8 0
split_gain=191.396 36.2565 18.9763 14.3629 7.19183 5.72643 1.98562 1.51649 1.51487 1.35606 0.880052 0.474129 0.330736 0.291601 0.538898 0.269625 0.210525 0.208873 0.156787 0.120179 0.0911672 0.0543717 0.054044 0.0441269
threshold=0 -0.62175878882408131 -0.50895777344703663 1 -0.019252289086580273 -0.85816121101379383 2.5090664625167851 8.2420296669006365 1.4890711307525637 0.67114743590354931 -1.2523553371429441 -1.1701824665069578 -0.21687709540128705 -0.21536893397569654 0.39167302846908575 -0.62501430511474598 -1.4960405826568601 0.52311542630195629 0.97962418198585521 1.3065788149833681 2.538821935653687 0.85585376620292675 -0.87503698468208302 -2.1015496253967281
decision_type=1 10 10 1 8 10 10 10 8 8 10 10 10 10 10 10 8 10 10 10 10 10 10 8
left_child=1 5 -2 6 7 -1 10 15 17 11 19 -7 -11 14 -12 -3 -13 22 -19 -4 -17 -14 -6 -8
right_child=2 4 3 -5 8 9 23 -9 -10 12 13 16 21 -15 -16 20 -18 18 -20 -21 -22 -23 -24 -25
leaf_value=-0.015254127385594618 -0.028624257723961793 0.0040717268385373579 -0.0050134726160622227 -0.016730086089305953 0.0013627647774474636 -0.0010444509460761932 0.010531637854603903 0.00020840137101498695 -0.0043742138340201672 0.00089181160539429237 0.0061473258085361221 -0.00014778031613778896 -0.0056761853670032709 -0.0011307014712253077 -0.0014552013620372486 0.021111004747388515 0.0063647279443139445 0.0073967969671908584 4.898725575098259e-05 -6.6577764960397397e-06 0.0023854481968775057 -0.00017887213378341474 -0.00072525469508896365 0.00070739848534626527
leaf_weight=44.113017267576652 337.06971939255891 30.744918763986789 21.411613658827264 128.66632452519843 17.851189020657333 15.868468856904654 24.541555900417734 10.926879833481506 12.582071307784643 12.176785194722468 20.01173428796756 10.014411516196558 19.649732372461589 10.396051790434283 10.090843485813819 618.54143379529705 45.239958594582276 36.636851544448291 10.163781823430325 16.985519155263319 14.902433277282396 10.468181328891658 11.440868274366947 10.120828494109444
leaf_count=81575 584548 15357 22357 283216 7462 15982 13253 6111 17276 10096 13688 8213 19453 5959 6379 215297 34498 21585 12293 15383 5715 8829 5559 7264
internal_value=0.000172687 0.0140372 -0.0211205 -0.00827325 0.018491 -0.00610904 0.00422774 0.020169 0.00301381 0.000996222 -0.000727839 0.00428087 -0.0037999 0.00292436 0.00421885 0.0204528 0.00562739 0.0055252 0.00670225 -0.00411174 0.0208845 -0.00513195 0.0005411 0.00983405
internal_weight=1500.62 921.321 579.294 242.224 763.79 157.531 113.558 675.116 88.6748 113.418 78.8958 71.1228 42.2947 40.4986 30.1026 664.189 55.2544 76.0927 46.8006 38.3971 633.444 30.1179 29.2921 34.6624
internal_count=1437348 485301 952047 367499 306655 178646 84283 242480 64175 97071 63766 58693 38378 26026 20067 236369 42711 46899 33878 37740 221012 28282 13021 20517
cat_boundaries=0 1 2
cat_threshold=2208 5
is_linear=0
shrinkage=0.05


Tree=15
num_leaves=11
num_cat=3
split_feature=28 28 28 0 21 18 18 22 13 22
split_gain=325.289 13.5547 4.66775 3.74807 1.46432 0.579911 0.476942 0.213154 0.0756837 0.0390273
threshold=0 1 2 0.019700325094163421 -0.34823827445507044 1.757388770580292 1.0837501287460329 0.70532235503196727 1.6471357345581057 5.9774980545043954
decision_type=9 9 9 8 10 8 8 8 8 8
left_child=1 3 -2 -1 -3 9 -5 8 -7 -6
right_child=2 4 -4 6 5 7 -8 -9 -10 -11
leaf_value=0.025055600478923568 -0.0056203753044732213 -0.0030885158748725897 -0.027586734230836213 0.0077619679016400524 0.008173906737878673 0.0028146756581642635 -0.00063931387025401281 -0.0019156097402213343 -0.00033468169097580742 0.00071309565689762523
leaf_weight=578.5719391995226 78.899274559284095 14.087453570915384 560.06939407721802 68.035636006796267 133.0132240386738 12.149299902652276 10.118126947272684 12.709213305104639 10.231758766065466 13.57151003796025
leaf_count=30253 186855 11908 1145692 9144 36413 2134 2911 4285 4083 4096
internal_value=7.04671e-05 0.0197317 -0.0255968 0.0231986 0.00536817 0.00680225 0.00681021 0.000289637 0.00206921 0.00786564
internal_weight=1491.46 852.488 638.969 656.726 195.762 181.675 78.1538 35.0903 22.3811 146.585
internal_count=1437774 105227 1332547 42308 62919 51011 12055 10502 6217 40509
cat_boundaries=0 5 10 15
cat_threshold=1052672 3223325705 4194311 65536 4224 4096 1073743872 7 65536 4096 2301141024 156434434 1109461504 16784709 1048
is_linear=0
shrinkage=0.05


Tree=16
num_leaves=11
num_cat=3
split_feature=28 28 2 2 27 0 10 10 2 0
split_gain=286.836 15.6479 3.06409 1.74726 1.62377 0.871 0.189568 0.302199 0.189123 0.126476
threshold=0 1 -0.63553956151008595 -0.83958911895751942 2 -4.6270592212676993 1.8182658553123476 2.0018025636672978 -0.1005306802690029 -0.12140195444226264
decision_type=9 9 10 10 1 10 8 10 10 8
left_child=1 2 9 -3 8 -5 -7 -8 -2 -1
right_child=4 3 -4 5 -6 6 7 -9 -10 -11
leaf_value=0.003280236370602296 -0.0090091716182979942 -0.0021767046260315111 0.027734349445487819 -0.00065078119598692657 -0.025969214000265858 0.012280742385350979 -0.00051519013980414732 0.0056426110029039822 -0.00032429196967082756 -0.00055251262407309627
leaf_weight=10.464143276883986 93.109437391467509 11.247003965705515 375.49606540083187 10.262452012728316 529.42293597983371 296.11684064034489 12.152840763563288 107.51049672340741 11.835953945686922 11.461342465045165
leaf_count=1197 231817 12741 17892 3602 1076318 40830 1641 14371 34399 2788
internal_value=0.000173672 0.0188832 0.026158 0.00990326 -0.0239444 0.0106358 0.0109651 0.00502024 -0.0079684 0.00221588
internal_weight=1469.08 834.711 397.422 437.29 634.368 426.043 415.78 119.663 104.945 21.9255
internal_count=1437596 95062 21877 73185 1342534 60444 56842 16012 266216 3985
cat_boundaries=0 5 10 11
cat_threshold=1052672 1075841025 4194311 65536 4224 4096 2048 0 65536 4096 32
is_linear=0
shrinkage=0.05


Tree=17
num_leaves=8
num_cat=3
split_feature=28 28 28 18 8 21 10
split_gain=259.544 17.4653 9.22355 4.03623 1.5973 0.789784 0.318425
threshold=0 1 2 -0.32204586267471308 2.7366282939910893 -0.22370743006467816 3.8977946043014531
decision_type=9 9 9 10 8 8 10
left_child=1 3 -2 -1 5 -3 -7
right_child=2 4 -4 -5 -6 6 -8
leaf_value=0.0058515292548413237 -0.0037869651401644883 -0.00089115168328916588 -0.02528989746515737 0.024887924480538948 -0.0034271620484325645 0.0075998663618789299 -0.00018131679810010976
leaf_weight=68.536939484911272 94.856845791058731 20.655031821355806 541.7541213658842 497.66374279593583 14.403376167974782 217.10336655512219 10.101228343002729
leaf_count=9620 222671 9272 1126605 23975 7900 34715 3715
internal_value=0.000158056 0.0180696 -0.0226952 0.0228822 0.0053384 0.00653357 0.00726558
internal_weight=1465.07 828.464 636.611 566.201 262.263 247.86 227.205
internal_count=1438473 89197 1349276 33595 55602 47702 38430
cat_boundaries=0 5 10 15
cat_threshold=1052672 3223325697 7 65536 4224 4096 2048 1 65536 4096 2171117600 139526410 1113655808 16782661 1040
is_linear=0
shrinkage=0.05


Tree=18
num_leaves=24
num_cat=2
split_feature=27 2 2 27 2 0 9 23 10 22 18 9 0 18 6 18 0 14 20 2 0 18 10
split_gain=126.201 25.9085 15.5321 7.15376 4.86708 4.66157 2.51248 1.682 1.21132 1.12425 0.89334 0.879707 0.700582 0.622005 0.524359 0.307165 0.254762 0.24725 0.247525 0.235536 0.126211 0.100988 0.0536592
threshold=0 -0.5678245723247527 -0.50895777344703663 1 -0.85816121101379383 -0.045467272400856011 2.5626239776611333 0.99503514170646679 7.6996207237243661 0.41099947690963751 1.5568358898162844 0.72611436247825634 -1.7802571654319761 -1.1701824665069578 -0.67484080791473378 0.43564613163471227 -1.6978425979614256 1.1823530197143557 0.19444444775581363 -0.41683237254619593 -2.1666309833526607 -0.11320606246590613 0.99326175451278698
decision_type=1 10 10 1 10 8 10 10 8 8 8 10 10 10 10 8 10 10 8 10 8 10 10
left_child=1 4 -2 6 -1 8 7 19 11 13 22 15 -9 -6 -11 21 -15 18 -16 -4 -8 -3 -7
right_child=2 5 3 -5 9 10 20 12 -10 14 -12 -13 -14 16 17 -17 -18 -19 -20 -21 -22 -23 -24
leaf_value=-0.013136127056225883 -0.024599804580380785 0.0026264882574115276 5.9841040273703824e-05 -0.012419311072707273 -0.0015066254599094622 0.0046478111813313284 0.0098177798335888546 -0.0021032621528772758 2.8760978230296794e-05 0.0019540301462351709 -0.0034399927401743027 0.018951676108441597 0.0059699720641499645 -0.00029859394566834896 0.00021720739959363926 0.0095155467406247973 0.0063001395260707015 0.00045442581193569647 -0.0066071358708092017 -0.0070632718919760237 0.00044608680428083843 -0.00044582359512828441 4.3358715016741515e-05
leaf_weight=43.058061068528332 313.28968639452069 27.208965838610311 10.824302300083216 123.25659203914984 17.078052269440377 54.247032478946494 23.640608032030286 10.087414757290388 11.033735972785506 11.218991912406635 11.218124096005338 483.94382485200185 22.867507653398206 10.266239953925831 10.787087604665428 94.103778726406745 56.73461617299472 10.917372238589449 23.041386219192646 37.759175330924336 10.220209982537197 18.188711763941683 10.104797390333259
leaf_count=81478 584886 14148 9439 283067 17597 28319 12415 10422 6771 10262 15305 157985 15022 8691 10301 39857 42991 9413 21167 29778 7345 9273 11013
internal_value=0.000130026 0.0115039 -0.0175923 -0.00631777 -0.00423043 0.0157306 0.00254996 -0.00230039 0.017056 0.0012171 0.00220225 0.0173255 0.00366027 0.00405274 -0.00289799 0.00814566 0.0055508 -0.00455649 -0.00553978 -0.0062001 0.00900123 0.00175464 0.00430362
internal_weight=1445.1 893.151 551.945 238.656 183.102 710.049 115.399 81.5384 634.479 140.044 75.57 623.445 32.9549 84.0789 55.9648 139.501 67.0009 44.7458 33.8285 48.5835 33.8608 45.3977 64.3518
internal_count=1436945 484571 952374 367488 201900 282671 84421 64661 228034 120422 54637 221263 25444 69279 51143 63278 51682 40881 31468 39217 19760 23421 39332
cat_boundaries=0 1 2
cat_threshold=2208 5
is_linear=0
shrinkage=0.05


Tree=19
num_leaves=22
num_cat=4
split_feature=28 28 28 0 10 21 2 8 21 8 8 8 28 2 2 22 2 8 8 2 2
split_gain=207.341 20.0066 6.01855 5.87316 2.16459 1.74694 0.739186 0.627496 0.602391 0.51919 0.443076 0.263121 0.171304 0.158806 0.158221 0.0719459 0.0546068 0.041537 0.0409313 0.0213707 0.0897824
threshold=0 1 2 0.019700325094163421 4.0033133029937753 -0.22370743006467816 -0.71290719509124745 2.3401358127593999 1.4250644445419314 -1.0123077630996702 0.60428553819656383 0.048751221969723708 3 -0.059101242572069161 -0.59927263855934132 1.68229216337204 -0.22432653605937955 -1.3566228151321409 -0.66396129131317128 -0.59471622109413136 -0.71290719509124745
decision_type=9 9 9 8 8 10 8 8 10 8 10 10 9 10 10 10 10 10 10 8 10
left_child=1 3 14 6 5 12 -1 8 9 -7 11 18 -3 -4 -2 17 19 -10 -11 20 -5
right_child=2 4 13 16 -6 7 -8 -9 15 10 -12 -13 -14 -15 -16 -17 -18 -19 -20 -21 -22
leaf_value=0.0020921515647063923 -0.0047239430535601316 -0.0044420883714724425 -0.024322511225270294 0.001734558935639782 -0.0058395226599600994 0.0091739887426406826 0.022827424592500346 -0.0013914542130077524 0.00037599404665489245 -0.00033721840424052584 0.004219053354386347 -0.0033129880975158784 0.00061187085210691512 -0.0042069258904627238 -0.00031180733910135083 0.0013074024293336928 0 -0.0016662579834987425 0.0017285311954501751 0.0047205709907842293 -0.00098558528776091316
leaf_weight=15.617088006809352 36.670298933604499 12.145702791196525 498.72776722080016 16.654150386195397 18.876995902741328 97.767124523699749 498.38126983417897 10.348672454492769 11.553539488610111 10.656548299943095 27.594220783968922 11.37505444830458 10.460674189045678 25.041127282573143 39.8432219656097 10.908419378261895 10.210205995914292 11.552389588512598 18.213555059759532 33.667040593674756 10.074812295089943
leaf_count=2189 80202 6395 1047399 4101 18177 38070 24475 4260 3812 3019 9392 3281 13623 60990 98208 4095 1413 3632 4873 4358 1252
internal_value=-0.000118675 0.0155494 -0.0213766 0.0203526 0.00259678 0.00430321 0.0224476 0.00574432 0.0063389 0.00731475 0.0018372 -0.00117325 -0.00375125 -0.0234119 -0.00324099 2.54027e-06 0.00376423 -0.00101795 0.00117224 0.00408858 0.000669978
internal_weight=1436.34 836.057 600.282 584.605 251.453 232.576 513.998 209.97 199.621 165.607 67.8394 40.2452 22.6064 523.769 76.5135 34.0143 70.6062 23.1059 28.8701 60.396 26.729
internal_count=1437216 150417 1286799 37788 112629 94452 26664 74434 70174 58635 20565 11173 20018 1108389 178410 11539 11124 7444 7892 9711 5353
cat_boundaries=0 5 10 14 17
cat_threshold=5771296 3223325705 6291463 65796 5264 4096 1073743872 3 65536 4096 2166398978 139526402 1107364352 16782401 0 2097153 4
is_linear=0
shrinkage=0.05


Tree=20
num_leaves=25
num_cat=5
split_feature=28 28 7 28 7 0 21 21 28 0 0 13 8 8 7 21 8 7 21 23 21 23 28 4
split_gain=181.825 22.2875 5.27229 2.1771 1.744 1.42003 1.37043 1.29153 1.25733 1.22212 1.17971 0.877577 0.87022 0.437876 0.418249 0.262737 0.259406 0.219814 0.169547 0.151165 0.141653 0.128784 0.0921719 0.0824729
threshold=0 1 0.6993662714958192 2 1.0615890026092532 -3.109662532806396 -0.17897313088178632 1.8887424468994143 3 -2.8392175436019893 -0.5518239140510558 0.92999932169914257 0.68238222599029552 -1.1077956557273863 -0.8853040039539336 1.5119332075119021 2.1439605951309209 0.53482383489608776 -0.10111521184444426 -0.30246204137802118 1.8310145735740664 0.3646994829177857 4 0.8605065941810609
decision_type=9 9 10 9 8 10 10 10 9 8 10 8 10 10 10 10 10 10 10 8 10 10 9 8
left_child=1 2 11 5 6 19 21 -4 -2 -6 14 18 23 -12 -7 22 -14 -15 -1 -3 -20 -5 -8 -11
right_child=8 3 7 4 9 10 15 -9 -10 12 13 -13 16 17 -16 -17 -18 -19 20 -21 -22 -23 -24 -25
leaf_value=0.00073552278727069911 -0.002030908481431309 -0.0023731463830831156 0.027716514826461442 -0.0036004546039447704 0.0034075613885801298 0.00026076656182737467 0.0065137737774343275 0.0061800579951377414 -0.021901032594087218 -0.00044234069220805151 -0.0022470808723005849 -0.00043386069227371421 0.0025774557443318247 0.0045225790630190272 0.012724496375574582 -0.00027492555477037642 -0.0019479126245779282 -0.00046432637506032984 0.01089329887257455 0.0011471097492080438 0.00062174266813088709 0.00047127468873904549 -0.00016105206554404826 -0.0086355023934771499
leaf_weight=14.228180155419976 34.009206661809003 10.55169734280207 250.95762802881654 18.980619487992957 14.60168069055362 10.113717868196543 101.85346294721239 42.667905230075121 525.10231588088209 10.445375644179878 10.514017267589223 18.452285023930017 18.932133567912391 31.063490619068034 106.9655653447553 10.27909406503022 10.335930323373757 16.388705090386793 84.946385240094969 16.486714574479269 11.010375022888182 10.014876323184579 10.423229345877187 33.355655948151252
leaf_count=2330 70057 1424 8772 32062 9279 1145 51026 1644 1126546 5140 1594 1826 14864 3780 8595 5309 12757 1644 6726 1924 824 16178 24123 28015
internal_value=-4.76858e-05 0.0140055 0.0216784 0.00493784 0.00108616 0.00818579 0.00395078 0.0259561 -0.0210144 -0.00338693 0.00983265 0.00856757 -0.0056181 0.00175805 0.012078 0.00589005 0.000695619 0.00339438 0.00977111 -0.000810381 0.0103657 -0.00272266 0.00639608 -0.00801223
internal_weight=1422.68 863.569 422.263 441.306 239.222 202.084 151.551 293.626 559.112 87.6708 175.045 128.637 73.0691 57.9662 117.079 122.556 29.2681 47.4522 110.185 27.0384 95.9568 28.9955 112.277 43.801
internal_count=1437584 240981 22122 218859 198753 20106 128698 10416 1196603 70055 16758 11706 60776 7018 9740 80458 27621 5424 9880 3348 7550 48240 75149 33155
cat_boundaries=0 5 10 13 17 22
cat_threshold=2149101600 3227520009 6356999 69893 5264 4096 2048 0 65536 4096 0 1073741824 7 6291458 1114370 2560 16778240 1581056 2098185 0 256 1024
is_linear=0
shrinkage=0.05


Tree=21
num_leaves=17
num_cat=4
split_feature=28 28 28 7 2 28 18 2 18 13 2 13 2 2 2 13
split_gain=170.59 13.5743 12.3653 5.08853 2.56209 0.808083 0.68747 0.589616 0.332324 0.317433 0.393558 0.253088 0.543514 0.213058 0.136446 0.0916857
threshold=0 1 2 0.46819122135639196 -0.49508620798587794 3 1.0837501287460329 -0.087931249290704713 -0.96503090858459462 -0.52455884218215931 -0.047426126897335046 1.7249137759208681 -0.3936153352260589 -0.1263400390744209 -0.37572389841079706 -0.82237270474433888
decision_type=9 9 9 10 10 9 8 10 8 10 10 10 8 10 10 10
left_child=1 3 4 7 -2 9 8 -1 -7 15 -11 12 -8 -4 -6 -3
right_child=2 5 13 -5 14 6 11 -9 -10 10 -12 -13 -14 -15 -16 -17
leaf_value=0.0080580003305274883 -0.0076464571150697633 0.0021955826006546278 -0.022480828351200119 0.025161884898317916 -0.00021479851183652421 -0.0008187173337840739 0.0019638967304535511 -0.00070870915580047167 0.0051719279236840257 0.010183223613067163 0.00061329744951035912 0.0015372916203898663 -0.0046253860719518243 -0.0063374478575664445 0.0035713697352888203 -0.00070320553735225355
leaf_weight=88.0464557831001 69.641048485718784 24.159930561727379 462.25162564330094 315.18695377674885 20.733624192420393 11.967592326720476 13.802290786232332 12.269660387653856 66.92595459993754 146.23152539969306 19.642413338995539 16.228206844811211 33.347801910684211 51.653065689082723 54.644977312942501 10.214512728271073
leaf_count=9399 126801 4539 977047 11658 26297 9698 5583 1118 27954 12705 1660 6428 10872 124141 80299 1239
internal_value=6.66268e-05 0.015683 -0.0177019 0.0215709 -0.00271339 0.00637746 0.00195576 0.00707341 0.00425932 0.00832459 0.00947767 -0.00130892 -0.00262701 -0.021197 0.00281972 0.00136867
internal_weight=1416.95 758.023 658.924 415.503 145.02 342.52 142.272 100.316 78.8935 200.248 165.874 63.3783 47.1501 513.905 75.3786 34.3744
internal_count=1437438 102853 1334585 22175 233397 80678 60535 10517 37652 20143 14365 22883 16455 1101188 106596 5778
cat_boundaries=0 5 10 15 18
cat_threshold=1052672 1073744905 4194311 65796 5248 4096 2048 0 65536 4096 2154340386 2289238274 1109461504 16815169 16 0 1073741824 7
is_linear=0
shrinkage=0.05


Tree=22
num_leaves=28
num_cat=2
split_feature=27 2 2 27 18 9 8 2 10 21 21 22 21 23 7 18 8 8 8 21 9 8 8 16 9 21 18
split_gain=80.9333 19.1784 12.5687 4.43922 4.19937 3.10235 5.51308 3.08339 1.84974 1.45058 1.16862 1.02949 0.772381 0.76707 0.554994 0.471016 0.434958 0.29481 0.249264 0.233932 0.168405 0.135227 0.123637 0.0947258 0.06172 0.0384274 0.0245079
threshold=0 -0.5678245723247527 -0.49994313716888422 1 -0.11320606246590613 2.6755024194717412 -1.3171744942665098 -0.85816121101379383 7.6996207237243661 -0.092640448361635194 0.37010048329830175 0.44831608235836035 -0.50498807430267323 -0.34271092712879175 -1.1073716282844541 -1.0103991031646726 -1.259393513202667 -1.0676705241203306 -3.3275475502014156 0.28733883798122412 -0.23691809177398679 -3.3883705139160152 1.1429911255836489 -0.090996127575635896 -0.72175398468971241 0.67992636561393749 0.99657174944877636
decision_type=1 10 10 1 10 10 8 10 10 10 10 8 8 10 8 10 8 8 10 10 10 10 10 10 10 10 10
left_child=1 7 -2 5 10 6 13 -1 9 -6 17 15 -13 -4 -11 23 -14 -3 -15 26 24 -12 -19 -9 -16 -23 -17
right_child=2 4 3 -5 8 -7 -8 11 -10 14 21 12 16 18 20 19 -18 22 -20 -21 -22 25 -24 -25 -26 -27 -28
leaf_value=-0.011424737833837137 -0.021051259978453189 0.00090398325677431461 -0.0012918712138523798 -0.011106832332470052 0.00014293870695907603 0.0081316252693487013 -0.010676212195334694 0.00068225682084127473 -0.0011385455697166807 0.00044838527593416477 0 0.0022623521081621104 0.00025406288099887698 2.8925511754862762e-05 0.0037848784725464861 0.0057579051342883207 -0.0073987780668196114 -0.0052588559957597696 0.0086252379995024782 -0.00030404539092340337 0.015558490677558859 0.000505246028461342 4.3297410504576623e-05 -0.0023594120544947784 0 0.0062483600417154754 0.00034917898752763682
leaf_weight=43.110583249901538 300.76946252000926 15.465955667736123 14.474017728440229 79.425912564707687 18.706651679516654 42.829848415713059 57.078570359997684 11.316541350970512 11.623926737200234 10.334191699541405 10.372643891285405 12.939748111399238 18.946669276818284 11.142106212369976 17.909262377492269 39.068148193939123 23.150221020317986 15.131392134877389 28.483369878886155 13.924101219919974 519.83676175503933 15.079209246439857 10.035825650076729 10.091067498578921 14.993390291187096 23.38895583152771 11.225698959678992
leaf_count=81456 591223 10059 21389 184469 20124 41025 68206 10277 6826 5199 9044 16039 16169 16774 7886 30481 18312 11496 28634 9238 182566 6272 8976 10718 7597 7663 9082
internal_value=-0.000290682 0.0089558 -0.0146846 -0.00471539 0.0127226 0.000967619 -0.00336758 -0.00436422 0.0141482 0.0145275 0.00154962 0.000202081 -0.00353509 0.00571966 0.0149466 0.00305874 -0.00563217 -0.00298717 0.00762848 0.00450707 0.0151497 0.00497638 -0.00445563 -0.00132963 0.00314218 0.00561153 0.00537645
internal_weight=1400.85 866.651 534.203 233.434 682.878 154.008 111.178 183.773 593.404 581.78 89.474 140.662 55.0366 54.0995 563.074 85.6256 42.0969 40.6332 39.6255 64.2179 552.739 48.8408 25.1672 21.4076 32.9027 38.4682 50.2938
internal_count=1437200 485480 951720 360497 283708 176028 135003 201772 230198 223372 53510 120316 50520 66797 203248 69796 34481 30531 45408 48801 198049 22979 20472 20995 15483 13935 39563
cat_boundaries=0 1 2
cat_threshold=2208 525
is_linear=0
shrinkage=0.05


Tree=23
num_leaves=25
num_cat=2
split_feature=27 2 2 27 0 2 9 8 7 18 0 7 22 0 4 18 8 11 20 14 18 4 0 0
split_gain=73.2375 16.5893 11.8566 4.28582 3.64548 2.99064 2.6358 5.35024 1.86401 1.53328 1.26626 0.925024 0.906426 0.507527 0.498499 0.473653 0.4226 0.299364 0.279767 0.339982 0.228313 0.219963 0.205364 0.133265
threshold=0 -0.59471622109413136 -0.50895777344703663 1 -0.045467272400856011 -0.85816121101379383 2.6183086633682255 -1.3773785233497617 0.7158527970314027 -0.093664027750492082 -1.2523553371429441 0.51945453882217418 0.44831608235836035 -2.1015496253967281 1.3236421346664431 -1.1701824665069578 0.35977318882942205 3.8967709541320805 0.22619047760963443 1.2194836735725405 1.3323513269424441 -0.63315874338150013 -1.5581216812133787 0.74463737010955822
decision_type=1 10 10 1 8 10 10 8 10 10 10 8 8 8 10 10 8 10 8 10 10 10 10 8
left_child=1 5 -2 6 8 -1 7 10 -3 -10 20 16 15 -8 -9 -7 21 -11 -14 -20 -4 -6 -17 -13
right_child=2 4 3 -5 11 12 13 14 9 17 -12 23 18 -15 -16 22 -18 -19 19 -21 -22 -23 -24 -25
leaf_value=-0.011100724340955583 -0.020194711597940247 0.0061298352671651391 -0.0029633471382425193 -0.010654081870998621 0.001794573520442882 -0.001477632470738675 0.009136332670969206 -0.011610378736477302 -0.00049538234305742041 0.015909944348046257 0.0093014504861565414 0.00026588450033982673 0.00088617383478578637 -0.00020952195761454731 -0.00036449924298963715 -0.00033191959902882071 0.0059975783103971593 0.00090100650082967936 -0.0057320465406555908 0.00079405998199046568 0.0014275475199522524 -0.0024593575187336972 0.0053472319256575203 -0.0040491529436896224
leaf_weight=42.704270544782048 290.03390663104074 178.98976796239731 14.652791022032035 80.516482464940054 10.270404013106601 15.889550159990902 30.593449616761063 41.86690308956895 11.375779767855418 417.2707733422867 27.114102308725705 13.671752485228351 13.492904713290043 13.792123661783988 15.823614613866082 10.412048974685602 26.025231313018594 10.313881448993923 24.669780917669414 10.845047256123506 12.299884208870933 12.603831812040879 50.28355424979236 18.060101352428322
leaf_count=81329 584335 86555 25190 188109 4640 16544 25104 51761 6006 136555 23135 10927 12801 17405 20066 8668 15211 6397 23420 9384 17218 5937 37864 23043
internal_value=-2.58402e-05 0.00872248 -0.0138522 -0.00437834 0.012054 -0.00427714 0.00109641 -0.00294257 0.0132747 0.0152532 0.00590602 0.00115979 0.000514808 0.0076067 -0.0101736 0.00322966 0.00414726 0.0156906 -0.00316572 -0.00438165 -0.001269 -0.000559945 0.00461796 -0.00310352
internal_weight=1393.57 866.879 526.693 236.659 698.582 168.297 156.143 111.757 617.95 438.96 54.0668 80.6313 125.593 44.3856 57.6905 76.5852 48.8995 427.585 49.0077 35.5148 26.9527 22.8742 60.6956 31.7319
internal_count=1437604 485281 952323 367988 295271 190010 179879 137370 235513 148958 65543 59758 108681 42509 71827 63076 25788 142952 45605 32804 42408 10577 46532 33970
cat_boundaries=0 1 2
cat_threshold=2208 525
is_linear=0
shrinkage=0.05


Tree=24
num_leaves=29
num_cat=3
split_feature=27 3 2 2 27 10 8 23 22 7 15 19 11 22 15 7 14 23 23 27 18 6 18 6 4 23 23 8
split_gain=63.7119 16.0724 11.6706 5.63487 4.4995 3.49254 2.24592 2.06806 1.89014 1.28057 1.19622 0.767551 0.667705 0.610364 0.544833 0.47915 0.346328 0.307363 0.287331 0.222098 0.201794 0.170888 0.143252 0.0964169 0.0554013 0.0549623 0.130243 0.0322692
threshold=0 0.70346146821975719 -0.50895777344703663 -0.85816121101379383 1 5.9877984523773202 1.4111077189445498 -0.61497280001640309 0.96343624591827404 2.2431349754333501 1.995467007160187 -1.3392328619956968 3.7697429656982426 -11.347157955169676 1.0000000180025095e-35 1.1462894082069399 1.3565056920051577 1.407110929489136 1.1559408307075503 2 1.7908311486244204 -0.71081799268722523 0.19962713867425921 0.37414552271366125 0.10244760662317277 1.5309311151504519 1.3930304646492007 -1.2408406734466551
decision_type=1 10 10 10 1 8 8 10 8 8 10 8 10 8 10 10 10 10 8 1 10 8 8 10 10 10 10 10
left_child=1 3 -2 -1 6 12 7 19 9 13 -9 24 18 -5 22 16 21 27 -3 -4 -7 -13 -15 -23 -10 26 -20 -12
right_child=2 5 4 8 -6 20 -8 10 11 -11 17 15 -14 14 -16 -17 -18 -19 25 -21 -22 23 -24 -25 -26 -27 -28 -29
leaf_value=-0.010602234117588134 -0.019252922463500993 0.017656482078906067 0.0006281538599593469 -0.0011111041883358891 -0.010164667047962391 -0.003367657634604994 -0.006179916583882698 0.0098404033763449198 0.0033105889216334182 -0.0028735112193628855 0 0 0.00035128742038786356 -0.0018243902922926874 0.0075950114136467423 0.0014047014043850753 0.00052693291141333318 0.002348861033075945 0.0034875804667997019 -0.0043760167060145584 0.0010580744128857583 -0.0071372734389317342 0.0015820718119088691 -0.00025360124431898616 -2.0387349625483929e-05 0.0094960219461699205 -0.00027129416404250695 -0.0027770379872437811
leaf_weight=42.557412180452957 284.30342534455121 265.19518613272521 17.640789407349075 11.231418222290811 80.024555072945077 10.123485805961538 20.655321272672154 61.956170545279747 16.80871121292876 13.99755262347753 10.189379241928693 10.664846367508288 10.823872544147887 10.186846271652028 185.34583896232652 14.915621584135804 15.095711939968167 17.325960709247738 38.528938858988113 14.747182710838386 11.326289545293546 35.692300315669854 13.175472976014136 11.096501780615652 10.995741338585502 117.42062006911146 18.91600513306912 11.990247917434315
leaf_count=81643 584569 86955 21531 6625 188016 8830 27608 61993 10831 13014 14356 8778 5880 7676 111226 12946 12044 22475 12201 17573 6515 27981 10489 9542 8164 36927 6899 14055
internal_value=6.90481e-05 0.00821672 -0.0129383 0.000564006 -0.00368257 0.0140502 0.00172724 0.00441745 0.00309482 0.00533803 0.00719964 -0.00166512 0.0149266 0.00631461 0.00687106 -0.00360183 -0.0048251 -6.95268e-05 0.0152024 -0.00331753 -0.00185567 -0.00586871 -6.61942e-05 -0.00653075 0.00276247 0.00836004 0.00265304 -0.0023464
internal_weight=1382.93 864.098 518.833 391.764 234.53 472.334 154.505 133.85 349.207 233.937 101.462 115.269 450.885 219.94 208.708 87.465 72.5494 39.5056 440.061 32.388 21.4498 57.4536 23.3623 46.7888 27.8045 174.866 57.4449 22.1796
internal_count=1437342 485166 952176 320959 367607 164207 179591 151983 239316 149030 112879 90286 148862 136016 129391 71291 58345 50886 142982 39104 15345 46301 18165 37523 18995 56027 19100 28411
cat_boundaries=0 1 2 3
cat_threshold=2208 525 513
is_linear=0
shrinkage=0.05


Tree=25
num_leaves=24
num_cat=6
split_feature=28 28 13 15 28 21 21 10 10 8 9 28 8 28 21 8 2 18 6 2 11 28 21
split_gain=135.896 21.7058 8.71306 2.64556 2.58287 2.67448 2.45556 2.0405 1.18082 1.16111 0.898274 0.871343 0.748822 0.720365 1.63661 1.36133 0.485455 0.477738 0.249581 0.114347 0.0961607 0.0783915 0.0214367
threshold=0 1 0.40569508075714117 1.5257325172424319 2 1.8310145735740664 1.0000000180025095e-35 0.97400566935539257 1.08099901676178 0.90073898434638988 -0.17219249159097669 3 -1.4745743870735166 4 0.69069498777389537 -0.35268208384513849 -0.80432057380676258 0.26942189037799841 -0.53804606199264515 -0.08384001255035399 3.123741984367371 5 2.2291116714477544
decision_type=9 9 10 8 9 10 10 8 8 10 10 9 8 9 10 8 8 10 10 10 8 9 10
left_child=2 3 8 12 5 6 -4 11 16 -9 -6 -5 21 15 -15 -14 -1 -12 -13 -19 -18 -2 -7
right_child=1 -3 4 7 10 22 -8 9 -10 -11 17 18 13 14 -16 -17 20 19 -20 -21 -22 -23 -24
leaf_value=-0.0004445063545495811 0.0062682286350248181 -0.018725813428913468 0.0024805486930440587 0.0045673002509374755 -0.0011924593673650109 0.00040579904231652966 0.02770617140484324 -0.011193256265274131 -0.0022203510099258212 0.00049406659729538409 2.3031107286576582e-05 0.0010487338673191488 -0.0037888878383625819 -0.0073617573127742822 0.0039015465849628495 0.0067023471511583922 0.0079807935120868676 0.010907543438860599 -0.0038992847515444784 0.0018119213348231956 0.00033110577912852732 -0.00014468701590104988 0.0044699265670603604
leaf_weight=13.051052267197518 45.333237441125675 508.54529841228214 21.221305076644057 24.127520042078686 11.976498669086139 18.109043227974325 244.50954126627767 51.351574355387129 15.655176410189595 20.72976260559517 15.124912464525549 10.265598486104862 10.071947134303626 27.188661543637863 14.225783321526249 27.413849896256579 143.18199935150915 68.813919178646756 29.638526963288314 28.989187407947611 10.159088136570061 10.17925488061155 16.249930892605335
leaf_count=7434 16407 1109054 1610 15205 3353 1013 8528 41363 7520 22111 3799 13905 8958 20282 5685 43740 24180 11744 38567 5742 1919 24318 922
internal_value=0.000316356 -0.0130864 0.0171499 -0.000995145 0.0211621 0.0240917 0.0264193 -0.00511842 0.00595939 -0.00896541 0.00741835 0.00120059 0.00335488 -0.000166142 -0.00308304 0.00293631 0.00708731 0.00890326 -0.00242563 0.00977036 0.00770461 0.00611396 0.00389728
internal_weight=1386.11 779.071 607.042 270.526 424.994 300.09 265.731 136.113 182.047 72.0813 124.905 64.0316 134.413 78.9002 41.4144 37.4858 166.392 112.928 39.9041 97.8031 153.341 55.5125 34.359
internal_count=1437359 1359595 77764 250541 36711 12073 10138 131151 41053 63474 24638 67677 119390 78665 25967 52698 33533 21285 52472 17486 26099 40725 1935
cat_boundaries=0 5 10 15 20 25 30
cat_threshold=528384 1073743872 4194311 65796 4224 2152767522 2423391499 1075904512 6721 1040 4096 2048 0 65536 4096 2147483648 2153776385 2097152 1 1024 5283840 269484032 1075904512 1 16 5242882 2097153 0 2048 1024
is_linear=0
shrinkage=0.05


Tree=26
num_leaves=30
num_cat=7
split_feature=28 28 7 0 28 10 2 23 2 15 21 28 8 21 8 2 21 21 28 7 8 8 0 28 28 21 2 0 5
split_gain=116.471 19.513 9.97477 4.02589 3.16447 2.96831 1.19482 1.16716 1.12109 1.10138 0.978762 0.958071 2.24713 1.95022 1.04522 0.940958 0.919189 0.835642 0.622226 0.584863 0.393928 0.391895 0.37701 0.340149 0.274601 0.173157 0.161078 0.0448902 0.0385016
threshold=0 1 0.7158527970314027 0.046199444681406028 2 1.9077083468437197 -0.5771660804748534 2.4593923091888432 -0.29548090696334833 1.4824172258377077 1.1839519739151003 3 0.60428553819656383 0.39557400345802313 -2.8519879579544063 -0.63553956151008595 0.016172843985259536 -0.11824917420744895 4 -0.44421561062335962 -2.2121645212173457 0.90073898434638988 1.853870213031769 5 6 1.129208564758301 -0.20153322070837018 0.74463737010955822 -0.42785859107971186
decision_type=9 9 10 10 9 8 10 10 8 8 10 9 10 10 8 10 10 10 9 8 8 10 10 9 9 10 10 10 10
left_child=2 5 4 6 8 11 -4 17 -1 18 -9 13 14 20 -13 19 -17 -8 -7 27 -2 -11 -14 25 -19 -3 -20 -6 -16
right_child=1 23 3 -5 15 9 7 10 -10 21 -12 12 22 -15 28 16 -18 24 26 -21 -22 -23 -24 -25 -26 -27 -28 -29 -30
leaf_value=0.0020819921964084559 0.0017551571978893889 -0.0062199282828105523 0.00070673643422202619 -0.0016624367601477171 0.0040563602116499183 0.0035036562721454606 0.0011402930925489268 -0.0030663497868980653 -0.0079900157802904482 -0.011328933174688013 0.0062167633116510307 0.0018243243770481234 0.0064987457646648386 0.0082687316133636529 -0.0005445278945714479 -0.00068619290207850225 0.010647592055960194 0.025283387382031119 -0.0041826375011986315 -0.0028241174568189769 -0.0039787975796846033 -0.00037288562087217192 -0.00067380486613738779 -0.019463367389971654 0.0068374030500110115 0 0.00048674276647177502 0 -0.0087004555979068778
leaf_weight=18.387726950866636 10.74925622725277 69.856333945106599 10.689216336817479 12.053575690035357 14.334873903557311 10.882989256657309 10.255007154017219 10.649532185852879 16.297593412717106 32.03588257933734 12.080332370955146 14.062837990160913 22.639100506872637 65.152772531582741 10.058004697115392 12.509573036193613 130.86117621450103 241.77248776052147 16.49044869694626 19.930631640818319 30.667396553631988 14.03576284504379 11.49507659851224 410.67108624821412 79.267231852325494 10.606057981203774 10.221214480479832 10.090650032303527 32.320979923053528
leaf_count=15869 11508 157539 2099 2505 3530 7152 1418 1083 8945 33868 1155 14586 34142 37734 10815 1527 14290 8277 18610 4539 32757 15517 22903 898959 16378 24037 8668 2992 24370
internal_value=2.12031e-05 -0.0124152 0.0157224 0.0206212 0.00572076 -0.00122444 0.0214814 0.0219312 -0.00403797 -0.00713494 0.00268069 0.00215014 -0.00133776 0.00442958 -0.0059381 0.00785438 0.0097111 0.0227141 0 0.000666605 -0.0022899 -0.0099744 0.00505891 -0.0179747 0.0231432 -0.0052725 -0.00281154 0.00356585 -0.00816131
internal_weight=1371.12 771.945 599.18 376.767 222.412 280.812 364.714 354.025 34.6853 83.6663 22.7299 197.145 90.576 106.569 56.4418 187.727 143.371 331.295 37.5947 44.3562 41.4167 46.0716 34.1342 491.133 321.04 80.4624 26.7117 24.4255 42.379
internal_count=1437772 1353165 84607 32915 51692 272630 30410 28311 24814 83815 2238 188815 106816 81999 49771 26878 15817 26073 34430 11061 44265 49385 57045 1080535 24655 181576 27278 6522 35185
cat_boundaries=0 5 10 14 19 23 28 33
cat_threshold=528384 1073744904 4194311 65796 5248 2152767522 2423324995 1646331904 16784961 16 524288 1073741824 4194304 65796 2151677954 274727233 536872960 3073 16 5242912 269484032 1073741824 2049 153092096 185466880 2416056128 1410367664 24616 4096 2048 0 65536 4096
is_linear=0
shrinkage=0.05


Tree=27
num_leaves=25
num_cat=6
split_feature=28 28 13 28 21 21 28 5 28 23 10 5 21 28 8 10 18 21 15 1 1 8 6 10
split_gain=105.113 12.4092 8.65725 6.1902 4.00219 2.87931 2.75292 2.39296 1.87368 2.42035 1.67576 1.21963 1.15126 1.09791 0.863105 0.498161 0.466882 0.343262 0.241122 0.21365 0.19577 0.194008 0.139194 0.0583807
threshold=0 1 0.39167302846908575 2 0.66060861945152294 -0.02503116242587566 3 -0.52225002646446217 4 -0.39970621466636652 2.376646995544434 0.39971037209033972 0.59175434708595287 5 -2.2121645212173457 0.037650749087333686 0.58990398049354564 0.27884759008884435 0.78050091862678539 -0.073111224919557558 -1.8168425559997556 -3.5859211683273311 -0.86374551057815541 0.77598959207534801
decision_type=9 9 10 9 10 10 9 8 9 10 8 10 10 9 8 8 10 10 10 10 8 10 8 10
left_child=2 4 8 7 14 13 -7 -3 23 17 21 20 -11 -4 18 -14 -8 -10 -2 -13 -9 -6 -16 -1
right_child=1 3 5 -5 10 6 16 11 9 12 -12 19 15 -15 22 -17 -18 -19 -20 -21 -22 -23 -24 -25
leaf_value=0.0083332026677069761 0.0029063253336627992 0.004290216283399483 -0.0030851127379620414 -0.018778915655542027 0.00018374471957390698 0.022755598799395722 -0.00043237554630290946 -0.00092742007845123767 0.00012169662736723445 -0.0026961563488319602 -0.0032280754598777994 0.0023718061880981197 0.0084709582842579841 0.0055007740570474448 -0.00015087745608029012 -0.00045568455136125872 0.0072134613554352238 -0.0087212452550998586 -0.0015283651694311718 -0.0016555428363784364 -0.0099040618460356691 0.0089015856695033087 -0.0074669913637615331 0.00048734533441589442
leaf_weight=84.059896616192418 11.7327380287461 27.604519538319437 18.101048825570615 406.85864125004446 10.331568114255786 273.46321318810806 15.618737092925583 19.563554420106811 10.077418293876692 14.823210344780817 12.711995803401804 19.376899631708511 25.132542220380856 20.780194923470845 10.457754006944013 12.312467126597765 87.566423492171452 20.912974201230099 15.477127095160538 14.549812646029748 67.711535135662416 56.468205907454831 99.500587830130826 10.439450138132086
leaf_count=13899 12367 39511 3113 896659 10785 10530 4150 26711 6119 9222 13561 20170 4161 3875 14247 2739 17879 5729 19579 15781 92223 45134 149773 1337
internal_value=-0.000121692 -0.011902 0.0148928 -0.0156121 -0.00104712 0.0188076 0.0200449 -0.00402149 0.00425338 -0.00124154 0.00584026 -0.00687874 0.00413888 0.00223223 -0.0056158 0.00689633 0.0058765 -0.00748408 0.000962862 0.000627733 -0.00899899 0.00825191 -0.0070671 0.00745377
internal_weight=1365.63 772.345 593.288 555.665 216.68 415.53 376.648 148.806 177.758 83.2586 79.5118 121.202 52.2682 38.8812 137.168 37.445 103.185 30.9904 27.2099 33.9267 87.2751 66.7998 109.958 94.4993
internal_count=1439254 1356501 82753 1091055 265446 39547 32559 194396 43206 27970 69480 154885 16122 6988 195966 6900 22029 11848 31946 35951 118934 55919 164020 15236
cat_boundaries=0 5 10 15 20 25 30
cat_threshold=528384 1073743880 4194311 65796 5248 2151718946 2439054595 1109460992 1073747521 16 154140672 169738304 2952922944 319850672 24616 4096 2048 0 65536 4096 4096 0 5 0 5248 4096 2056 4 4 4224
is_linear=0
shrinkage=0.05


Tree=28
num_leaves=35
num_cat=7
split_feature=28 28 7 28 2 28 15 8 0 15 7 28 0 2 21 21 21 21 9 0 28 2 9 2 0 13 13 2 0 21 21 2 10 28
split_gain=94.9214 21.2766 5.53698 2.90422 1.34526 1.32418 2.71216 1.76661 1.40283 1.22463 1.09517 1.5737 0.960714 0.814341 0.65668 0.605405 0.52951 0.519534 0.495751 0.493772 0.441299 0.379078 0.35121 0.309359 0.306162 0.231214 0.214316 0.211058 0.162248 0.135371 0.056107 0.0793788 0.0513158 0.037224
threshold=0 1 0.7158527970314027 2 -0.85816121101379383 3 4.5929782390594491 -3.2101482152938838 0.41815508902072912 0.50286874175071727 0.92966261506080639 4 -0.39227971434593195 -0.14364806562662122 -0.10111521184444426 1.4512602686882021 -0.18802151083946225 1.8310145735740664 -0.55811685323715199 -2.9659184217452998 5 -0.79645365476608265 -1.3194444775581358 -0.57250526547431935 -1.6337514519691465 1.4721957445144656 0.57862398028373729 -0.77191397547721852 -2.6270205974578853 1.5424491763114931 -0.10111521184444426 -0.30468219518661493 1.08099901676178 6
decision_type=9 9 10 9 10 9 10 10 10 10 8 9 10 10 8 8 10 10 10 10 9 10 10 8 10 10 10 10 10 10 8 10 10 9
left_child=1 2 13 21 33 7 10 26 9 24 15 25 -8 14 -1 16 -7 -4 -11 -20 27 -2 -10 -16 -9 32 -6 -5 -13 -15 -23 -32 -12 -3
right_child=3 4 17 20 5 6 12 8 22 18 11 28 -14 29 23 -17 -18 -19 19 -21 -22 30 -24 -25 -26 -27 -28 -29 -30 -31 31 -33 -34 -35
leaf_value=-0.00057690930399672917 -0.0058664083260895061 -0.0044698111447849269 0.023665711361221142 -0.0032977389668834944 -0.0037176851329536065 -0.00051755775436554418 -0.0085667920611471673 -0.0026015002216645921 0.0022675551510465495 0.00010511031516096808 0.00096359997234989232 0 0.0014065408422479198 0.0010926864947958784 8.6841277553455619e-06 -0.0013266782305677628 0.0073814000763152299 0.0044888593800849691 0.00060057824280944057 0.013779643555395769 -0.018312177589264313 0.0009831887996831531 -0.0030323953539508181 0.0093772894227249562 0.0023530981333243083 0.0053044824363189464 0.00087779718187483381 0.0010522798126113096 -0.0066206694299969756 -0.0022832013543259591 -0.0018757003646417232 0.00054893399287704603 -0.0010648043422673051 1.8991742299256926e-06
leaf_weight=14.97206812474178 29.34590171968739 12.245219485746928 233.41547390032792 12.469213624615806 13.573595586931335 16.153390976949595 37.911421394281206 10.667069623130375 10.213731187744999 10.146210475693804 11.402697828831153 10.082370014715705 15.195666455692843 13.642164378368763 10.836396420228992 10.818169040852807 97.636228358940571 31.539222792256624 13.484172550903166 63.537574145491817 398.25114740412391 10.270733340628793 17.305868240422569 60.956253837357508 14.091138312898691 23.978659502128721 14.342809054171083 15.435325387603369 27.325764653243823 11.294610457844099 25.825731835342591 25.260508000181293 12.961908090946961 12.541075871296927
leaf_count=2574 59878 21211 8546 25633 8980 19808 17841 4422 2956 3888 10801 4798 11096 1150 1326 3566 50705 1844 3081 19145 889477 25163 5719 5521 6029 16608 4633 37405 9856 1034 56459 57238 12415 25034
internal_value=0.000146159 0.0103616 0.0183585 -0.0156639 0.00237387 0.00321692 0.000548025 0.00600151 0.00815212 0.00995481 0.00322127 -0.000892453 -0.00636638 0.00577055 0.00733752 0.00552574 0.00641386 0.0224739 0.0118027 0.0126564 -0.0175432 -0.00333193 -0.000807022 0.00858834 -2.69222e-05 0.00354931 -0.00224429 -0.00150335 -0.00524284 -0.000872829 -0.000284273 -0.000948826 -3.86538e-05 -0.00424924
internal_weight=1349.13 832.271 376.656 516.859 455.615 430.828 263.466 167.362 139.446 111.926 210.359 85.7514 53.1071 111.701 86.7647 124.608 113.79 264.955 87.168 77.0217 426.156 90.7029 27.5196 71.7927 24.7582 48.3433 27.9164 27.9045 37.4081 24.9368 61.357 51.0862 24.3646 24.7863
internal_count=1435840 284587 21995 1151253 262592 216347 157494 58853 45240 36565 128557 54478 28937 11605 9421 74079 70513 10390 26114 22226 952515 198738 8675 6847 10451 39824 13613 63038 14654 2184 138860 113697 23216 46245
cat_boundaries=0 5 10 15 20 23 28 33
cat_threshold=5812256 3495955721 6356999 65797 5264 4096 2048 0 65536 4096 2166358018 153026626 1644170048 1426104000 8192 4194304 1073742080 4194307 256 128 1581056 272629760 2097156 0 0 2147483648 34603008 32 5767168 270532864 4194308 256 128
is_linear=0
shrinkage=0.05


Tree=29
num_leaves=36
num_cat=8
split_feature=28 28 2 28 23 21 23 2 28 0 3 0 13 15 28 28 0 28 18 21 4 21 22 2 18 3 2 18 2 2 14 21 14 28 17
split_gain=82.7026 18.8539 4.15085 2.29077 1.71949 3.3906 1.62994 1.59989 1.34238 1.33722 1.20595 1.10331 1.03408 0.8672 0.841162 0.775589 0.772001 0.758319 0.742638 1.00484 0.710581 0.578157 0.454538 0.409339 0.375227 0.369443 0.276192 0.247154 0.236985 0.189659 0.145609 0.0611532 0.0449988 0.0237227 0.02082
threshold=0 1 -0.5678245723247527 2 -0.73295027017593373 1.0484188199043276 0.060832615941762931 -0.85816121101379383 3 -4.2334036827087393 0.17454044520854953 -2.72849428653717 1.2860236763954165 0.43222030997276312 4 5 -0.5518239140510558 6 0.18203595280647281 0.27884759008884435 0.42692594230175024 0.17341733723878863 1.5035274028778078 -0.64904385805129994 1.1207925677299502 1.4757797718048098 -0.309701457619667 0.091549139469861998 -0.30468219518661493 -0.3936153352260589 -0.72458094358444203 1.77891480922699 1.0364395380020144 7 0.6930186152458192
decision_type=9 9 10 9 10 10 8 10 9 10 10 8 8 10 9 9 10 9 8 8 8 8 8 10 10 10 10 10 10 10 8 10 10 9 10
left_child=1 2 6 26 5 -4 -1 33 9 -9 14 25 -7 30 22 29 23 24 -19 -20 -21 -6 -10 -15 -13 -12 -2 -16 34 -5 -11 -17 -32 -3 -18
right_child=3 7 4 15 21 12 -8 8 10 13 11 17 -14 16 27 31 28 18 19 20 -22 -23 -24 -25 -26 -27 -28 -29 -30 -31 32 -33 -34 -35 -36
leaf_value=0.0055063493330666452 -0.0045901699277974403 -0.0051659804898737359 0.011028951871504466 -0.004162400710111488 0.0031832548654343595 -0.0070585985281057407 -0.0056738406202751493 -0.0029884062998294363 0.0078109118464540972 0.0019160305190367576 -0.0011883373078813981 -0.0017372109569895695 0.0026482734028107839 1.3556721772219343e-05 -0.0032014817919292027 -0.018535076439571332 0.0027766782147521092 0.0012123816879411888 0.0017709887664035938 0.00031780458015719614 -0.0098572922487834887 0.021748131745693525 -0.00057613496295111919 0.01077470941265106 0.0038846597762913584 0.0051720169483991663 0.0004024120172590902 0.0013522596499082875 -0.0017461923193845979 0.00045015681943138977 -0.0018370869723115673 -0.001529424896816056 0.00035131489267223683 0 8.5351221485472029e-06
leaf_weight=15.171680259838466 63.659403717072564 12.65877230397018 42.508677761623403 34.635301989037544 24.177808778942563 18.272793587180786 15.211281467723895 11.474257231238878 38.493691029987531 13.782007116795283 10.066206694900758 14.113169364936768 11.237095240707278 10.581032824193242 20.18103913932282 359.95138921537728 23.10058385632874 16.959174046714907 10.216753338172564 15.600770425196972 60.625115144750453 245.18602713174187 10.559838449582456 86.425146173147368 14.556752464588497 14.734414275124434 24.397804658510722 13.092439830652436 10.075664477539247 15.738641028976415 20.25614109578601 10.649234650772994 10.053480178321477 13.826451337736218 11.883937953578423
leaf_count=2608 138697 20575 1962 78545 1392 1617 2258 6446 7375 6620 5094 19546 491 5146 40561 809493 9113 2964 2427 2634 11014 11743 2495 32030 20439 6007 55566 20305 3437 39496 8565 23562 4686 27969 4625
internal_value=-5.14492e-05 0.00942258 0.0170353 -0.0149565 0.0188215 0.00574123 -7.63891e-05 0.00205175 0.00299465 0.0054725 0.000143713 -0.00224274 -0.00395847 0.00676921 0.0038689 -0.0166723 0.00822301 -0.00399507 -0.00530467 -0.00698442 -0.00843421 0.0208567 0.00597253 0.0100388 0.00151577 0.0034549 -0.00328777 -0.00144056 0.00103725 -0.00287834 0.000151335 -0.0178733 -0.00128215 -0.0049575 0.00245345
internal_weight=1344.11 835.082 371.765 509.032 341.382 72.0186 30.383 463.317 436.832 197.632 239.199 156.872 29.5099 186.158 82.327 420.975 142.066 132.072 103.402 86.4426 76.2259 269.364 49.0535 97.0062 28.6699 24.8006 88.0572 33.2735 45.0602 50.3739 44.0916 370.601 30.3096 26.4852 34.9845
internal_count=1437503 292144 22071 1145359 17205 4070 4866 270073 221529 80668 140861 70125 2108 74222 70736 951096 54351 59024 19039 16075 13648 13135 9870 37176 39985 11101 194263 60866 17175 118041 19871 833055 13251 48544 13738
cat_boundaries=0 5 10 15 20 25 30 35 40
cat_threshold=5812258 3227520265 6291463 66885 5264 4096 2048 0 65536 4096 2166358016 421462082 1644235584 1426102912 8224 4718594 1288 4194311 256 128 1048608 1073741825 0 1024 1024 0 4096 2148668416 34603040 16392 40960 1077936128 2097152 68 16 5767170 2097408 4194308 0 128
is_linear=0
shrinkage=0.05


Tree=30
num_leaves=31
num_cat=7
split_feature=28 28 7 2 28 28 0 7 2 9 1 28 9 28 23 2 2 9 28 3 5 23 10 7 23 7 7 2 0 9
split_gain=75.3972 13.5698 9.27192 3.4451 3.07835 3.06391 2.88747 2.42695 1.40715 1.17582 1.12466 1.87867 1.26722 0.993269 0.962549 0.943177 0.842853 0.788592 0.605102 0.551752 0.322495 0.224661 0.20471 0.11228 0.108664 0.106678 0.0842998 0.0684332 0.0407065 0.0333491
threshold=0 1 0.7158527970314027 -0.80432057380676258 2 3 0.1227085404098034 1.265843451023102 -0.38004983961582178 -0.08537000790238379 -0.64374896883964527 4 0.018765966407954696 5 2.6661301851272587 -0.64904385805129994 -0.43051892518997187 3.1910111904144292 6 1.6449587345123293 -0.70160010457038868 1.0000000180025095e-35 0.44165684282779699 -0.74321076273918141 -1.624944746494293 -1.4060390591621397 1.6117652058601382 -0.075768519192934022 -0.63973692059516896 -1.0909090638160703
decision_type=9 9 10 10 9 9 10 8 8 10 8 9 10 9 8 8 10 8 9 10 8 10 10 10 10 8 8 10 10 8
left_child=2 -2 4 18 8 7 9 16 23 -4 11 19 13 28 24 21 22 -9 -3 26 -20 -6 29 -1 -11 -22 -7 -13 -12 -5
right_child=1 3 6 5 15 10 -8 17 -10 14 12 27 -14 -15 -16 -17 -18 -19 20 -21 25 -23 -24 -25 -26 -27 -28 -29 -30 -31
leaf_value=-0.00043522396628985558 -0.019101871686111684 0.00077963941111316927 0.00075141268884451086 0 0.0019084521755500128 0.0056312626116846532 -0.0013580083046725311 -0.0055129157397594136 -0.0077230817828859086 0.0016007682588932851 0.00010063572050802159 -0.0060010708847894299 -0.010242657176735642 -0.0042975366109891926 0.0011472066694236086 0.0086494106457687681 0.0097411851825970133 0.0023249736473434364 -0.00045069425575718601 -0.0015251002921818258 -0.00090693426568640156 -0.0021421561096235035 -0.0014743061777304205 0.0032800466302488149 0.019942028503255851 -0.013381771073972919 4.8983469932836549e-05 -0.00020544510230311805 0.0041914857651600074 0.002667972162677825
leaf_weight=11.433602351549782 223.8811252561427 10.959803683901553 13.806099883571731 10.222108287984154 21.1435058824718 46.717717557170545 11.71358332960517 42.594350531435339 31.957707025852869 10.606769907608394 12.267219157511137 57.755892729488551 80.164558802876854 22.632168003343395 14.32192967373703 121.49043499682739 44.229478313151048 14.149129109500789 10.245503842757897 15.802477670411461 10.395308478953664 15.928830772201762 19.891578430659138 15.707106439454945 303.61428867853829 80.374808232096257 10.184099316713398 11.08899929167819 18.596738559106598 20.069557725102644
leaf_count=7750 492737 20897 2033 22248 4666 17599 2288 79899 12446 1250 8881 139619 97352 53740 1504 12333 71110 21862 22407 6695 24312 2865 38177 7423 22902 161038 5296 27466 11247 37716
internal_value=3.69403e-05 -0.00994167 0.0130285 -0.00459036 0.00384312 -0.00202649 0.0178109 0.0030128 -0.00372953 0.018569 -0.00479259 -0.00110659 -0.00756589 -0.000495924 0.0191064 0.00676161 0.00690722 -0.00333809 -0.0109662 0.00337017 -0.0114062 -5.23552e-06 0.000744477 0.00238246 0.0196414 -0.0128182 0.00516914 -0.00515504 0.00328831 0.00227453
internal_weight=1333.95 762.223 571.724 538.341 217.661 426.366 354.063 151.156 59.0984 342.349 275.21 141.549 133.661 53.4961 328.543 158.563 94.4127 56.7435 111.975 72.7043 101.016 37.0723 50.1832 27.1407 314.221 90.7701 56.9018 68.8449 30.864 30.2917
internal_count=1437758 1360298 77460 867561 47483 638907 29977 271012 27619 27689 367895 196675 171220 73868 25656 19864 169251 101761 228654 29590 207757 7531 98141 15173 24152 185350 22895 167085 20128 59964
cat_boundaries=0 5 10 14 19 24 29 34
cat_threshold=528384 1073743872 4194311 65796 4224 1342311429 75506340 84451472 2818981896 66051 524288 1073741824 4194308 65796 71312002 275252552 538972232 1176012864 32 1081344 135528449 1073810176 270532608 1024 2148532256 2282967041 302188544 268437152 132112 2146336 2298511363 2183137280 20976657 9232
is_linear=0
shrinkage=0.05


Tree=31
num_leaves=39
num_cat=3
split_feature=2 27 7 27 0 8 23 23 8 27 18 14 4 9 8 18 14 9 2 13 7 2 9 9 9 8 7 2 8 9 9 6 2 8 2 8 23 0
split_gain=34.5707 13.7188 8.25811 5.81358 3.57272 2.77255 1.70502 2.67474 1.68043 1.60733 1.49844 1.09916 1.04915 1.23166 1.09972 0.936038 0.908929 0.844038 0.733761 0.673093 0.543901 0.530398 0.447277 0.429287 0.347344 0.308966 0.304547 0.300488 0.28061 0.277025 0.197995 0.177194 0.148814 0.11139 0.110916 0.100647 0.0946239 0.0785177
threshold=-0.63553956151008595 0 0.76603999733924877 1 -0.019252289086580273 -0.24035229533910749 1.1831398010253908 -1.0509907007217405 1.1886043548583987 2 1.10782927274704 2.1130477190017705 0.017023247666656974 2.8777685165405278 -0.9036235213279723 1.3448811173439028 0.9296870529651643 0.21938554197549823 -0.76781412959098805 1.7640868425369265 0.27259315550327307 -0.86171802878379811 -1.0000000180025095e-35 5.8964910507202157 1.9357554912567141 -2.2434310913085933 -0.28070496022701258 -0.33333332836627955 -3.3275475502014156 -0.36729352176189417 1.9722061157226565 -0.64183387160301197 -0.42578126490116114 -2.2121645212173457 -0.77191397547721852 -3.8126653432846065 1.3199677467346194 -0.045467272400856011
decision_type=10 1 10 1 10 8 10 8 10 1 8 8 8 10 8 10 10 10 10 8 8 10 10 10 10 10 10 10 10 10 10 8 10 8 10 8 10 10
left_child=3 2 8 21 6 9 7 19 12 28 24 17 14 15 29 16 22 -9 -5 30 -7 -1 -14 27 -8 -17 -23 -12 -3 37 -4 -20 -30 -18 -28 -24 -29 -2
right_child=1 5 4 18 -6 20 10 11 -10 -11 23 -13 13 -15 -16 25 33 -19 31 -21 -22 26 35 -25 -26 -27 34 36 32 -31 -32 -33 -34 -35 -36 -37 -38 -39
leaf_value=-0.0035798745711507021 0.0013834231340308228 -0.00054279620097451309 0.00075951857587009113 -0.017282775229556919 -0.0029720536529765245 0 -0.0037420431209303053 0.00053910562669216757 0.0072977155356705476 -0.0043401223561444968 6.7492912180613796e-05 0.0001641928538235868 0 0.0039758535057092424 -0.0028677570613001718 -0.0016077630658032638 0.0018818218859240163 0.018657594126138863 0 0.0049715905174596139 -0.011719043601842821 0.0034980578153274706 -0.00044019139881305581 -0.00032720940664591086 0.0017126990332728634 0.0035855376247533027 0.00098587984708764054 0.00067983802043117562 0 0.0068348011979689205 -0.0036227726986530172 -0.0058663487811020784 0.0060029114056435592 -0.001005700495923709 -0.0020005523084753556 -0.0091240123956200358 0.0093124211489475275 -0.0011035836303024782
leaf_weight=22.72712871740805 17.75038589384349 13.805398191048878 17.904039378161546 205.6504619361076 19.867137205103063 11.71824972964532 18.437736729931206 10.290966711836516 33.941903654034832 54.259964244483854 12.288695323877617 10.391730800067306 17.639778474040213 15.281920064735457 23.823743771426962 10.565912703154028 14.918392839987062 203.95758425780514 15.51642907146015 15.795039477554381 70.315530448235222 38.60552097420441 10.14426003070548 10.342494178999912 11.136703274038153 16.849718206372927 11.758496558730256 13.035663585062137 13.316139219372415 33.786452983011259 10.089862107342922 57.539589373103809 35.672686248959508 21.485055515062413 23.817887526849518 63.534806033072527 107.199341677755 10.038186378136741
leaf_count=47834 11399 25004 10406 416531 21551 26494 11405 5889 21445 135735 8702 5625 16735 7560 13535 9175 8463 71316 27088 7535 135805 31620 7128 3382 4503 11605 9006 5251 21219 15710 4752 104150 51346 13436 23202 38052 41913 5355
internal_value=-3.14658e-05 0.00504754 0.0079982 -0.0119679 0.0119314 -0.00552737 0.0128476 0.0155659 0.0011293 -7.24512e-05 0.0060458 0.0174434 -0.000732111 -0.00277797 0.00283182 -0.00427454 -0.00573471 0.0180729 -0.0149289 0.0017165 -0.0107167 -0.000205194 -0.0075677 0.00775781 -0.00183964 0.00177376 0.00179702 0.00833297 0.0038992 0.00537875 -0.00206577 -0.00514537 0.00523728 0.000523964 -0.000955755 -0.00863014 0.00888043 0.000288864
internal_weight=1325.2 949.585 750.498 375.616 460.737 199.088 440.87 268.429 289.761 117.054 172.441 224.64 255.819 170.42 85.3988 155.138 127.722 214.249 278.706 43.7889 82.0338 96.909 91.3188 142.866 29.5744 27.4156 74.1819 132.524 62.7942 61.575 27.9939 73.056 48.9888 36.4034 35.5764 73.6791 120.235 27.7886
internal_count=1436862 777431 381828 659431 202230 395603 180679 105523 179598 233304 75156 82830 158153 112154 45999 104594 83814 77205 547769 22693 162299 111662 61915 59248 15908 20780 63828 55866 97569 32464 15158 131238 72565 21899 32208 45180 47164 16754
cat_boundaries=0 1 2 3
cat_threshold=2212 1056 521
is_linear=0
shrinkage=0.05


Tree=32
num_leaves=37
num_cat=7
split_feature=28 28 7 2 28 23 28 7 0 28 1 28 3 2 23 2 21 21 3 28 0 0 0 2 18 3 21 21 10 16 16 10 7 2 15 0
split_gain=64.5908 14.1271 7.65163 3.83296 3.45544 2.70314 2.47169 1.7592 1.72514 1.1385 1.13696 1.54015 1.40766 1.12619 1.12383 1.05629 0.867668 0.708137 0.653281 0.61404 0.534572 0.450337 0.416313 0.186479 0.153359 0.139801 0.138522 0.132924 0.131463 0.122075 0.11112 0.09682 0.0781447 0.0687502 0.0411323 0.0384595
threshold=0 1 0.76603999733924877 -0.79645365476608265 2 -1.0509907007217405 3 1.332467317581177 1.0000000180025095e-35 4 -0.64374896883964527 5 -0.47508567571640009 -0.2907149195671081 2.6661301851272587 -0.60803893208503712 0.33678472042083746 0.055588703602552421 1.6449587345123293 6 -2.3980201482772823 -0.34435476362705225 -1.88501501083374 -0.52724301815032948 1.3845610022544863 -0.30714210867881769 0.13442228734493258 -0.083929847925901399 3.1995670795440678 -0.2080702409148216 0.52180179953575145 1.2390448451042178 -1.4307971000671384 -0.079764094203710542 3.3572387695312504 -0.21758259832859037
decision_type=9 9 10 10 9 10 9 8 10 9 8 9 10 8 10 8 10 8 10 9 8 8 10 10 10 10 8 8 10 10 8 8 8 10 10 10
left_child=2 -2 6 9 7 24 13 16 14 -3 11 18 19 -1 23 21 22 -17 29 -12 30 -8 -5 -7 -4 -18 -14 -23 31 -6 -9 -22 -11 -13 -24 -27
right_child=1 3 5 4 10 8 15 20 -10 32 12 33 26 -15 -16 17 25 -19 -20 -21 28 27 34 -25 -26 35 -28 -29 -30 -31 -32 -33 -34 -35 -36 -37
leaf_value=0.0020271709367408186 -0.018064118299369023 0.0011341578811660665 -0.0012162877432215621 -0.0031124167928208483 0.00010066598299224706 0.0015074757147524312 0.002883894930512824 0.0028622808858173986 -0.00015964921183035205 -0.00091115108059904915 0.0037161700615734278 -0.0054852184865107484 -0.001073413649689915 -0.0080513825690774303 0.00089060443627965848 -0.0008072567182156481 0.00033227853634134843 0.0092955520906140513 -0.0019596741530619427 -0.002765425070817906 0 0.0002718264045674321 0.0026408194575013003 0.020483446776051326 0.0023158462456662698 0.0089686777596681682 -0.010145257087870514 -0.0038581980005662087 0.00013917233858883607 0.0057069015652904927 -0.0006259084231724308 -0.0054802205349196173 -0.012610964619332674 -0.00015438927084558628 -5.9582010142326404e-05 0.00065833652411594675
leaf_weight=19.255094713604194 218.40002568192722 16.458716475361143 15.342033689579695 10.135618069907649 14.93949523946503 10.236567099811507 17.254118170822039 11.115532387586425 10.183429886674274 10.714092379217616 16.634310042427387 55.927016003537574 19.019241934583988 16.006707789420034 13.218028671049977 10.062747238582231 11.168406880286055 102.88498250799603 15.930162191943962 12.626152833021481 10.785987093186124 16.712617805867922 30.632786544840201 257.43055454458226 11.74733403418213 62.623668698841357 81.57660720939748 10.119067065767014 10.163883756831636 43.003363619311131 10.00026454855106 25.484159303014163 88.093770476334612 11.645759142338646 10.204321625351438 11.291982715556513
leaf_count=14603 490090 27874 2214 13904 5210 1985 3730 12128 2288 25457 13089 134858 29875 7918 1646 2345 16715 13334 6564 29848 13414 5851 49083 19424 1499 64882 93806 2224 17675 17075 15668 38392 180511 28476 17606 14298
internal_value=2.12643e-05 -0.00856103 0.0130949 -0.00369415 -0.00130831 0.0176643 0.00396932 0.00313243 0.0188811 -0.0103475 -0.00458033 -0.00095303 -0.00739491 -0.00405255 0.0195063 0.00623314 0.00590112 0.00839327 0.00304839 0.000996007 -0.0022732 -0.000104832 0.000120651 0.020125 0.000759153 0.00800066 -0.00938913 -0.00271785 -0.00419551 0.00502394 0.0018614 -0.00484481 -0.0113459 -0.00466832 0.00224963 0.00851738
internal_weight=1319.03 808.575 510.453 590.175 474.909 318.158 192.295 203.607 291.069 115.267 271.302 141.446 129.856 35.2618 280.885 157.034 136.057 112.948 73.873 29.2605 67.5498 44.0858 50.9727 267.667 27.0894 85.0841 100.596 26.8317 46.434 57.9429 21.1158 36.2701 98.8079 67.5728 40.8371 73.9157
internal_count=1435559 1356498 79061 866408 632566 29056 50005 273765 25343 233842 358801 192183 166618 22521 23055 27484 176488 15679 28849 42937 97277 11805 80593 21409 3713 95895 123681 8075 69481 22285 27796 51806 205968 163334 66689 79180
cat_boundaries=0 5 10 15 19 24 29 34
cat_threshold=4096 1073744128 4194305 65796 4224 1350700037 75506340 84451344 2818981896 66051 71869058 275252296 538972494 1176012864 32 0 1073742080 4194304 65536 36716576 2298511363 2183137280 20976657 9232 1048576 135270401 1073809920 270532608 1024 2718957600 2282835969 303171712 1696 132112
is_linear=0
shrinkage=0.05


Tree=33
num_leaves=30
num_cat=7
split_feature=28 28 9 2 28 0 23 28 9 0 28 23 0 16 0 13 2 22 28 22 19 2 28 2 4 4 3 2 14
split_gain=58.4454 14.7014 5.7648 3.83943 3.17703 1.70637 1.63398 1.31621 2.29283 1.45023 1.28709 1.08032 0.876321 0.847047 0.824796 0.592 0.584714 0.552068 1.12823 0.512902 0.481455 0.451863 0.346027 0.252433 0.124633 0.0652131 0.0530839 0.0266909 0.0206004
threshold=0 1 0.72611436247825634 -0.82786318659782399 2 1.9188377261161806 -1.0689331293106077 3 1.0434780716896059 -2.8791384696960445 4 2.6661301851272587 -1.7475131750106809 1.5756658911705019 -0.045467272400856011 0.092273458838462843 -0.64904385805129994 -0.21247410029172895 5 3.9623351097106938 -1.1900022029876707 -0.63094985485076893 6 -0.72991704940795887 1.6803684830665591 0.65047478675842296 0.56425943970680248 -0.051353154703974717 2.1130477190017705
decision_type=9 9 10 10 9 8 10 9 10 8 9 10 10 8 8 10 10 10 9 8 8 8 9 8 10 10 8 10 10
left_child=2 -2 6 10 5 13 20 8 12 -10 -3 14 -6 17 15 -4 23 18 25 -14 -1 -19 -23 -8 -11 -5 -18 -9 -17
right_child=1 3 11 4 7 -7 16 27 9 24 -12 -13 19 -15 -16 28 26 21 -20 -21 -22 22 -24 -25 -26 -27 -28 -29 -30
leaf_value=0.0017508807112635882 -0.017834785062232218 0.00087462913477065029 0.0018043883268353455 -9.7456969921551288e-05 -0.0023273042790406952 -0.0047588816712222613 0.0021062780531290802 -0.0076231989132258303 0.002846048182896588 -0.0085437095436305659 -0.011597442871296363 0.00038635573003627596 0.0066564109688616244 -0.0020503101940851712 0.00067225813769790452 0.018907354896418201 0.0080250723687009026 -0.00010832982261432185 0.0042714506673174899 -0.0010579152703154846 -0.0047328091111384814 -6.0456949305156509e-05 0.0087811378437098013 -0.0022588891911520773 -0.0003011224044883654 -0.0043010701404316313 0.00047928218720155719 -0.00057208657734702671 0.0020785209181222318
leaf_weight=11.973648829385636 202.57320281905413 22.490917182920384 17.770985439536162 16.309650200098986 15.879848243988816 18.469972673687153 20.184322105284082 125.56030553323217 13.683242481507476 47.310145288254716 84.044411005772417 12.476808364372117 66.373994969399064 17.584324171461049 11.754699761717346 262.49413403005747 72.902153023140272 16.129407077445649 51.978420552462921 10.10719647692167 26.057504917727783 19.81547282153042 72.815693335680407 12.661742783500811 10.112634459874242 18.287663676950615 10.639931796322342 11.565002536532118 14.143274417670908
leaf_count=2157 450069 52643 2898 17369 14217 34028 4962 306021 7597 23565 170161 1254 36756 28639 2057 15988 8763 28508 67010 6448 4562 21615 75969 2522 6782 13964 967 28612 1224
internal_value=6.41346e-05 -0.00769888 0.0131878 -0.00322033 -0.0011187 0.00289307 0.00379214 -0.00415726 -0.000516957 -0.00551785 -0.0101792 0.0169534 0.00384742 0.00446467 0.0174655 0.0179265 0.00617018 0.00536986 0.0012311 0.00558221 -0.00279966 0.00720761 0.00810796 1.54716e-05 -0.00795447 -0.00322602 0.00764075 -0.00699328 0.0185121
internal_weight=1314.15 841.092 473.059 638.518 531.983 231.391 154.419 300.592 163.467 71.106 106.535 318.64 92.361 212.921 306.163 294.408 116.388 195.336 86.5757 76.4812 38.0312 108.761 92.6312 32.8461 57.4228 34.5973 83.5421 137.125 276.637
internal_count=1437327 1389973 47354 939904 717100 287102 23933 429998 95365 37944 222804 23421 57421 253074 22167 20110 17214 224435 98343 43204 6719 126092 97584 7484 30347 31333 9730 334633 17212
cat_boundaries=0 5 10 15 20 25 28 32
cat_threshold=4096 2048 4194305 65536 4096 1342311429 75506340 84451344 2818981896 98307 71836290 1348994376 1610616910 1175456004 160 2148564992 2148864001 2297600 8954432 131088 44064800 3372384258 2183202816 20977237 9744 8192 274726912 2 0 1346372608 1610616832 1140852736
is_linear=0
shrinkage=0.05


Tree=34
num_leaves=29
num_cat=7
split_feature=28 3 28 28 28 10 2 1 28 16 15 0 0 8 10 17 10 15 16 4 19 0 8 10 4 2 28 28
split_gain=50.9524 10.3377 6.98376 2.68033 2.32028 1.82013 1.68848 1.16351 1.33493 1.03874 0.981927 1.13133 1.02074 0.960319 0.798792 0.711471 0.528411 0.48788 0.435953 0.336729 0.280686 0.270251 0.256517 0.232155 0.204793 0.174537 0.167924 0.120429
threshold=0 0.70346146821975719 1 2 3 8.2420296669006365 -0.63553956151008595 -1.3190220594406126 4 0.19064612686634066 0.060010103508830077 1.3882763385772707 -2.1015496253967281 -3.0517344474792476 0.95384839177131664 2.185401558876038 -2.8108969926834102 5.5403320789337167 0.93306282162666332 0.62233242392539989 -1.5651835203170774 -3.1595008373260494 2.9232069253921513 -1.332364499568939 -0.050956044346094125 -0.18774602562189099 5 6
decision_type=9 10 9 9 9 8 10 8 9 8 8 10 8 8 8 10 8 10 10 10 8 8 10 8 10 10 9 9
left_child=1 4 -2 5 10 15 23 8 17 19 24 12 -12 -14 -11 -3 -9 -4 26 20 -8 -18 -13 -6 -1 -10 -5 -27
right_child=2 3 7 18 6 -7 9 16 25 14 11 22 13 -15 -16 -17 21 -19 -20 -21 -22 -23 -24 -25 -26 27 -28 -29
leaf_value=0.0010459714523285966 -0.01742849803977296 0.016277463966022192 0.0055937107520875294 -0.00062807631452019589 0 -0.00096853947908742916 0.00073876898134629394 0.00075749887181176395 -0.0048455436693446525 0.0074369023240622809 -0.0011846979844181808 -0.0030993818161401737 -0.0010341408658983669 0.0099205589131494687 -0.0016441101971595143 0.00087336099158301633 -5.4198558524468603e-05 -0.0014232878768888422 -0.0027747943292317566 0.0014543541175996108 -0.0052342085806015119 -0.0077472075652343184 0.0015709294055809568 -0.0081567900371048996 -0.0034367976535088656 0.0013092775582712124 0.0034887314777042378 -0.0015578131131848867
leaf_weight=11.011284474574497 196.11573099443922 315.32679482644016 34.043897935785935 16.511762799331336 10.704545553788192 10.45076552723185 10.127281725493956 10.6183790328796 66.109312032305752 24.201016612583771 16.747663203976117 16.457019081397451 12.011289361718807 99.703735899616731 12.469713370548559 14.341634440701453 13.987413995811947 10.055241461435797 10.075647708057657 10.189457521351867 23.199427513769479 239.62671439383121 10.432825909520032 43.624768811263493 11.063168689957818 16.492006928951014 29.469255326301209 10.120443523846918
leaf_count=6436 440985 45921 39794 12197 18028 3444 5599 18237 122657 12121 4598 13271 5303 48692 9908 2202 23898 10279 14389 7229 16589 390323 15415 66904 3967 25259 28051 24786
internal_value=-0.00022902 0.00852307 -0.0104419 0.0135297 0.00139555 0.0148562 -0.00290333 -0.00519117 -0.00100126 0.00152039 0.0045271 0.00594539 0.00746341 0.00875624 0.00512421 0.0158238 -0.00700547 0.00364692 0.00075292 -0.00257906 -0.00400497 -0.00741819 -0.00137912 -0.00735824 -0.00195694 -0.0037434 0.00269927 -5.33239e-05
internal_weight=1305.29 708.119 597.169 396.176 311.943 340.119 134.516 401.053 136.821 80.1869 177.427 155.353 128.463 111.715 36.6707 329.668 264.233 44.0991 56.0567 43.5162 33.3267 253.614 26.8898 54.3293 22.0745 92.7218 45.981 26.6125
internal_count=1436482 340264 1096218 106204 234060 51567 136378 655233 222775 51446 97682 87279 58593 53995 22029 48123 432458 50073 54637 29417 22188 414221 28686 84932 10403 172702 40248 50045
cat_boundaries=0 5 10 15 20 24 29 34
cat_threshold=4763650 3496480072 6356999 67174724 5264 1350700037 75506308 84451472 2818981896 98307 4198402 6818112 4194307 65796 4096 12288 3221226496 5 65536 5248 84934656 135266304 1074793280 1377863681 0 3221226496 2097152 67108864 1024 256 1 4104 8224 4
is_linear=0
shrinkage=0.05


Tree=35
num_leaves=45
num_cat=7
split_feature=2 27 9 27 23 8 0 0 8 27 27 4 8 0 27 23 27 0 0 2 27 0 2 0 0 16 21 4 15 2 8 4 2 21 6 21 16 3 22 6 6 2 8 3
split_gain=23.7715 8.20075 6.19992 4.60459 2.61332 2.54686 2.01311 1.65885 1.50765 2.20497 1.4269 1.39819 1.72019 1.35725 1.3076 1.07393 1.54392 1.34452 0.965103 0.850715 0.807037 0.90703 0.776533 0.522315 0.628154 0.510433 0.492205 0.429416 0.531487 0.42857 0.179275 0.379423 0.175289 0.169195 0.16739 0.10459 0.0707724 0.0609546 0.0560023 0.0265974 0.235601 0.0925485 0.0243269 0.0234028
threshold=-0.63553956151008595 0 3.0236684083938603 1 -0.2617028802633285 -0.24035229533910749 -1.7802571654319761 0.51491352915763866 0.68238222599029552 2 3 1.1202440261840823 -2.9989523887634273 -2.1015496253967281 4 1.1831398010253908 5 -2.72849428653717 -0.85267689824104298 -0.77191397547721852 6 -2.9659184217452998 -0.53646060824394215 -0.435742437839508 -3.0127245187759395 0.036027781665325172 0.40395829081535345 0.5124417543411256 0.8597032129764558 -0.86917752027511586 -0.27707304060459131 0.71764940023422252 -0.1263400390744209 0.10992781445384027 -0.75781717896461476 1.4823046922683718 -0.62580859661102284 0.60006758570671093 -2.8374100923538204 -0.07988939061760901 -0.54986548423767079 -0.77191397547721852 -1.8722686171531675 1.7273040413856509
decision_type=10 1 8 1 8 8 8 8 10 1 1 10 8 10 1 8 1 10 10 10 1 10 10 8 10 8 10 10 10 10 8 10 10 10 8 8 8 10 8 10 8 10 10 10
left_child=3 2 4 29 8 14 -4 15 9 13 -9 12 -11 32 26 20 23 -18 27 -5 25 -22 -23 24 -17 -6 -3 -19 -29 -1 31 -15 -2 -10 -21 -8 -36 -24 -26 40 -31 -42 -33 -39
right_child=1 5 6 19 7 -7 35 10 33 11 -12 -13 -14 30 -16 16 17 18 -20 34 21 22 37 -25 38 -27 -28 28 -30 39 -32 42 -34 -35 36 -37 -38 43 -40 -41 41 -43 -44 -45
leaf_value=-0.0030017791776239273 -0.0045519453010373313 -0.0010855148355295389 0.016270567860374181 -0.014985076257824191 0.0030479093544360561 -0.010440532948684656 0.0017516764904188496 0.0040042223018011587 -0.00016826142690963875 0.0017231407986421565 -0.0056544711731567644 0.0016190229758471484 -0.013192793783794683 0.0068959401298506577 -0.0037748526607060059 -0.0010112090477856234 0.004487709409163528 0.00047375795793216035 0.0022472888616995534 0.00030092429674403299 -0.00011472671387948461 -0.0001307432169178203 0.0030198574678429744 -0.00086284304645461692 0.00059559212636040753 -0.0032805944709318625 0.0061574585942191411 0.00027270069905457298 -0.0093417086580640865 0.0022842877160834797 -0.00022308220307794459 0.00065285460590709242 0.00043899771106721249 0.0055627032400350114 -3.0811363496545086e-05 -0.0011442557665191765 -0.0051101436552575289 0.013521240665571499 0.0082161033887202788 0.0025005707012428205 0.00055917610959607146 -0.0025754450349263786 -0.00074581297453674275 0.0010634879182111273
leaf_weight=21.738067718033562 24.028759199209162 12.902073924371505 119.75767514262407 194.37074826435128 11.767677329669821 61.319756011056597 18.134006059524836 14.226480590121353 10.04160816723015 10.753740197716978 26.225331295179785 14.306495779048417 37.240642265984206 36.879600283893524 38.123986392369261 10.425446192442903 13.051389917818595 10.797698942202258 13.041631127183789 10.710913426650221 18.123432630571187 12.699740092590217 40.650934056728147 12.979337453201877 12.402291107209747 15.878710678982317 36.255719856446376 12.889439634265726 31.801633017108543 23.327178373394418 10.14719263432198 12.237446945597187 10.268338552457861 27.591604104833095 10.142311043993685 10.193618417062682 52.626046713878168 93.432451417451375 72.474300673493417 26.847857719199965 10.564598216500601 14.922658393043092 11.649928689745137 10.359893374115925
leaf_count=46181 19667 23211 48414 411619 15225 118774 13469 8540 10598 8652 33551 11686 27976 20061 94916 10047 5822 5213 7011 18957 8284 10023 24995 9432 10512 22481 40198 5032 11636 18981 6201 6980 6008 18562 19367 5602 97453 35054 61186 24477 8701 13724 8248 4391
internal_value=1.51759e-05 0.0042479 0.00621914 -0.0100155 0.00355435 -0.00515244 0.0141986 0.00557194 -0.000943761 -0.00304495 -0.00204904 -0.00762175 -0.0106257 0.001603 0.000600453 0.00651087 0.00268653 -0.00193234 -0.00473753 -0.0127343 0.00883094 0.00961173 0.0109786 0.00548476 0.00676057 -0.00026081 0.00419425 -0.00671364 -0.00783619 6.97811e-05 0.00475835 0.00536053 -0.00362429 0.00475295 -0.00411419 0.000580534 -0.00471131 0.0117635 0.00777324 0.00184085 0.000345718 -0.00170013 -4.70057e-06 0.0130603
internal_weight=1300.31 935.06 786.458 365.25 638.373 148.602 148.085 433.228 205.145 167.512 40.4518 62.3009 47.9944 105.211 87.2818 392.776 189.863 81.5818 68.5304 267.85 202.913 175.266 157.143 108.281 95.302 27.6464 49.1578 55.4888 44.6911 97.4004 70.9142 60.767 34.2971 37.6332 73.4793 28.3276 62.7684 144.443 84.8766 75.6623 48.8144 25.4873 23.8874 103.792
internal_count=1437118 777658 500559 659460 433074 277099 67485 288435 144639 115479 42091 48314 36628 67165 158325 246344 125891 34714 28892 547396 120453 82747 74463 91177 81745 37706 63409 21881 16668 112064 41490 35289 25675 29160 135777 19071 116820 64440 71698 65883 41406 22425 15228 39445
cat_boundaries=0 1 2 3 4 5 6 7
cat_threshold=2732 1056 2592 2176 259 548 516
is_linear=0
shrinkage=0.05


Tree=36
num_leaves=47
num_cat=0
split_feature=2 9 6 5 10 18 2 5 5 24 4 23 1 10 10 4 1 9 23 22 18 5 7 7 19 7 1 5 22 7 17 18 14 16 25 22 18 19 4 3 14 2 4 7 24 12
split_gain=22.1032 8.87954 3.0066 2.34079 1.97606 1.04504 0.949556 0.844685 0.792147 0.791862 0.72282 0.684313 0.651004 0.544242 0.451376 0.44075 0.376073 0.351008 0.304299 0.279867 0.278318 0.277213 0.222513 0.201293 0.190755 0.189476 0.179887 0.159021 0.154708 0.149371 0.136091 0.134945 0.124693 0.0941494 0.0790745 0.0780668 0.0698591 0.0681298 0.0499689 0.0499446 0.0419147 0.0352392 0.0330148 0.0324667 0.0313931 0.0307042
threshold=-0.80432057380676258 2.9500005245208745 -0.65472576022148121 1.0000000180025095e-35 5.3444323539733896 1.2071098089218142 -0.29548090696334833 -0.54036706686019886 -0.38291829824447626 0.96911633014678966 0.19796882569789889 -0.32172323763370508 -3.7925491333007808 -0.83805605769157399 2.0391587018966679 1.8739647269248965 -0.6915314495563506 -0.08537000790238379 1.8170177936553957 0.072965234518051161 2.0093111991882329 0.59676659107208263 0.56622439622879039 0.17510891705751422 0.038147006183862693 2.9544390439987187 2.9387741088867192 0.49137158691883093 0.96343624591827404 0.9954727590084077 -1.4666056632995603 0.49884380400180822 0.94729003310203563 -0.70785230398178089 0.8700397014617921 1.0000142455101015 0.12715152651071551 -0.79208448529243458 0.76903459429740917 -0.9651692509651183 -1.6746932268142698 -0.23883541673421857 0.95823457837104808 1.6954686641693117 -0.3784839510917663 0.70174336433410656
decision_type=10 8 8 10 8 10 8 8 8 8 8 10 8 8 8 8 8 10 10 10 10 10 10 10 8 8 10 10 8 8 10 10 10 8 10 8 10 10 10 10 8 8 10 10 10 10
left_child=8 2 11 7 6 10 -3 19 -1 14 17 28 42 39 22 31 32 23 20 36 33 -11 -7 26 -16 -6 35 -10 45 -21 -18 -13 41 37 -34 -5 -4 -15 -20 -14 -35 -12 -9 -23 -30 -2
right_child=1 4 3 5 25 9 -8 12 27 21 16 15 13 18 24 -17 30 -19 38 29 -22 43 -24 -25 -26 -27 -28 -29 44 -31 -32 -33 34 40 -36 -37 -38 -39 -40 -41 -42 -43 -44 -45 -46 -47
leaf_value=-0.0040587401960891041 0.0021614863308639797 -0.00018616269180748795 -7.7410807122705333e-05 0.0030654441436887888 0.0016625254774792473 5.9557084290089163e-05 0.01402910772126704 -0.00018055455362227132 -0.01591513308285538 -0.0027064238657938163 0.00021013552531408313 0.0015359321649158998 0.0011728342608348385 0.00067230299181641703 0.002075476092656665 -0.0003385036008687915 6.9079426813588142e-05 0.0044524222017499572 -0.0012845559927412748 -0.0026341092963985211 0 -9.622432339085204e-05 0.0084868900823222206 -0.0024224185779150036 -0.0017712518081786828 -0.0021659263964690493 -0.0013329551216402704 -0.0016242468989285869 0.00018109529352031549 0.001024970611656211 -0.0050730345259426225 0.0090103904866754309 0.0023066381501351276 -0.00059488756172986466 -0.0005267557624021675 -0.00025379144365159328 0.0033555204299986702 -0.0017960049675018828 0.00068438146994948641 -0.00072824668020016496 -0.0074625037645964544 -0.0017332136378579159 0.0019210272344899635 0.0021884403637117264 -0.0018327844430449946 -7.1305820444381605e-05
leaf_weight=69.800395146099618 24.867383645061636 10.372424488217801 12.324563189788021 21.668891699315285 19.294333703728626 10.525478992974966 148.44216596524348 10.074945275831853 129.96864103220287 19.781112822820432 14.783874684624605 33.521224272873951 13.593670302303506 11.245260447685725 15.152396125908124 12.172101923730223 11.198781837651039 30.899534234034945 11.00342724901566 18.617771817705943 17.010434511641506 10.086277645299562 55.839975465787575 14.04796941076347 13.75716069043847 10.454569999856178 10.361618793220257 15.164746776790706 10.337678175914336 10.051372306275882 42.896258977489197 75.311486034333939 21.224957293175979 13.136185833485795 10.640554911718935 10.696614915344975 23.761075864211307 12.800468289176932 19.476422217456275 25.172291518145357 158.14724155527074 17.801098241485306 10.789738427745759 12.428265745344104 12.914521935948867 10.250059863989007
leaf_count=140951 24303 8975 13713 23330 15497 11230 75551 12724 265811 16550 18151 39691 17373 11676 12297 16122 11303 25784 13580 21313 16655 8232 31288 15571 16029 12435 9876 31791 10657 9511 43173 61126 18420 15124 11536 14649 20473 14017 20908 27631 174355 14498 9746 8158 14033 10737
internal_value=-8.59505e-05 0.00296368 0.000626147 -0.00091417 0.0115357 0.00190817 0.0132545 -0.00348054 -0.0130837 0.00461762 -0.000428187 0.00562177 -0.00447038 -0.00507115 0.0063958 0.00722987 -0.00257255 0.00231619 -0.00581027 0.00103252 -0.00636787 -0.000628616 0.00779318 -0.000340132 0.00021914 -0.000134629 0.00122762 -0.0152463 0.000444283 -0.0014516 -0.00443862 0.00794791 0.000204866 -0.00679688 0.00155557 0.00241961 0.002761 -0.000899641 -0.00032075 0.000167191 -0.00721183 -0.00119756 0.00142429 0.00173536 -0.00135671 0.00179198
internal_weight=1293.87 1078.93 890.37 710.996 188.563 343.791 158.815 367.205 214.934 137.571 206.22 179.374 302.45 281.585 95.275 121.005 118.546 87.6746 242.819 64.7548 212.34 42.2957 66.3655 56.7751 28.9096 29.7489 42.7271 145.133 58.3696 28.6691 54.095 108.833 64.4505 195.329 31.8655 32.3655 36.0856 24.0457 30.4798 38.766 171.283 32.585 20.8647 22.5145 23.2522 35.1174
internal_count=1436554 998001 885543 708874 112458 310075 84526 398799 438553 103784 206291 176669 333789 311319 70844 116939 117081 89210 266315 65010 231827 32940 42518 63426 28326 27932 47855 297602 59730 30824 54476 100817 62605 215172 29956 37979 34186 25693 34488 45004 189479 32649 22470 16390 24690 35040
is_linear=0
shrinkage=0.05


Tree=37
num_leaves=47
num_cat=0
split_feature=2 9 2 0 18 0 0 6 18 14 6 4 8 8 21 4 11 13 13 18 2 21 9 21 21 18 5 16 9 16 16 16 15 21 8 0 5 18 13 8 19 11 21 5 5 18
split_gain=20.588 6.8625 3.48838 3.12164 2.43902 2.54345 1.10267 0.977572 0.959525 0.939252 0.919213 0.868353 0.662823 1.60184 0.708515 0.626726 0.552678 0.552063 0.547919 0.503116 0.479156 0.719629 0.451853 0.318811 0.279296 0.268585 0.219889 0.266332 0.214638 0.204346 0.196135 0.192961 0.18198 0.166518 0.189832 0.158853 0.115895 0.104748 0.0740597 0.0705726 0.0615684 0.0504581 0.0465657 0.039137 0.0255349 0.0214436
threshold=-0.63553956151008595 3.0236684083938603 -0.85816121101379383 -1.7802571654319761 1.4626923203468325 -1.7311416864395139 -0.435742437839508 -0.60291439294815052 0.19962713867425921 2.1934180259704594 -0.68169167637825001 2.1386272907257085 1.0248808860778811 -1.3773785233497617 1.1648853421211245 1.2065429091453554 -0.15814387053251264 0.39167302846908575 -0.93068400025367726 1.1330821514129641 -0.22432653605937955 1.6492661833763125 2.215911984443665 0.38686366379261022 0.24594356864690783 -0.66566616296768177 -0.60480669140815724 -0.77974641323089589 2.0483647584915166 0.66439896821975719 0.029084380716085437 1.0230266451835635 0.13403196632862094 0.30366499722003942 -2.0624583959579463 0.74463737010955822 -0.4543840736150741 0.78802570700645458 0.83520027995109569 -4.4626240730285636 0.23157660663127902 -0.64764145016670216 0.078547149896621718 0.26683942973613745 -0.078027404844760881 0.039094129577279098
decision_type=10 8 10 8 10 10 8 8 10 10 8 10 10 8 8 10 8 10 8 8 10 8 10 8 8 10 8 8 10 8 10 10 8 10 8 10 8 10 10 10 10 10 8 10 10 8
left_child=2 4 36 9 5 8 11 35 28 20 -4 17 13 14 33 18 37 -6 -15 -5 -3 -22 39 42 -13 -14 -12 44 -2 30 -24 -27 -18 -9 45 -7 -1 -10 -34 -19 -16 -21 -20 -29 -28 -35
right_child=1 3 10 19 6 7 -8 12 16 -11 26 24 25 15 40 -17 32 22 23 41 21 -23 29 -25 -26 31 27 43 -30 -31 -32 -33 38 34 -36 -37 -38 -39 -40 -41 -42 -43 -44 -45 -46 -47
leaf_value=-0.0034982223850173882 -0.008887251080145691 0.00090842943837356942 0.0018264546068144224 0.0028541510839256291 -0.00072112573278811055 0.0057831593665672934 -0.0023847479240715029 0.0013650864213787754 -0.00042802184241490856 0 8.4976359426494733e-05 0.0019661721225968441 -0.00094092936725906828 0.00088011697751349475 0.0060773486130902294 0.0013781229018041017 0.00062156115075951671 0.00058337251074863086 -0.001294574286781065 0 0.016462201429049295 0.00082764337565674722 -0.00073609193957645865 -0.0084199490149628672 -0.0027084037690277159 0.0050117981960994982 -0.00073026512630394009 -0.0065155801818247011 -0.00014228773047920623 -0.0014723902294740338 0.0038402549338301534 -0.00017297072301565507 0 -6.6492172731268497e-05 0.00090580845434140404 0 -0.015310526065595874 0.0029053072539981474 -0.0043956028214817092 0.0095346112758736192 0.00025621031766678777 -0.003818721665194048 0.00067960822266075014 -0.00094503069015492011 0.00072106886083913137 -0.0034127539692756755
leaf_weight=40.028638793752179 48.863725768838776 13.335803751178899 38.002257142099552 10.052578099290256 10.081087597922304 78.848932843538933 14.888655342932905 16.855243003068608 14.03044189691718 10.870527744293211 16.994923059770372 13.252356640703509 12.03697619550803 12.13688544143224 25.112251068785554 14.159657104333744 10.788820335656053 10.369530944430151 10.882382632233204 10.047470124132815 111.45922507425712 14.18359026868711 13.214579631428935 50.062407189252554 16.082032716862162 40.983188250655076 11.04930980896461 94.679448793031042 10.593792884086723 10.880917376183787 14.511855600110719 16.066698782553431 11.747148946989908 10.642759904483681 16.011030631692847 14.174298090176306 125.39668641320895 30.576825412892504 37.433094218169572 112.74869009607937 11.692679152154595 15.883006667529116 11.611959616944661 25.114663393280352 10.161613133532226 22.429274043141049
leaf_count=90297 71005 10702 54650 6643 8662 65749 17958 20685 13994 8303 23308 15986 11991 11182 13822 12399 9884 11761 13820 8823 49373 6570 7911 36454 16699 43059 16954 147461 9409 8718 8805 12565 11940 9850 15825 16520 270786 24335 33548 75266 7279 15837 11863 39803 15052 22347
internal_value=1.62544e-05 0.00396139 -0.00936687 0.0114224 0.00148887 -0.000431041 0.00539734 0.00188536 -0.00483108 0.013881 -0.00342856 0.00635338 8.40781e-05 -0.00136817 0.00246905 -0.00487969 -0.000884779 0.00743984 -0.00608624 -0.0008762 0.0147034 0.0154637 0.00802233 -0.00717598 -0.000625351 0.00315895 -0.00485175 -0.00533943 -0.00815155 0.00114629 0.00252437 0.00410614 -0.00312324 -0.000820773 -0.00193194 0.00523008 -0.0139508 0.00213191 -0.00389436 0.00919582 0.00549842 -0.00331537 -0.000440652 -0.00599936 0 -0.00308426
internal_weight=1291.03 929.602 361.428 185.832 743.77 527.74 216.03 363.707 164.034 149.849 196.002 201.141 270.683 201.597 102.743 98.8533 104.576 171.807 84.6936 35.9831 138.979 125.643 161.726 72.5567 29.3344 69.0869 158 141.005 59.4575 38.6074 27.7264 57.0499 59.9691 65.9383 49.0831 93.0232 165.425 44.6073 49.1802 123.118 36.8049 25.9305 22.4943 119.794 21.2109 33.072
internal_count=1435853 777542 658311 106251 671291 499525 171766 325410 174115 74948 297228 153808 243141 175526 89808 85718 93701 121123 73319 31303 66645 55943 112461 62137 32685 67615 242578 219270 80414 25434 16716 55624 55372 68707 48022 82269 361083 38329 45488 87027 21101 24660 25683 187264 32006 32197
is_linear=0
shrinkage=0.05


Tree=38
num_leaves=36
num_cat=11
split_feature=28 28 28 9 23 0 21 21 16 28 13 16 1 24 28 28 18 16 28 21 4 21 4 28 18 28 28 16 4 28 24 18 17 10 14
split_gain=44.0447 8.86028 7.44712 4.37151 3.70486 3.22646 2.569 2.83103 1.64843 2.04702 1.50255 1.65631 1.01957 0.986368 0.818979 0.794226 0.725249 0.715895 0.637602 0.635326 0.596414 0.583715 0.55033 0.5446 0.538893 0.515927 0.435007 0.346371 0.282724 0.278347 0.257482 0.0888342 0.113023 0.0627277 0.0609046
threshold=0 1 2 3.4750337600708012 -0.59543713927268971 1.7356243133544924 1.77891480922699 -0.13542651385068891 1.0415292978286745 3 1.6854567527770998 -0.052608471363782876 0.7834782898426057 -0.5762033462524413 4 5 2.0790140628814702 0.65265902876853954 6 1.3038127422332766 -1.022703945636749 1.3502571582794192 0.069458749145269408 7 1.3845610022544863 8 9 -0.31489223241806025 0.10244760662317277 10 1.0417136549949648 1.1945245265960696 -0.056571213528513901 3.3326275348663335 -0.54720109701156605
decision_type=9 9 9 10 10 8 10 8 8 9 8 8 8 8 9 9 10 8 9 8 8 10 8 9 10 9 9 10 8 9 10 10 10 8 8
left_child=1 6 -2 4 13 10 7 -1 9 12 11 27 15 29 28 19 -5 25 -10 33 -15 -11 -17 -19 -8 -12 -22 31 -14 34 -13 32 -6 -4 -3
right_child=2 3 8 16 5 -7 24 -9 18 21 17 30 14 20 -16 22 -18 23 -20 -21 26 -23 -24 -25 -26 -27 -28 -29 -30 -31 -32 -33 -34 -35 -36
leaf_value=-0.00025670917267222161 -0.016309042638235103 0.00020037726399335355 0.0076219681009288337 0.014721073417606 -0.0016266876537960771 -0.0056462301608979559 -0.0030425443430318645 0.021068847164166141 0.00074373499040531811 -0.0063377229390365599 0.0047091454866497479 0.011314403039657646 0.0037483490629907842 0.00066074854251068802 -0.0056569783619927448 0.0028427022894700125 0.00059535746261289582 -0.0057706627860068232 -0.010463326378768741 -0.0010103114567744343 -0.0091995059905676298 0.00078182964439365795 -0.0032371414407846438 0.0016205134813096344 0.0035829358361146226 -0.0018444952012988316 0.00062441776203986073 -0.0024021053861195138 -0.0012306949995784858 0.0024684960778485724 0.0023598565297756596 0.0031888897263661615 0.0014307113138287545 0.00041009954455986766 -0.0025555469723334699
leaf_weight=15.142978231451705 188.21682805915771 15.134801223102839 51.525433196788072 43.652615904939012 10.697774817861502 28.75356673214992 10.372661057394 140.75199214721215 13.46841557198786 174.77728357180604 14.226288996389485 105.60237979701196 15.588596161163876 11.863386717624961 23.081837179881404 14.32803488022182 15.739775310532421 13.425591626146343 60.151644691781257 14.811905848939203 43.702018013966153 19.954361111493199 43.170038560827379 10.05408586160047 12.82066871318966 11.395311374086305 12.180912226991493 22.118104862049222 15.765517504565652 21.582791326101869 43.797552070158417 16.363731911449577 10.004484789358683 10.798155809112357 12.488202161694064
leaf_count=1949 433090 21164 28375 15363 9317 48203 1039 8738 30181 379831 5822 73360 9113 15298 17903 11523 6801 8486 71852 6355 24614 29937 25716 8376 830 8082 26691 18436 8397 11666 32242 8691 8508 7713 14012
internal_value=-0.00012535 0.00874589 -0.00894389 0.0040072 0.00147134 0.00437049 0.0168917 0.0194138 -0.00436389 -0.00243297 0.00624035 0.00778239 0.00122238 -0.00478169 -0.00292122 0.00332842 0.0130064 -0.000881287 -0.0096873 0.0053471 -0.00728736 -0.00535812 -0.000968009 -0.0041534 0.000497257 0.00281473 -0.00853713 0.000187794 0.00175046 0.000551851 0.00996438 0.00228263 -0.000111555 0.00715573 -0.00161647
internal_weight=1287.51 641.872 645.638 462.783 403.391 286.439 179.088 155.895 457.421 383.801 257.685 208.584 189.07 116.952 54.436 134.634 59.3924 49.1013 73.6201 77.1355 67.7463 194.732 57.4981 23.4797 23.1933 25.6216 55.8829 59.1841 31.3541 49.2058 149.4 37.066 20.7023 62.3236 27.623
internal_count=1437674 377688 1059986 365132 342968 229523 12556 10687 626896 524863 181320 150554 115095 113445 35413 79682 22164 30766 102033 42443 66603 409768 37239 16862 1869 13904 51305 44952 17510 46842 105602 26516 17825 36088 35176
cat_boundaries=0 5 10 15 20 25 30 35 37 41 45 49
cat_threshold=4763650 2422738248 6291457 100729156 5264 4096 0 0 65536 4096 1350700037 75506304 84451472 2818981896 98563 2232418336 1380353 1644382540 269520385 131104 32 327681 33751116 1081857 131072 84934656 262144 84044 269486081 131072 2147483848 1224867840 1108612608 1094719152 27140 4202498 271059008 4718594 4720640 4194304 33554688 8194 2099456 1 67108864 4235266 273154048 1 100663616
is_linear=0
shrinkage=0.05


Tree=39
num_leaves=43
num_cat=3
split_feature=2 27 9 7 15 8 4 0 0 8 27 10 18 8 10 8 11 18 27 8 8 2 7 14 0 1 9 8 0 2 9 13 8 11 18 6 5 6 10 8 7 7
split_gain=17.5943 8.78189 6.57748 2.77244 2.65404 2.29042 2.16127 1.87702 1.49173 1.45089 1.07556 1.06746 1.0457 0.889232 0.879002 0.757288 0.599848 0.657661 0.58663 1.3131 0.531399 0.470041 0.469993 0.464902 0.446797 0.430989 0.3028 0.269179 0.232956 0.207746 0.204903 0.195358 0.193484 0.1832 0.144077 0.0545599 0.069005 0.0531454 0.0503332 0.0475323 0.0442298 0.0397541
threshold=-0.80432057380676258 0 2.9500005245208745 0.76603999733924877 7.4285361766815194 0.31791622936725622 0.051766464486718185 -1.7802571654319761 0.45116990804672247 1.1886043548583987 1 5.166346788406373 1.3195794224739077 -1.259393513202667 7.2623422145843515 -3.3883705139160152 -0.99999991059303273 1.846473813056946 2 1.042320787906647 -2.6776640415191646 -0.40739630162715906 0.81555521488189708 2.1130477190017705 0.77741083502769481 -1.3382687568664549 -0.21527080237865445 0.92539876699447643 -0.39227971434593195 -0.87967297434806813 3.4750337600708012 0.092273458838462843 -3.2101482152938838 -0.97973257303237904 -0.11320606246590613 -0.51034450531005848 0.25266405940055853 -0.71081799268722523 6.5362696647644052 1.9764251112937929 0.35510054230690008 -1.5399705171585081
decision_type=10 1 8 10 8 8 8 8 10 10 1 10 10 10 10 8 10 10 1 10 10 10 10 10 10 8 10 10 10 10 10 10 10 10 10 8 10 8 10 10 8 8
left_child=10 2 3 6 8 21 13 11 14 12 29 -4 15 24 23 31 -6 -18 27 -20 -14 28 32 26 -2 35 -5 -15 -3 -1 -24 -8 -23 -9 -28 -17 -37 -27 -13 -29 -7 -12
right_child=1 5 7 4 16 40 9 33 -10 -11 41 38 20 18 -16 25 17 -19 19 -21 -22 22 30 -25 -26 37 34 39 -30 -31 -32 -33 -34 -35 -36 36 -38 -39 -40 -41 -42 -43
leaf_value=-0.0025312327239620336 0.0069417388922747188 -0.0042104814994871594 0.015924125043974981 0.00024629783618319813 0.0019120970437242876 -0.0012229081900980608 -0.0017696558565444603 0.0022622089738534527 -0.0026016049725685934 0.0037322240646197008 -0.0013089902051715023 -0.00048611349307270917 -0.0027057842675808044 0.0040538372707605227 -0.0012757319105193171 0.00036299157689356938 -0.0071599843496832939 0.0014516238593904869 -0.0071174614247105847 0.0032883140096295841 0.0036319726716451521 -0.00048763753465499906 -0.0028743272993834511 -0.00011289165333158008 -0.00073921379883821147 -0.00086269327055208387 0.00045334782920474035 -0.0014444453682677931 0.00059582682434601434 0.0013761228852851332 0.0012767363487903756 0.0021530099270951702 0.0046954455496308342 -0.0015011075568809062 0.0093766408154439523 -0.0026135655770776599 0.00030070283117260429 -0.009931531928594993 0.0017286771045334525 0.00058136713540530118 -0.011409315465863129 -0.013911949145465598
leaf_weight=20.117261137493188 62.630942228759523 39.320465044424054 114.32803730640444 14.052228107946574 12.977112650172783 15.551204488350775 11.343169297251736 10.596666786295829 13.881379270518662 19.585713556560222 12.654103901659253 10.499125666567126 11.603646849674986 24.019108894804958 11.422438157154827 12.538799458998254 23.761870321832248 10.139001260948133 22.521698467127862 13.179321824602082 25.870784511018428 10.190205136328585 26.861016670169192 12.99225173628656 10.718188306738737 13.280145367723888 11.135234136541838 15.18912216545141 17.481735695982934 20.388684790959815 10.351724964784806 16.278192018929985 26.59507202731038 19.76571549756045 226.46203928244358 20.91810367393191 11.575809628280693 65.929579415984335 10.691106084079363 11.029446561995426 58.741470330569427 157.41855969335302
leaf_count=43671 46291 84665 36475 13187 6912 37734 8583 6272 19926 15322 30187 4035 12337 17670 10138 10597 13942 5480 18239 10167 21885 19341 52395 10509 7764 11629 7723 11900 37126 19061 14820 14937 42410 13094 131153 17564 9035 56830 7024 12799 119739 345728
internal_value=-5.67901e-06 0.00270037 0.00485642 0.00237244 0.00533498 -0.00556513 -0.000639443 0.0126211 0.00699851 -0.00363951 -0.0117171 0.0145122 -0.00504335 0.00320102 0.00782149 -0.00651895 -0.0032042 -0.00519464 -0.00041958 -0.00317047 0.00118748 -0.000798938 0.00146314 0.00837036 0.00593414 -0.00774829 0.00877103 0.00218963 -0.00309801 -0.00075239 -0.00159232 0.000375429 0.0037483 0.000340414 0.00912735 -0.00141143 -0.00196176 -0.00937197 0.000990387 -0.000704311 -0.010667 -0.0129203
internal_weight=1286.59 1076.01 870.916 705.035 336.824 205.093 368.212 165.881 289.946 208.924 210.579 135.518 189.338 159.288 276.064 151.864 46.878 33.9009 85.9387 35.701 37.4744 130.8 73.998 264.642 73.3491 124.242 251.65 50.2377 56.8022 40.5059 37.2127 27.6214 36.7853 30.3624 237.597 45.0327 32.4939 79.2097 21.1902 26.2186 74.2927 170.073
internal_count=1436296 997649 589419 522519 218970 408230 303549 66900 192636 178719 438647 47534 163397 124830 172710 129175 26334 19422 70775 28406 34222 250757 128966 162572 54055 105655 152063 42369 121791 62732 67215 23520 61751 19366 138876 37196 26599 68459 11059 24699 157473 375915
cat_boundaries=0 1 2 3
cat_threshold=2724 1056 544
is_linear=0
shrinkage=0.05


Tree=40
num_leaves=36
num_cat=11
split_feature=28 9 28 28 21 23 16 28 13 21 28 21 2 21 28 20 2 28 2 28 13 28 1 11 28 9 1 21 14 16 28 3 13 2 2
split_gain=39.1751 9.4604 6.31822 5.96467 4.05788 3.40078 1.69848 2.24032 1.68245 1.38178 1.14447 1.77967 1.27463 0.799681 1.31573 0.770999 0.702757 0.69632 0.655222 0.61045 0.56849 0.468883 0.414069 0.402544 0.397383 0.36886 0.345249 0.322271 0.251473 0.150476 0.130154 0.122497 0.1007 0.056313 0.0502302
threshold=0 3.0236684083938603 1 2 -0.092640448361635194 -0.61497280001640309 0.95040088891983043 3 -1.1019711494445799 1.6492661833763125 4 0.62029311060905468 -0.13905645906925199 0.62029311060905468 5 0.27380953729152685 -0.85816121101379383 6 -0.41683237254619593 7 -0.55869078636169422 8 1.364500939846039 0.64376693964004528 9 1.4864864945411684 -1.3382687568664549 -0.23307199776172635 1.8806741833686831 -0.12328273057937621 10 1.2660025358200075 1.0258691310882571 -0.16596090048551557 -0.051353154703974717
decision_type=9 10 9 9 10 10 8 9 10 10 9 10 8 8 9 8 10 9 8 9 10 9 10 8 9 10 8 10 8 10 9 10 10 8 10
left_child=1 2 4 -2 -1 15 7 13 30 -3 11 -10 16 14 22 21 -12 25 -15 26 -18 -4 -5 32 -8 -17 -20 -16 -22 -29 -7 -25 -14 -21 -9
right_child=3 9 5 6 -6 8 24 34 10 -11 12 -13 23 18 27 17 20 -19 19 33 28 -23 -24 31 -26 -27 -28 29 -30 -31 -32 -33 -34 -35 -36
leaf_value=-0.0028734854677270306 -0.015455380978051736 0.019402112803790186 -0.0024939343579322652 0.0086915528142497145 0.016676121035556109 0.00046823704880767322 0.00044324560476528173 -0.0061978620836990427 -0.0069457799613890318 0.0011603269260081403 -0.00099783168008969292 0.004686493906671114 -0.00041006975539843618 0.0031331435639139859 -0.004190921990013992 -0.0096069313032846257 -3.2619577032236209e-05 0.0011859853103560686 0.00014358513888000963 -0.00023997373253561587 0.0094394973887898335 0.0029416052298015926 -0.00029370761201461161 0.00038037666837211837 -0.010087377793988973 -0.00037874625548223602 -0.0064245700634665628 -0.001248403898172914 0.00022202160118987315 0.0022047803123390244 -0.0043160679535150853 -0.0035182766278627898 0.0031386975241746214 0.0025594089452386374 -0.00026371132179018984
leaf_weight=16.324896925565554 184.84783839367446 118.35317801858764 17.413693525202689 38.912222847546218 82.970346085930942 10.113094352651386 12.563247445301384 147.81015135542839 19.589426152568194 18.782864818247617 10.396805985743411 15.467078813802798 10.477862244413702 14.176316646829944 12.24058287811931 51.615729080585879 17.375873210985446 15.111917084519517 21.122461059654597 10.157783383401691 145.9957643289963 22.330198557072436 10.042292426776838 13.031682567321694 63.983095025992952 18.170628783234861 39.631282432354055 12.289582731988046 11.397384898358721 20.615203265013406 18.638689873987463 19.211215296309092 20.197530803445261 11.737934303178919 10.107365387855678
leaf_count=7628 434152 29075 28948 17395 17521 13776 31531 368166 21295 5394 19733 10254 3384 6209 18233 29707 11737 34956 4497 6598 94167 14681 5124 3028 75327 5033 8678 8838 10325 15184 29282 7644 5876 9023 24757
internal_value=-7.12111e-05 0.00791766 0.00417725 -0.0088078 0.0126924 0.000846492 -0.00435547 -0.00224549 0.00356224 0.0179079 0.00478995 -0.00180463 0.00575255 0.0013799 0.00390169 -0.00494631 0.00763831 -0.00676771 -0.00143694 -0.00314403 0.00828199 0.000491602 0.00688499 -0.000168261 -0.00958938 -0.00775917 -0.00464276 -0.00173966 0.00901058 0.000879665 -0.00382951 -0.00260847 0.00236167 0.00169211 -0.00572167
internal_weight=1283.2 672.966 535.83 610.237 99.2952 436.535 425.39 348.843 311.892 137.136 283.141 35.0565 248.084 190.926 94.0999 124.642 185.166 84.8983 96.8258 82.6495 174.769 39.7439 48.9545 62.9183 76.5463 69.7864 60.7537 45.1454 157.393 32.9048 28.7518 32.2429 30.6754 21.8957 157.918
internal_count=1437156 403444 368975 1033712 25149 343826 599560 492702 230501 34469 187443 31549 155894 99779 64774 113325 135962 69696 35005 28796 116229 43629 22519 19932 106858 34740 13175 42255 104492 24022 43058 10672 9260 15621 392923
cat_boundaries=0 5 10 15 20 25 29 33 37 41 46 51
cat_threshold=4730882 3496480072 6293505 1174470981 5264 4096 0 4196352 0 4096 1342311429 75506304 218669200 2818981896 98563 2232418336 1380353 2718105678 269519360 131104 0 2418541824 2097152 4 16 2165309472 1048576 70 269486080 4202498 1080035592 1 65857 2165309472 1048577 570425346 268437504 532480 1080033288 0 1174470912 2155905256 151126016 571741696 20977328 10756 0 2418542856 2097152 67108868 1168
is_linear=0
shrinkage=0.05


Tree=41
num_leaves=45
num_cat=6
split_feature=28 28 28 21 9 21 5 28 18 5 10 2 2 15 0 28 6 21 18 21 5 5 10 1 15 4 28 14 3 6 10 21 0 0 21 15 21 4 0 0 22 0 11 15
split_gain=36.1634 7.95089 7.38874 3.12711 3.1201 2.49088 1.61712 1.66587 1.49852 1.27948 1.08204 0.96053 0.855846 0.753389 0.687231 0.671878 0.641897 0.47999 0.479546 0.477836 0.451748 0.416459 0.416109 0.370265 0.355054 0.324897 0.276722 0.210653 0.160468 0.159482 0.157312 0.126434 0.091034 0.0928934 0.0739711 0.0731124 0.0729615 0.068536 0.0584349 0.0513613 0.0427635 0.0421309 0.0290294 0.0258369
threshold=0 1 2 1.77891480922699 -0.10552138462662695 -0.1707612872123718 -0.6323302388191222 3 -0.70704352855682362 0.097076043486595168 1.9386560320854189 -0.61287772655487049 -0.092002578079700456 1.5480313897132876 -2.2545695304870601 4 -0.75781717896461476 0.90812066197395336 1.3845610022544863 0.88280326128005993 -0.3876830637454986 0.13633799552917483 -2.1737629175186153 -3.9988873004913326 0.04553204961121083 0.76903459429740917 5 1.9112277626991274 1.1517759561538699 -0.07988939061760901 3.0716168880462651 0.59175434708595287 0.019700325094163421 -2.9659184217452998 0.64005836844444286 2.2300062179565434 0.58178856968879711 1.2191117405891421 -1.9213395118713377 1.261552691459656 -1.6688414216041563 -3.8379576206207271 -1.6067375540733335 1.3568892478942873
decision_type=9 9 9 10 10 8 8 9 10 10 8 8 10 10 10 9 8 8 10 10 8 10 8 8 8 10 9 10 8 10 8 10 8 10 8 10 10 8 10 10 10 10 10 10
left_child=1 3 -2 5 10 -1 7 -4 -6 16 20 -10 27 14 -14 17 36 30 -5 42 26 29 -18 -24 34 -19 -3 32 -21 40 -11 -9 33 41 -25 -23 -8 -30 -15 -28 -22 -13 -17 -12
right_child=2 4 6 18 8 -7 9 31 11 15 43 12 13 38 -16 19 22 25 -20 28 21 35 23 24 -26 -27 39 -29 37 -31 -32 -33 -34 -35 -36 -37 -38 -39 -40 -41 -42 -43 -44 -45
leaf_value=-0.00034048981615161246 -0.014977325838331629 -0.0010498872022449762 0.0061831736039243542 -0.0033921503549605363 -0.0025166731593546043 0.020051805555983494 -0.0010307417224796739 -0.0042018315134010531 -0.0015920735721156186 0.0046064917266162991 -0.00043049489118956313 0.0021795482975235205 -0.0054527227075170642 0.0049707571429116557 0.0022300753598052804 -0.00029051890990943922 0.0003682407147983333 0.0016604176396212721 0.0028723505702061732 -0.0014109746319508358 -0.00010674911895320475 -0.00030790493053996356 0.0001098163327727677 -0.0016518270899852847 -0.0088036384236785514 -0.0033923271745960495 0.0053140236909184971 0.00034554591596110151 0.0028416611315919896 0.00038145369373480508 -0.00031485741727067627 0.00026708555877385875 0.00086299283179399981 0.011216306786059062 0.00084470081614592416 0.0026067718474056135 0.0013816774029325697 -0.00027096789373830493 0.00026014414786282498 0.00013831056759668793 -0.004522035054741318 -0.00018174646943079224 -0.0056102592251517664 -0.0070081349731697194
leaf_weight=13.897320158343062 181.93230804405175 10.597795288631458 35.785012835767702 10.031206432497131 17.697147276994656 147.62363668374019 11.655408483988142 32.570566365204286 10.868196378112769 38.71222344218404 10.397248102148298 10.591626262044885 12.383955098455774 29.712830393080367 15.344170155207392 10.66294056153856 10.844198739243437 15.772264769562751 12.245810232125221 10.674083412246544 11.184959877224172 14.108016376616435 11.671033589955185 15.412473478441827 180.17569836105395 20.651325435479521 20.401228247865223 10.423923818409092 11.230309687962292 13.731657478128907 10.259846713015575 10.104399554649715 13.208194180522694 122.23833736723464 10.000896424098757 14.494272905125397 13.954723472168551 10.00170295769931 16.06292618047155 10.272484821587566 22.514250054839067 12.047889198991468 36.014032561695785 16.687203951514675
leaf_count=1846 432306 11675 24583 1046 20103 8911 19534 61426 10640 54736 17511 4461 6587 9927 8675 12845 16845 11606 828 10155 13744 15511 16617 25012 248179 15421 26663 9733 7349 17876 14895 14452 11247 81870 9569 13623 10867 8000 6628 14664 29008 6783 46174 26893
internal_value=5.90805e-05 0.00857532 -0.00754078 0.0160424 0.0036487 0.0186079 -0.00348328 0.00203457 0.0065188 -0.00471164 -0.00180963 0.0074787 0.00810602 0.00181354 -0.00243721 -0.00083579 -0.00665019 0.00174844 -0.000274542 -0.00316097 0.000846243 -0.00128339 -0.00735182 -0.00775267 -0.00815274 -0.00145172 0.00337817 0.00978487 0.000758523 -0.00318311 0.00388674 -0.00317404 0.0101507 0.0105331 -0.000694403 0.00182415 0.000262055 0.00214422 0.00436874 0.00427301 -0.00405552 0.00159397 -0.00522549 -0.00646503
internal_weight=1276.85 598.766 678.085 183.798 414.968 161.521 496.153 78.46 270.579 417.693 144.389 252.882 242.014 73.5039 27.7281 163.979 253.714 85.3957 22.277 78.5831 117.305 76.0332 228.104 217.26 205.589 36.4236 41.2715 168.51 31.9061 47.4309 48.9721 42.675 158.086 144.878 25.4134 28.6023 25.6101 21.232 45.7758 30.6737 33.6992 22.6395 46.677 27.0845
internal_count=1437024 376453 1060571 12631 363822 10757 628265 100461 176654 527804 187168 156551 145911 31817 15262 181181 346623 96658 1874 84523 142764 89762 316222 299377 282760 27027 53002 114094 25504 60628 69631 75878 104361 93114 34581 29134 30401 15349 16555 41327 42752 11244 59019 44404
cat_boundaries=0 5 10 15 20 25 29
cat_threshold=4763650 2420641096 6359041 100729156 5248 4096 0 0 65536 4096 1350700037 75506304 218669072 2818981896 98563 2702180896 1093992480 537018958 271584272 131616 68157696 69637 571474248 1075358241 8240 32770 2152204552 2162688 324
is_linear=0
shrinkage=0.05


Tree=42
num_leaves=44
num_cat=6
split_feature=2 27 7 22 0 8 23 23 1 27 16 21 14 16 22 22 8 23 5 21 15 16 8 6 21 15 16 27 27 27 7 2 8 7 23 10 21 7 27 0 15 7 16
split_gain=14.1574 6.1723 4.4311 2.73352 2.07293 1.95782 1.79807 2.60943 1.62281 1.55953 1.50693 1.46221 1.34572 1.08238 1.12847 1.2421 0.954888 0.934206 0.860712 0.75235 0.604471 0.446534 0.440839 0.437769 0.340027 0.311828 0.402947 0.289204 0.277775 0.276042 0.275101 0.264311 0.237163 0.234103 0.214318 0.206026 0.197736 0.17133 0.169315 0.201921 0.0809577 0.0806926 0.0442064
threshold=-0.82786318659782399 0 0.78273844718933117 0.099999479949474349 0.046199444681406028 0.31791622936725622 -1.0689331293106077 1.1831398010253908 3.3861738443374638 1 -0.62580859661102284 0.66060861945152294 2.1130477190017705 0.62023428082466137 -0.93299493193626393 1.8877416253089907 -3.2101482152938838 1.0892847776412966 -0.39259257912635798 -0.36721405386924738 1.0232845544815066 -0.83482024073600758 -3.8962845802307124 -0.85270240902900685 -0.2142519801855087 2.0233962535858159 -0.090996127575635896 2 3 4 -1.4307971000671384 -0.26234672963619227 -4.1635346412658683 0.28933373093605047 1.4981396198272707 4.0033133029937753 0.031826600432395942 -0.6156245470046996 5 -1.3953078985214231 -0.015279619023203848 1.2827059030532839 -0.44063450396060938
decision_type=10 1 10 8 8 8 10 10 8 1 10 10 10 8 8 10 8 10 8 10 8 10 10 8 8 8 8 1 1 1 8 10 10 8 10 10 8 8 1 10 10 10 10
left_child=18 2 3 8 6 11 20 12 9 -2 27 37 21 31 34 -16 38 23 29 -11 -4 -8 -21 -18 -25 26 42 -5 -19 -1 -20 -9 -13 -7 -15 -36 -6 -3 -12 -40 -23 -34 -24
right_child=1 5 4 10 36 33 7 13 -10 19 16 32 -14 14 15 -17 17 28 30 22 -22 40 25 24 -26 -27 -28 -29 -30 -31 -32 -33 41 -35 35 -37 -38 -39 39 -41 -42 -43 -44
leaf_value=0.00085391323287893411 -0.0033556117262795553 0 0.0027660195203160747 0.0042187706257095252 0.00068852953282620764 -0.00065692638844720404 0.00041809633938951315 0.00010568817238100824 -0.0040466442812588802 -0.0010596127259881846 0.0021873845254293859 -0.00067558331680862751 -0.00094577731899600406 -0.00072100024053803444 -0.0073992787819877788 0.0026414994207297911 0.00012357197687235487 -0.0021625153223951156 -0.00093735895396122404 -3.2062776984573088e-05 -0.0037158504044389274 0.0022784362741434471 0.00041152959264109375 -4.9116994070649861e-05 -0.010415193466635671 0.010149488376999617 0.004319963701867895 -0.0011175158197450957 0.0021218823250819955 -0.0038553800278988471 -0.013885152775943075 0.0069903532506448169 0.0052514922945553731 -0.010233674302087494 0.005114376312791164 -0.00038807728676704188 -0.0040519995254016663 -0.0049649594814269674 0.001187256231194657 -0.0029234252599934993 0.014055257184784642 0.00018648092897096324 -0.0016842785130419147
leaf_weight=22.900315583043266 14.190136890203576 20.719110912265023 21.372080647444818 19.843137764866697 12.421872954029821 15.691452635102904 11.057138677235342 19.326847282340168 19.730820051772753 15.364469886015284 12.371645365390577 10.251514609582953 11.081353091474737 10.486227251662056 30.699660512967966 16.653317913252977 10.044735434916218 10.81519755582849 12.872835073809254 16.309012101133703 23.835294921227614 24.537220183061436 10.004885062982796 10.023723248479653 69.452795027071261 74.033590357925277 42.170986977711436 11.106379282442505 21.232072938626516 34.661961249177693 115.5779624277784 65.182179529350833 35.828099848338752 59.662259693199303 30.091094021539902 11.194524381528025 13.072712487322862 52.054210726186284 16.552042492170589 12.525866400261291 171.83498692349531 15.167631301461368 17.220443616315606
leaf_count=46228 23780 47678 14896 11575 18838 38704 5845 14892 15533 17276 11888 20932 8379 5534 16226 9015 8077 9778 29900 17647 16280 14513 7414 14277 54174 42354 29711 11355 20837 78065 251586 32663 55666 126236 15013 7699 12036 110366 13515 9468 84104 24829 12557
internal_value=-0.000116906 0.00220022 0.00401478 9.38046e-05 0.00709518 -0.00465696 0.00788634 0.00884502 0.00367152 0.00517435 -0.00370344 -0.000429649 0.012143 0.00314036 -0.000528399 -0.00427367 -0.00544976 -0.00711335 -0.0112586 0.00634675 -0.000755659 0.0129096 0.00746834 -0.00888504 -0.00967026 0.00813488 0.00259347 0.00311771 0.000173387 -0.00268838 -0.0132418 0.00607759 0.00379491 -0.0093368 0.00326473 0.00417226 -0.00274975 -0.00412335 0.000596277 -0.00110886 0.013365 0.00463265 -0.00108156
internal_weight=1271.23 1085.21 875.838 402.992 472.847 209.374 447.352 402.145 209.024 189.294 193.968 134.021 218.511 183.634 99.1248 47.353 163.018 121.569 186.013 175.103 45.2074 207.429 159.739 89.5213 79.4765 143.43 69.3963 30.9495 32.0473 57.5623 128.451 84.509 61.2472 75.3537 51.7718 41.2856 25.4946 72.7733 41.4496 29.0779 196.372 50.9957 27.2253
internal_count=1437339 1031560 607149 331216 275933 424411 245059 213883 166272 150739 164944 259471 112841 101042 53487 25241 142014 107143 405779 126959 31176 104462 109683 76528 68451 92036 49682 22930 30615 124293 281486 47555 101427 164940 28246 22712 30874 158044 34871 22983 98617 80495 19971
cat_boundaries=0 1 2 3 4 5 6
cat_threshold=2724 4 36 640 1120 640
is_linear=0
shrinkage=0.05


Tree=43
num_leaves=52
num_cat=0
split_feature=2 9 0 18 0 2 7 16 20 1 23 4 23 23 3 23 24 13 23 9 1 19 4 4 13 15 18 7 7 2 12 13 1 16 23 16 15 7 13 15 11 2 20 19 7 0 23 23 16 4 7
split_gain=13.7499 7.37482 2.29413 1.83514 2.58033 1.72697 1.31069 1.10065 0.962724 1.3662 0.717745 0.91914 0.647458 0.512637 0.500732 0.476604 0.469745 0.469042 0.464687 0.451669 0.361792 0.465889 0.374571 0.356271 0.694767 0.362345 0.341127 0.333219 0.331231 0.300893 0.289605 0.269832 0.222463 0.210306 0.17221 0.170625 0.222273 0.148819 0.128316 0.124434 0.0942851 0.0859738 0.078071 0.0580441 0.0570392 0.0518295 0.0440791 0.077056 0.0423699 0.0357219 0.0299004
threshold=-0.84721979498863209 3.0236684083938603 -1.7475131750106809 1.2939997911453249 -1.7311416864395139 -0.5539470613002776 2.9544390439987187 0.96760937571525585 0.25793652236461645 -0.64374896883964527 -0.30246204137802118 1.567149341106415 1.7164494991302492 1.6630204916000368 0.92942753434181224 2.216592669487 0.8969368338584901 0.39167302846908575 1.0344980955123904 1.4600458145141604 4.4364116191864023 -1.3561403155326841 0.49876527488231664 -0.18848057836294171 1.225695848464966 3.463375568389893 1.3708938360214236 -0.031157665885984894 0.32163903117179876 -0.23402682691812512 -1.8086217045783994 1.8267943263053896 -3.7925491333007808 -0.96761879324913014 0.73456689715385448 -0.5388892889022826 0.2906214594841004 -1.4307971000671384 1.4873463511466982 1.5699766874313357 2.3961814641952519 -0.86171802878379811 0.38492064177989965 0.43877592682838445 1.0449239611625674 -1.4233487844467161 0.21468574553728106 1.1028109788894656 -0.34635096788406367 1.3375022411346438 1.4036703109741213
decision_type=10 8 8 10 10 10 10 8 8 8 10 10 10 10 10 10 8 10 10 10 8 10 8 8 10 10 8 8 10 10 8 10 8 8 10 8 8 8 10 10 8 10 8 10 10 10 10 10 10 10 10
left_child=37 3 6 4 12 27 15 10 20 14 19 17 30 50 23 29 33 -12 -13 44 21 22 -6 34 25 40 -4 -5 46 -3 -2 -20 -32 -11 43 -34 -37 -1 -15 -18 -25 -39 -35 -10 -7 -16 -23 -48 -22 -21 -9
right_child=1 2 26 5 8 7 -8 13 9 16 11 18 -14 38 45 -17 39 -19 31 49 48 28 -24 24 -26 -27 -28 -29 -30 -31 32 -33 35 42 -36 36 -38 41 -40 -41 -42 -43 -44 -45 -46 -47 47 -49 -50 -51 -52
leaf_value=-0.0012733379282884889 0.00013452038682171044 0.00075566399997809269 0.0022153883006630882 0.00094180381809936479 0.006871353543328739 -3.2744557716858024e-05 -0.00026819722826832803 -9.6125240951396997e-05 0 5.496191639209211e-05 9.6989924214213016e-05 0.0032233627362581816 0.00090578829806471281 0.0033062276295118885 0.000171346071997497 0.00071429083440968633 -0.0012602549194804808 0.0098046685868250147 -0.0040672955705869538 -0.0032589971400149367 0.00041148048364998642 0.0026443614338931345 -0.00054641381921405937 -0.0055647979058559022 0.0028133744830455276 0.00090252671846843444 -0.002862244416728249 -0.0049823890810268556 -0.00244122028766532 0.014904557016844379 0 0.0011497424095761352 -0.00059838022491170311 -0.00080000233125088844 -0.00084270742106609372 -0.0010694053098681063 -0.0091617110222054505 -0.012262560109866857 -0.0004959426998935166 0.0018180703088702442 -7.6929874870030989e-05 -0.00084976207821147213 -0.0067424338751516169 0.0037109634745200182 0.0034252709430565003 0.0051853748865801994 -0.0012119163218574827 0.0012837194465748936 -0.001634863206827417 0 -0.0040527381436716641
leaf_weight=17.621050905698212 11.374984389127347 10.296059081592828 13.661356482101835 12.969951345861771 63.326159687989275 10.147880025440829 16.054529591288883 10.717543776321692 10.902080517553257 13.329719184708663 15.771180261494008 16.787613062813762 18.939584392035613 12.787045865799884 11.559063802138551 13.192196002666604 14.110845843038986 103.84928611121722 14.556013486566373 10.108072609174998 11.173133072807106 31.850249129667645 10.445292074116876 37.235518134504673 17.93977528414689 15.652985828288363 20.446009292631061 26.606818833563011 15.665088571127852 110.00011512552737 11.198099355693556 10.321346823242491 18.145550665241899 23.859533225841005 11.107284829049602 26.319557221184372 79.044955182544072 139.51142856957449 13.844088661615386 19.060212784912437 12.216854033409616 10.516410817683207 55.266987803770462 23.334564273856813 11.594706818767007 28.864825929820654 11.85075784828223 11.772558404132722 10.035650237550724 10.319622767812687 15.14855026018631
leaf_count=42121 13159 8253 10145 18010 61195 9455 12781 7936 14396 14531 12752 16341 27129 8507 8221 7851 16959 66357 14559 7717 10354 35735 13180 39473 21241 15618 20281 41137 15775 47851 13272 10734 21255 23493 16272 31273 98695 315947 11800 20247 13298 19148 59255 31126 8616 20232 14909 14871 9547 9344 13648
internal_value=0.000175387 0.00234538 0.0102808 0.000310201 -0.00121626 0.00326433 0.0123418 0.00474028 0.000804281 -0.000907397 0.00613221 0.00732131 -0.00575434 -0.000965307 0.00184202 0.0135454 -0.00410302 0.00896012 0.000240728 2.55639e-05 0.00336933 0.00411038 0.00598422 -9.21198e-05 -0.00176512 -0.00374423 -0.000661049 -0.0035431 0.000457983 0.0143003 -0.00665411 -0.00251364 -0.00713567 -0.00537262 0.00223829 -0.00757689 -0.00816717 -0.0113551 0.00223049 0.000478055 -0.00497961 -0.0118999 -0.00599291 0.00320411 0.00284363 0.00469446 0.00209325 0 -0.000954637 -0.00279227 -0.00362305
internal_weight=1272.41 1104.76 183.65 921.112 625.582 295.53 149.543 255.953 460.559 294.44 203.456 161.285 165.023 52.4972 168.813 133.488 125.627 119.62 41.665 42.1703 166.119 144.91 73.7715 128.389 83.0451 65.1054 34.1074 39.5768 71.1387 120.296 146.083 24.8774 134.708 92.4562 45.3439 123.51 105.365 167.649 26.6311 33.1711 49.4524 150.028 79.1265 34.2366 21.7426 40.4239 55.4736 23.6233 21.2088 20.4277 25.8661
internal_count=1436002 1058786 107162 951624 694711 256913 76736 197766 489928 314362 155875 120743 204783 41891 179877 63955 134485 79109 41634 35132 175566 155665 74375 151424 89630 68389 30426 59147 81290 56104 177654 25293 164495 97279 61794 151223 129968 377216 20307 37206 52771 335095 82748 45522 18071 28453 65515 29780 19901 17061 21584
is_linear=0
shrinkage=0.05


Tree=44
num_leaves=46
num_cat=10
split_feature=28 3 28 7 28 7 28 28 21 28 0 6 5 8 28 21 21 28 5 24 11 28 21 15 3 5 7 5 21 8 8 8 0 9 8 4 3 0 0 4 7 8 28 0 7
split_gain=31.2966 7.1925 6.31207 2.07482 2.67998 1.87115 3.68212 1.84199 2.48976 1.65053 1.40255 1.19876 1.17521 0.819747 0.807923 0.616148 0.52082 0.506134 0.494701 0.42762 0.364196 0.363822 0.299225 0.300532 0.283721 0.287843 0.238979 0.238605 0.235742 0.224101 0.213019 0.282809 0.205309 0.198394 0.196914 0.19443 0.155138 0.147645 0.0875843 0.0871742 0.0772562 0.0702802 0.0676265 0.0600014 0.0237887
threshold=0 0.70346146821975719 1 0.6993662714958192 2 0.92966261506080639 3 4 1.8887424468994143 5 -2.801677823066711 -0.6350865066051482 0.13633799552917483 -0.58546403050422657 6 -0.68175116181373585 1.5424491763114931 7 -0.31844051182270044 -1.371071398258209 -2.3512824773788448 8 1.4823046922683718 7.611304998397828 1.3262982964515688 -0.73741039633750904 -1.0458109378814695 -0.74711596965789784 -0.23307199776172635 1.062801241874695 -1.2782470583915708 1.0093784332275393 -2.5109090805053706 1.6011694073677065 -1.4745743870735166 0.62233242392539989 -0.066015388816595064 -2.1015496253967281 1.1086418032646181 1.0394126176834109 -0.016369543969631192 -0.39081574976444239 9 -1.2389038801193235 0.6993662714958192
decision_type=9 10 9 10 9 8 9 9 10 9 8 8 10 8 9 10 8 9 8 8 8 9 10 10 10 8 8 8 10 10 10 10 10 10 8 8 10 10 10 10 8 10 9 8 10
left_child=1 11 -2 4 -3 6 15 8 -5 32 13 38 14 -11 30 -4 21 29 28 41 42 37 23 44 25 -22 -20 -21 -16 34 -13 -32 -7 40 -14 -30 -28 -9 -1 -34 -6 -12 -8 -39 -17
right_child=2 3 5 7 33 9 20 16 -10 10 19 12 17 -15 18 22 -18 -19 26 27 24 -23 -24 -25 -26 -27 36 -29 35 -31 31 -33 39 -35 -36 -37 -38 43 -40 -41 -42 -43 -44 -45 -46
leaf_value=0.0064403277381276589 -0.014033633477479521 -0.0064515835352396663 -0.001728523396595588 0.018765196902173095 0.0016607042886721359 -0.00097968682974684763 0.0011008103737033491 -0.0033153183776729808 3.4448035588707702e-06 0.0039342616882288087 -0.0018711246811730033 0.0036278291724392829 0.00078583652562404032 -0.0039680035089476907 0.0022003472456408285 0.0070162493048293272 0.0061258743699422174 0.0051902230236925573 7.8355474729275778e-05 -0.00040922064262877275 0 0.0026051843158929489 -0.00048220276020651443 -3.7012419082290589e-05 0.00019552475984371527 -0.0074077425850149333 -0.0080841913867202141 -0.011320130613724725 -0.0032649405575767205 0.001595623093463305 -0.0029144927977484401 0.0018425408182594525 0.0041948189596295801 0.0080443756370860414 -0.0039733405824949764 0.0010626989367563161 -0.00058716136089925341 0.0013737632506929422 0.0001961156391253337 -6.735893487660716e-05 -0.00090607004175705791 0.00065596340217602834 -0.0010566516974929361 -0.00085337339098224814 0.00054577072192727697
leaf_weight=47.699688606808195 176.45939582653227 10.081491123171871 10.077936171976033 168.88392616724013 10.16027998960635 11.380889204883713 14.271531386752029 24.871554497716712 19.83717440822511 22.560488000730402 13.666636771959022 14.860534383828051 10.235654579591936 10.165174342255339 15.851727045592268 92.150555970234564 12.224798561059286 39.866554014370195 10.327947316531207 10.145101418849661 14.736339655297341 12.270385596377308 10.284530402481321 16.209076052371529 11.700818487617651 95.590852093213471 35.332847507626866 108.13225578336278 14.614373187010642 10.340023101787663 10.705386648929563 16.050573715736391 10.581871719419725 29.606147907063132 10.433601380384067 10.061499865303631 18.290800253744237 12.705789112471392 11.168562001039389 10.214461343071887 10.638882082144848 11.042558346351141 10.856903442327168 10.186888897398608 12.225993811603983
leaf_count=39252 427911 7682 20727 9084 4324 19953 15985 15301 1804 22677 18480 13104 4282 10012 19505 64712 10586 31104 10148 12295 26656 26781 3990 13789 14732 175922 48163 136069 11381 11745 9651 24999 13520 12840 6348 8634 12358 12320 14313 15633 6558 11005 27035 8824 5694
internal_value=6.24045e-05 0.00798337 -0.00704505 0.012671 0.0020655 -0.0033036 -0.000487075 0.0143857 0.0165351 -0.0064644 -0.00785721 0.00164393 -0.000395382 0.000504515 -0.00274038 0.00440889 0.00269181 0.00353108 -0.00439238 -0.00983891 -0.00509586 -0.000183255 0.00550011 0.00603142 -0.00617649 -0.00673369 -0.00636426 -0.0108136 0 -0.00095054 0.00177214 -0.000654341 0.00195211 0.00620756 -0.00265728 -0.00190336 -0.00709244 -0.00198064 0.00593574 0.00346168 0.000564489 -0.000991665 2.51277e-05 0.00040856 0.00671297
internal_weight=1269.76 597.307 672.453 321.467 60.4868 495.994 288.105 260.981 188.721 207.889 175.712 275.84 216.972 32.7257 146.096 140.948 72.2594 70.8758 104.479 142.987 147.156 60.0346 130.87 120.586 122.028 110.327 63.9516 118.277 40.5276 31.0093 41.6165 26.756 32.1772 50.4053 20.6693 24.6759 53.6236 47.7642 58.8683 20.7963 20.7992 24.7092 25.1284 22.8927 104.377
internal_count=1437888 381091 1056797 116104 31404 628886 369242 84700 10888 259644 210538 264987 211422 32689 157943 108912 73812 53479 110189 177849 260330 63226 88185 84195 217310 202578 70669 148364 39520 22375 47754 34650 49106 23722 10630 20015 60521 36445 53565 29153 10882 29485 43020 21144 70406
cat_boundaries=0 5 10 15 19 24 29 34 38 43 48
cat_threshold=4763650 2420641096 6357057 100729157 5248 1350765573 75506304 84451344 2818981896 98563 557056 2151678976 4194368 65537 1024 2735735456 3412003 570431648 17829376 4096 2048 4194304 65536 4096 201326592 1124270080 3222541568 1344307744 24592 12288 2147484672 2097152 65540 5120 40960 4197384 2097152 65541 8194 2147484672 2162753 67108864 1152 256 1073807360 16390 0 139264
is_linear=0
shrinkage=0.05


Tree=45
num_leaves=48
num_cat=0
split_feature=2 9 0 21 5 23 20 0 13 2 21 5 5 19 1 22 22 16 0 22 18 18 21 0 18 16 1 18 20 3 0 9 19 13 9 4 9 19 18 21 5 0 23 17 23 16 12
split_gain=11.9579 6.9983 1.91584 1.82186 1.88194 1.80285 1.04617 0.815702 0.750364 0.669804 0.745771 0.667451 0.601859 0.586271 0.480314 0.336529 0.291242 0.368961 0.308117 0.237097 0.235537 0.212027 0.207842 0.280456 0.234876 0.203159 0.182155 0.166807 0.159814 0.154665 0.151536 0.148595 0.148198 0.146547 0.120411 0.119996 0.114888 0.100774 0.0990175 0.0959097 0.0617876 0.0319279 0.0301102 0.0259286 0.0240511 0.0235982 0.0225603
threshold=-0.83958911895751942 3.0236684083938603 -1.763329744338989 1.5119332075119021 -0.44359834492206568 -0.17811420559883115 0.54365080595016491 -1.7802571654319761 0.37700884044170385 -0.25750313699245447 1.5119332075119021 0.25266405940055853 -0.42785859107971186 1.1970705986022951 -4.7360622882843009 -1.2638254165649412 -1.0526883602142332 -0.68628564476966847 -1.3809935450553892 3.6101726293563847 1.1695448160171511 0.12715152651071551 -0.45007960498332972 -2.4834728240966792 1.6145884990692141 -0.68628564476966847 -3.7925491333007808 -0.70704352855682362 0.55952382087707531 0.70346146821975719 -1.88501501083374 1.630712687969208 -1.371958792209625 -0.66314181685447682 -1.2646875381469724 2.1066441535949711 1.6011694073677065 1.0529368519783022 2.0790140628814702 -0.12673907727003095 0.55122801661491405 -0.59686410427093495 0.92410811781883251 -1.8930205702781675 1.4981396198272707 -0.36859545111656183 -0.57333719730377186
decision_type=10 8 8 10 8 10 8 8 8 10 8 10 8 8 8 8 8 8 8 8 8 8 8 8 10 8 8 8 8 10 8 10 8 8 8 10 10 10 8 8 10 10 10 8 10 10 10
left_child=12 3 9 4 7 28 11 31 15 -3 -11 16 -1 38 -8 45 21 -18 29 36 -4 -6 -16 24 46 -17 -25 -13 -5 -19 -29 37 -23 -28 -27 43 -10 -2 -7 -20 -14 -36 -33 -35 -12 -9 -24
right_child=1 2 20 5 6 13 14 8 19 10 44 27 40 -15 22 25 17 18 39 -21 -22 32 23 26 -26 34 33 30 -30 -31 -32 42 -34 35 41 -37 -38 -39 -40 -41 -42 -43 -44 -45 -46 -47 -48
leaf_value=-0.002259268594103735 -0.003307393349246414 -3.1400235883969988e-05 0.0020587618103720235 0.00051506910507257374 0.0024982469158348437 0.0094318375006101282 0.0012393677135879438 0 0.0074069952735226624 0.013574460286698162 0.0013699579011002365 -0.00046963868197372622 -0.012562071809599626 -8.9773868245843558e-05 2.9962097368474071e-05 0.0013401509191865912 0.0013332934620750468 -0.0014994371410176177 0 -0.00010100867468488097 -0.0021569643588538637 0.0010431760645685463 -5.6569163025045598e-06 6.8945084166315788e-05 0.0015278127535899948 0.00047181074792114052 -2.836965727924233e-05 -0.00037165665920711191 -0.0037879087574869403 0.0020332826783787251 0.0041617505341953603 0.0013091817202802577 -0.0023603600534673015 -0.00040997998076782008 -0.00013836842458346974 -0.00033572067352173027 0.00020392275696247839 0.00029707266317052322 0.00051029861984847145 -0.0055137191491132576 -0.00092738889789426406 -0.0037119745974168272 -0.00036909396085398858 -0.0067651937083406588 -0.00023714454839831464 0.0030132205214853211 -0.0027368676245012242
leaf_weight=47.918916014037677 26.554181642190088 10.362167436047455 10.075933660787994 13.586102304776434 23.903994280481129 58.38201179781754 16.996503457427025 10.053965574348696 66.527739802942961 118.17515384567378 10.947430525207894 16.916586009421735 113.21744885439693 18.97870261814387 19.780649943175376 10.571810361929236 15.567390294236246 12.76398678183614 10.103947383278863 10.10978154982149 24.410332996572834 15.520676639542215 12.799733086154445 10.211460860242367 22.189121319490368 10.75313609652221 11.995252018459722 10.698239614561315 17.409459834831068 11.624061959519166 56.786746968151419 12.192685955698837 25.063235494526452 10.111585952196036 14.494469968674816 15.507339847987167 10.372541722710592 12.63373518148728 10.613309611508155 51.227794561069459 10.576109436879049 25.053347041655801 11.059426739113404 155.59404162323335 10.449414297254405 20.74675452466181 23.846703589180834
leaf_count=107492 33018 9695 7099 9031 26494 28950 18066 10324 68186 55657 5752 19354 257279 9858 33176 10888 17765 17014 17245 11920 23887 16492 13151 10635 23070 15351 15005 10639 11822 8736 55496 9800 28813 11388 16315 19431 9705 15916 6919 58791 24343 26263 8659 170615 4861 21313 25792
internal_value=8.26005e-05 0.00214336 0.00984698 0.000143932 -0.000810769 0.00487893 -0.00237713 0.00253529 0.00399585 0.0117296 0.0124071 5.92246e-05 -0.0105441 0.00758824 -0.00414625 0.000278283 -0.00165754 -0.0028982 -0.00391159 0.00634523 -0.00037661 0.000662112 -0.00462362 -0.00493923 -0.000846896 -0.00155747 -0.00570251 0.00283058 -0.00268644 0.000352052 0.00354821 -0.00151817 -0.00114619 -0.00597956 -0.00258079 -0.00626055 0.00693798 -0.00257421 0.00889255 -0.0050486 -0.0121496 -0.00326664 0.000735608 -0.00658549 0.000898641 0.00268693 -0.00239437
internal_weight=1265.44 1093.72 184.42 909.302 790.333 118.97 549.209 241.124 178.684 149.934 139.572 250.177 171.712 87.974 299.032 91.6735 165.775 101.287 85.7198 87.0101 34.4863 64.4879 282.036 262.255 58.8356 60.8728 203.42 84.4016 30.9956 24.388 67.485 62.44 40.5839 193.208 50.301 181.213 76.9003 39.1879 68.9953 61.3317 123.794 39.5478 23.2521 165.706 21.3968 30.8007 36.6464
internal_count=1437471 1048357 106951 941406 874826 66580 617168 257658 190265 75965 66270 276839 389114 45727 340329 100454 191350 119551 101786 89811 30986 71799 322263 289087 62013 68817 227074 85489 20853 25750 66135 67393 45305 216439 57929 201434 77891 48934 35869 76036 281622 42578 18459 182003 10613 31637 38943
is_linear=0
shrinkage=0.05


Tree=46
num_leaves=43
num_cat=15
split_feature=28 28 9 28 2 19 5 5 28 16 18 2 13 10 18 28 8 28 28 28 28 9 8 28 28 28 8 10 28 13 10 16 10 8 8 28 10 4 16 28 4 18
split_gain=27.1834 7.23302 5.6003 4.98094 1.94837 1.9438 1.40687 1.22034 1.54349 1.16264 1.05514 0.756662 0.75113 0.791464 0.736098 0.654373 0.62621 3.30537 1.43945 0.609044 0.535402 0.528317 0.768584 0.800669 0.698054 0.514954 0.420575 0.364464 0.317722 0.298463 0.293176 0.239427 0.232547 0.187761 0.12894 0.101814 0.0891782 0.084317 0.0797321 0.073739 0.0608114 0.0228568
threshold=0 1 3.1910111904144292 2 -0.38004983961582178 -1.3225638866424558 -0.38291829824447626 -0.66263169050216664 3 -0.66520008444786061 1.6764996051788332 -0.23402682691812512 1.7640868425369265 4.2083904743194589 0.54437237977981578 4 0.81567025184631359 5 6 7 8 2.0083867311477666 -1.7962170243263242 9 10 11 -3.3883705139160152 1.099682152271271 12 0.030835868790745739 -0.22488968074321744 0.73484990000724804 0.9146481752395631 -1.3171744942665098 -0.62441158294677723 13 -0.14130342751741407 0.9934101700782777 0.014735265634953977 14 -0.085382685065269456 0.80106288194656383
decision_type=9 9 10 9 8 8 8 8 9 8 10 10 10 10 10 9 10 9 9 9 9 10 8 9 9 9 8 8 9 8 10 8 8 10 8 9 10 8 8 9 8 10
left_child=1 4 5 -2 30 14 11 8 -5 19 21 20 16 25 28 -12 18 -18 37 27 32 22 24 -24 41 -14 -20 -9 -3 -22 -1 39 36 -23 -13 -4 -7 -11 -30 -25 -10 -8
right_child=3 2 35 7 -6 6 10 9 40 12 15 34 13 -15 -16 -17 17 -19 26 -21 29 33 23 31 -26 -27 -28 -29 38 -31 -32 -33 -34 -35 -36 -37 -38 -39 -40 -41 -42 -43
leaf_value=0.0035634130526730201 -0.0134661044362663 0.0023673677902947021 0.012369272541061077 0.0060873428760985495 0.018740778258674217 -0.00053507274275870647 -0.0037162595717726322 0.0052371877462771537 0 0.0024563662332060966 -0.0022750341247619655 -0.0032778661925577791 0.0047478517869492722 -0.004003776690062257 0.0077628334026858085 0.0042587404399001523 0.0065706529680644435 -0.0071559198772159832 -0.001482526146128521 -0.0026339111448475359 0.00011423960094024391 -0.0015070682104993322 -0.0093814839746199311 -0.0026184543535168235 0.0036054731324138022 -0.0018234711627629512 -0.010105717840224179 -0.0010867728983864711 -0.0030178972315602019 0.0080260478930798997 -0.0013890867082172714 0.0017344868125405343 -0.0025902593507493386 0.002390929431453435 0.00058531724084393802 -3.387366468764554e-05 0.0025162775952073703 -0.00053307159760204292 0.0003006273901690167 0.00042318829538526048 -0.0041515833884669473 -7.8974405136416053e-05
leaf_weight=11.153022949321896 175.37935469586228 15.119234627883996 72.728498159136507 26.012823143595597 97.95728277915623 12.455451080662897 16.427328980294991 27.673186201252975 10.642461967625421 18.283024459175067 19.521029414827353 14.140695303038227 24.924688294835505 19.791012232541107 50.696587727143196 26.906423119682586 25.269682757876581 30.792644322864362 37.639728002875927 16.217653299754602 17.330653668323066 12.962033183139285 60.907915776988375 30.11471861206519 15.809015647158956 10.090444396351812 145.8053165673773 10.083565350287243 17.559593689875328 28.125105745682959 18.299732264247723 18.68249861660297 14.925892033890703 13.050982025844858 10.365329159729301 10.477315280222681 10.024728526826948 10.020975241888666 10.042479993164308 10.54068047358305 25.85892400162993 10.082300467067396
leaf_count=1357 431954 17315 10701 21379 4316 8078 11402 25704 18719 35761 13737 9022 16156 29344 30972 14655 26063 57970 43961 34702 28108 8546 48223 28852 16758 20519 185161 10682 21384 34417 1615 21635 6644 7158 4632 19834 4324 20260 11864 22460 44741 5840
internal_value=-9.85296e-05 0.00675772 0.0032346 -0.00727645 0.0154521 0.00048057 -0.00137683 -0.00347264 0.00179928 -0.00454922 -0.00334904 0.00260067 -0.00557248 -3.84109e-05 0.00542951 0.00191023 -0.00650504 -0.000796017 -0.00755666 0.00125744 0.00439685 -0.0047938 -0.00564325 -0.00714423 0.000126965 0.00318063 -0.00868238 0.00344213 0 0.00606631 0.00148565 -0.000645062 -0.000519005 0.000669127 -0.00228051 0.0122695 0.00155381 0.00148048 -0.00206431 -0.00221839 -0.00327607 -0.00296622
internal_weight=1260.89 646.407 518.996 614.485 127.41 435.791 342.373 439.106 62.5142 376.592 235.005 107.368 322.618 54.8061 93.4179 46.4275 267.811 56.0623 211.749 53.9744 82.8618 188.577 162.564 120.246 42.3186 35.0151 183.445 37.7568 42.7213 45.4558 29.4528 59.3379 37.4061 26.013 24.506 83.2058 22.4802 28.304 27.6021 40.6554 36.5014 26.5096
internal_count=1436925 413849 406561 1023076 7288 376026 294491 591122 84839 506283 199266 95225 435195 66019 81535 28392 369176 84033 285143 71088 81571 170874 155170 121170 34000 36675 229122 36386 50563 62525 2972 72947 19046 15704 13654 30535 12402 56021 33248 51312 63460 17242
cat_boundaries=0 5 10 15 20 25 30 35 40 44 48 52 57 62 66 71
cat_threshold=4763650 2422738248 6293569 1174470981 5248 4096 0 0 0 4096 1350700037 75506304 218669072 2818981896 98563 2702180896 1091895328 537084686 275778576 131616 2 2418540608 2113 100663296 1024 2249211952 1258291233 2156134400 5258272 4 640 200704 1645285378 16810656 24592 605028776 1208045607 2953056268 269485584 139284 32768 2154299656 2097153 1073741893 4194304 2099264 2112 100728832 565248 4721920 6291457 1140851008 68157696 1073741825 266764 2107392 24608 4194304 2415920448 4196353 67109184 1152 2 2099456 1 33619968 565248 4194304 1 256 1024
is_linear=0
shrinkage=0.05


Tree=47
num_leaves=48
num_cat=5
split_feature=27 13 8 10 22 13 7 0 14 4 24 5 27 15 1 7 10 1 5 10 15 20 11 16 8 27 13 5 0 0 16 6 27 1 12 8 16 8 0 7 0 15 27 13 13 8 0
split_gain=8.89925 3.01152 2.74838 1.93941 1.807 1.69439 1.54708 1.52167 1.18597 1.14989 1.11374 0.922323 0.881807 0.736612 0.73384 0.679994 0.67661 0.548763 0.503542 0.402963 0.398383 0.333994 0.329876 0.309768 0.30549 0.870969 0.488541 0.299125 0.298638 0.289356 0.25708 0.226365 0.22448 0.290854 0.222796 0.170118 0.169011 0.161699 0.18598 0.146356 0.140734 0.122721 0.0880015 0.086409 0.0402268 0.0371053 0.0211541
threshold=0 0.31986163556575781 2.2691711187362675 5.3444323539733896 0.22781030833721164 1.8059169054031374 -0.031157665885984894 -2.4834728240966792 -1.3020624518394468 1.4521025419235232 -0.79232028126716603 -0.43825112283229822 1 0.27660842239856726 4.1055345535278329 0.079589691013097777 4.2083904743194589 -0.14823927730321881 0.55122801661491405 2.7338490486145024 3.6290322542190556 0.36904762685298925 -0.11521340534090994 0.24022841453552249 -1.4366574883460996 2 2.0182876586914067 -0.34993442893028254 -1.5254544019699094 0.48210024833679205 -0.19008535146713254 -0.68860957026481617 3 -0.42766322195529932 1.771939814090729 0.99923792481422435 0.38195756077766424 1.9273561239242556 -0.75995761156082142 0.81555521488189708 -2.4261049032211299 1.3971365094184878 4 0.37700884044170385 -0.34012414515018458 1.5609356760978701 1.0000000180025095e-35
decision_type=1 10 8 8 8 10 8 8 8 10 8 8 1 10 10 10 10 8 10 8 10 8 10 10 10 1 10 10 10 10 10 8 1 10 10 10 10 10 8 10 10 10 1 10 10 10 10
left_child=1 4 7 5 6 9 14 12 15 13 21 -4 17 23 28 42 -7 -2 35 29 22 46 -11 30 32 44 45 -5 -1 34 -3 -8 33 43 -15 -12 -17 38 -33 -32 -24 -40 -9 -10 -26 -27 -6
right_child=2 3 11 27 10 16 31 8 24 20 18 -13 -14 19 -16 36 -18 -19 -20 -21 -22 -23 40 -25 25 26 -28 -29 -30 -31 39 37 -34 -35 -36 -37 -38 -39 41 -41 -42 -43 -44 -45 -46 -47 -48
leaf_value=-0.00025657488095356793 0.0071347159111783704 -0.0014754054046210413 6.4913012800851396e-05 0.0011778043522017228 0.0033591484839959884 0.011923374388076773 0.00092133713170372989 -0.0027787382220784088 0.00045696053485422359 0.00087094662795364627 -0.0086589834462535067 -0.01248177858851013 -0.0024324559472977351 0.0069193766301108312 -0.0017765483237565567 0.0051998755525279423 0.00038656783445525727 -0.0010555641909516622 0.00048787431377606032 -0.00063614794361463098 0.0020072122666939833 -0.0019821198706711416 3.8799711236626369e-05 -0.0029230964670112309 -0.00046052890913299413 -0.0095140345702860382 0.00028609150183639013 -0.0042490421793668597 0.0070061271109259568 -0.00030198106133329992 -0.000424030787281053 0.00023262054045354686 -0.0029747977346204846 0.0028392582981441191 1.4581717569775263e-06 -0.00020125287889229248 -0.00025992098623391562 0.0003484798313469513 0 0.0040141705050818028 -0.0056151161614710308 -0.0063127339965995469 0.0003899515302311431 -0.002579010556614649 0.0014409612617094832 -0.00073334988279434056 0.00014415380417780941
leaf_weight=10.527084672139607 34.047026325992192 11.481592735828597 14.983304342720656 10.178017786805865 15.946370193269106 95.153371418608003 10.005824793974169 21.116461163779604 13.424484945600854 16.514912541737431 56.049380536671379 83.752747514008661 19.890538434396149 188.79721702165261 10.487831290840402 19.612639591505289 18.68954032457259 10.635633831669109 12.62210904213134 12.430334105985819 13.429849611988173 14.587389352745957 10.212756344888474 12.849713644740403 10.479239627253266 91.005061374977231 10.76190829007828 26.222992365132086 83.345797398374998 10.326485334007883 11.029918349784568 10.631510877574327 64.969930800842121 18.61822806330747 13.779252874228403 10.169171898713101 10.004653179959858 10.161917641875332 10.003196231846234 18.838747517715092 19.254434766247872 14.078111493392496 15.977070842665851 12.740801596126401 19.649670972430613 11.430968197935725 14.333605850231832
leaf_count=6713 37638 9693 34646 5655 11630 35623 7226 47813 15677 13137 52940 189092 50626 87681 9312 26278 8189 14752 9045 6602 5700 13876 6607 7247 25567 179318 16538 15162 61082 11273 8294 5583 159183 21962 7044 13311 16407 10087 6492 9977 13512 12091 34188 12666 44735 25062 13797
internal_value=-0.000153003 0.00310053 -0.00512755 0.00533857 -0.000881305 0.00622827 0.00235914 -0.00257738 -0.00393692 0.0035075 -0.00455972 -0.0111624 0.00289175 0.00472036 0.00519075 0.00124758 0.0107559 0.0050691 -0.00698411 0.00577296 -0.00170262 0.00108338 -0.00331942 -0.000278063 -0.0053004 -0.00670721 -0.00790537 -0.0028703 0.0063508 0.00621599 0.0016392 -0.00288536 -0.0019077 0.000591679 0.00656206 -0.00804853 0.00428777 -0.00382509 -0.00459044 0.00307319 -0.00480117 -0.0055071 -0.00219045 -0.00167828 0.000749039 -0.00912893 0.00293719
internal_weight=1255.24 772.138 483.1 489.189 282.949 452.788 159.241 384.364 319.791 338.945 123.708 98.7361 64.5732 279.533 104.361 66.7108 113.843 44.6827 78.8407 225.333 59.412 44.8674 45.9821 54.2 253.08 143.327 113.198 36.401 93.8729 212.903 41.3503 54.8806 109.753 44.7835 202.576 66.2186 29.6173 44.8747 34.7128 29.8687 29.4672 24.0813 37.0935 26.1653 30.1289 102.436 30.28
internal_count=1436729 484581 952148 251396 233185 230579 118586 728410 625394 186767 114599 223738 103016 147811 77107 124686 43812 52390 75296 112600 38956 39303 33256 35211 500708 291220 220918 20817 67795 105998 27964 41479 209488 50305 94725 66251 42685 34253 24166 18271 20119 18583 82001 28343 70302 204380 25427
cat_boundaries=0 1 2 3 4 5
cat_threshold=2208 525 528 5 92
is_linear=0
shrinkage=0.05


Tree=48
num_leaves=37
num_cat=8
split_feature=28 28 7 7 28 28 23 21 21 28 2 28 21 23 21 21 16 28 16 23 2 5 5 28 21 21 4 21 23 21 2 7 7 7 2 7
split_gain=27.1468 7.71134 5.14751 2.08684 3.57135 2.00478 2.32129 2.10903 1.99865 2.46571 1.78919 1.68003 1.56622 1.19688 1.64401 1.18463 0.702915 0.705392 0.67782 0.665025 0.604475 0.500097 0.38566 0.357627 0.355332 0.245689 0.242471 0.285011 0.199985 0.102732 0.0947704 0.0848272 0.0525273 0.0511648 0.0409802 0.0299985
threshold=0 1 0.76603999733924877 0.92966261506080639 2 3 0.837672919034958 -0.10111521184444426 1.3261457085609438 4 -0.5678245723247527 5 0.37010048329830175 2.4593923091888432 1.8310145735740664 0.27090932428836828 -0.55510050058364857 6 0.53087979555130016 -0.57585796713829029 -0.21973007172346112 -0.7280963361263274 -0.74711596965789784 7 -0.11824917420744895 2.2291116714477544 2.6858725547790532 -0.067002482712268815 0.98096573352813732 0.71161392331123363 -0.40277312695980066 0.73184660077095043 -0.55810949206352223 -1.1566736102104185 -0.8863636553287505 0.73184660077095043
decision_type=9 9 10 8 9 9 10 8 10 9 8 9 8 10 8 8 8 9 10 10 8 8 8 9 10 10 10 8 10 10 10 10 10 10 8 10
left_child=2 -2 5 4 12 6 15 -7 11 -10 -4 29 19 14 -12 -1 17 -6 -17 32 -8 -18 -13 30 34 -16 27 -24 -26 -5 -23 -14 33 -3 -21 -25
right_child=1 3 10 8 16 7 20 -9 9 -11 13 22 31 -15 25 18 21 -19 -20 24 -22 23 26 35 28 -27 -28 -29 -30 -31 -32 -33 -34 -35 -36 -37
leaf_value=0.0018062307468417053 -0.012915643930760466 -0.0012095022544287195 -0.0011096693274826694 0.0028043575149743092 0.0035763950849559199 -0.0027612714189194838 0.0063981103623052087 0.010288674426639497 0.0071271984696558294 -0.0048254418190120923 0.017522328826085815 -0.00021018641571028015 0.0080064973122095529 8.4131037647900447e-05 -0.0015332449954660562 -0.011025459063762431 0.00057764882999786541 -0.0030610850733981624 0.00042771750779739618 0.00011433560858253199 -0.0015811401792533233 -0.0012037790485393046 -0.0018239533711540438 -0.0077628688210980741 -0.0024466655429511261 0.0030160929694690529 -0.00018833195338876173 -0.01015838384107165 0.0014986187162629853 -0.00052374376756819717 0.0015357738133003336 0.00042575574261962768 -0.0038183173634112159 0.00081990898995229619 0.0047909405216496857 -0.00053291416626617889
leaf_weight=12.072104913124347 171.37949689518427 11.818527225987056 10.077910698833874 23.937972206083941 26.329117385219433 19.435800393723184 21.829599761258578 46.069635802326957 30.655887957531377 26.755208874106756 177.70023506562575 17.751644657560973 92.414736442180583 13.367330569584736 12.679671111778591 29.420295661184355 20.085706083424157 16.129668694004067 10.142593729528015 10.088057602624756 10.055208127261723 16.040663439751373 39.374155187528231 94.437493322155206 18.157206429212238 12.480875316716263 11.197187821191617 140.15602669668442 14.1895547228778 11.073392430786042 10.234073257961425 11.251730798510833 23.379146011371631 12.570143555232788 22.236001193246921 10.830618151900124
leaf_count=8063 428128 17175 9268 52239 27846 22418 8129 34389 23314 22207 31736 20635 62772 3208 2631 11154 31202 34811 2879 22382 2539 36735 62480 139591 17492 2137 12155 148503 13740 18012 14254 6985 26618 18524 27464 14193
internal_value=-0.000107871 -0.00487593 0.0102206 -0.00207759 0.000272904 0.00212793 -0.00253057 0.00630808 -0.00493759 0.00207139 0.0145522 -0.00667857 0.00418339 0.0153722 0.016144 -0.00716096 -0.00403195 0.000764748 -0.00943383 -6.93574e-05 0.00439175 -0.00545644 -0.00795391 -0.00631068 0.00250619 0.00116211 -0.00879093 -0.00914778 -0.000796172 0.00179307 9.28145e-05 0.00762249 -0.00310586 -0.000248261 0.00434804 -0.00701083
internal_weight=1257.8 882.473 375.331 711.094 410.192 149.025 83.5198 65.5054 300.901 57.4111 226.306 243.49 216.105 216.228 202.861 51.635 194.087 42.4588 39.5629 112.439 31.8848 151.629 208.479 131.543 64.6708 25.1605 190.727 179.53 32.3468 35.0114 26.2747 103.666 47.7678 24.3887 32.3241 105.268
internal_count=1438008 1299457 138551 871329 511784 89571 32764 56807 359545 45521 48980 314024 213152 39712 36504 22096 298632 62657 14033 143395 10668 235975 243773 204773 81078 4768 223138 210983 31232 70251 50989 69757 62317 35699 49846 153784
cat_boundaries=0 5 10 15 19 24 29 34 39
cat_threshold=4722690 2304 4194304 67174656 4224 1350765573 75506304 84451344 2818981896 98563 2734695040 271848553 572524641 51383361 1024 4718592 2048 4194304 65536 67117320 1080033368 2687571309 1342743040 131584 201359360 2336948224 1075057922 1382023172 8212 1048872 3356065798 2415939596 660 139312 32816 2168995842 1073943170 33444 8196
is_linear=0
shrinkage=0.05


Tree=49
num_leaves=45
num_cat=10
split_feature=28 28 28 8 2 7 21 28 21 21 28 28 0 28 28 0 22 8 8 2 21 21 0 3 5 24 8 7 22 28 7 23 7 7 28 20 7 8 19 23 21 7 19 20
split_gain=23.2534 7.52195 4.15516 3.54939 3.59479 3.04864 2.65597 2.45392 2.33673 2.04808 2.8103 1.9753 1.41729 1.31629 1.26668 1.08793 0.885497 0.861523 0.768739 0.736705 0.67363 0.821739 0.627766 0.626531 0.584116 0.581904 0.470275 0.430682 0.327145 0.235644 0.198183 0.194133 0.190727 0.173272 0.167532 0.15838 0.144808 0.111625 0.11024 0.0919656 0.0635366 0.054563 0.0474565 0.0209289
threshold=0 1 2 -0.93164256215095509 -0.5678245723247527 0.83177959918975841 0.88280326128005993 3 -0.13542651385068891 0.8468196988105775 4 5 -0.435742437839508 6 7 -2.8791384696960445 -9.1312065124511701 0.048751221969723708 -2.946678519248962 -0.93969428539276112 1.6113851666450503 -0.10960838943719863 -2.2545695304870601 1.88031542301178 -0.18460115790367124 -1.1206909418106077 -1.1838012933731077 0.59827187657356273 -1.5721308588981626 8 0.84775826334953319 -1.5250259637832639 1.0000000180025095e-35 1.2990375757217409 9 0.47222222387790685 -0.41424418985843653 -3.4524490833282466 -0.55758437514305104 0.80932345986366283 1.2411091923713686 -0.65816473960876454 -1.371958792209625 0.41666667163372045
decision_type=9 9 9 10 10 8 10 9 8 8 9 9 10 9 9 8 10 8 8 10 10 10 10 10 10 8 8 8 8 9 8 10 8 8 9 10 8 10 10 10 10 10 8 10
left_child=1 5 -2 9 8 20 14 -8 19 11 15 30 16 38 24 -11 -6 23 -17 -5 21 -1 -12 25 34 43 31 35 -20 -21 37 -13 -19 -26 36 -9 -4 -3 -14 -10 -24 -39 -27 -16
right_child=2 3 6 4 12 -7 7 27 39 10 22 26 13 -15 17 18 -18 32 28 29 -22 -23 40 -25 33 42 -28 -29 -30 -31 -32 -33 -34 -35 -36 -37 -38 41 -40 -41 -42 -43 -44 -45
leaf_value=-0.0022218044344815102 -0.012520355175146478 -0.0016938939820349984 0.00031658940482272231 -0.0022705227119883416 -0.00033526375540627191 0.017681976840841954 0.006813407060034856 0.0022056532781360889 -0.0084798026692049187 0.0010216065937769182 -0.001737440870440367 7.6591929259631523e-05 0 0.0050626276746703518 0.0012601385391975163 0 0.012712753980530551 -0.0014844281694387823 -0.000581301640075584 0.0060918480558383812 -0.0027146094371709312 0.0063372132684644455 0.00021035133110896623 0.0025609692052672248 0.0041016247453360974 -0.00024019248252755569 -0.00062107110188311236 -0.0058503627190469622 -0.014197581534620394 -0.00061160676593994645 -0.0051683466051812496 0.0082394007314991555 -0.011212036676753854 -0.00056523695797400058 0.00080095323807182937 -0.0014205772917898051 -0.0044356588631330541 -0.00045231975411548411 -0.0052060023885454375 -0.00036722851564309857 0.0061051660376117006 0.0019210853922057326 -0.0056763735645460932 -0.0002035032131040334
leaf_weight=10.437862743099684 169.26726987394795 10.518571079504907 10.158025001161148 10.457634547070482 10.637015262123894 121.1741179554374 61.059847538330359 12.251921537448654 20.062750427197901 10.295351897802901 18.163147754297825 10.245872831437735 10.053598744954799 19.118638696192647 21.303767335586599 13.07396937656449 104.417946292946 24.449083273575525 10.127835135557687 34.584722374987905 11.679793323623015 38.048343228176236 10.852116601468881 10.463591653926413 26.266230060107773 10.894876653837853 11.266946977499172 29.474693876210949 38.357837716801441 10.118896198953733 19.648939116566908 47.043682854273356 73.168472457560711 10.043907553874304 11.818243007102863 10.630770300893344 23.347921780252364 10.040834411774993 14.75535096565727 10.053292779310139 14.894820542176602 12.497799909469906 75.120097507809987 11.278437938468413
leaf_count=1554 427562 11117 7882 20681 4921 6227 62607 9584 18539 2925 23062 11938 8381 9685 33237 5130 53379 51225 2739 44017 1232 3629 12820 10813 27089 20889 18217 29172 14846 11256 17836 44812 135601 11104 27687 8718 14726 10920 13283 11021 14157 11649 130331 19008
internal_value=5.84464e-05 0.00623373 -0.00679492 0.00225703 0.00601675 0.0135823 -0.00321334 0.00248474 -0.00170118 -0.00189454 -0.00564265 0.00225717 0.00959706 0.000669349 -0.00546733 -0.00933539 0.01174 -0.00695592 -0.0116307 0.00367094 0.00223539 0.00425136 0.00279631 -0.00275117 0.000212509 -0.00387001 0.0059596 -0.00368272 -0.0131432 0.00557857 -0.00332347 0.00754217 -0.0101376 0.00317317 -0.0025049 0.000633559 -0.00322227 -0.000115656 -0.00392267 -0.0077534 0.00546549 0.00121185 -0.00536599 0.000876487
internal_weight=1253.62 662.628 590.997 481.288 244.26 181.34 421.73 113.417 85.2773 237.028 115.765 121.263 158.983 43.9276 308.313 71.855 115.055 226.678 61.5596 55.1613 60.166 48.4862 43.9101 129.061 81.6343 118.597 68.5565 52.3574 48.4857 44.7036 52.7061 57.2896 97.6176 36.3101 45.3242 22.8827 33.5059 33.0572 24.8089 30.116 25.7469 22.5386 86.015 32.5822
internal_count=1437208 409973 1027235 397331 195163 12642 599673 110081 105514 202168 75679 126489 89649 31349 489592 25640 58300 401104 22715 75954 6415 5183 50039 214278 88488 203465 74967 47474 17585 55273 51522 56750 186826 38193 50295 18302 22608 33686 21664 29560 26977 22569 151220 52245
cat_boundaries=0 5 10 15 20 25 30 35 40 45 50
cat_threshold=5812226 2420641096 4261953 1174470981 5248 4096 0 0 65536 4096 1350765573 75506304 84451344 2818981896 98563 67109632 1076297748 2717929772 565792 139828 5767168 3072 4196352 1073741889 1024 40962 2152202560 65537 1073741888 128 4235264 2152202248 1 100663301 1152 2164261024 152047617 1110442496 275782656 16 5775362 524288 65 1174405376 128 128 4097 1107296768 1054720 16
is_linear=0
shrinkage=0.05


Tree=50
num_leaves=51
num_cat=7
split_feature=2 9 10 0 27 21 0 5 23 0 0 4 27 16 5 21 2 27 27 21 0 11 2 3 27 10 0 7 7 13 2 1 10 7 27 7 0 27 7 7 0 2 5 7 20 0 6 7 7 19
split_gain=9.01196 4.66904 1.92764 2.13978 1.89437 2.46214 2.18289 1.62074 1.40305 1.02679 1.79393 0.989519 1.03873 1.18728 0.963391 0.897322 0.727704 0.686978 0.569117 0.365383 0.465844 0.340553 0.327805 0.324608 0.31237 0.308265 0.304913 0.613801 0.579345 0.301954 0.299926 0.292225 0.273233 0.258066 0.240981 0.234876 0.214374 0.206478 0.191706 0.254053 0.14129 0.138726 0.138674 0.0989335 0.097502 0.0719109 0.0567393 0.0562468 0.0424059 0.0289961
threshold=-0.72163730859756459 3.1910111904144292 4.5699827671051034 -1.88501501083374 0 0.37010048329830175 -1.1017401218414304 -0.38291829824447626 -0.78959181904792775 -2.0193886756896968 -0.21758259832859037 1.062276363372803 1 0.58935981988906871 0.13633799552917483 1.5119332075119021 -0.57250526547431935 2 3 0.97510674595832836 1.4347518086433413 -3.3039453029632564 -0.65341269969940174 1.1882743239402773 4 1.6533322334289553 -0.98275989294052113 -0.31087958812713617 0.25670467317104345 -0.24126089364290235 -0.4722744077444076 3.7109707593917851 3.0125672817230229 1.1627014279365542 5 -1.1566736102104185 -2.6949917078018184 6 1.3675070405006411 1.9230822920799258 -0.9533497393131255 -0.64904385805129994 1.1251811981201174 2.209586620330811 0.56746032834053051 -0.16941388696432111 -0.73359221220016468 0.7158527970314027 -0.9861982762813567 1.3718920946121218
decision_type=10 8 8 10 1 10 10 8 10 8 10 10 1 8 10 8 8 1 1 8 8 8 10 10 1 8 10 8 10 8 10 10 10 10 1 8 8 1 10 10 8 10 10 10 10 8 8 10 8 8
left_child=7 4 3 15 5 9 11 17 30 -2 41 21 13 33 35 -3 44 45 43 26 25 -6 -12 31 -5 -21 27 -7 -28 -23 -8 37 -15 -13 -16 -9 -31 -18 -29 -40 -39 -11 46 -4 -10 -1 -38 -14 -47 -43
right_child=1 2 18 24 6 19 8 14 16 10 22 12 47 32 34 -17 23 -19 -20 20 -22 29 -24 -25 -26 -27 28 38 -30 36 -32 -33 -34 -35 -36 -37 42 40 39 -41 -42 49 -44 -45 -46 48 -48 -49 -50 -51
leaf_value=-0.00015197979335120534 -0.0058040157761686667 0.014843944854152094 0.00011020027879616182 0.0019707623872577502 -1.0543564788567091e-05 -0.001932029389605906 0.00062711601840303955 -0.0013150377833318037 -0.0022724711348680415 -1.3345862362962068e-05 0.00070427449340203132 -1.5674680044158829e-05 -0.00019196408603267315 0.00071522870735044931 0.0014909174618282898 0.00068831724457987613 -0.00034164041349081167 -0.0041729319311665332 0.0029818551948571654 0.0085929054360991252 -0.00054583156626946577 0 -0.0056734277147611652 -0.00046761595106153194 -0.0026550113549854964 0.00015097814876594739 0.002498878069875568 0.0059871492405791085 -0.0038373356705711779 -0.00018033930185345397 -0.0049591148642315558 -0.00025850298058002107 -0.0046196976728776771 0.0065371689513272256 -0.0025018510896124423 -0.011976793936042535 -0.00066557402110773789 0.00027913690228023759 -0.0019554934918730063 0.0025506030719567776 0.0084920814387121468 0.0057079115899971826 -0.00041295027260184803 -0.0042369842148746876 0.0007491281875438696 0 -0.010205784078780103 -0.0056617353970058078 0.0028815581988690803 0.00029559741259864859
leaf_weight=25.524896537943278 41.694335599488113 82.498789188655792 10.523979906036404 13.822827797441278 16.490489463671111 13.514550771607899 18.838440742634702 20.322157595452154 15.503551513305867 11.105607930177937 11.825441895489346 16.110482491625589 10.970380352737264 17.99855414827471 17.312913444795413 18.565164534811629 11.630198101702261 31.275422498394619 10.101878041561575 99.555033860364347 10.059063430642707 10.459805690523352 31.948081326147076 10.687106459823552 13.939630443084752 14.921459098186459 27.783536707574967 43.258072203258052 18.089860205291188 10.410738632781429 22.996614914547536 10.017177002708193 12.864546749347936 35.320309670511051 21.182683876540978 115.47760957849096 10.235142420133341 10.500663833081488 15.406544991245029 10.011734173385774 61.858126778490259 48.188950118725188 10.134914688809657 16.267929512410774 10.326966130407525 13.230645612027727 55.203363706081291 24.442592452134704 27.28020402227412 10.460203433278364
leaf_count=38948 39906 34247 8902 11501 17859 9353 32618 42193 27770 11505 12476 19394 19631 13180 26476 8464 31909 71870 8113 47616 8223 18046 38102 12242 11010 7914 17513 32590 11239 12854 25073 6331 12146 23623 48355 248861 12476 7185 11837 6347 42364 47353 8620 13578 17311 26192 70201 48438 45671 10228
internal_value=1.06722e-05 0.00230213 0.00884527 0.0110061 0.000522909 0.00273598 -0.00178147 -0.00728959 0.00209544 -0.00180813 0.000954733 -0.00461714 -0.000734866 0.00217814 -0.00966229 0.0133652 0.00434718 -0.00116877 -0.000633794 0.00547265 0.00723137 -0.00716558 -0.00444032 0.00574318 -0.000589273 0.00790334 0.00218399 0.00344806 -0.000645769 -0.00793353 -0.00341731 0.00640118 -0.00292817 0.00543934 -0.00093609 -0.0111914 -0.0085635 0.00703285 0.00491685 0.000267363 0.00734214 0.00482244 -0.00914689 -0.00310059 -0.00130109 0.00161631 -0.00969151 -0.00459244 0.00243276 0.00536889
internal_weight=1248.15 976.543 165.72 128.826 810.823 407.822 403 271.607 172.359 155.223 113.528 230.641 117.707 82.2939 174.295 101.064 130.524 97.3112 36.8938 252.6 124.536 112.934 43.7735 104.693 27.7625 114.476 128.064 82.1909 45.8734 96.444 41.8351 94.0062 30.8631 51.4308 38.4956 135.8 85.9842 83.989 68.6764 25.4183 72.3588 69.7548 75.5734 26.7919 25.8305 66.0357 65.4385 35.413 40.5108 58.6492
internal_count=1435854 887288 95815 65222 791473 312202 479271 548566 202803 159570 119664 276468 136412 68343 365885 42711 145112 182681 30593 152632 63753 140056 50578 100031 22511 55530 88879 60127 28752 122197 57691 87789 25326 43017 74831 291054 104151 81458 50774 18184 49549 69086 91297 22480 45081 110811 82677 68069 71863 57581
cat_boundaries=0 1 2 3 4 5 6 7
cat_threshold=2592 396 1760 737 2872 3376 1344
is_linear=0
shrinkage=0.05


Tree=51
num_leaves=42
num_cat=10
split_feature=28 9 28 28 4 2 0 0 10 4 28 28 8 28 8 28 10 7 16 8 18 2 2 8 19 28 10 9 28 2 3 8 15 28 2 8 10 18 8 1 15
split_gain=21.4551 6.20345 5.34699 3.38605 2.63336 2.42137 2.38145 1.63656 1.46121 1.36231 2.73049 1.42277 1.0143 1.00513 0.846785 1.95872 0.5891 0.5841 0.870631 0.564856 0.524479 0.488323 0.480811 0.388102 0.363568 0.32597 0.310323 0.28849 0.244826 0.208227 0.194028 0.180116 0.239998 0.102737 0.0990853 0.0952631 0.0740319 0.0703631 0.048839 0.0391205 0.0364138
threshold=0 3.0236684083938603 1 2 1.8017743825912478 -0.5539470613002776 -1.763329744338989 1.1086418032646181 4.4442582130432138 0.017023247666656974 3 4 -0.39081574976444239 5 -1.259393513202667 6 1.2390448451042178 1.9993947744369509 0.15543872863054278 1.1886043548583987 0.55977249145507824 -0.7045740783214568 -0.38004983961582178 1.1652902960777285 1.0529368519783022 7 1.2192723751068117 -1.1057136654853819 8 -0.86171802878379811 -0.48965995013713831 -1.0876299142837522 0.08985473215579988 9 -0.26698094606399531 -2.899059414863586 0.81585985422134411 0.25167733430862432 -1.4366574883460996 -0.073111224919557558 5.2194752693176278
decision_type=9 10 9 9 10 10 10 10 10 8 9 9 10 9 8 9 10 8 8 10 8 8 8 10 8 9 10 8 9 10 8 8 10 9 10 8 10 10 10 10 10
left_child=1 2 4 -2 5 27 8 14 13 10 29 12 20 -4 16 26 24 18 19 30 -11 -20 -22 35 28 -9 -16 -1 -8 -5 -17 32 34 -3 -13 -12 -32 -30 -34 -14 -27
right_child=3 33 6 9 -6 -7 7 25 -10 11 23 31 39 -15 15 17 -18 -19 21 -21 22 -23 -24 -25 -26 40 -28 -29 37 -31 36 -33 38 -35 -36 -37 -38 -39 -40 -41 -42
leaf_value=0.0020978673553944528 -0.011693935559866964 0.014427881976180671 0.0014951998962090445 0 -0.0030423973217034482 0.015908040766787961 0.0095508494985011936 0.00084899934526527765 0.0029708584209361759 0.0019362305510646828 -0.00020344297637201966 -0.001132644703549868 0.0052140259931384271 -0.008262289388261233 -0.0075792146004226083 0.00069815563185275176 -0.00076070602775272708 -0.0018878473575042855 -0.00039466730845344597 0.0032226737340509876 0.0012210427715017311 0.0086153640253866168 -0.0061081898023094888 0.00043774811851576958 0 -0.0057950510016567432 0.00026390798331235718 -0.0027666877241226879 -0.00097754000506815146 0.00745531700561319 -0.004735709192097157 -0.008550642198183845 -0.0041888662748448833 0 0.0017159046424260291 -0.0066743815490743407 0 0.0014133004673424971 -0.00012227373926293545 0.00017156421461500095 -0.00028883006629123418
leaf_weight=10.847586123229119 174.74129957033438 114.77109123862465 18.252269109318149 10.097997583012328 10.058324307537985 74.544107147346949 43.157697136630304 19.204655190187623 17.034817918174667 12.400257830566259 11.278877510165328 10.145210482078257 20.65281992805831 81.510222066499409 15.870191828536919 10.010424588195745 12.892170483843072 10.272384959680492 11.602687507824156 15.425917155400382 10.000863437235237 46.168206185495364 29.626425100796041 19.56709092053643 13.426293340729897 21.832594581181183 10.102722923475083 11.920589728892084 10.233579749256025 46.51425277547969 11.67643417078944 106.6414295387367 80.840922450690414 11.005134638849993 14.186418599230818 38.007641044765478 10.174735759821486 14.022639616334343 13.817573905063908 10.023446439081452 10.964515647516235
leaf_count=8146 414893 14405 40036 23921 3651 18947 17446 42097 13172 14435 22543 16296 17199 47795 8643 11605 11240 7774 15144 12616 15323 29733 27907 39656 8505 16752 5003 9207 12514 30656 8163 176785 101837 20426 16765 73366 6828 16869 19569 9191 9918
internal_value=-0.000129359 0.00601178 0.00296724 -0.00652568 0.010455 0.0131529 -0.000171691 0.00225022 -0.00505431 -0.00326577 0.000821869 -0.00491677 0.000675491 -0.00699238 0.00396457 0.000843582 0.00670458 0.00367741 0.00492426 -0.000315183 -0.00276679 0.00741584 -0.00455341 -0.00441905 0.00776908 -0.00359442 -0.00556434 -0.000531342 0.00866035 0.00616248 -0.0030113 -0.00652326 -0.00307038 0.0143357 0.000497966 -0.0060921 -0.00408353 0.000315733 -0.00387726 0.00475584 -0.00472948
internal_weight=1245.52 636.982 511.206 608.543 107.371 97.3123 403.835 287.038 116.797 433.801 125.466 308.335 82.7038 99.7625 235.036 141.304 93.7324 115.331 105.058 47.2875 52.0275 57.7709 39.6273 68.8536 80.8402 52.0018 25.9729 22.7682 67.4139 56.6123 31.8616 225.632 118.99 125.776 24.3316 49.2865 21.8512 24.2562 94.6585 30.6763 32.7971
internal_count=1436977 416635 381804 1020342 39951 36300 341853 240850 101003 605449 190142 415307 84055 87831 172083 105509 66574 91863 84089 39212 57665 44877 43230 135565 55334 68767 13646 17353 46829 54577 26596 331252 154467 34831 33061 95909 14991 29383 121406 26390 26670
cat_boundaries=0 5 10 15 20 25 30 35 40 45 50
cat_threshold=4763650 2422738248 6295617 1174470981 5248 4198400 0 4194304 0 4224 1342639109 75506304 84451346 2818719752 98563 2717909032 1074200611 2717911212 16780288 131092 68157440 152047616 1074856192 270574240 8224 2 2420637960 64 1140850948 1024 0 2150105088 64 65541 1024 40960 2416444736 2097152 65 1024 2 2099264 64 67174656 1024 4098 2099520 1 33619968 4096
is_linear=0
shrinkage=0.05


Tree=52
num_leaves=40
num_cat=12
split_feature=28 28 8 28 7 2 8 28 2 28 9 7 5 7 28 22 0 28 28 24 28 28 5 2 23 23 11 15 11 23 23 3 8 7 28 23 28 8 7
split_gain=21.3038 6.05561 2.81325 2.65476 2.57284 2.40746 2.21554 2.39137 1.48208 2.16821 1.82994 1.47715 1.43241 1.22187 1.45527 1.00089 0.918532 0.960238 0.613885 0.602799 0.504939 0.48244 0.464927 0.443699 0.441357 1.12053 0.382517 0.313636 0.315654 0.275999 0.270599 0.244952 0.20158 0.129834 0.109148 0.102042 0.0926259 0.0911443 0.0226361
threshold=0 1 -0.95758968591690052 2 0.83177959918975841 -0.5678245723247527 -0.95758968591690052 3 -0.2907149195671081 4 3.8411591053009038 0.89726597070693981 -0.31844051182270044 -0.41424418985843653 5 -11.347157955169676 -0.46032539010047907 6 7 0.99882414937019359 8 9 0.040935402736067779 -0.73796555399894703 1.0892847776412966 -0.8659602403640746 -3.8456010818481441 4.5929782390594491 1.7504227161407473 1.8170177936553957 -1.624944746494293 1.4322491288185122 -3.7326394319534297 2.4800574779510502 10 1.4981396198272707 11 -6.3805673122405997 0.53482383489608776
decision_type=9 9 10 9 8 8 8 9 8 9 10 8 8 8 9 10 10 9 9 10 9 9 10 10 10 10 10 10 10 10 10 10 8 10 9 10 9 8 10
left_child=1 4 8 37 24 12 7 19 11 10 26 18 21 20 -15 -7 33 38 -3 23 -8 -4 -14 -5 25 -1 -10 28 -25 -6 -20 34 -28 -17 -21 -32 -13 -2 -18
right_child=3 2 5 6 29 15 13 -9 9 -11 -12 36 22 14 -16 16 17 -19 30 31 -22 -23 -24 27 -26 -27 32 -29 -30 -31 35 -33 -34 -35 -36 -37 -38 -39 -40
leaf_value=0.0040038140154694118 -0.0009396062986809083 -0.0012960964301092948 0.0051964169517971399 -0.00093226926780524413 0.017359107545575986 -0.0012958765695389321 0.0033173416610253435 -0.0052276608990350585 0 0.0041143060715706486 0.0025783243351243743 -0.0043950699898300813 -0.0066948600886226868 0.0014521158096211296 -0.0094979769882575418 0.011881177924157793 -0.00017664924851423059 0.004680250703498731 -9.4041209357896514e-05 -0.0031947582665738392 -0.0024623732198820994 -0.0015495886015691926 0.0005434766108824735 0.0073375345765824915 0.004869905486283875 -0.0048083257980053385 -0.00078998214446104539 -0.00035877341363260587 -0.00019796931178168322 0.001712257546014594 0.0081273783902542154 0.0018223915052303832 -0.010917284867370968 0.0011034508570328973 0.00044045457021327732 0.00033136219553752668 0.00030582173449920946 -0.012014836557781848 -0.0039590863075906844
leaf_weight=19.969033076369669 11.909326412307562 17.010401415041997 28.800753419462126 12.230696293816434 102.41317673356389 11.17676810325065 18.560358951915987 68.026978216919815 10.357094955223145 20.422345060665975 17.51778680618736 13.092824675215523 27.515766950848047 25.178652407048503 134.36509358126204 92.015442027637619 12.586097662846443 19.125376220181352 10.247822712495688 12.697397915471809 15.300024530210065 10.124643025716066 19.659102191246348 73.824143118428765 14.633769202802794 25.353405250149081 14.947765972858177 11.270785327214979 11.320807298136058 15.647327570244668 42.453388048626948 10.24415368605696 63.826890847703908 15.163448852719737 15.209948021045422 10.448831871864966 10.129409300323461 166.04080895762309 10.960755095453349
leaf_count=2345 25978 34397 32043 20505 5178 5607 29586 147152 5220 43857 4143 18646 37404 60537 194328 46223 9035 9476 9198 1831 36761 12671 23661 66349 1311 2695 7192 8822 10535 990 33575 9115 22801 8456 27734 8149 15423 385648 12164
internal_value=-5.30808e-06 0.00593403 0.00230783 -0.00658989 0.0126073 0.0056021 -0.00340513 0.00016165 -0.00149362 -0.00443349 -0.00672627 0.0023546 -0.00090608 -0.00674677 -0.00819583 0.00849584 0.00939268 0.00116456 0.00507801 0.00346759 0.000837043 0.00391093 -0.00489941 0.00505165 0.0021152 -0.000809681 -0.00934375 0.00590402 0.00659606 0.0164415 0.00621817 -0.000899992 -0.0100873 0.0112243 -0.00249173 0.00754536 -0.00402611 -0.011174 -0.00308096
internal_weight=1241.78 655.599 477.583 586.179 178.017 247.128 408.229 214.825 230.455 127.072 106.65 103.383 86.1003 193.404 159.544 161.028 149.851 42.6722 80.1604 146.798 33.8604 38.9254 47.1749 108.646 59.9562 45.3224 89.1318 96.4157 85.145 118.061 63.15 38.1515 78.7747 107.179 27.9073 52.9022 23.2222 177.95 23.5469
internal_count=1436741 411860 399341 1024881 12519 196740 613255 292043 202601 83213 39356 119388 105779 321212 254865 90961 85354 30675 85319 144891 66347 44714 61065 106211 6351 5040 35213 85706 76884 6168 50922 38680 29993 54679 29565 41724 34069 411626 21199
cat_boundaries=0 5 10 15 20 25 30 35 39 44 49 52 56
cat_threshold=5812226 2420641096 6359105 1174470980 5248 4096 0 0 65536 4096 1351027716 1149248128 151560208 2818981896 98307 2197816064 3477505 1711276044 16820353 155680 1581056 268438528 6293505 1073741888 1024 67125472 185729024 3230929920 274732592 340 4235266 2151677960 1 100663300 1152 40962 2420637760 2162688 1073741892 587202576 3407909 2693940134 17867825 516 1056768 268435520 2049 100663296 128 0 1 4 4726786 320 1 33554496
is_linear=0
shrinkage=0.05


Tree=53
num_leaves=50
num_cat=0
split_feature=2 9 10 0 6 21 11 13 16 0 4 23 16 2 7 21 23 0 21 14 11 9 7 0 14 21 7 21 0 10 7 21 19 23 21 24 21 21 0 2 14 9 10 21 23 0 0 4 15
split_gain=7.60148 4.11727 2.03362 2.07678 2.0206 1.239 1.08731 1.02011 1.21862 0.815635 0.70952 0.654993 0.747667 0.635032 0.468492 0.811879 0.439392 0.457813 0.402939 0.39782 0.332529 0.312934 0.302114 0.268186 0.227285 0.217615 0.208301 0.24997 0.196693 0.188297 0.173158 0.171413 0.160442 0.156102 0.122352 0.113952 0.0979954 0.0837485 0.0702807 0.0664438 0.0670049 0.0628939 0.0773969 0.0589589 0.051421 0.0434433 0.0432712 0.0355429 0.0324494
threshold=-0.85816121101379383 3.3713488578796391 4.9997477531433114 -1.9213395118713377 -0.56626814603805531 1.5119332075119021 -3.2097001075744624 1.8706827759742739 1.0230266451835635 -1.832857549190521 0.051766464486718185 1.5775867700576784 -0.70785230398178089 -0.53206786513328541 1.4404062032699587 1.3985975980758669 -1.1451714634895322 1.261552691459656 1.4250644445419314 1.1273770928382876 -0.625085949897766 1.630712687969208 -1.0610721111297605 -2.3736063241958614 0.017467512749135498 -0.2609990388154983 0.27259315550327307 -0.28008846938610071 -0.24386665970087049 7.6996207237243661 1.0124937891960146 0.6700359880924226 0.79137963056564342 0.59078839421272289 -0.13542651385068891 -0.36088167130947107 0.15837896615266803 0.11847811937332155 -2.8791384696960445 -0.46301712095737452 -1.4804714322090147 1.6011694073677065 1.8464973568916323 0.22150371968746188 0.65811166167259227 -1.541399300098419 -0.14521923661231992 -0.25585892796516413 0.87434819340705883
decision_type=10 8 8 10 8 8 8 10 8 8 8 8 8 10 10 10 10 10 10 10 8 10 8 10 10 8 10 10 10 8 8 10 10 10 8 8 8 8 10 10 10 10 10 8 10 8 8 10 10
left_child=22 4 3 5 9 -3 23 10 13 31 18 12 30 -9 19 20 46 41 24 25 -16 37 48 -6 28 -14 27 -26 35 -4 -12 38 -21 -5 -30 -8 -10 -13 -2 -25 -41 42 -18 -22 -33 -39 -11 -29 -1
right_child=1 2 29 33 6 -7 7 8 36 16 11 21 14 -15 15 -17 17 -19 -20 32 43 -23 -24 39 26 -27 -28 47 34 -31 -32 44 -34 -35 -36 -37 -38 45 -40 40 -42 -43 -44 -45 -46 -47 -48 -49 -50
leaf_value=0.00010461699292595953 0.00022917872297934544 0.014245157089125946 -0.0031638589688352038 0.0012075507787861102 -0.0010384788801999654 0 0.001778284126671326 -0.0015045363356261064 0.00016029956208786256 -0.00095628422735027647 0.0022871039225269302 0.00047994316067624296 -0.00029113750101194755 0.0065446837556140183 0.0010256734867475198 0.0035986268890295919 0.0073431359349818764 -0.00065547071711952176 0.0033349825224207523 0.0011284027780111461 -0.00013238837335449833 0.002570115779948823 -0.010249301631409915 0.00023021169311791736 -0.0013320382326207397 -0.0081757071146871581 -0.0016161952308642669 0.0036392067817889624 0.000181428006363178 0.0010045564256306577 -0.0014182739668595198 -0.00045818715262375081 -0.0023142316343967326 -0.0024371604432893183 -0.0041757924643881289 -0.0012547597318419467 -0.0040414918461965264 0 -0.0028842822749717998 0.004945862455959911 1.7701509601734992e-05 0.00078368645913839084 0.00067875137940596574 -0.0054612099439898844 0.0018134845122435865 -0.0028633843391310393 0.00083240545490800952 0 -0.002062591198903669
leaf_weight=11.050919624729429 11.304854521426021 76.514562014272087 14.834500500131979 11.091597686987372 10.809209547922363 16.783550540261785 15.845480376694466 10.324312674085375 10.069758110068504 19.218682044054731 23.744818139632116 12.898257296255904 14.550106757887987 48.723366993348463 10.727905454506979 17.66755735668994 101.21382601172081 14.532572475291088 16.749953107108013 14.441032896880641 10.464347164976063 25.175741336133797 113.90045755211031 19.212258398081758 10.077017122166579 136.9364768845553 17.807163478428265 26.339709236883206 12.184488875602254 12.836850270483412 10.029582544084404 10.064990484170268 40.23524013615679 14.207300689493421 38.929165341687622 10.017654524315732 17.860451375629058 14.449117344076511 23.528517876227852 36.35614452054142 10.119203417096285 20.713012990658171 17.521660480852006 21.700634823326251 13.358638737467116 22.211663424226572 15.523192387117886 10.294574160900085 25.286877880585962
leaf_count=28543 13567 31761 10675 8445 11979 7763 17158 16349 12206 18475 23013 20739 24332 38593 9156 8701 100259 19825 9316 14944 13383 21050 270746 25736 16392 148379 26172 33939 18683 14628 12084 7602 42698 12270 42785 12068 16363 15241 28576 25532 7719 16383 20686 19413 9432 22664 17219 11246 62016
internal_value=-0.000150008 0.00142974 0.00801911 0.0101775 5.1603e-05 0.0125516 -0.00133307 -0.00206829 0.00208592 0.00354244 -0.00287487 -0.00393852 -0.00484596 0.0050469 -0.00562643 -0.000802997 0.00487042 0.00575706 0 -0.0065905 -0.00363096 0.000150013 -0.00913294 0.0030511 -0.00117625 -0.0077034 0.000725095 0.00204347 -0.00246725 -0.00176389 0.000937323 -0.000975903 -0.00125253 -0.00103205 -0.00351157 0.000484876 -0.00333155 -0.00170249 -0.00227537 0.00392525 0.00448995 0.00644835 0.00688186 -0.00492396 0.00112197 -0.00236192 -7.84839e-05 0.00326258 -0.0016667
internal_weight=1240.44 1090.2 146.268 118.597 943.932 93.2981 696.952 620.456 86.9779 246.98 533.478 375.232 300.498 59.0477 266.723 60.5604 188.723 153.981 158.245 206.163 42.8929 74.7348 150.238 76.4968 141.495 151.487 64.5185 46.7113 76.9768 27.6714 33.7744 58.257 54.6763 25.2989 51.1137 25.8631 27.9302 49.559 34.8334 65.6876 46.4753 139.448 118.735 32.165 23.4236 36.6608 34.7419 36.6343 36.3378
internal_count=1436904 1075599 85542 60239 990057 39524 738033 667067 83511 252024 583556 395797 316103 54942 281006 50653 192847 157153 187759 230353 41952 79694 361305 70966 178443 172711 87749 61577 90694 25303 35097 59177 57642 20715 61468 29226 28569 58644 42143 58987 33251 137328 120945 32796 17034 37905 35694 45185 90559
is_linear=0
shrinkage=0.05


Tree=54
num_leaves=46
num_cat=0
split_feature=2 9 6 0 10 18 0 2 8 8 10 14 20 18 8 0 15 26 18 15 3 7 8 8 20 7 2 7 15 10 22 22 8 8 1 15 3 3 10 14 13 8 3 15 9
split_gain=7.42067 3.99961 1.96682 1.70632 2.02926 0.813726 1.45458 0.808442 0.765064 1.67324 0.716471 0.524182 0.482809 0.389369 0.387918 0.367731 0.359805 0.355744 0.354953 0.329487 0.324388 0.306093 0.303833 0.374489 0.285145 0.270172 0.270084 0.29573 0.260076 0.222511 0.199941 0.192303 0.188034 0.182426 0.164174 0.160428 0.143311 0.140344 0.111202 0.10373 0.0992422 0.0751663 0.0678737 0.0302526 0.0281996
threshold=-0.85816121101379383 3.1910111904144292 -0.58416324853897084 -1.9213395118713377 4.9997477531433114 1.661091208457947 -1.6822242736816404 -0.20153322070837018 -1.3773785233497617 0.81567025184631359 1.7892992496490481 0.49622114002704626 0.74206349253654491 -0.66566616296768177 -0.045328950509428971 -2.211385846138 3.463375568389893 0.36111111938953405 0.46740230917930609 0.64618489146232616 1.7273040413856509 -1.0146186947822569 -1.9775247573852537 0.020200458355247978 0.88492062687873851 1.3848064541816714 -0.58622634410858143 1.5920003652572634 1.0000000180025095e-35 0.54856380820274364 7.0702390670776376 5.9774980545043954 -1.2976331710815427 -2.3066527843475337 -0.2749005109071731 1.0759290456771853 -1.1176992058753965 1.1346657276153567 7.2623422145843515 0.017467512749135498 1.6854567527770998 -3.2670441865921016 0.70346146821975719 0.8597032129764558 1.6011694073677065
decision_type=10 8 8 8 10 10 10 10 8 10 10 10 10 10 8 8 8 10 10 8 10 8 10 10 10 10 10 10 10 10 10 10 8 8 10 8 8 10 10 10 10 10 10 10 10
left_child=21 2 10 4 -3 6 19 22 12 11 15 36 17 39 -13 -2 -5 -8 -15 32 25 43 -7 -24 28 -9 -20 -28 -17 31 33 -19 41 -21 -25 44 -10 -38 -6 -11 -37 -4 -14 -1 -12
right_child=1 3 5 16 38 7 8 20 9 13 35 14 42 18 -16 24 -18 29 26 30 -22 -23 23 34 -26 -27 27 -29 -30 -31 -32 -33 -34 -35 -36 40 37 -39 -40 -41 -42 -43 -44 -45 -46
leaf_value=5.5652259773264641e-05 -0.00059576665364703912 0.011897110588714996 0.00022275903453724774 -0.0031386800170294417 -0.0023560749264152185 -0.0039163349558234322 -0.0010800904190120802 -0.00031892189999557064 -4.8281946132246111e-05 -0.0024308804372558113 0.0015737046469311855 0.0026010876080154186 -0.0022511450481974547 0.0049772007219963249 -0.0027744380155390789 8.5056473365889743e-06 0.0020629441711986847 0.0059030251237283497 -0.0025534244235095732 -0.00093854626192786661 -0.00038479115757049772 -0.010035037203493906 0.0031947876575699093 -0.0031005995456089763 0 0.0064700010667526038 0.0032628480566929963 -0.0016105027776832565 0.0066856673009285652 -0.00013641619493353851 0 -7.5983062262666954e-05 0.001477592272490556 -0.0077721735240635637 0.00087805737693573633 -0.0029761780838234199 -0.0075907239019215563 -0.00016232273064630974 0.00084107536817614012 0.00063326459921578032 0.00046766934269757728 -0.0028416688921753517 0.00035051333939368194 -0.0020985813135599679 -0.00022506155903147837
leaf_weight=11.919632958029977 15.850235912410424 106.11537724158552 14.603114412690045 20.155894258612534 13.531902958842695 16.700698679196648 13.192244098900117 10.485446898368535 10.035101357629172 17.374038073729025 15.30107637467154 21.677495840398478 15.889627910582929 44.480017069203313 13.052762509905731 17.676340007499675 16.002597523271106 62.762115745994379 13.034644005456355 29.027115186356241 19.856141001757351 109.66640950832516 19.066270084847929 16.726763064260016 19.84813903302711 40.604894709322252 29.301091962435748 11.420724644747677 126.3139860896772 17.551576422687504 10.152098193255368 11.986119312306981 16.199366235232446 78.265589562855894 11.647422170412026 18.312554688949607 61.659104044549167 10.578291696234372 10.812790184514595 15.728957782790529 10.002266653522382 20.787463894783286 17.253908062470146 27.619245664434857 10.014096085564232
leaf_count=30738 17533 44850 16856 20237 8613 20582 13852 8366 12581 20908 18516 25263 19787 52635 13559 20284 12433 62461 20264 32655 14779 262899 20294 22089 20674 22307 25640 11052 121632 19042 12550 11782 22150 97642 13075 19009 64159 7850 10362 20194 11396 22576 13575 67688 9338
internal_value=5.9007e-05 0.00161505 0.000167371 0.00773132 0.00974611 -0.00119048 -0.00201972 0.00181919 -0.000144469 -0.0017156 0.00370734 -0.00514244 0.00235218 0.00188578 7.67549e-05 0.00494734 -0.000917347 0.00365587 0.00313095 -0.00527701 0.00438246 -0.00884365 -0.00165 0.000696724 0.0055209 0.00555863 -1.0843e-05 0.00170664 0.00610521 0.00450958 -0.00640152 0.00525801 -0.000777124 -0.00684121 -0.00188535 -0.000781544 -0.00657964 -0.00705518 -0.00125816 -0.00140975 -0.00217391 -0.00212861 -0.00144033 -0.00172489 0.00111874
internal_weight=1240.24 1091.04 924.419 166.619 130.46 691.1 556.013 135.088 386.978 248.342 233.319 117.003 138.636 131.339 34.7303 179.689 36.1585 105.492 98.2365 169.035 70.9465 149.205 64.1412 47.4405 163.838 51.0903 53.7565 40.7218 143.99 92.2998 117.445 74.7482 51.5899 107.293 28.3742 53.63 82.2725 72.2374 24.3447 33.103 28.3148 35.3906 33.1435 39.5389 25.3152
internal_count=1436727 1075402 978907 96495 63825 740525 619033 121492 414604 274105 238382 123412 140499 150693 38822 180123 32670 107137 109591 204429 45452 361325 76040 55458 162590 30673 56956 36692 141916 93285 142847 74243 61582 130297 35164 58259 84590 72009 18975 41102 30405 39432 33362 98426 27854
is_linear=0
shrinkage=0.05


Tree=55
num_leaves=44
num_cat=10
split_feature=28 28 0 10 10 28 21 21 28 21 5 28 10 16 21 11 16 8 28 28 7 8 28 8 8 28 16 28 5 14 14 16 21 21 7 21 7 16 10 7 22 11 16
split_gain=21.0388 5.11299 4.64563 2.9075 1.72781 2.09067 1.4274 1.49938 1.34577 1.0413 0.998827 0.88186 0.940807 0.726516 0.705329 0.603729 0.588269 0.644926 1.23331 0.704969 0.585946 0.584118 0.528886 0.525948 0.585663 0.480969 0.433501 0.416311 0.353642 0.219069 0.490153 0.216361 0.188858 0.177196 0.167331 0.153289 0.0719223 0.066522 0.0663009 0.0515504 0.0348479 0.0315981 0.0237143
threshold=0 1 -0.36902926862239832 7.6996207237243661 1.161219120025635 2 1.8310145735740664 -0.075408782809972749 3 -0.16235689073801038 -0.51637503504753102 4 8.2420296669006365 0.36601784825325018 0.6700359880924226 3.5209043025970463 -0.41600239276885981 -0.87503698468208302 5 6 0.92966261506080639 -3.6560001373291011 7 -1.259393513202667 1.1013618707656863 8 2.0565131902694707 9 -0.6323302388191222 -0.95622280240058888 0.44413080811500555 0.74696731567382824 0.72219863533973705 0.047478258609771735 1.0962544083595278 0.58178856968879711 2.1762630939483647 0.17668152600526812 -1.3583560585975645 0.19134879112243655 -0.31301848590373987 0.73548322916030895 0.35031016170978552
decision_type=9 9 8 8 8 9 10 8 9 10 8 9 10 10 10 8 8 10 9 9 8 8 9 8 10 9 10 9 8 10 10 10 10 8 8 8 8 8 10 10 8 8 8
left_child=2 -2 3 6 5 14 7 41 9 -4 -10 32 20 -8 29 -9 25 19 -19 -18 27 -16 37 -12 -25 35 28 42 -24 38 33 -29 36 40 -21 -7 -6 -22 -3 -32 -31 -1 -13
right_child=1 4 8 -5 11 16 13 15 10 -11 23 12 -14 -15 21 -17 17 18 -20 34 22 -23 26 24 -26 -27 -28 31 -30 30 39 -33 -34 -35 -36 -37 -38 -39 -40 -41 -42 -43 -44
leaf_value=0.0013742601643781207 -0.01131551465483379 -0.000156002556922677 -0.0024756236587764277 -0.0035418883558556331 0.0031748371349902822 0.0042967913407667641 0.0042933577458101318 0.014681000466460245 0.0026512578372214078 0.0074899928253855724 0.00066816639231692112 0.0024610880098916259 0.0021111348322790575 -0.0030677503141505486 -0.0010193660075577282 0.00030423218669131089 0.0014301577528966385 0.0042129990875851876 -0.0043171865841428337 -0.0089685195506733189 0.001186753269535371 0.0074062659358580989 -0.00047815913111285389 -0.0093996932520847357 0.000210681039662856 -0.0025264914347855436 -6.6095870864882808e-05 -0.0042713706077279912 -0.010311628955744367 0.00093920757195468994 0.0025281846194780914 0.00071061906620765959 -0.0013090936485343166 -0.0044656829121362757 -0.00024075515894275603 -0.00029486545444362428 -0.00018784641353419512 -0.0010861531775598228 0.0028999838694686126 -0.00018561976026602796 -0.00073610997456442567 -0.00032849779784702415 0
leaf_weight=16.23199705586012 158.91798339306843 12.879161261109401 10.173873640276723 10.442448835354297 19.351582489529395 18.095844046314596 18.437739774992224 236.90484074197593 12.630648220991132 22.251792032591766 13.666762347667825 14.833763988863209 11.818919541779904 17.333778903470375 10.627916123485191 10.424681260585201 11.486110402343909 26.085063756079762 23.448159836829291 52.376580692158313 14.381679344805887 60.245351325982483 16.167338483821368 26.392550638731336 16.039433912141249 14.667112198556422 14.701678298588375 34.588052790553775 112.8978819578042 12.524065321937085 27.197176040470367 10.465418180290724 11.343298827661782 20.41590072492545 10.048780857105156 14.0035607341415 10.348325650949844 14.141245079546936 27.85295075198519 10.194008475780718 10.961084546259373 13.736460721018377 10.153672492204352
leaf_count=20218 416126 17512 12092 9385 41470 23794 5088 98845 14285 14368 11769 4659 11603 4676 6563 7333 19808 24711 52598 71984 35764 31954 11034 38391 17392 30971 11500 43099 90402 15262 27955 11145 17749 15853 8856 9383 22008 33445 29380 13161 16682 12911 4105
internal_value=5.74606e-05 -0.00456112 0.00841884 0.0111742 -0.00211462 0.000220669 0.012099 0.0131547 -0.000584603 0.00418929 -0.00373313 -0.00467881 -0.00553441 0.000959112 0.00333754 0.0142449 -0.00324874 -0.00477369 0 -0.00670145 -0.00641103 0.0062024 -0.00773279 -0.00614157 -0.00756398 0.00077584 -0.00846878 -0.00125141 -0.00958523 0.000519417 -0.000888176 -0.00298266 0.00117316 -0.00320131 -0.00765874 0.00291773 0.00255764 1.96328e-05 0.00232512 0.00204821 0.000120419 0.000813855 0.00186049
internal_weight=1241.89 817.22 424.667 323.512 658.302 363.109 313.069 277.298 101.155 32.4257 68.7294 295.193 254.15 35.7715 192.898 247.33 170.211 123.445 49.5332 73.9115 242.331 70.8733 172.29 56.0987 42.432 46.7665 143.767 70.0409 129.065 122.024 81.2922 45.0535 41.0432 43.9011 62.4254 32.0994 29.6999 28.5229 40.7321 37.3912 23.4851 29.9685 24.9874
internal_count=1437289 1170536 266753 158456 754410 416427 149071 139307 108297 26460 81837 337983 256756 9764 174322 106178 242105 177957 77309 100648 245153 38517 182145 67552 55783 64148 112936 63008 101436 135805 88913 54244 81227 47797 80840 33177 63478 69209 46892 41116 31944 33129 8764
cat_boundaries=0 5 10 15 20 25 29 34 39 44 49
cat_threshold=4722690 2420640064 4194368 1174470916 5248 1350765572 75506304 227057680 2818719752 98563 2734727296 2429985 2720073897 17859585 131092 4096 2416443648 4194304 0 5120 201367584 152178696 1074794498 270533312 8224 68157560 1224736776 1459716 4989024 262656 17874954 5122 2722 26656 256 33619968 2163968 303136 16400 1048904 1207959558 268718340 576 8704 2182087168 1075872768 149508 1051649 16384
is_linear=0
shrinkage=0.05


Tree=56
num_leaves=40
num_cat=11
split_feature=28 28 2 28 23 16 7 28 28 23 22 28 1 23 8 28 14 1 28 7 2 19 28 7 8 18 28 22 22 18 5 8 2 5 28 5 8 16 16
split_gain=17.7708 5.11531 4.36213 1.75394 3.67309 1.86894 1.5693 3.37543 1.37901 0.957393 0.827951 0.764329 0.751818 0.674588 0.670874 0.465331 0.538517 0.470626 0.456737 0.369691 0.352559 0.290008 0.253041 0.207648 0.182815 0.229072 0.178248 0.140353 0.262627 0.139776 0.138609 0.136588 0.132164 0.108401 0.0732141 0.0718917 0.0677693 0.0570664 0.0298243
threshold=0 1 -0.61735892295837391 2 -0.24183376878499982 0.59980499744415294 0.92966261506080639 3 4 -0.53508257865905751 5.9774980545043954 5 3.2886816263198857 2.1783887147903447 0.81567025184631359 6 -0.50215658545494068 -0.99999991059303273 7 0.64792838692665111 -0.90596333146095265 -1.7364333868026731 8 2.0568757057189946 -4.5727016925811759 -0.98783275485038746 9 -1.0000000180025095e-35 -2.6412419080734248 -0.30224634706974024 -0.19234380871057508 -0.62441158294677723 -0.18323098123073575 -0.83670628070831288 10 -0.042247077450156205 -1.5149931907653806 0.12717358022928241 1.7581332325935366
decision_type=9 9 10 9 10 10 8 9 9 8 8 9 10 10 10 9 8 8 9 10 10 8 9 10 8 10 9 8 10 10 8 10 8 8 9 10 10 10 10
left_child=2 -2 9 -4 5 11 7 10 14 26 12 -5 19 29 -8 36 30 27 -11 20 -3 34 -12 35 -22 37 -1 28 -18 -6 -17 -21 33 -23 -9 -16 -10 -26 -15
right_child=1 6 3 4 13 -7 8 21 15 18 22 -13 -14 38 23 16 17 -19 -20 31 24 32 -24 -25 25 -27 -28 -29 -30 -31 -32 -33 -34 -35 -36 -37 -38 -39 -40
leaf_value=0.0036232421697427277 -0.010941798949942412 -0.00035715465522768427 0.01461821676103657 -0.0087448630642644465 0.00041872558502998707 0.0042973874169218995 -0.0095329156909976388 0.0012289027243118961 -5.4975004753893916e-06 0.0010026741197961414 -0.0033977070634359924 0.0014662597271772949 -0.0015283725574863078 0.00068829062004532664 -0.00048394737976452422 -0.00072566874561250864 0.0015833315245210059 -0.005810690938982223 -0.0061705887514438111 -0.0016534240631588528 0.00010101886149876806 -8.0691784766686101e-05 0.0012726281002983419 -0.0026262461984891353 -0.00052024939063173765 0.0079082043830819276 -0.00079627130659174817 0.0015804728338049451 -0.0031338655810518924 0.0093957564717252317 0.0027403618203970213 0.0016376296938056248 -0.00024625470856091291 -0.0062255373279646404 -0.0010415422294603805 0.0021897961098266082 0.0035042997047140009 0.0017085556486079708 -0.00088090392745510419
leaf_weight=15.971555032927425 157.20969591570611 12.290589634430942 119.56587394917733 30.74823182002001 10.58786499519192 12.261679242699755 81.181057587979012 11.851480052268014 13.599856017041022 15.520170875432084 12.649977573077193 10.066799651089239 20.820601243220153 10.10735906068294 13.929651594502502 17.27816856521531 10.254476702786635 38.355230273809866 28.272444190486567 13.097970059941874 12.726975981669964 10.659368289925622 10.152618214793621 15.090235297742764 17.000026176057876 116.30756910284981 10.743741514321302 25.519968955486547 17.994414931599749 129.02657979310607 22.789882486104034 13.00653428728401 17.917991144495318 104.36365296330769 10.064671042142438 10.344222551662824 16.497061782865785 10.461124519395524 10.20188243902521
leaf_count=15065 416315 27034 21453 8451 8610 6201 72766 17338 19528 32942 2030 21042 19765 6015 16631 23786 11254 51680 30709 6356 9723 19376 16318 16428 13183 69157 22505 36520 20848 50975 24963 9372 25886 196706 24584 9096 22438 10654 3699
internal_value=-3.84412e-05 -0.00416029 0.00790891 0.0102269 0.00469786 -0.00400946 -0.00181362 0.000255955 -0.00436759 -0.00203338 0.00367077 -0.00755211 0.00471693 0.00810199 -0.00734042 -0.000555157 -0.00185274 -0.00356541 -0.00494677 0.00558037 0.00625143 -0.00454857 -0.0020956 -0.000780403 0.00675547 0.00714067 0.00278865 1.61389e-05 -0.00144005 0.00903127 0.0016171 0 -0.00542588 -0.00588337 0.000143544 0.00129525 0.00252701 0.000819049 -9.4735e-05
internal_weight=1236.49 833.415 403.074 332.566 213 53.0767 676.205 393.371 282.834 70.5079 238.514 40.815 215.711 159.924 120.545 162.289 132.192 92.1241 43.7926 194.891 168.786 154.857 22.8026 39.3641 156.496 143.769 26.7153 53.7689 28.2489 139.614 40.0681 26.1045 132.941 115.023 21.9162 24.2739 30.0969 27.4612 20.3092
internal_count=1437402 1209735 227667 126446 104993 35694 793420 467482 325938 101221 183592 29493 165244 69299 114921 211017 169051 120302 63651 145479 129751 283890 18348 42155 102717 92994 37570 68622 32102 59585 48749 15728 241968 216082 41922 25727 41966 23837 9714
cat_boundaries=0 5 10 15 20 25 29 34 38 41 46 51
cat_threshold=4722690 2415921480 4194304 100729092 4224 1350765572 75506304 227057680 2818719752 98563 4198400 256 0 0 4096 2702189184 3937313 572528873 17828929 1024 2735743640 2408485 537004256 26215424 3072 524288 2048 0 67174400 67141632 1078657024 1077216512 1344307200 8208 0 8 0 100729088 1048576 1 1 4096 2415921152 0 67174404 4224 33554688 1073807360 131078 8864 8192
is_linear=0
shrinkage=0.05


Tree=57
num_leaves=41
num_cat=7
split_feature=28 28 28 9 8 23 5 10 5 5 28 3 28 10 15 8 28 10 8 23 23 0 8 15 28 10 0 13 5 13 8 3 8 8 23 5 4 1 13 13
split_gain=16.133 4.63983 3.96038 3.7865 2.75181 3.10055 1.67393 1.59978 1.32007 1.04918 1.75225 1.01774 0.85249 0.847549 0.512082 0.488265 1.10076 0.511881 0.449864 0.375092 0.344214 0.467289 0.343431 0.281023 0.270671 0.25077 0.226087 0.18034 0.175055 0.192343 0.14772 0.101009 0.100414 0.0894674 0.0758111 0.0589407 0.0457492 0.0278064 0.0231521 0.0219205
threshold=0 1 2 2.7372103929519658 -1.259393513202667 -0.4384565651416778 -0.32278411090373987 3.5552006959915166 0.19187335669994357 -0.6323302388191222 3 0.24472534656524661 4 2.1088378429412846 0.53197821974754345 1.9273561239242556 5 -1.9330925941467283 -0.35268208384513849 0.62431252002716076 2.216592669487 -1.588184058666229 0.7186427414417268 0.71984159946441661 6 -0.70008802413940419 -0.81634357571601857 -0.62892231345176686 -0.048218004405498498 1.8489892482757571 -2.9989523887634273 -0.7779940366744994 -1.3566228151321409 -3.1542010307312007 1.9598230719566347 -0.49878221750259394 0.79656103253364574 -1.7247194647788999 0.046633085235953338 -0.11162106692790984
decision_type=9 9 9 10 8 10 8 10 10 8 9 8 9 10 10 10 9 8 8 10 10 10 10 10 9 8 8 10 10 10 10 10 8 10 10 8 8 10 10 8
left_child=1 7 -2 4 5 27 22 11 9 10 -4 31 18 34 26 17 -17 -11 19 33 21 32 23 -6 38 -12 -8 -3 29 35 -21 -1 -5 -10 -7 -26 -25 -24 -19 -30
right_child=2 3 8 20 6 13 14 -9 12 15 25 -13 -14 -15 -16 16 -18 24 -20 30 -22 -23 37 36 28 -27 -28 -29 39 -31 -32 -33 -34 -35 -36 -37 -38 -39 -40 -41
leaf_value=0.0026539415692148692 -0.010684991952031174 0.0002912367454263437 0.005828855901808646 0.0015047501648914521 0.0018523772810254389 0.010431861240772632 0.002260880469937139 -0.00041148335221809695 -0.00035870369043468364 0.00075979427824956005 0.00063198200916972228 0.017234045579508327 -0.002905541629804366 -0.00099437514434924548 -0.0074459391326400955 0.0041397539567225869 -0.0042214233037067136 -0.0005491742820602322 0.0055014050121470603 0.00073733786671299414 0.000105883695084314 0 9.1664324144890733e-05 -0.0034288760634383075 -0.0014888930909664581 -0.0047729803513787703 -0.0020059118884208586 -0.0047956719195366886 5.3584104135497569e-05 -0.00049324177857530585 -0.0031396454926567487 -0.00055626894499757147 0.012655568869610235 0.0029947370411002954 0.00072049215113044181 -0.0082778443827253179 0 0.0040362352970573657 0.00082452158443117787 -0.0017493434150126286
leaf_weight=10.008321745815921 151.93892834206054 13.1799355479161 29.941665279664448 18.588696456950856 10.022200559207702 63.658539830343216 10.741863956573068 14.274551530368624 10.227452101316883 18.027208071958739 12.18619316841068 84.650549009849783 35.947698104879237 10.010490962740731 97.758873091457644 22.142329292997601 15.591298806684788 10.171251517866041 45.482166731657344 10.499748538248239 10.432340859129907 10.028325743580352 10.099814767207134 10.68446914869128 31.061851391219534 44.487226755867596 13.397079459507951 28.216621729457984 10.869846987639901 18.854955583141418 26.250225169642363 14.064047265826956 44.584983368069516 32.964944202045444 11.199677181022706 135.23832595468411 11.525012262805829 25.507594121008879 11.885198268137172 37.774212822259869
leaf_count=1292 405263 15814 25067 11882 11041 48724 7687 625 8307 22444 16851 4096 63013 12350 116348 11511 32698 24515 35312 9979 5328 7718 11452 12179 32401 58125 21933 31567 9406 18775 20282 1278 13840 24956 10939 161598 12448 35491 27852 34513
internal_value=4.10873e-05 0.00632281 -0.00469984 0.00275465 -0.000131656 0.00461458 -0.0036147 0.0131846 -0.0021894 -0.00364795 0.000824008 0.0153991 0.00129426 0.00867578 -0.00634122 -0.00484685 0.000181757 -0.0054762 0.00300581 0.000208281 0.00987265 0.0106161 0.00185394 -0.00111647 -0.0059843 -0.00348567 6.96144e-05 -0.00384808 -0.00629108 -0.00722089 -0.00218778 0.00160143 0.011533 0.00238061 0.00988933 -0.0076702 -0.00288041 0.00368281 0.000158198 -0.00147283
internal_weight=1234.18 522.634 711.543 399.637 316.002 126.265 189.737 122.997 559.604 398.232 86.6151 108.723 161.372 84.8687 121.898 311.616 37.7336 273.883 125.425 79.9424 83.6343 73.202 67.8391 32.2317 255.856 56.6734 24.1389 41.3966 233.799 185.155 36.75 24.0724 63.1737 43.1924 74.8582 166.3 22.2095 35.6074 22.0564 48.6441
internal_count=1436900 394032 1042868 386741 347973 119394 228579 7291 637605 475756 100043 6666 161849 72013 145968 375713 44209 331504 98836 63524 38768 33440 82611 35668 309060 74976 29620 47381 256693 212774 30261 2570 25722 33263 59663 193999 24627 46943 52367 43919
cat_boundaries=0 5 10 15 20 25 30 35
cat_threshold=4763650 2422738248 6297664 100729156 5248 4096 0 0 0 4096 1351027716 75506320 151560208 2818719752 98563 2702180897 1091895328 537084430 275778576 131632 68157824 69637 638649613 1343793825 8240 101711936 1090519041 2147747075 271588880 68 2281701536 134418432 1108344864 33281 24580
is_linear=0
shrinkage=0.05


Tree=58
num_leaves=54
num_cat=0
split_feature=9 21 5 5 21 7 13 3 9 0 7 13 22 0 21 16 0 20 23 15 15 8 15 7 13 20 23 22 8 8 23 16 1 15 1 18 0 20 21 22 3 8 21 21 15 15 15 0 8 16 1 23 15
split_gain=4.92107 2.32804 2.35895 1.99168 1.93238 1.77407 1.25087 0.889489 0.721628 0.695744 0.58067 0.518038 0.444691 0.416156 0.383536 0.49052 0.375379 0.340613 0.324209 0.318587 0.293812 0.309918 0.286274 0.285823 0.292721 0.199252 0.181776 0.179404 0.177768 0.177342 0.174231 0.171092 0.169699 0.157305 0.150103 0.14635 0.142489 0.136375 0.125225 0.123084 0.0967274 0.0963005 0.0951397 0.106779 0.0928233 0.0866391 0.083925 0.0602855 0.0567028 0.0541269 0.0503626 0.0498161 0.0404773
threshold=3.0236684083938603 1.5119332075119021 -0.43825112283229822 0.28023031353950506 1.5119332075119021 1.1136364340782168 0.10770984366536142 1.6185998320579531 1.180871903896332 -1.8502519130706785 2.9544390439987187 0.29109387099742895 -1.2638254165649412 -2.8791384696960445 0.72219863533973705 -0.77974641323089589 -1.8675228357315061 0.87698411941528331 -0.78959181904792775 0.029972925782203678 0.1771388649940491 -2.8519879579544063 7.611304998397828 1.4036703109741213 1.9678492546081545 0.5039682686328889 -0.24183376878499982 3.3098025321960454 -2.0908027887344356 1.042320787906647 1.8170177936553957 -0.32553485035896296 -3.9988873004913326 -0.21781945973634717 0.95898070931434642 0.49884380400180822 -2.6617106199264522 0.92460316419601452 -0.4612282514572143 -2.418731570243835 2.166370272636414 -2.6354750394821163 0.71161392331123363 -0.45007960498332972 6.3687055110931405 3.7455807924270634 0.63047480583190929 -0.48385253548622126 -0.9989866018295287 -0.4282285720109939 0.23830746114254001 0.67417123913764965 2.6778495311737065
decision_type=10 10 8 10 10 10 8 10 10 8 8 8 8 10 10 8 10 10 8 10 10 8 10 8 10 10 10 10 8 8 8 10 8 8 10 8 8 10 10 8 10 10 10 8 10 10 8 10 8 10 10 10 10
left_child=1 2 9 8 7 6 26 -2 14 37 16 12 38 -6 15 44 30 20 -13 -20 51 50 39 45 -25 -8 -3 -7 -21 34 -9 52 -17 -34 -16 -19 -37 41 -11 -23 -15 -1 43 -33 -4 46 -10 -45 -48 -40 -22 -5 -14
right_child=4 5 3 17 13 27 25 10 23 11 -12 18 31 40 29 32 -18 35 19 28 21 22 -24 24 -26 -27 -28 -29 -30 -31 -32 42 33 -35 -36 36 -38 -39 49 -41 -42 -43 -44 47 -46 -47 48 -49 -50 -51 -52 -53 -54
leaf_value=6.1585963130460802e-05 -0.00063010877798725165 -0.00054632985304023873 0.00085397679179238231 -0.0021456014098872669 0.0019520908504508318 0.0088687771906450653 5.2144689163648784e-05 0.012188174035749134 0.00098091057227325676 -0.00045898664440165138 2.064157353652423e-05 -0.00048147101715001668 0.0014107755525990765 0 -0.0033408008667764411 -0.0002629218242148737 0.00064092881505528425 0.00062824176486322948 -0.00055098070970749401 0 -0.0018584435966246477 0 -0.00064620356788924012 -0.0043600418679580416 0.0008563082064763773 -0.0067091061653909061 0.0042989851078799627 0.00021075508343030877 0.0066164681672037876 0.0012219744610758769 0.0012387985093445994 3.5854779155548626e-05 -0.00048733015056852082 -0.0085728184396082242 0.00051515475709551473 0.00047131767986573198 -0.0037341843203357499 0.00051593842774063769 0 0.0049474147165242174 -0.0047405103508769081 -0.0038067408738255448 0.00028645334843586511 -3.1896756411336916e-06 -0.0018046188473348061 0.0020737216552388386 -0.0020872899262750809 -0.0045744321277145514 0.00039985523172363118 0.0039627418026350492 0.00043100539541388017 0.00030407604352415473 -0.00048253930270931316
leaf_weight=15.192398739047347 16.091844468202908 10.504009412776215 16.680679269098619 12.819987324852265 10.001788962195858 46.221468742471188 10.37250632653013 82.301653357062605 19.225126594377802 10.207416589997591 15.528570861963088 17.936779301031493 12.915943329368021 10.716748319231558 32.292099092999706 11.532173943007363 16.31332833833585 18.69088445827947 10.580203011486445 10.209168202054569 10.137491970861449 15.427410912612684 19.792107120767469 31.578411364214844 17.314392055894132 16.851911543955794 21.011788722244091 10.310985265736234 66.923685060974094 12.8715715631115 17.463894722619443 16.036445103934966 13.915821494403643 214.28566843028966 16.656627398406272 10.995734121184794 28.2618989040202 16.290536926841014 10.109513504503413 60.704488113929983 11.771751144726293 27.350075441092486 10.790686669919522 10.583743632480038 23.009971383929951 15.693658535034045 16.450982681941241 19.784887663539848 10.027638475337879 21.805043271451723 10.149710690544451 10.193042865066671 12.162073812418383
leaf_count=20606 13561 6205 27914 15347 4342 22774 8971 36388 18091 21859 13674 23456 17118 7267 28819 18932 14668 21536 14491 11218 11616 18905 21509 32109 17111 12312 10718 5522 72375 16758 9527 33025 24990 392980 13637 11594 31759 18228 11420 69161 8066 30561 9353 13254 39497 14841 16193 27444 9118 23671 12605 12101 17983
internal_value=2.55053e-05 -0.00135959 -0.00223006 -0.00381778 0.00667781 0.00422292 -0.0015463 0.0086409 -0.00549349 0.00135783 0.00966339 0.00254021 6.64561e-05 -0.00201401 -0.00653444 -0.00727879 0.0105287 0.000334435 0.00446378 0.005319 0.00157488 0.00249374 0.00342867 -0.00120787 -0.00296324 -0.00570245 0.00327818 0.00817664 0.00606353 -0.00137502 0.0113584 -0.00178322 -0.00801771 -0.00827394 -0.00238086 -0.00194854 -0.00289607 -0.0022625 0.00274053 0.00436389 -0.0039767 -0.00308439 -0.0027486 -0.00328875 -0.000778358 0.000847721 -0.000384483 -0.00403664 -0.00143439 0.00348043 -0.0011501 -0.0015269 0.000716117
internal_weight=1233.05 1052.86 937.586 648.708 180.19 115.273 58.7402 147.699 451.535 288.879 131.607 230.046 124.396 32.4903 341.245 279.424 116.079 197.173 105.65 87.7131 139.224 116.211 95.924 110.29 48.8928 27.2244 31.5158 56.5325 77.1329 61.8203 99.7655 82.2738 239.734 228.201 48.9487 57.9485 39.2576 58.833 42.122 76.1319 22.4885 42.5425 57.1958 46.4051 39.6907 61.3974 45.7037 30.3686 26.4786 31.9146 20.2872 23.013 25.078
internal_count=1437180 1329687 1263185 897123 107493 66502 38206 87818 670990 366062 74257 296667 175127 19675 563527 504313 60583 226133 121540 98084 161244 133796 109575 107463 49220 21283 16923 28296 83593 59214 45915 118177 436902 417970 42456 64889 43353 69395 56950 88066 15333 51167 83076 73723 67411 58243 43402 40698 25311 35091 24221 27448 35101
is_linear=0
shrinkage=0.05


Tree=59
num_leaves=42
num_cat=10
split_feature=28 28 2 21 10 21 9 4 28 28 21 28 8 10 21 28 16 8 8 8 28 16 0 0 11 4 21 22 5 8 20 28 1 28 2 28 5 16 4 1 0
split_gain=15.6734 4.63505 4.38991 2.03676 1.69068 1.64391 1.24405 1.22569 3.04917 2.04462 1.22203 1.10157 0.945229 0.834921 0.838584 0.701748 0.610411 0.59108 0.581128 0.501252 0.710296 0.406036 0.394146 0.346236 0.322818 0.317381 0.288807 0.28837 0.25576 0.252577 0.235503 0.22911 0.219634 0.125521 0.12326 0.120368 0.114417 0.0968629 0.0828627 0.0399918 0.0362276
threshold=0 1 -0.57250526547431935 1.8310145735740664 6.2402050495147714 -0.075408782809972749 -0.1946039795875549 0.41219896078109747 2 3 0.62029311060905468 4 -1.0293311476707456 8.2420296669006365 1.73345023393631 5 -1.0042399168014524 0.98591613769531261 0.81567025184631359 1.042320787906647 6 -0.1317644119262695 -2.3980201482772823 -2.8791384696960445 3.4124138355255131 -0.2746568471193313 2.1180336475372319 5.3233747482299814 -0.29122599959373469 -2.9989523887634273 0.11507936567068101 7 -4.5523078441619864 8 -0.23402682691812512 9 1.4751965403556826 0.18386350572109225 -1.2553596496582029 -1.8421058654785154 1.7356243133544924
decision_type=9 9 10 8 10 10 10 8 9 9 8 9 8 10 10 9 8 8 10 10 9 10 10 10 8 10 10 10 10 10 8 9 8 9 8 9 10 8 10 10 10
left_child=2 -2 12 4 5 -4 21 8 17 10 22 -5 33 14 16 28 -11 27 23 31 38 -7 -9 -12 -8 40 -13 29 -14 -3 -18 -10 -32 -1 39 -34 -37 -25 -21 -33 -19
right_child=1 7 3 11 -6 6 24 9 19 13 18 26 15 -15 -16 -17 30 25 -20 20 -22 -23 -24 37 -26 -27 -28 -29 -30 -31 32 34 35 -35 -36 36 -38 -39 -40 -41 -42
leaf_value=0.0035502387906618223 -0.01042990877466232 0.00041158526630366896 -0.001437040139690751 -0.0048527357972826942 -0.0015892888686916758 -0.0026175625165563345 0.014006496836949867 -0.00048592101175010967 0.00034945555741202196 0.0010250528140626452 0.00077562613072944589 -0.00061588554619102127 0.0033533433331990126 0.0020827257463913026 0.0015148871072851676 -0.0063542394746576901 -0.00027509054626374059 0.0026082727979245216 0.002394046605164075 -3.8850465580266718e-05 -0.0033837729247537421 0.0031534592573053601 0.006578846251908764 -0.00025894085304751201 0.00060334832959507462 -0.0026433118671347153 0.0054001645947444662 -1.5601491239324323e-05 -0.0014428393514619338 0.0083334594484291511 -2.6200590718608181e-05 -0.00042395256590565693 3.101724879935144e-05 -0.000547053743684226 -0.00010485799414996804 -0.0084187657222843711 -0.00079517323322434547 -0.0063802451283777751 0.0041588204139880441 -0.0073388713618327481 -2.0265314128553939e-05
leaf_weight=16.46364208162413 148.26270331694104 18.405165475342073 10.940844224460305 10.179317521236953 12.095426456202402 11.801403205347016 227.58586563788413 15.226570676677509 16.221436028368771 11.743028572949695 12.796348015610418 13.442817997682143 10.894491061379087 11.035892007814253 16.470412112554186 32.184646975016221 17.908244699792704 14.810777174978286 10.708045572580884 10.228581008763287 17.051231907185866 10.24910520997946 43.761005551132257 13.969524700893091 10.067629183045936 13.414616601628948 16.588764616986737 12.569247973646268 10.956688123973434 68.290797878056765 11.508562198228899 10.326925159402888 13.177079030545427 10.807340251252755 10.269959603494497 191.96613840393547 17.901533841970377 18.097195168476897 20.295753665574011 51.506819480040576 10.845025778631678
leaf_count=16001 398118 10704 5960 3344 7714 5827 79131 27041 40567 15011 17722 3908 23094 10890 12228 31399 21984 8820 9294 20150 37330 5597 64257 14784 5330 7240 4248 7743 23209 38526 13340 19890 30422 20946 10867 193602 13173 16609 40021 91766 9358
internal_value=8.15373e-05 -0.00380838 0.0075268 0.0100178 0.0113037 0.0120535 0.0127782 -0.00163078 0.000839558 -0.00325426 0.00185123 -0.000222201 -0.0018033 -0.00515471 -0.00588217 -0.004513 -0.0065269 0.00508298 -0.00238699 -0.00373108 0.000197628 0.00032233 0.00532303 -0.00424121 0.0136597 0 0.00350451 0.00678624 0.00135917 0.00745396 -0.00700609 -0.00545964 -0.00736379 0.00294714 -0.00595624 -0.00764995 -0.00776695 -0.00555696 0.00314841 -0.00693459 0.002152
internal_weight=1233.03 828.769 404.258 322.951 282.74 270.645 259.704 680.506 274.236 406.27 114.559 40.2109 81.3068 291.711 280.675 54.0358 264.205 138.336 55.5711 135.901 47.5756 22.0505 58.9876 44.8631 237.653 39.0704 30.0316 99.2652 21.8512 86.696 252.462 88.3251 234.553 27.271 72.1037 223.045 209.868 32.0667 30.5243 61.8337 25.6558
internal_count=1437165 1201457 235708 121059 109559 101845 95885 803339 342982 460357 149707 11500 114649 310650 299760 77702 287532 82391 58409 260591 97501 11424 91298 49115 84461 25418 8156 56973 46303 49230 272521 163090 250537 36947 122523 237197 206775 31393 60171 111656 18178
cat_boundaries=0 5 10 15 20 24 28 33 38 42 47
cat_threshold=4722690 2415921472 4194368 100729092 4224 1082330117 75506320 25960592 2818719752 98563 2684354560 1076692003 2720041517 16813057 132116 202416128 22025224 1144066306 1345364704 8224 4194304 268435456 0 67174400 0 2415919104 0 100729092 370188384 134348800 212992 7876720 512 19169960 134270984 269489152 672 24576 4722688 2048 4194368 67174656 64 655360 2056 4458499 1024
is_linear=0
shrinkage=0.05


Tree=60
num_leaves=42
num_cat=12
split_feature=28 28 21 21 28 0 21 28 15 23 28 19 10 2 28 4 0 27 10 4 28 22 3 4 4 23 28 28 19 18 28 10 28 21 19 17 11 0 22 4 11
split_gain=14.4164 3.90249 4.8329 3.1287 4.47767 2.91146 3.21239 3.81656 2.22243 1.86948 1.8646 1.35537 1.27822 1.08138 1.02699 0.80876 0.792042 0.790347 1.06955 0.802551 0.601204 0.517177 0.405044 0.366577 0.353111 0.481692 0.373056 0.324749 0.322911 0.3149 0.295699 0.255954 0.226486 0.213726 0.18118 0.109918 0.0982145 0.0981079 0.0716699 0.0454005 0.0339765
threshold=0 1 0.016172843985259536 0.94847130775451671 2 -2.8392175436019893 0.49057812988758093 3 8.012092590332033 -0.077713411301374422 4 -1.8024657368659971 3.2647887468338017 -0.9505348503589629 5 1.6229011416435244 -2.9659184217452998 6 7.2623422145843515 0.53963297605514537 7 3.4075820446014409 0.017019428312778476 0.11799926683306695 0.017023247666656974 -0.34271092712879175 8 9 -1.2072340250015257 1.9243121147155764 10 0.01655866485089064 11 1.018283009529114 -1.371958792209625 0.72696655988693248 0.94113808870315563 -1.2250381708145139 -1.3987630009651182 2.0436657667160039 0.047793274745345123
decision_type=9 9 8 10 9 8 8 9 10 10 9 10 10 8 9 8 8 1 8 10 9 8 10 8 8 10 9 9 10 8 9 10 9 8 10 10 10 10 8 10 8
left_child=1 2 -1 10 16 27 8 11 13 20 24 -8 -4 -7 21 -11 -5 18 19 31 33 -15 -13 -6 26 -26 -2 -3 -21 -18 -10 34 35 -9 -12 -27 -33 -16 -39 -30 -40
right_child=3 5 12 4 23 6 7 9 30 15 17 22 -14 14 37 -17 29 -19 -20 28 -22 -23 -24 -25 25 32 -28 -29 39 -31 -32 36 -34 -35 -36 -37 -38 38 40 -41 -42
leaf_value=-0.0038508673627020429 0.0039956418511269088 0.010340520648774915 0.017546881441992245 -0.0011752739733312328 2.3697450887140409e-05 -0.0016941012243375205 0.0012534716594265335 0 -0.0047677670053155414 0.0069862899644564658 0.0010290689328906967 -0.00021604226362424017 0.00054514276435343697 0.012371804672023796 -0.0011098477786179823 -0.0016776299809914547 0.0094214119680075571 -0.0096786635233463182 0.0034478222788720033 3.028464010365227e-06 0.0017812843365557858 7.4681758135231879e-06 -0.012444603662075983 -0.0076502669143709168 -0.0044269839758818257 -0.0022157029368735977 -0.0014186479446062932 -0.00045856904185504724 -0.0079289615058066188 0.00033977475916779177 0.0010397845571957611 -0.00033757967759503093 0.0028350771432288915 -0.0073017349483489764 -0.0028749802787572322 0.00089520817675818826 0.0030760435757609251 -0.0004843995855490391 0.0026307347974994155 -0.00051957733808243077 -1.5221723598060787e-06
leaf_weight=17.036114411341259 21.014248193023377 47.364594033831963 88.791380864160601 11.170734107057795 16.507806543449988 12.718864457769085 13.374897967485593 11.409037256700683 15.897097783337811 75.589373164941208 12.450693214472265 10.039856902047175 16.248197698034346 63.834198684780858 15.014826944156082 12.167314317004637 63.317162864521379 244.63217451778473 13.507441927562466 14.580044607340822 11.428189915648543 10.077517168625489 57.01000547586591 50.900586892239517 23.463408216804964 19.165146773710152 15.823079157984465 10.392272260141906 63.893558103445685 15.90599492806359 10.068523338850357 15.229363742138959 14.637691666735916 15.977569025009872 34.057148816806148 10.011381434349458 10.312007089989491 11.310674717882646 13.604649019616776 11.15945235188701 10.484091044505472
leaf_count=2021 13477 15104 4690 7918 22696 26329 4766 7771 20999 56573 12199 5530 611 49224 30889 16385 47653 576319 24249 14571 21935 9355 18694 67509 26296 13398 33534 18760 62787 13546 11614 11871 30748 10734 25399 7001 7620 23806 29937 10427 22402
internal_value=6.83079e-05 0.00576346 0.0121561 -0.00461381 0.00119233 0.00265797 0.000520312 -0.00328944 0.0050181 0.00222358 -0.00640316 -0.00901002 0.0159732 0.00725981 0.00842768 0.00557585 0.00676961 -0.00766535 -0.00308079 -0.00448093 -0.00392111 0.0105576 -0.0115307 -0.00600699 0 -0.0017748 0.00243142 0.00995692 -0.00669354 0.00847372 -0.00373858 -7.28749e-05 0.00119467 -0.0054984 -0.00178635 -0.00106 0.00209822 0.000456277 0.00149341 -0.00751549 0.00218974
internal_weight=1231.58 549.839 122.076 681.739 157.802 427.764 370.007 206.996 163.01 126.571 523.937 80.4248 105.04 137.045 124.326 87.7567 90.3939 419.822 175.19 161.682 38.8148 73.9117 67.0499 67.4084 104.115 67.2776 36.8373 57.7569 89.6331 79.2232 25.9656 72.0492 43.8142 27.3866 46.5078 29.1765 25.5414 50.4142 35.3994 75.053 24.0887
internal_count=1437347 408129 7322 1029218 159322 400807 366943 142388 224555 113398 869896 28990 5301 191942 165613 72958 69117 745442 169123 144874 40440 58579 24224 90205 124454 77443 47011 33864 87785 61199 32613 57089 51147 18505 37598 20399 19491 107034 76145 73214 52339
cat_boundaries=0 5 10 15 20 25 30 31 35 40 44 48 53
cat_threshold=5812226 2420641096 6293568 1442906437 5248 4096 0 0 0 4096 67111680 1076174868 2751557677 2148049440 139776 1048576 0 2048 335609856 1024 2164261024 152178689 1108477442 7347872 20 5767170 2048 4196352 369164288 1152 1056 4227072 272631808 0 1107296576 2164260896 1 33554944 3072 20 5767170 268437568 4194368 67174400 4726784 2304 64 100663296 16777216 1 131584 6688 20
is_linear=0
shrinkage=0.05


Tree=61
num_leaves=41
num_cat=7
split_feature=28 28 28 21 21 4 28 21 9 15 13 23 2 28 15 21 11 13 14 13 28 28 2 21 2 23 6 4 2 2 23 11 19 23 23 4 19 1 2 15
split_gain=13.308 4.08723 2.4774 1.7226 1.74026 1.58074 2.13822 1.26784 1.1168 1.62208 1.52131 1.2942 0.830532 0.773686 0.739003 0.44214 0.410608 0.57749 0.40279 0.392982 0.423294 0.422348 0.351477 0.322981 0.321748 0.312203 0.207911 0.207083 0.192797 0.180411 0.134966 0.133586 0.102089 0.088549 0.0881396 0.0758161 0.0754772 0.0676283 0.0480002 0.0207646
threshold=0 1 2 -0.13542651385068891 1.6113851666450503 0.017023247666656974 3 1.73345023393631 3.4750337600708012 1.146297872066498 0.88952749967575084 -1.5493716001510618 -0.54548493027687062 4 2.4590647220611577 1.4250644445419314 -1.0037381052970884 1.4403104782104494 -1.8187589049339292 1.7849555015563967 5 6 -0.096197586506605134 -0.1707612872123718 -0.40739630162715906 1.6445210576057436 -0.57782581448554982 1.7188168168067934 -0.88298705220222462 -0.32386149466037745 1.9075067043304446 -2.5663284063339229 0.47547081112861639 -0.020020890980958935 0.17740957438945773 0.5124417543411256 -1.71607369184494 -0.98005169630050648 -0.16145217418670652 4.4361660480499276
decision_type=9 9 9 10 10 8 9 10 10 8 8 10 10 9 10 10 8 10 8 10 9 9 10 8 10 10 8 10 10 10 8 8 10 8 10 10 10 8 10 8
left_child=1 3 -2 -1 -5 6 28 13 9 11 12 -3 26 35 34 38 -6 -18 -15 20 37 -21 25 -12 -16 31 -11 -22 -4 -30 -25 -13 -23 39 -14 -7 -8 -20 -10 -28
right_child=2 8 5 4 16 7 36 -9 15 10 23 22 14 18 24 -17 17 -19 19 21 27 32 -24 30 -26 -27 33 -29 29 -31 -32 -33 -34 -35 -36 -37 -38 -39 -40 -41
leaf_value=-0.0011916155197637935 -0.0097701982126003079 -0.003403018482554926 -0.00011937219029141377 0.014082671115852013 0.0034875837787754988 -0.00066283527002471837 0 0.0030853600878375676 0.00048160747284363019 0.00097733871035219472 0.00026310315703586147 0.00054842133589294898 0.00060810051344019193 0.00044519826527847361 -0.00024480771611799589 -0.00046227979707884418 -0.0047494898038945178 0.0023649356093798464 0.00047524965534263288 0.0020543218375794719 -0.0090615248276404003 0.00017279272151545067 -0.00026789290753261372 -0.0071666963502513689 0.0071713611157315478 -6.8119460211109892e-05 0.00056320509505045221 -0.00029291889641189288 0.0066567249239507936 0 -0.00043048672972522062 0.0075184035310738419 -0.0039619911302220361 -0.0041272551773525821 -0.0023665960340633167 0.0019481224632226205 -0.0046883247862286341 -0.0017680310275197183 0.0082507901207091155 -0.00073181813067304798
leaf_weight=17.206084787496366 138.89630864650826 15.762863387892137 10.047371540349557 131.80423196707852 11.696090826211728 10.009887143125523 10.261446578282628 20.155414441323956 10.204871141380858 13.529931555473011 14.529937518193035 17.751690175427939 10.950713684200311 15.280235282494685 12.239897825522347 12.347870172350666 13.067719249636868 10.22101703105727 25.554814366230858 18.450077736168168 139.112096125471 10.722604852766379 17.776502321910812 62.147384641168173 35.728052499689511 15.318685940408612 10.770987417141443 11.759140177266088 66.353521130629815 10.637017317116259 16.915040452484391 81.24871465486649 28.504120369747397 19.549627858810709 12.848186536182764 23.836573974622297 49.432523764073267 26.631122586797574 30.806748530230838 11.879614288409355
leaf_count=5766 379723 15137 23537 19350 1810 24619 24738 18424 5973 19836 23277 12597 7077 20704 10395 6179 2287 1265 62628 9782 117086 13065 9356 56302 18493 15196 19536 9778 34416 3249 14561 84960 37169 28639 9539 57114 117689 63903 11616 19186
internal_value=0.000111954 0.00512379 -0.00483478 0.0104029 0.0121009 -0.00245616 0.00146276 -0.00423958 0.00180536 0.000474631 -0.00207936 0.00387923 0.00139079 -0.00509242 0.00396559 0.00645216 0.000683059 -0.00207563 -0.00576353 -0.00634205 -0.00725652 -0.00120154 0.00547147 -0.00567965 0.00606882 0.00620432 -0.00218497 -0.00823599 0.00517413 0.00608676 -0.00648936 0.0069056 -0.00297843 -0.00323326 -0.00144544 0.00105562 -0.00391016 -0.000843054 0.00769918 -8.33867e-05
internal_weight=1221.95 606.302 615.644 183.995 166.789 476.748 146.732 330.016 422.307 368.948 221.089 147.858 127.497 309.861 71.7669 53.3595 34.9848 23.2887 276.014 260.734 203.057 57.6768 132.096 93.5924 47.968 114.319 55.7302 150.871 87.0379 76.9905 79.0624 99.0004 39.2267 42.2002 23.7989 33.8465 59.694 52.1859 41.0116 22.6506
internal_count=1435957 418333 1017624 30478 24712 637901 203629 434272 387855 364087 226841 137246 132701 415848 45504 23768 5362 3552 334115 313411 253395 60016 122109 94140 28888 112753 87197 126864 61202 37665 70863 97557 50234 67361 16616 81733 142427 126531 17589 38722
cat_boundaries=0 5 10 15 20 25 30 35
cat_threshold=5779458 3496479048 6297664 1174470981 5248 528384 0 4194304 65536 4096 1082592260 75506304 25960464 2818719752 98563 2717909000 328739 2718007469 16780288 131092 67141664 152048640 1141899520 270543520 8224 2569011648 196608 436273152 4461570 16468 134217728 5 132646 1049600 16384
is_linear=0
shrinkage=0.05


Tree=62
num_leaves=47
num_cat=11
split_feature=28 28 7 27 7 28 8 16 28 8 28 23 9 15 28 0 28 10 22 23 8 10 23 8 10 0 0 8 14 8 28 16 9 16 16 8 28 8 15 9 8 0 5 15 28 7
split_gain=11.4951 4.77788 3.13646 2.24355 2.13584 2.25351 1.62104 1.61224 1.27759 1.30803 1.24791 1.16677 0.96632 0.846362 1.94732 0.935038 0.872689 0.837548 0.787036 0.737233 0.698202 0.693663 0.769693 0.571297 0.548745 0.599926 0.486993 0.41303 0.340384 0.297941 0.379356 0.276658 0.237524 0.384584 0.233498 0.215624 0.210894 0.201631 0.195699 0.186378 0.128375 0.121353 0.0723513 0.0585228 0.0559726 0.0472261
threshold=0 1 0.83177959918975841 2 1.973662316799164 3 -1.4948673844337461 -0.19008535146713254 4 1.3325125575065615 5 -0.84671476483345021 -0.41111248731613154 1.6650119423866274 6 1.2225779294967654 7 1.3172141313552859 1.8450970053672793 -1.1451714634895322 -3.6560001373291011 5.3444323539733896 1.9879770874977114 3.8223487138748173 4.2083904743194589 1.9188377261161806 -1.7475131750106809 -0.58546403050422657 -1.6746932268142698 -1.725004971027374 8 -0.60628041625022877 -1.282120883464813 -0.89724785089492787 -0.052608471363782876 -1.0293311476707456 9 -6.3805673122405997 0.48802955448627477 2.13034999370575 -1.8213165402412412 0.77741083502769481 -0.070212014019489274 5.3174157142639169 10 1.7822925448417666
decision_type=9 9 10 1 8 9 8 8 9 8 9 8 10 10 9 10 9 8 10 10 10 10 10 10 10 10 10 8 10 10 9 10 10 10 8 10 9 8 10 10 10 10 10 10 9 10
left_child=2 37 3 6 5 7 -1 8 9 20 35 29 27 16 15 19 42 -12 23 -15 -3 22 -4 -19 25 34 -22 -5 -18 36 -31 43 -28 -34 -13 -6 -9 -2 -14 41 -20 -30 44 -16 -7 -36
right_child=1 4 21 12 10 13 -8 11 -10 -11 17 24 38 14 31 -17 28 18 40 -21 26 -23 -24 -25 -26 -27 32 -29 39 30 -32 -33 33 -35 45 -37 -38 -39 -40 -41 -42 -43 -44 -45 -46 -47
leaf_value=0.0027494869628616799 -0.00037679023749629775 0.0012417252472871783 0.015221333128987361 0.0023373271527843439 0.0035726283894299037 0.00074127178456700191 -0.010483239422752678 -0.0039855601275983754 0.0040858534703180341 0.0031564158038812698 0.0008856963835404372 0.00026179074329543087 0.00015973373757905787 -0.00095246397903743182 0.0012363432018281497 -0.002111223295285449 0.00031753106242543767 -0.010477380128516317 -0.0014994154602611263 0.0085731764918594352 0.00020111562105965534 0.00027088756361619536 0.00020675997473634935 0.0002629878859128689 -0.00098982335564210444 -0.00096768454771209455 -0.00030374269653514642 -0.0033371443178180499 -0.0083812087983457656 0.0035238244277137789 -0.0018198984560171994 -0.0052453540583521927 -0.00029073108427876774 -0.011151950634843375 0.0081066023833812253 -0.0010399885768101365 0.00088209051217934861 -0.0098349645074292062 0.0086445339762881591 -0.0001820586000238993 0.001753505898712425 -0.00058149351629592657 0.0015882190811226282 -0.00094331654311078186 -0.001204414866081813 0.00052997838152237604
leaf_weight=10.098090613755629 11.153033568145473 11.168478553387102 99.34911635084427 12.740355997841105 18.472681061437473 10.48507436426007 10.434269957913786 13.33219206376816 22.052521734396578 16.186745510509354 18.3272830513597 15.64715682712267 10.804410115917561 13.055178648384752 12.504470809348279 11.934811890576382 10.925780408506396 78.328045015601674 10.047700292649099 45.263420490795397 13.813557760033289 12.225269240123451 11.248552803124765 10.050396087855914 10.316443272793547 10.359583044366444 12.014420058694666 18.474115405304477 66.325970920166583 10.897416506486477 12.636276874676698 53.325256101437844 13.309578882530323 24.946666992414983 163.91495347551245 10.042943925858706 10.094553315910163 148.36716189927392 33.970532486622687 12.73772149599972 11.150042228124219 14.950870466433114 24.974442547070794 10.573807776003376 28.932207611200283 10.911319594568338
leaf_count=1051 24888 7128 22278 13797 43529 18630 1701 2540 35689 17150 8730 11893 8391 10838 22882 11723 12810 90966 12715 35200 5528 4908 4132 8015 11636 18540 10307 20639 72827 3888 16405 100037 5526 11599 117407 19247 16079 362750 19517 9741 8078 19747 56066 22632 71355 5921
internal_value=-4.59857e-05 -0.00241815 0.00897901 0.00129965 -0.000650212 0.000631868 -0.00575307 0.00305279 -0.00140734 -0.00376614 -0.00512965 0.00503937 0.00484402 -0.00225148 0.000452836 0.00472843 -0.0042884 -0.00660468 -0.00818768 0.00693927 -0.00626139 0.0133826 0.0142652 -0.00956615 0.00637749 0.00689774 -0.00758396 -0.000946423 -0.00612219 -0.0011118 0.00153181 -0.00382571 -0.0088066 -0.00973537 0.00745858 0.00200172 -0.00307027 -0.00901501 0.00781429 -0.00718082 0.00017122 -0.00775248 0.000516217 0.00020713 -0.00055764 0.007879
internal_weight=1222.87 1003.53 219.345 96.5218 844.01 687.591 20.5324 371.602 113.492 91.4394 156.419 258.11 75.9894 315.989 146.657 70.2534 169.332 127.903 109.576 58.3186 75.2527 122.823 110.598 88.3784 211.149 200.833 64.0842 31.2145 104.94 46.9604 23.5337 76.4035 50.2707 38.2562 190.473 28.5156 23.4267 159.52 44.7749 94.0146 21.1977 81.2768 64.3917 23.0783 39.4173 174.826
internal_count=1437056 1340642 96414 65096 953004 761724 2752 297236 92927 57238 191280 204309 62344 464488 203312 57761 261176 128504 119774 46038 40088 31318 26410 98981 165397 153761 32960 34436 115125 38912 20293 145551 27432 17125 135221 62776 18619 387638 27908 102315 20793 92574 146051 45514 89985 123328
cat_boundaries=0 5 10 11 16 20 25 30 35 40 42 47
cat_threshold=4722690 320 4194304 65792 4096 1351027716 1149280896 25960464 2818719752 98307 4 2148573824 275782697 570431552 101747781 1152 1090048 273680393 0 33589248 67109120 2169176064 338755844 1344537140 8976 570425440 2282700800 2097185 1077936144 8224 83886368 17629184 1142113674 285745794 131124 0 1051681 4096 32768 128 0 2099201 83886112 16777216 1073874186 268443648 20
is_linear=0
shrinkage=0.05


Tree=63
num_leaves=45
num_cat=9
split_feature=28 28 7 28 21 10 15 28 28 28 21 21 21 23 8 28 28 7 1 23 8 13 4 6 2 4 8 21 8 11 5 28 23 0 7 8 15 8 7 0 0 7 7 1
split_gain=12.3748 4.76567 2.98519 1.87702 2.33115 1.79332 1.82201 4.02801 3.75864 1.33378 1.22028 1.18789 1.63075 1.0713 0.939482 0.92609 0.823491 0.817418 0.702632 0.668402 0.665677 0.642127 0.605352 0.463261 0.444921 0.432999 0.388417 0.388076 0.307727 0.408451 0.297915 0.281669 0.281627 0.229771 0.206142 0.204844 0.203883 0.213569 0.14311 0.103001 0.0762441 0.0456812 0.0447727 0.0370855
threshold=0 1 0.84775826334953319 2 -0.13542651385068891 2.0018025636672978 2.1393051147460942 3 4 5 0.28733883798122412 1.5119332075119021 0.22150371968746188 0.92410811781883251 1.1208224296569826 6 7 0.7988802194595338 -1.0000000180025095e-35 2.0456635951995854 -3.2101482152938838 1.5391687750816347 0.39726172387599951 -0.62211954593658436 -0.5678245723247527 2.2082331180572514 -2.5946778059005733 1.3748747110366824 -5.2146136760711661 -3.498045682907104 -0.42785859107971186 8 -1.1451714634895322 -2.9211155176162715 0.94594296813011181 0.4030482023954392 1.2031621336936953 1.4111077189445498 2.086833238601685 0.87685611844062816 -2.0804439783096309 0.40246100723743444 0.88137468695640575 -3.011526226997375
decision_type=9 9 10 9 10 8 10 9 9 9 8 10 8 8 8 9 9 10 10 10 8 8 8 8 10 10 8 10 8 10 10 9 10 10 10 10 8 8 10 10 8 10 10 10
left_child=2 -2 3 13 -5 6 8 10 17 30 32 12 15 -1 18 22 -14 -3 24 -4 -12 28 -10 -9 -11 -16 -26 31 -18 -30 -7 -25 -8 38 -20 -19 -32 -38 -28 -34 -35 -6 -13 -31
right_child=1 5 19 4 41 9 7 23 11 14 20 42 16 -15 25 -17 21 35 34 -21 -22 -23 -24 27 26 -27 33 -29 29 43 36 -33 39 40 -36 -37 37 -39 -40 -41 -42 -43 -44 -45
leaf_value=-0.008205244031571704 -0.0090730581298616719 0.0068337456056820085 0.014743801597805721 -0.0039598600633606231 0.0097484009723553984 0.0038685267188474357 -0.0021376490418831685 0.001283047249521113 0.0054557751484927619 -0.0028163939893515364 -0.00019641709848681641 -9.4225284807306442e-05 0.001406773369714738 0.0023032527918226092 -0.0098810445692249175 -0.0036639404114621648 -0.00026378056253886014 -0.002493813129478638 0.0002025570330153008 0.00024942029444430681 0.011240845514430355 0.00032896742813024067 -0.0015773377241176632 0.00071172213288334433 -0.0013984279980684754 2.321653913186794e-05 0.0063413692155641329 0.00081656550514275857 -0.00036317686213938668 -0.00094788159687808236 0.0015449965934488381 -0.0060509373514116031 0.0030615683505267649 -0.0011327415074842923 -0.0060303466274126555 0.0015480492441656498 -0.0036646871323402796 0.00094945252195973199 0 -0.00045941363301476158 0.0012647309667477595 0.00062768746096782352 0.0026371040956979972 -0.01266771537139303
leaf_weight=16.274036686809268 152.33624079396395 80.438559280242771 110.10266453359509 16.562086709265714 37.831554686752497 19.831590602421784 14.8063989655202 20.16337823678623 31.174393623034121 10.259690392107585 11.166055701571166 10.660292439337356 10.507490404270355 10.034704578836683 59.46109380726557 40.22413867888099 10.094254214040118 19.20148094290926 10.607995274665884 10.945972159111987 93.22730322983989 10.25642841895751 19.265318433681387 10.785740600229472 19.196721928368788 10.896101491001899 13.082208717722098 14.02926731786283 12.060728559212292 10.267579795487107 16.99682810298691 57.185225771492696 21.726954462203143 14.686457483199773 20.626320967872743 11.375640738915534 15.12384617848147 11.958451859565686 10.05511728703277 10.072861357286454 17.683633008637116 10.037263868725857 17.620985008601565 71.306206434608612
leaf_count=9425 388754 111507 22440 14798 19893 33922 19093 31363 28470 16085 6829 6415 24778 4171 88371 81991 6861 17726 10543 3664 40386 5241 22404 26692 19090 10289 6493 12708 8091 7199 22658 91516 22714 14714 19594 13966 20077 20137 5799 13786 22005 4234 10842 49412
internal_value=7.76317e-05 -0.00234185 0.00960501 0.00159732 0.00506567 -0.000626552 0.00085871 0.00374404 -0.00139782 -0.00381051 0.00777939 -0.00456163 -0.00587117 -0.00464054 -0.00547038 -0.000238873 -0.00870053 0.00475875 -0.001616 0.0139184 0.0103177 -0.00932474 0.00297551 -0.0030919 0.00100063 -0.00893321 0.00248399 -0.0045183 -0.0107149 -0.0113228 0.00160457 -0.0055412 0.000449923 0.00390049 -0.0050302 -0.000900542 -0.00070496 -0.00226812 0.00545826 0.00228605 8.8971e-05 0.00918476 0.0021411 -0.0121513
internal_weight=1222.21 1010.42 211.788 90.7396 64.4309 858.083 607.617 253.163 354.453 250.466 151 243.438 215.157 26.3087 186.555 90.6639 124.493 111.016 116.198 121.049 104.393 113.985 50.4397 102.164 84.9638 70.3572 74.7041 82.0002 103.729 93.6345 63.9107 67.971 46.6062 55.5074 31.2343 30.5771 44.0791 27.0823 23.1373 31.7998 32.3701 47.8688 28.2813 81.5738
internal_count=1437146 1358521 78625 52521 38925 969767 659990 265087 394903 309777 102808 251704 234447 13596 212983 132865 101582 143199 114323 26104 47215 76804 50874 162279 84186 98660 68101 130916 71563 64702 96794 118208 55593 49011 30137 31692 62872 40214 12292 36500 36719 24127 17257 56611
cat_boundaries=0 5 10 14 19 24 29 34 39 44
cat_threshold=4722690 256 4194304 65536 4096 1082330116 75506320 160178194 2818719752 98563 0 0 4194304 65536 570425472 3496483937 2686484577 101712917 9344 2148573696 271582312 571546056 369141760 132240 470818848 1225261064 1143996416 1411383748 8736 18874672 1224804352 131589 3151169 64 620757136 2169442304 1073874432 17564645 36 2147483752 134561798 2560 1078201120 4
is_linear=0
shrinkage=0.05


Tree=64
num_leaves=48
num_cat=10
split_feature=28 0 28 21 21 28 28 28 23 21 16 10 28 21 15 23 4 16 23 4 16 4 28 0 20 11 21 15 21 28 21 28 28 3 15 23 11 23 9 19 15 1 1 5 5 16 1
split_gain=11.6582 3.41757 3.18213 3.50641 3.14815 3.44538 2.58027 2.18907 1.93243 1.90638 1.76481 1.75819 1.38138 1.27413 1.077 1.02076 0.915241 0.905101 0.643651 0.585202 0.550179 0.530164 0.499386 0.455397 0.37029 0.422744 0.365811 0.355006 0.348073 0.343653 0.299105 0.282468 0.264144 0.257021 0.183021 0.199552 0.166546 0.155682 0.144349 0.134352 0.0997404 0.0953599 0.0570132 0.0528965 0.0559952 0.0268809 0.0231833
threshold=0 -2.8791384696960445 1 -0.075408782809972749 0.35313244163990026 2 3 4 -0.77130615711212147 0.66060861945152294 -0.39143790304660792 2.9542458057403569 5 0.46331943571567541 1.0759290456771853 0.93777957558631908 1.6423125863075259 -0.068110711872577653 0.55682766437530529 -1.0820800662040708 -0.64554902911186207 0.8605065941810609 6 1.1821721792221072 0.12301587685942651 2.715456604957581 1.3502571582794192 1.8627783656120303 0.008059352636337282 7 0.23770435899496081 8 9 1.7846435904502871 0.97342661023139965 0.020162251777946952 -2.0736948251724239 0.82355144619941723 1.0206329822540285 0.84335732460021984 1.0405911207199099 -0.17431569099426267 -1.194256007671356 -0.34103776514530176 -0.048218004405498498 -1.0441817641258238 -1.5533487796783445
decision_type=9 8 9 8 8 9 9 9 10 10 10 10 9 8 10 10 8 8 10 8 8 8 9 8 8 10 10 10 8 9 10 9 9 8 10 10 8 10 10 10 10 10 10 10 10 10 8
left_child=1 13 3 -3 7 10 9 23 22 15 27 33 26 -1 31 19 17 38 32 -2 45 37 -7 -4 -21 -26 28 -6 43 -20 40 -9 -16 -5 42 -36 -30 -11 -10 -37 -17 -39 -23 -8 -45 -14 -12
right_child=6 2 4 11 5 8 12 14 16 21 46 -13 20 -15 18 30 -18 -19 29 24 -22 34 -24 -25 25 -27 -28 -29 36 -31 -32 -33 -34 -35 35 39 -38 41 -40 -41 -42 -43 -44 44 -46 -47 -48
leaf_value=1.4694486571504949e-05 0.00098943517483981417 -0.0041426833219396315 0.011587613686954174 0.01484737128844792 0.0035256962110031113 -0.0063313442485716416 0.0013499379785311214 0.0045762526881435806 -0.0021329587312723286 0.0066440624379870729 -0.0016256704604598858 -0.0015114160796592955 -0.0014207303741940788 0.014786359381418777 -0.001630028868182484 -0.00017599868729071557 -0.0020491276101255004 0.0081899386487611029 0.00074712903263228221 0.00020768135939769591 -0.0098980485488503345 -0.002632929507240785 0.001336614833149088 1.2804201446544195e-05 -0.0080323851289772312 0.00022667359248074775 0.0019372564183806973 -0.0020016938851666103 0.00019176609226897272 -0.0074629624570811742 -0.001364045884859767 -0.0010214316991035729 0.002590361235531532 0.0011453980905226165 0.0031546731230329764 0.0010706137070646655 -0.0045676221557907079 -0.0011109429410117294 0.0013122092003729499 -0.0023136701470629103 0.0039787631241573673 0.0016953355083298314 0.00021941634910679645 -0.0014743548417223591 0.00068260069337562612 0.00023163324811545399 -0.012863527478058773
leaf_weight=17.718256920416025 16.950063048265292 15.373324394342488 43.419508379025501 66.907894171919907 10.755361310104492 16.611600223957794 22.303541543384199 23.978075914754299 15.815007305092879 40.239194577661692 17.913019248037017 10.304783786967162 19.778083984725527 60.459657346727909 17.529155009338865 10.340646763914267 15.738799228041897 66.728917707194341 10.187049681975621 14.909577150014227 199.71112147859094 10.259519546219964 10.052564003839509 10.424176057989824 77.309368759815698 13.261329442233544 17.549092530200141 10.387370186625047 14.789121261899707 12.243805782898564 22.842761878666352 10.121176070315412 14.719565471634267 13.54274988255929 12.229650943874729 13.541225249689889 69.572467934107408 10.035125895054081 10.108767704194177 10.361458296159979 19.19240948370134 13.075500506703973 10.582449777983127 12.307985530933367 13.463991924989385 12.587902292863872 45.56278686724545
leaf_count=14569 18738 4615 42578 13288 2494 7454 52144 30356 13875 16748 6079 1138 50106 18277 34891 10625 22095 49593 21256 12160 459314 5110 20508 19186 60796 10421 22754 3671 27277 11958 13484 20502 17732 2842 4601 5655 133548 4440 8557 5466 18520 6335 4257 30082 34575 26797 16296
internal_value=0.000117849 0.00524944 0.0029706 0.00867755 0.000221275 -0.00327425 -0.00410911 0.00509507 0.0018629 -0.000349457 -0.00865277 0.0122014 -0.00656039 0.0127892 -0.000684622 -0.00335051 0.00476534 0.00627045 -0.00396007 -0.00529799 -0.00875211 0.00366427 -0.00504044 0.00955945 -0.00633378 -0.00713704 -0.00161351 0.00124156 -0.00260186 -0.00665067 0.00151715 0.00365855 0.00075595 0.0139022 -9.98415e-05 0.00144761 -0.00393518 0.00564441 -0.000744239 -0.000901569 0.00326506 0.000481989 -0.0019814 0.000500245 -0.000574665 -0.000966885 -0.0118499
internal_weight=1223.8 546.603 468.425 106.129 362.297 219.674 677.194 142.623 135.056 295.13 84.6185 90.7554 382.063 78.1779 88.7788 174.806 108.391 92.6527 54.6796 122.43 232.077 120.324 26.6642 53.8437 105.48 90.5707 149.986 21.1427 132.437 22.4309 52.3758 34.0993 32.2487 80.4506 56.9743 36.1323 84.3616 63.3498 25.9238 23.9027 29.5331 23.1106 20.842 48.0755 25.772 32.366 63.4758
internal_count=1437763 403810 370964 21883 349081 150622 1033953 198459 122082 197356 28540 17268 836597 32846 136695 144744 94120 72025 85837 102115 536217 52612 27962 61764 83377 71217 300380 6165 277626 33214 42629 50858 52623 16130 25089 15722 160825 27523 22432 11121 29145 10775 9367 116801 64657 76903 22375
cat_boundaries=0 5 10 15 20 25 30 34 38 43 47
cat_threshold=5812226 2420641096 6359104 1174470981 5248 528384 0 4194304 0 4096 1048576 0 2048 67174400 1024 2214592544 154603521 1645219841 269528608 8244 5242880 1024 2048 100728832 1024 50332608 1073741858 2147616554 20975760 131584 4194304 272631808 0 1073741824 40960 4194312 2097152 1073742145 8192 268437568 0 0 128 40960 2151678280 65536 256
is_linear=0
shrinkage=0.05


Tree=65
num_leaves=46
num_cat=7
split_feature=28 28 21 21 7 28 28 4 28 16 28 28 1 10 16 16 10 23 22 8 9 10 0 7 23 1 23 22 23 0 10 22 4 4 22 0 7 23 8 19 22 8 8 9 23
split_gain=11.5514 4.05064 2.98409 2.20924 1.53035 2.09192 1.78626 1.15441 1.72974 1.13242 1.15406 1.04097 1.03492 0.929982 0.810667 0.79514 0.832996 0.733639 0.732095 0.697119 0.73409 0.605158 0.47268 0.627943 0.770863 0.457937 0.416495 0.415185 0.412874 0.394095 0.388564 0.360114 0.316841 0.340204 0.20858 0.188026 0.224294 0.153014 0.150972 0.107985 0.104222 0.100355 0.125784 0.0969887 0.0949863
threshold=0 1 -0.075408782809972749 1.77891480922699 1.973662316799164 2 3 0.11799926683306695 4 0.67567977309227001 5 6 3.48996913433075 1.099682152271271 -0.96761879324913014 0.064380273222923293 4.0033133029937753 -1.1653186082839964 -0.88371348381042469 -3.2670441865921016 -0.45365811884403223 5.3444323539733896 1.0042868256568911 -0.28070496022701258 1.9598230719566347 -3.6193869113922115 -0.45725324749946589 1.2360611557960512 0.98096573352813732 1.480725944042206 3.3326275348663335 4.3601152896881112 0.35193961858749395 -0.6879083216190337 2.8873850107192998 2.1974511146545415 -1.455991744995117 2.0744180679321294 -0.58546403050422657 -1.456478953361511 0.33516722917556768 -2.2745176553726192 -0.24035229533910749 -0.08537000790238379 -1.0135137438774107
decision_type=9 9 10 10 8 9 9 8 9 10 9 9 8 8 10 8 10 8 8 10 10 10 10 8 10 8 8 8 10 10 10 10 10 10 10 10 10 10 10 10 8 10 8 10 8
left_child=2 -2 26 21 5 12 38 8 31 11 27 14 15 -8 -9 18 17 -17 32 -20 -21 22 23 44 -25 -15 -1 -11 -5 37 39 35 33 -3 -27 36 -7 -19 -6 -16 -14 -13 -43 -10 -4
right_child=1 4 3 28 6 7 13 9 43 10 -12 41 40 25 30 16 -18 29 19 20 -22 -23 -24 24 -26 34 -28 -29 -30 -31 -32 -33 -34 -35 -36 -37 -38 -39 -40 -41 -42 42 -44 -45 -46
leaf_value=0.0018052051626587066 -0.0088230735450304573 0.0023694832798458153 0.0026346951666771936 -0.0034727446465823431 0.003854329150216395 -0.00012610999640711801 0.001521364973691282 0.0010831348348388661 -0.0047452594857836919 0.0064558875231705559 -0.003616844229739364 -0.0013476248159318626 -0.0036283354007020951 0.00018745349763333685 -0.00099925914987146892 -0.0010920378503955542 -0.0018856963163874153 0.0085252538097029644 0.0025629689679862299 0.0014783154608861203 -0.006602467212619448 0.00014571421261766598 0.0004207611429055006 0.016457509595794142 0.000299826844516107 -0.0096916286440866424 -0.0042502061354085605 -0.00087095783422823413 0.0023460890470330936 -0.00030546560584329084 0 -0.00087895227336885924 0.0052405572931211852 -0.0027997916069019226 -0.00047550146923886112 -4.6514374197164739e-05 0.0065907232337029404 0.00055747632886020957 -0.00048702303877978321 -0.010356336649700856 0.00029160421109767319 0.0022434366499405408 -0.00084398927817741758 0 -0.00053126284632612627
leaf_weight=10.527154498908201 142.89039984630654 12.880812310555486 10.099464460814486 12.794681702682285 24.970941917672462 10.263857914775143 11.153552305011543 10.502747287318924 44.456585634638031 26.687434490493615 22.251505781321612 23.368871018989012 17.798994390046573 11.383017367566934 16.267586325760931 14.048950786702333 10.30607288063038 118.68688764846593 15.211535360285778 18.123095722359722 33.548151471186429 10.438533564622047 10.272646773140876 104.85886964341626 10.392156170826636 84.146951551243546 19.113876957606411 10.215781644626984 11.505933049338635 10.216667732238419 10.409442996213327 11.122528153020538 22.891944325907389 14.666485181645838 13.271592771066933 11.96544931225071 63.224562994102598 15.286916183962601 11.096707002972833 77.386441368515079 10.499254998590915 25.951703580794856 20.032985169018502 10.018477710342266 12.804518293080038
leaf_count=9294 403713 17475 3745 3663 53113 5636 5583 5627 108753 14701 41133 50932 18301 9666 7817 15616 12362 94383 16027 26554 26646 3603 6112 26265 3838 90062 15583 5339 2831 18668 6047 7604 17163 11927 11812 10837 35415 12198 19367 40215 10585 60008 43599 18953 8160
internal_value=-8.21671e-05 -0.00242872 0.00910013 0.0114385 -0.00086207 0.000210491 -0.00466666 -0.00208229 0.00108587 -0.00398854 0.00123814 -0.00559632 0.00296723 -0.00678305 -0.00754156 0.00398548 0.00577654 0.00663254 0.00042526 -0.00234236 -0.00438587 0.0131225 0.0137432 0.0143322 0.0155624 -0.00830396 -0.00225367 0.00451626 -0.000925585 0.00749831 -0.009003 0.00426007 0.00348406 -0.000348918 -0.00905712 0.00535791 0.0059409 0.00804188 0.00264613 -0.00967933 -0.00285263 1.86468e-05 0.00110732 -0.00387604 0.0016457
internal_weight=1220.01 1007.2 212.808 183.167 864.314 708.292 156.023 394.126 151.051 243.074 59.1547 183.92 314.166 119.955 114.566 285.868 168.545 158.239 117.322 66.8828 51.6712 158.866 148.428 138.155 115.251 108.802 29.641 36.9032 24.3006 144.19 104.063 96.5764 50.4392 27.5473 97.4185 85.4539 73.4884 133.974 36.0676 93.654 28.2982 69.3536 45.9847 54.4751 22.904
internal_count=1436931 1353837 83094 58217 950124 760521 189603 462616 187198 275418 61173 214245 297905 117123 59706 269019 153227 140865 115792 69227 53200 51723 48120 42008 30103 111540 24877 20040 6494 125249 54079 59492 46565 29402 101874 51888 41051 106581 72480 48032 28886 154539 103607 127706 11905
cat_boundaries=0 5 10 15 20 25 30 35
cat_threshold=4722690 256 4194304 65540 4096 1342639109 75539072 25698320 2818981896 98563 2148573824 275782760 570431552 101748033 1152 209715456 3511287808 339017988 1411383856 528 570425352 1208827907 2149679277 16777216 131092 201326696 2298609669 1076888067 1080041600 8224 547373080 1242038291 2419360933 16777232 2632
is_linear=0
shrinkage=0.05


Tree=66
num_leaves=46
num_cat=8
split_feature=28 28 7 7 9 28 28 21 1 28 16 14 23 23 2 21 21 28 28 7 1 16 28 9 0 16 2 21 2 16 9 23 23 15 11 15 5 5 22 1 9 19 18 18 21
split_gain=9.92002 4.19086 2.76755 1.50706 1.53354 1.89146 1.6514 2.09533 1.49279 1.10718 0.949906 0.83307 0.782551 0.978114 0.74801 0.746653 0.657969 2.04907 1.64429 0.728329 0.692872 0.648003 0.577066 0.488302 0.559732 0.469895 0.391747 0.3423 0.333291 0.281133 0.254076 0.236046 0.20464 0.165769 0.152106 0.143973 0.141447 0.10715 0.0891509 0.0702324 0.0587627 0.0418745 0.0337442 0.0310676 0.0278866
threshold=0 1 0.8652217984199525 2.3526518344879155 3.7063300609588627 2 3 1.576451897621155 0.69507709145545971 4 -0.75437912344932545 -1.6746932268142698 1.0487108230590823 -0.7518625259399413 -0.92820054292678822 1.77891480922699 0.008059352636337282 5 6 0.81555521488189708 -4.2487454414367667 0.72193899750709545 7 0.7012222707271577 -1.763329744338989 0.071438994258642211 -0.08384001255035399 1.0647892355918886 -0.65341269969940174 1.3877156376838686 -1.7738872170448301 -0.65423756837844838 1.8834166526794436 3.1988390684127812 -3.2097001075744624 3.3572387695312504 0.84673032164573681 0.59676659107208263 0.12669253349304202 -2.6255432367324825 0.19642949104309085 -0.2549459040164947 1.4111371040344241 1.4753387570381167 0.33678472042083746
decision_type=9 9 8 8 8 9 9 10 8 9 8 8 10 8 10 10 8 9 9 10 10 10 9 8 10 10 10 10 10 10 10 10 10 10 10 10 10 10 8 8 10 10 10 8 8
left_child=2 -2 12 4 6 -6 8 10 14 38 22 34 13 27 -3 32 18 19 31 -18 -19 -22 -8 30 41 -9 39 -1 35 -23 -16 -13 -4 42 -12 -10 -28 44 -5 -11 -20 -25 -26 -7 -30
right_child=1 3 15 9 5 43 7 25 28 26 11 16 -14 -15 23 -17 17 20 40 -21 21 29 -24 24 33 -27 36 -29 37 -31 -32 -33 -34 -35 -36 -37 -38 -39 -40 -41 -42 -43 -44 -45 -46
leaf_value=0.0043761784752177077 -0.0086060737258849326 -0.0020672841863045824 0.014674793603841458 -0.00038617656901108826 0.0095652221918273092 -3.1334385152399445e-06 -0.0022028305020019199 -0.00068599378692836327 0.0022709150089237954 -0.00050866641060073035 0.0025087503911493587 -0.00026083971062213168 0.004686809487490123 -0.0055625604135126011 0 0.00048340696248733639 0.0040931979376376115 0.00070598907200638975 -0.0054817817438056809 -0.002844695260035268 -0.010844739665192664 0.0012610994701929027 0.0037706152689766098 4.4918012467913426e-05 -0.0032922682571130592 0.0066819147894047817 -0.0020202425518264337 -0.0013981388407116784 -0.0002405781055276247 -0.0033639213384194164 0.008009947849739801 0.0057607197944956048 0.00084763652577061739 0.00094200016215498054 -0.0010121548088657321 -0.0011050634362164177 0.0013360057135835175 0.00012249845609253794 0.0029921636923871172 -0.009088824159429831 -0.00016068173082118601 0.0042767572294124786 0 -0.0035303230253436978 -0.0045818262831380093
leaf_weight=16.132479858875744 140.94015625986503 10.620946077397091 90.155271380688646 10.188773464484255 26.66537630574021 10.271750495347076 20.654201809418737 16.70364403683925 19.8990112550091 10.128617000897064 24.175392371791531 13.518783775361952 18.645756230020197 28.402537745074369 10.192005500197409 15.595782634889472 38.977878883408266 10.596451548350158 45.578467717328749 19.931991910983925 116.91505027920357 21.45452123459836 33.292958465390257 10.108254446968202 19.200225150474584 27.198855453258147 14.332879424080604 10.005890780594198 12.645025206002176 23.895923423202476 79.809328823539545 25.306501458559069 10.053935186646411 11.642679961252723 14.235022572334854 14.790898629275032 13.036228946963091 11.289584531914441 14.247649145807374 46.852401830117742 10.853397425526053 27.1962272496894 10.324087703818803 10.138309485890206 30.196189500522447
leaf_count=6098 402086 22160 12390 20183 8736 9476 24192 11250 33606 12315 23149 10718 6180 9780 16537 2857 41001 9659 102468 25492 105711 14968 38577 9129 16438 12037 8014 2746 16256 11375 99215 19784 2041 11189 18723 24886 5674 10114 33070 75147 20955 24903 10517 9430 26554
internal_value=-1.01301e-06 -0.00206503 0.00899823 -0.000541106 0.000332198 0.00624748 -0.00041772 -0.00213416 0.00239531 -0.0049917 -0.00338071 -0.0042388 0.000699115 -0.00220591 0.00470694 0.0129632 -0.00499176 -0.00623047 -0.00083622 0.00134782 -0.00824883 -0.00927432 0.00162683 0.00553227 0.0012908 0.00495277 -0.00666166 0.00263351 -0.00207369 -0.00160952 0.00741293 0.00417152 0.0140647 -0.00183201 0.00131287 0.000969852 -0.000526712 -0.00360132 0.00194224 -0.00856096 -0.0046269 0.00386978 -0.00289328 -0.00270484 -0.00417397
internal_weight=1217 1028.01 188.992 887.065 778.279 47.0754 731.204 463.289 267.914 108.787 419.387 365.439 73.1867 54.5409 179.094 115.805 327.029 231.772 95.2572 58.9099 172.862 162.265 53.9472 168.473 78.4715 43.9025 84.3501 26.1384 88.8207 45.3504 90.0013 38.8253 100.209 41.167 38.4104 34.6899 27.3691 54.1308 24.4364 56.981 56.4319 37.3045 29.5243 20.4101 42.8412
internal_count=1437786 1395694 42092 993608 839205 27642 811563 490059 321504 154403 466772 404003 24804 18624 210088 17288 362131 208206 153925 66493 141713 132054 62769 187928 72176 23287 101150 8844 111416 26343 115752 30502 14431 38144 41872 58492 13688 52924 53253 87462 123423 34032 26955 18906 42810
cat_boundaries=0 5 10 15 20 25 30 35 40
cat_threshold=528384 256 4194304 65536 4096 1351027716 75506304 151789584 2818981896 98563 514 2153777220 70258689 101196032 8244 2219843714 273679465 536877120 370183493 1152 201343232 3641376776 271646980 1411383860 8720 16810096 19812352 1174407082 1093149312 131108 50348064 1224738816 3224503809 23072784 16896 169918480 2164393984 1152403074 1097343010 16456
is_linear=0
shrinkage=0.05


Tree=67
num_leaves=42
num_cat=9
split_feature=28 28 21 21 10 28 15 28 21 21 5 6 28 0 28 15 5 14 1 0 6 25 15 28 23 9 23 13 20 21 9 4 13 28 28 13 14 15 6 9 5
split_gain=10.5249 4.46292 1.81488 2.0903 1.41591 2.94992 1.84912 1.84905 2.5696 1.58689 0.875862 1.40318 0.779405 0.778527 0.636185 0.613167 0.556562 0.496255 0.486354 0.501905 0.459743 0.455294 0.383502 0.314352 0.31018 0.275439 0.241388 0.203189 0.199931 0.198254 0.195869 0.186917 0.153255 0.207654 0.162022 0.149762 0.275968 0.0766616 0.0462928 0.0333866 0.0269215
threshold=0 1 -0.10960838943719863 1.77891480922699 3.8083223104476933 2 0.73500707745552074 3 1.5424491763114931 -0.15306574106216428 0.20327975600957873 -0.55526199936866749 4 -2.8791384696960445 5 11.370487689971926 -0.46524791419506067 -1.8456985950469968 -3.7925491333007808 -2.8791384696960445 2.6552455425262456 0.67162698507308971 13.866673469543459 6 -1.1451714634895322 -1.0452843904495237 -0.99560898542404164 1.1521182656288149 0.16269841790199283 1.0328299999237063 2.1747550964355473 -0.58051958680152882 0.492006465792656 7 8 -0.6988793909549712 -1.0684897899627683 0.2350898012518883 -0.024985043331980702 0.50510513782501232 -0.65471744537353505
decision_type=9 9 10 10 8 9 8 9 8 8 10 8 9 8 9 10 8 8 10 10 8 10 10 9 10 10 10 10 10 10 10 10 8 9 9 8 8 10 10 10 10
left_child=2 -2 -1 -4 7 13 37 8 9 25 11 23 18 -6 39 17 -8 -11 -13 -20 26 32 35 -9 40 -3 29 -5 -28 -16 -26 -19 34 -34 -14 -21 -37 -7 -23 -12 -25
right_child=1 4 3 27 5 6 16 10 -10 15 14 12 21 -15 20 -17 -18 31 19 22 -22 38 -24 24 30 -27 28 -29 -30 -31 -32 -33 33 -35 -36 36 -38 -39 -40 -41 -42
leaf_value=-0.00158104464831003 -0.010792303514366624 -0.0012334984942506061 0.012845989905831171 -0.0027308070394447517 -0.0020952174181008434 0.0022135896034066425 0 -0.00068191259384044298 0.0053946330693629401 0.00033715738551879022 0.00011205170010098873 0.0016252120188305003 0.0044383468610893302 0.0064737286369958656 0.0021694848308922072 0.00060020861174806786 -0.011851036156679927 -0.0009056999666217755 0.0013158782422100315 -0.0007119320583626748 -0.00085686033400702807 -0.0026720073620045367 0.00071784554632682953 -0.00093600331942669194 0.0056342525899714287 0.0033510876424383308 0.00023627650013761025 0.0014552846762602518 0.0072128023647291184 -0.0017685427951422404 -0.00010708041147761848 -0.0097276974166961502 -0.0018453796095064283 0.0018748960776811534 -0.00056203714639825998 -0.00049276088227158193 -0.0075956124525489227 -0.00054704746256278533 9.2339552559838093e-05 -0.0019541702109505789 0.00052497180775890691
leaf_weight=18.323964928902569 70.846711740763567 23.100769265605777 143.70756128712674 12.069725877547173 10.011919574753845 14.649838338467818 10.307061381157835 30.031020798967802 24.850967549347843 10.442568815065895 14.53478393169644 10.748937484138876 30.895382630216773 29.034514037419285 19.581669045976017 12.946873473309095 69.041638864036941 19.089998417286552 12.218033257027853 27.970947462454205 14.884856959237366 14.742692347761478 11.934754703645011 10.744736388005551 88.905300782280392 20.009199436848576 16.414597836599569 10.10789715440478 94.444224949969794 10.081673723616403 12.682594437559599 102.8879454469643 17.22769905399764 12.868890609461234 10.541457854778853 25.306955190666486 76.201060764695285 11.438888631833832 11.201560574736503 15.414686563919529 15.56566607498098
leaf_count=5990 195062 39485 20824 2272 7819 24431 17275 70538 11244 7713 33939 12275 59209 50168 19694 8636 126664 16385 10977 38394 13208 35136 10491 12384 98118 20308 16558 1404 69905 5782 8316 75341 30777 27729 23082 28263 86012 19138 26526 31225 17424
internal_value=2.0832e-06 -0.00208966 0.00939079 0.0111464 -0.000849046 -0.00469265 -0.00784921 4.50297e-05 -0.00341506 -0.00562831 0.00146966 9.89746e-05 -0.00202203 0.00384577 0.00393463 -0.00760957 -0.0108857 -0.00838417 -0.00365955 -0.00454183 0.0048589 0.00117822 -0.00528558 0.00328037 0.00398342 0.00149755 0.0058116 -0.00106718 0.00660542 0.000498339 0.0050856 -0.00904082 0.00290361 -1.11468e-05 0.00392378 -0.00591263 -0.00660482 0.00137337 -0.00213764 -0.00128517 -0.000228503
internal_weight=1218.01 1033.8 184.209 165.885 962.956 144.484 105.437 818.473 213.328 188.477 605.144 419.788 261.858 39.0464 185.356 145.367 79.3487 132.421 164.381 153.632 155.407 97.4777 141.414 157.929 127.898 43.11 140.522 22.1776 110.859 29.6633 101.588 121.978 71.5334 30.0966 41.4368 129.479 101.508 26.0887 25.9443 29.9495 26.3104
internal_count=1436121 1405631 30490 24500 1210569 245495 187508 965074 179112 167868 785962 595651 388871 57987 190311 108075 143939 99439 186412 174137 125147 202459 163160 206780 136242 59793 111939 3676 86463 25476 106434 91726 140797 58506 82291 152669 114275 43569 61662 65164 29808
cat_boundaries=0 5 10 15 20 25 30 35 39 44
cat_threshold=528384 0 4194304 65536 4096 1082199044 75539088 17563664 2818719752 98563 402661408 3641704456 1420894211 1074004852 8704 405028889 1124073474 479256583 2359314 19016 537928448 923653 1075905832 1141383392 139316 2734826080 135267360 3221360160 289412096 1028 50332096 2283618308 3256944512 21501604 32 50462882 405799200 2181038720 16782337 2168586370 270533984 2717911744 33590272 1024
is_linear=0
shrinkage=0.05


Tree=68
num_leaves=52
num_cat=9
split_feature=2 3 6 27 5 8 8 21 27 21 5 1 13 21 23 21 21 3 1 11 7 7 2 8 8 13 27 27 23 27 8 21 8 24 25 27 23 27 8 1 3 8 7 3 27 27 1 8 23 13 3
split_gain=4.00981 1.91468 1.54699 1.37571 1.51848 1.43576 1.38738 1.30227 1.0413 0.999408 0.837134 0.724553 0.578753 0.558531 0.540024 0.769271 0.681223 0.62198 0.526244 0.488826 0.400341 0.372112 0.372722 0.305012 0.303728 0.361799 0.280347 0.273564 0.270699 0.252445 0.241716 0.210395 0.169764 0.139572 0.132699 0.1309 0.127716 0.119521 0.119048 0.115968 0.102507 0.08257 0.0604142 0.0581651 0.0477621 0.0441349 0.0438455 0.0379749 0.0262392 0.0248427 0.0207451
threshold=-0.85816121101379383 1.88031542301178 -0.68169167637825001 0 -0.0886869542300701 0.68238222599029552 -1.6593025922775266 1.6492661833763125 1 1.3985975980758669 -0.39259257912635798 1.1476336121559145 -0.30720607936382288 0.35313244163990026 0.19590700417757037 1.0966746807098391 -0.13542651385068891 1.1346657276153567 -1.2831262946128843 2.1301323175430302 -1.0610721111297605 -0.28070496022701258 -0.78416422009468068 -3.2670441865921016 -1.6170448660850523 1.8489892482757571 2 3 -1.1451714634895322 4 -3.9798475503921504 -0.2142519801855087 -2.6776640415191646 0.52243450284004223 0.21924602985382083 5 1.1831398010253908 6 2.4851896762847905 -2.0482558012008663 1.4757797718048098 0.079548951238393797 -1.3622891306877134 0.22628509998321536 7 8 0.60527640581130993 -4.9418861865997306 -0.55493858456611622 -0.27480700612068171 -0.7541256546974181
decision_type=10 10 8 1 8 10 8 10 1 10 8 10 10 10 10 10 10 10 8 10 8 8 10 8 8 10 1 1 8 1 10 10 10 8 10 1 10 1 10 10 8 8 10 8 1 1 10 10 10 10 10
left_child=10 2 28 4 21 6 9 8 -3 12 26 19 46 37 -7 16 -16 -18 36 -10 -12 34 -23 47 32 38 -1 -25 45 -9 -14 35 -24 -11 -4 -30 48 41 -26 -29 44 43 -36 -6 -33 -2 -5 -15 -8 -44 -43
right_child=1 7 3 5 13 14 18 29 11 33 20 -13 30 23 15 -17 17 -19 -20 -21 -22 22 24 27 25 -27 -28 39 31 -31 -32 40 -34 -35 42 -37 -38 -39 -40 -41 -42 50 49 -45 -46 -47 -48 -49 -50 -51 -52
leaf_value=0.0018713353281935069 0.00081453693192332804 -0.0016955964291383069 -0.0011761993871238763 -0.0001727719673728881 0.000707924937128195 0.0044530517823400308 0 0.0012210356592585326 0.010351919164128465 0.0051072593966700053 -0.00051167206646882764 -0.00066307276676613931 3.2789097016880661e-05 0.00084048167728766597 0.0019084394419881211 0.0035653129264791653 -0.0077712855168706619 0.0011430748197410188 -0.0092587013982801582 0 -0.0094994583962422358 0.001585023218612043 -0.0016700179744609401 -0.00020059841340589339 -0.0061294162185622017 0.00070741429368672659 -0.0022710833786838119 0.00048780797706494684 -0.0014657127246121067 -0.003501245922587454 -0.0057783646656401708 0 0.0017585829814185583 -0.00011209607334068783 -0.00024964886165752164 0.0015535670971014584 0.0011160343602020202 -0.0015355560576163284 -4.9987618979762039e-05 0.007490472626806164 0.00012446520179406923 0 0.0028384292971405638 -0.0013935427016026989 0.0056042328871717369 -0.00089160359278750803 0.0020793600199416479 -0.00091454141907405708 -0.0024117493215999762 0 0.0022866429263540648
leaf_weight=24.469439283930114 10.786518587206954 16.00843347357295 10.701921323881832 16.666121302449032 20.415999092554557 31.231994110690721 10.0503302422876 10.741102740867063 93.808865850325674 16.219284524311661 21.670349377694947 11.654009781181228 19.467837513366248 10.515902690647637 12.822221725597045 11.394105808722086 20.147492123200212 10.295624000689712 83.406695037017926 12.660038789981625 76.670905941580713 10.817639101042003 24.597783948905999 20.965681989095174 66.629262369438948 13.177256933427996 19.103865776938619 15.566421106515916 13.191982911783271 10.871919050565339 40.949792074796278 12.985262222107847 19.960094661568291 11.012374439189445 11.773086576256896 10.439041356657981 12.091154800684306 13.958421176030241 11.333868864239774 75.242387209596927 13.98857595794834 10.429868944309417 20.149895508380723 13.800271276370038 97.55836313313921 21.16501557719312 12.375721124481059 12.421886815907781 15.368552842512145 11.8401002291721 22.674713977015927
leaf_count=60845 10413 34235 9984 22863 20563 41427 16001 6958 38086 9450 56319 5479 30304 9594 18550 5538 21865 7945 92303 6689 197801 16664 22941 50896 76143 15127 46806 8233 15003 6660 50686 29906 15561 5980 11111 18806 13166 32468 13977 28884 10385 11765 21100 12803 73323 21707 14540 8824 20379 14322 25792
internal_value=8.00488e-05 0.00121907 0.000226255 -0.000830276 0.00103366 -0.00301002 -0.00484561 0.00558207 0.0071158 -0.000412259 -0.00659959 0.00810744 -0.00286879 0.0036097 0.00172416 -0.00116981 -0.00371329 -0.00585773 -0.00772257 0.00952268 -0.00839265 -0.00184126 -0.0029178 0.00513037 -0.00363381 -0.00477002 -0.000177196 0.00589628 0.00382813 -0.00218902 -0.00469366 0.0045196 0 0.00422573 0.00101731 0 -0.000911257 5.71922e-05 -0.00564956 0.00646586 0.0051192 0.000990218 0.00194822 -0.000404425 0.00548449 -0.00011847 0.00143194 -1.67937e-05 -0.00204246 0.00247704 0.00198707
internal_weight=1218.25 1076.33 920.587 740.472 416.972 323.499 237.608 155.744 134.131 116.691 141.915 118.123 89.4595 215.992 85.8914 54.6594 43.2653 30.4431 120.917 106.469 98.3413 200.981 146.516 134.712 135.698 91.1404 43.5733 111.774 180.115 21.613 60.4176 148.163 44.5579 27.2317 54.465 23.631 37.51 81.2793 77.9631 90.8088 124.532 67.3209 43.7631 34.2163 110.544 31.9515 29.0418 22.9378 25.4189 31.99 33.1046
internal_count=1437170 1075399 977292 797749 426752 370997 275672 98107 84489 133823 361771 50254 118393 209822 95325 53898 48360 29810 141849 44775 254120 216930 160413 106431 143749 105247 107651 88013 179543 13618 80990 147423 38502 15430 56517 33809 49546 103391 90120 37117 113614 70923 46533 33366 103229 32120 37403 18418 36380 35422 37557
cat_boundaries=0 1 2 3 4 5 6 7 8 9
cat_threshold=2656 1618 1648 576 1594 2081 544 1816 2241
is_linear=0
shrinkage=0.05


Tree=69
num_leaves=51
num_cat=10
split_feature=28 28 21 7 28 28 5 9 28 21 15 28 16 19 25 7 23 28 0 11 23 7 28 13 4 11 28 21 23 21 5 23 15 0 28 16 0 16 9 0 0 16 21 16 0 23 5 15 11 21
split_gain=9.47425 4.39142 2.57026 1.42004 1.82295 1.67726 1.41646 1.72423 1.75832 1.40651 1.35073 2.10328 1.19205 1.06611 0.771485 0.558728 0.609827 0.543113 0.515194 0.75203 0.582273 0.560722 0.477265 0.463925 0.520647 0.507328 0.40864 0.397656 0.342724 0.280872 0.293725 0.279639 0.263655 0.253484 0.216566 0.215325 0.204178 0.157425 0.15586 0.124225 0.144144 0.113477 0.11058 0.0873108 0.0858191 0.0812729 0.064394 0.0625003 0.0600388 0.0589159
threshold=0 1 -0.1707612872123718 1.9230822920799258 2 3 -0.39259257912635798 1.630712687969208 4 1.77891480922699 1.6879286766052248 5 0.25439366698265081 -1.3392328619956968 0.27480158209800726 -0.8568935990333556 -1.0689331293106077 6 1.0042868256568911 2.6498335599899296 2.0170921087265019 -0.18794570118188855 7 1.6281626224517824 -0.54545980691909779 3.123741984367371 8 1.3502571582794192 -0.17811420559883115 1.2619196772575381 -0.50445351004600514 -0.11674189940094946 13.393291473388674 1.4347518086433413 9 0.95040088891983043 -2.4544068574905391 -0.8655911087989806 1.4864864945411684 -0.070874195545911775 -2.2545695304870601 -0.11505701765418051 -0.22370743006467816 -1.1844108104705808 -2.2545695304870601 -0.57585796713829029 -0.060377024114131921 2.5659959316253667 -0.024703043513000008 1.2828928828239443
decision_type=9 9 10 8 9 9 8 10 9 10 10 9 10 8 10 10 10 9 10 8 10 8 9 10 8 10 9 8 8 10 8 10 8 10 9 10 10 10 10 10 10 10 10 10 10 10 10 10 10 10
left_child=2 -2 28 4 6 35 26 15 -9 18 13 14 -11 31 45 16 -8 -15 19 20 21 -4 32 24 42 49 48 37 -1 30 -7 -6 39 41 -33 44 -31 -13 -28 40 -17 43 -19 -16 -5 -12 -41 -24 -3 -26
right_child=1 3 9 5 10 29 7 8 -10 12 11 27 -14 17 33 22 -18 23 -20 -21 -22 -23 47 -25 25 -27 38 -29 -30 36 -32 34 -34 -35 -36 -37 -38 -39 -40 46 -42 -43 -44 -45 -46 -47 -48 -49 -50 -51
leaf_value=0.0013566442443472082 -0.01056678022846135 -0.0012484295817214142 0.0014804222500934359 0.0043460554563991526 -0.0016352243864118947 -1.983838727989659e-05 -0.0025587970418790287 -0.0029677660517533882 0.0081765779018715106 0.0045347994951076692 -0.0019764899917941235 -7.4571612261471545e-05 -0.0052939363384614559 0.0010279635508790284 0.0020318125622922922 0 0.0041832950343502978 -0.0016595019654737223 3.9528558536822416e-05 -7.9313122035367723e-05 0.00013630897736781848 0.014643861689481633 0.0019211455847138908 0.0002619905295891009 -0.0097483062501866249 0.0003519153812210318 0.0082962029468116923 0.0012688388992452911 -0.004464625332814348 -0.0025692565362294808 -0.0084289301400977453 0.0037082554035696488 0.00050117824591817733 -1.76408151122513e-05 -0.00096743138018376906 -0.00092186877108667341 0.0014061916327635967 -0.0055890952409669856 0.00019108554018328842 -0.0014587946070753234 -0.0065726282845024386 0.0087242925813491561 0.0013238242011192163 -0.00078433484689824091 -2.2048257399077838e-05 0.00067178108526248152 0.00085723680943540395 -0.00053561630632830543 0.00093211185200090657 -0.00091559466993904395
leaf_weight=10.553524208604356 79.109644183605269 13.428650404763177 22.263567064233939 21.741539816794102 17.51023026661278 12.779218204552306 15.907502671943801 20.061708526605798 41.107882864220301 13.175220049481142 10.384889673485306 18.43232213932788 10.361146446986821 16.427726061840076 12.126525882980788 10.18570268962503 24.496503289374232 10.115089822313168 10.478838272421852 10.555451557433114 10.446338367735732 110.13936956667749 17.932352075717066 16.455510262851021 88.670777721177728 10.131125672203778 69.176619724625198 10.129273104379534 13.579021792087589 16.930882679720526 87.854954923044716 22.271017212973675 10.746346083251408 10.278758445958372 10.059078864891488 10.107549626089165 16.845407032975345 55.483048968832009 10.114936023732296 12.849015818232148 66.808127299373155 36.387987522961339 14.045046254570478 10.355289493032613 10.070624156658598 16.669594415347092 10.112576878629623 10.06023943259788 12.714035959841565 14.545696901157497
leaf_count=9055 220043 5956 10841 46234 22608 15044 23534 25141 19004 3372 5373 36678 2994 38252 6997 10161 36728 18428 6193 4925 4131 25861 37592 19483 100919 12744 107007 11908 10934 9530 123064 21362 12448 8474 17584 20264 8715 108557 10267 23928 58269 19641 13461 6951 19115 9902 10054 20112 5186 11625
internal_value=-0.00011274 -0.00224233 0.00822345 -0.000921687 0.000107457 -0.0044012 0.00254821 0.000152764 0.00525424 0.0102553 -0.00204843 0.000992736 -0.000381595 -0.00435491 0.00481385 -0.00233424 0.00152645 -0.0058929 0.0115384 0.0120965 0.0128094 0.0134704 -0.00359188 -0.00646049 -0.00749152 -0.00850788 0.00633368 -0.00359863 -0.00265345 -0.00641005 -0.00775531 0.00117097 -0.00454656 0.00693673 0.00282162 0.00240441 -0.000870952 -0.00483925 0.00721652 -0.00541194 -0.00607429 0.00764734 -0.00013453 0.00101944 0.00373378 -0.000902774 -0.000481803 0.00106076 -0.000182601 -0.00924119
internal_weight=1213.17 1001.62 211.552 922.511 746.181 176.33 345.702 240.268 61.1696 187.42 400.479 180.248 23.5364 220.231 96.203 179.098 40.404 170.391 163.884 153.405 142.849 132.403 138.694 153.963 137.508 113.348 105.434 84.0446 24.1325 134.41 100.634 49.8403 110.702 69.1486 32.3301 41.9197 33.7763 73.9154 79.2916 99.9554 76.9938 58.8698 24.1601 22.4818 31.8122 27.0545 22.9616 27.9926 26.1427 103.216
internal_count=1436649 1358343 78306 1138300 896334 241966 405387 276971 44145 58317 490947 214481 6366 276466 57338 232826 60262 214912 51951 45758 40833 36702 172564 176660 157177 125288 128416 157143 19989 156353 138108 61554 114860 42063 38946 85613 18245 145235 117274 102412 68430 33589 31889 13948 65349 15275 33982 57704 11142 112544
cat_boundaries=0 5 10 15 20 25 30 35 40 44 49
cat_threshold=4722690 256 4194304 65536 4096 1350896652 75539088 84672528 2818719752 98307 2148704896 275782760 536877120 101715269 1152 67141888 3511287808 3219716 1411646004 25360 2148671616 1048608 2112 1088 1024 570425440 2282700801 35651617 1090519056 8224 83886112 327680 1108559240 269000704 131092 1180160 6297632 64 101712128 1152 32768 4200456 0 68 288 1090650117 34751531 4235392 4
is_linear=0
shrinkage=0.05


Tree=70
num_leaves=51
num_cat=10
split_feature=28 28 0 28 3 8 28 8 15 19 3 28 1 28 23 28 28 15 15 0 28 23 4 0 4 3 3 28 3 8 1 8 0 4 8 8 13 1 1 8 8 8 13 4 4 4 13 23 13 0
split_gain=8.76325 3.25646 3.19022 2.64992 3.01335 2.275 2.17061 1.92409 1.48581 1.14728 1.17215 1.3743 0.790117 0.839344 0.782511 1.4814 1.42559 1.0796 0.765443 1.09649 0.765036 0.710682 0.618117 0.607517 0.564228 0.961648 0.734202 0.545196 0.505961 0.414835 0.367361 0.36444 0.355197 0.347816 0.294762 0.286299 0.263871 0.244749 0.193692 0.183173 0.166947 0.162677 0.14186 0.121995 0.120246 0.114119 0.0862216 0.0498896 0.0465747 0.0280213
threshold=0 1 -2.8392175436019893 2 0.60006758570671093 0.68238222599029552 3 -2.8076424598693843 7.8095550537109384 -1.3058413267135618 1.88031542301178 4 3.5971850156784062 5 -0.6930330991744994 6 7 0.84329763054847728 1.4621196389198305 0.019700325094163421 8 0.21468574553728106 0.55366632342338573 -2.327060222625732 1.4679144620895388 1.7558630704879763 0.33398269116878515 9 0.9642285704612733 -1.4175798296928404 -0.78402471542358387 0.87629261612892162 -0.019252289086580273 1.7802196741104128 0.56396505236625682 -0.31595239043235773 -0.45499157905578608 0.575291007757187 5.2903571128845224 -2.6776640415191646 -2.4430385828018184 -1.2027938961982725 1.8489892482757571 1.6423125863075259 0.55366632342338573 -1.4034972190856931 0.55004641413688671 1.3053175210952761 -0.61091363430023182 -0.36902926862239832
decision_type=9 9 8 9 8 10 9 8 8 8 10 9 8 9 10 9 9 8 10 8 9 10 8 10 10 8 10 9 10 8 10 10 10 8 10 8 10 10 10 8 8 10 10 8 10 8 8 10 10 10
left_child=2 -2 28 24 8 6 7 -6 12 23 14 34 13 33 15 -11 18 20 22 40 44 31 36 -3 25 26 32 37 -1 39 -7 46 -4 -5 -12 -10 -16 49 -39 -23 -20 47 -13 -24 -18 -17 -19 -22 -21 -25
right_child=1 9 3 4 5 30 -8 -9 35 10 11 42 -14 -15 16 45 17 21 19 48 41 29 43 27 -26 -27 -28 -29 -30 -31 -32 -33 -34 -35 -36 -37 -38 38 -40 -41 -42 -43 -44 -45 -46 -47 -48 -49 -50 -51
leaf_value=0.00028360222753336139 -0.0100565459301171 -0.002630461065155344 0.003343470816555671 0.0090301856689059563 0.0012408738108141831 0.0052350384988366916 0.0023426025665455722 -0.014101465470281172 0.00097961612040655234 0.0023855449072167456 0.0068710487472001328 0.00026486292902982034 -0.0016667381564925395 -0.0011516705821902453 -0.0012443141320961457 -0.00035620747608428559 0 0.00035339431983969004 9.1757287136600069e-05 0.00013484347724534925 0.0011253929897339858 -0.002403528787639143 -0.0049127685368777129 0.00093034585098324466 -5.7261222034843236e-05 -0.0010767873042152379 0.012588760173409687 -0.0015289284333805673 0.013791614300686435 -0.0088424176398892614 -0.0011537047354636409 0.0030449458268372123 -0.0019716022196964089 -2.2413461025964014e-05 -0.00030053308474477626 -0.0046554084903666247 0.0038014875179851492 0.0065277151708486806 0 0.0013785364249491649 0.0077089315865082322 -0.0038355019709602131 -0.0046326542198141382 9.7713555756936651e-05 0.0054296103544295565 -0.0086252274106649162 -0.0030492105674756057 -0.00086512777064626895 -0.0026065660856558429 -0.00052639654115848927
leaf_weight=10.523363924658041 86.290096281401929 16.665709532768233 17.54924511097488 85.685288002714515 15.379646474553736 14.837644346349409 23.609295338537777 52.664758909755619 10.360482179065 20.21584268870356 36.412049873615615 10.006215956876988 12.002892565418732 20.717338066169759 10.015300335027861 10.174960445343457 10.070994540496033 10.133021138564802 10.618111322415642 10.103549108273002 16.148921058942509 16.038824369468784 21.838507641310571 24.130114149564179 17.16814021767641 10.308186047608613 48.854407625360182 22.357428180584975 55.590946493219235 71.87059338796098 10.065410788636653 10.686965258180861 13.391545570324526 10.051074667338979 10.786017358128445 16.706744365146736 15.43463343035546 50.024239613419923 11.336628101322274 15.781164644598904 38.444986348797102 21.183080746850464 18.11101236124523 10.016624048439555 13.67708966664213 101.32112101944949 10.470937606347436 10.064484838832866 11.853456249358713 12.135306537806171
leaf_count=10698 244811 26664 7183 59560 4259 7119 47147 16605 11091 34057 20473 11224 10260 41669 14124 17847 16304 14989 10039 19413 24029 22094 22075 21347 3203 3434 10120 55583 18097 104691 7691 15364 6485 14684 4092 21072 18175 50308 13715 18494 38534 37619 20953 15529 14310 141506 19566 15897 15970 15226
internal_value=0 -0.00317716 0.00518445 0.00264848 -0.000374621 -0.00534714 -0.00819415 -0.0106338 0.0037037 -0.00154869 -0.00257276 0.0021612 0.00567429 0.00673435 -0.00348255 -0.00624756 -0.00170974 -0.003865 0.00194487 0.00445594 0.000705323 -0.00604939 -0.00156554 0.00200162 0.00757173 0.00910314 0.0103649 0.00325892 0.0127326 -0.00745443 0.00353964 0.000266334 0.0011844 0.0078268 0.00532167 -0.00319743 0.00224084 0.00434497 0.00582451 -0.000770527 0.00698927 -0.00233288 -0.00334374 -0.00417886 0.0040716 -0.00776469 -0.00223979 0.000229357 -0.00205846 0.000362356
internal_weight=1209.88 764.418 445.466 379.352 272.081 116.557 91.6537 68.0444 155.524 678.128 541.478 75.3153 128.457 116.454 466.163 131.712 334.451 206.126 128.325 71.0201 71.1446 134.982 57.3051 136.649 107.272 90.1034 79.7952 119.984 66.1143 103.691 24.9031 31.2909 30.9408 95.7364 47.1981 27.0672 25.4499 97.6263 61.3609 31.82 49.0631 47.3965 28.1172 31.8551 23.7481 111.496 20.604 26.2134 21.957 36.2654
internal_count=1435399 1135022 300377 271582 241157 82821 68011 20864 158336 890211 707368 56742 126173 115913 650626 193410 457216 303357 153859 83956 108159 195198 69903 182843 30425 27222 23788 156179 28795 145279 14810 49919 13668 74244 24565 32163 32299 100596 64023 40588 48573 77545 32177 37604 30614 159353 34555 39926 35383 36573
cat_boundaries=0 5 10 15 20 25 30 35 40 45 50
cat_threshold=5804034 273155401 6293568 1174470980 5248 1082477580 75539072 159916176 2818719752 98307 528384 0 6291456 0 4224 5242880 268436481 2048 65600 1024 536871696 3224373252 605033004 1583105 8500 5242880 268436481 2112 100728832 1024 2231369760 2148614176 2416021764 270537248 139352 100671712 1225134080 1645216803 289448961 544 2147614720 1132548 213256 2623488 131072 2684494080 3223787556 2684485647 1060480 139284
is_linear=0
shrinkage=0.05


Tree=71
num_leaves=50
num_cat=10
split_feature=28 28 0 8 28 9 21 2 21 28 8 28 9 28 2 28 28 23 9 21 28 15 23 28 18 18 15 8 20 8 8 0 2 8 0 18 8 8 7 0 2 0 23 0 14 1 2 15 15
split_gain=8.7984 3.88032 2.9355 2.41084 4.03892 1.95703 1.55571 1.45581 1.33877 1.88193 1.09828 0.969836 1.19279 1.69136 1.12636 1.8137 1.62633 1.11088 0.934843 0.850269 0.623091 0.99908 0.722886 0.617423 0.43753 0.428977 0.833604 0.561379 0.418008 0.415035 0.398988 0.345426 0.339046 0.284668 0.280288 0.275061 0.256352 0.236079 0.162223 0.155138 0.144439 0.142302 0.140822 0.110871 0.101586 0.0953076 0.0920807 0.057263 0.0654474
threshold=0 1 -2.6949917078018184 -1.3171744942665098 2 2.3574669361114506 0.24594356864690783 -0.35682564973831171 1.5119332075119021 3 -0.87503698468208302 4 3.8411591053009038 5 -0.33333332836627955 6 7 -0.4384565651416778 2.7372103929519658 0.34514267742633825 8 0.95626375079154979 0.30887056887149816 9 2.0317032337188725 1.0956716537475588 1.3971365094184878 -2.946678519248962 0.091269843280315413 -2.899059414863586 1.0093784332275393 1.5798045396804812 -0.66198590397834767 -0.46478383243083948 -1.6505857706069944 0.49884380400180822 -0.58546403050422657 -0.072822533547878252 -1.4307971000671384 -3.4784346818923946 -0.85095730423927296 1.5292598009109499 1.8170177936553957 -2.2545695304870601 -0.15204428881406781 -4.1162309646606436 -0.83163464069366444 0.9403166174888612 2.4264878034591679
decision_type=9 9 8 8 9 10 8 10 10 9 8 9 10 9 8 9 9 8 10 8 9 8 10 9 10 8 10 10 10 10 10 10 10 10 8 10 10 8 8 10 10 10 10 10 10 10 10 8 10
left_child=2 -2 19 5 6 32 -5 30 11 -10 -9 25 14 -14 16 47 17 23 -8 -1 31 -22 -23 40 45 26 27 -3 -25 -11 36 34 -4 39 -19 -29 -6 -24 -18 -27 -13 -30 -34 -31 -32 -17 -28 -16 -49
right_child=1 8 3 4 7 -7 18 10 9 29 -12 12 13 -15 15 24 38 20 -20 -21 21 22 37 28 -26 33 46 35 41 43 44 -33 42 -35 -36 -37 -38 -39 -40 -41 -42 -43 -44 -45 -46 -47 -48 48 -50
leaf_value=0 -0.010324388735723397 0.0027650261239463465 0.00048228498162645799 0.0012932411892768577 0.00067003216910566489 -0.0026806744755137352 -0.01392990229640037 -0.0016701301250038624 -0.00405941463301728 -0.00034286368539942125 0.0095926064024342214 -0.0007143514874798821 0.0074474469978989023 -0.0034542357028737301 0.0024722614225067539 -0.0005838077040494472 4.9516639402430543e-05 0 0.00033010728721969605 0.014824152604719993 0.0041967376114917026 0.0022026596914280221 1.3291720511898509e-05 0.00097572977773272517 -0.00021017767582849823 0.00052039045671218654 8.4402835734908791e-05 -0.0049490411539677382 -0.0065190202907622358 0.00038252804691248874 -0.00056283564262495382 -0.00041821154157590959 0.01064502155019059 0.0015972301095514051 0.0080859625378272727 0.00080811629725539976 -0.0047747705151748605 -0.0069361903284188954 -0.0055188504354046677 -0.0037717756482895204 0.0032393570122874952 0 0.00062655959278452584 0.0087758320991454496 0.0027963968972618994 -0.0096746220518762159 0.0061015209428861928 -0.0012110853249499625 0.0010788176155892683
leaf_weight=10.698699969041625 78.812093566622934 10.669880870846098 16.625688841362717 17.129258436674718 13.82477129258041 19.243610266974429 24.055440530471969 10.165403897815848 17.237104697342147 10.951228940713916 47.921333164078533 10.198199283804572 14.887726619286695 20.449266827941756 21.656414868608408 10.981808852135144 11.354880936516563 12.742960508126997 10.128509755624689 53.376477705998695 21.727512313394982 10.175727119327346 12.860740141848508 11.675280895811737 18.114953669675742 11.588841118631533 10.194785193481946 22.524469264521031 32.236132665057085 10.404720602353335 10.334072703713902 10.12861805995635 77.94384675125184 17.305283216483076 42.28963727907103 10.129045837849842 17.543091527812066 19.623980341719289 110.09008756800904 27.52521819062531 14.744123100681461 10.093566533629199 11.457776152921722 40.301195496635046 11.787488956746527 112.88857042397285 41.368171731111943 12.466214702217259 12.023008006639428
leaf_count=6249 225201 10467 17157 14719 17734 7262 11259 3596 20422 9927 12132 30319 6116 23546 47603 16534 30316 10030 2100 10685 25130 14813 17396 12536 14128 21321 21060 30232 21184 5331 7517 17067 25989 23002 49141 10090 10555 30679 273122 28874 23787 10941 4325 22467 7176 86015 41330 25517 23846
internal_value=0.000160561 -0.00255803 0.00622857 0.00304585 -0.0010193 0.00714314 -0.00821935 0.00403857 -0.00109225 0.00369403 0.00771451 -0.00185841 -0.00275461 0.00322055 -0.00346705 -0.00614112 -0.00132163 0.00137183 -0.0119588 0.0134355 0.00378608 -0.000269491 -0.00366438 -0.00237658 -0.00809862 0.00133517 0.00296773 -0.00142067 -0.00415053 0.0065321 -0.00131331 0.00573906 0.00924585 -0.00134238 0.00712593 -0.00369416 -0.00337649 -0.00578398 -0.00482502 -0.00286551 0.00190396 -0.00583084 0.0100822 0.00814823 0.00185554 -0.00929708 0.00558831 0.00158662 -5.0214e-05
internal_weight=1214.66 862.421 352.235 288.16 162.889 125.271 51.3132 111.576 783.609 78.8942 58.0867 704.715 553.409 35.337 518.072 188.131 329.941 208.496 34.184 64.0752 129.549 64.388 42.6604 78.9473 141.985 151.306 94.8864 43.3234 54.005 61.6571 53.4894 65.1612 106.027 56.4193 55.0326 32.6535 31.3679 32.4847 121.445 39.1141 24.9423 42.3297 89.4016 50.7059 22.1216 123.87 51.563 46.1456 24.4892
internal_count=1437945 1279490 158455 141521 86788 54733 28078 58710 1054289 58147 15728 996142 809766 29662 780104 213643 566461 263023 13359 16934 164256 88018 62888 98767 116677 186376 113179 50789 44661 37725 42982 76238 47471 73197 59171 40322 28289 48075 303438 50195 54106 32125 30314 27798 14693 102549 62390 96966 49363
cat_boundaries=0 5 10 15 20 25 30 35 40 45 50
cat_threshold=5771264 2097472 4194304 33620228 5120 1350913028 75506320 151814160 2818719752 98563 4194304 2097152 0 65796 1024 553779408 404243489 311429762 270797825 8260 16809984 2551776265 570427456 1411386433 8196 536871434 1077938212 78655488 8224 48 67109184 4329472 3289470762 6070816 131232 2181177504 1090521120 2228743 25165840 528 2147492000 16777248 3 16777232 512 2147614752 1073741856 2228740 8388608 16
is_linear=0
shrinkage=0.05


Tree=72
num_leaves=47
num_cat=12
split_feature=28 28 21 21 7 28 16 28 8 28 10 19 7 15 8 10 21 21 15 28 19 21 16 28 28 1 10 7 21 28 28 21 1 2 23 1 8 8 7 28 1 4 13 21 7 28
split_gain=9.84845 3.35666 2.29638 2.34035 1.74439 1.76349 1.55295 2.07 1.42326 1.39469 1.16646 1.09093 1.05014 1.04344 1.01466 0.902662 0.866989 0.815318 0.791187 0.687909 0.630584 0.785697 0.577848 0.893095 0.588708 0.575385 0.518631 0.560282 0.441701 0.396361 0.371053 0.908676 0.340495 0.271806 0.248883 0.220656 0.209574 0.201325 0.195871 0.115265 0.0918018 0.0820347 0.0806404 0.0444238 0.0303015 0.116191
threshold=0 1 -0.10111521184444426 1.6492661833763125 2.1762630939483647 2 0.83993828296661388 3 2.2691711187362675 4 3.1322737932205205 -1.3392328619956968 0.30520564317703253 2.108655691146851 -2.8076424598693843 1.3172141313552859 1.0328299999237063 0.32861860096454626 1.5480313897132876 5 -0.87889173626899708 -0.25170096755027765 -0.50823378562927235 6 7 1.2092830538749697 5.166346788406373 -0.63016948103904713 1.5119332075119021 8 9 0.69069498777389537 -3.5400578975677486 -0.62175878882408131 -0.45725324749946589 0.40592963993549352 -1.8213165402412412 -2.899059414863586 1.3155416846275332 10 1.6884863376617434 0.62233242392539989 1.8059169054031374 -0.19645468145608899 -0.23463324457406995 11
decision_type=9 9 10 10 8 9 10 9 10 9 10 10 8 10 10 8 10 10 8 9 8 8 8 9 9 10 10 8 10 9 9 10 8 10 10 10 10 8 8 9 10 8 8 10 10 9
left_child=2 -2 41 26 5 6 7 8 10 36 11 40 20 38 -8 -11 22 43 30 -18 29 -22 24 44 -7 -16 27 -4 -19 33 31 -14 -17 -9 -20 -32 -6 -21 -5 -27 -3 -1 -25 -13 -24 -46
right_child=1 4 3 13 9 16 14 12 -10 15 -12 17 18 -15 25 32 19 28 34 37 21 -23 23 42 -26 39 -28 -29 -30 -31 35 -33 -34 -35 -36 -37 -38 -39 -40 -41 -42 -43 -44 -45 45 -47
leaf_value=-0.0029058676973466187 -0.0081950501865206537 -0.00091058361116888641 0.0012581514243664221 -0.00048309995078221258 0.0036943720372908761 0.0034456746820064952 -0.0016144841713251071 0.0010765305232996287 0.0039335264823432822 0.0013208970073338509 0.0026180512577246642 0.00057009486469846761 -0.004819811285602122 -0.0052451220312597557 0.0089940011179171324 0 -0.0026084326892816733 -0.012387198881594867 0.00049084043904070015 -0.00035049379378480298 -0.00071863867200458345 0.0088291526861408141 -0.0001833202794843127 -0.0069773560837926036 -0.00258332145203676 0.0014827655116122804 0.00026523797770290077 0.014706355647528507 -0.00012873370485885378 0.0029593715827535001 0.0051819323744333422 0.0033016800970955603 -0.0094103668386108247 -0.0036948375937860449 -0.0053586707759818979 -0.00048452059735506646 -0.00089162423811944619 0.0053488076261902096 0.0048715314135813551 -0.0013359237469960407 0.0018072952343547472 0.00035847022414885768 -0.00037451742729545433 -0.001342514401780247 0.0023761268549283582 -0.00081460215437095026
leaf_weight=11.739849617399157 123.16258188104257 15.877358524448939 19.504319615953136 10.204828276706396 17.907935478178846 20.611035744746914 17.345076795085333 19.417340984364273 10.347085468587464 11.62389817155781 10.102266260568284 12.4140713284869 19.678989975334844 10.611693277867742 73.556993527367013 10.429167007634531 15.273064600754877 40.835743992764037 11.911951681060598 10.15074233416817 16.908250585649512 58.81834449521557 17.865177163126646 119.51530854516022 22.724552147199574 14.820677025214534 10.452487933827795 111.70246648017201 10.052872234227832 17.956670446801581 25.862586005867342 20.042106917186175 77.843291731813224 20.492273032999947 24.416650930303149 10.084507266292347 12.226203622325555 27.738876237126533 10.98101044635405 10.355322208517466 12.566707536228931 10.310608504587437 12.492612487978475 18.380453065008624 13.999182534229474 10.229188386132593
leaf_count=6035 360520 1760 8487 2418 43904 35234 11757 25424 1146 6285 997 2478 14038 2108 43285 9674 20788 4078 12746 13833 30219 48576 38048 241071 53487 4101 2640 19882 850 28854 30104 8628 98165 10341 22807 11288 22275 40365 1563 12151 1415 5790 23535 2215 27450 24386
internal_value=9.56675e-05 -0.00200098 0.0089188 0.0109041 -0.000679105 0.000331318 0.00204052 0.000251936 -0.00386372 -0.00511809 -0.00574936 -0.00712597 0.00277725 -0.000610407 0.00610855 -0.00698456 -0.00257881 -0.00906837 -0.000641777 0.00182608 0.00521625 0.00721956 -0.00391096 -0.00495308 0.00063272 0.00758557 0.0129998 0.0136336 -0.0112791 0.000416953 0.00202454 -0.000998615 -0.0087017 -0.00180891 -0.00420933 0.00374167 0.00211235 0.0039813 0.00369436 0.000158989 0.000613044 -0.00212057 -0.00630793 -0.000633951 0.000942092 0.00153072
internal_weight=1211.54 1016.04 195.507 173.457 892.875 762.844 492.244 376.166 130.577 130.03 120.229 110.127 245.59 31.7975 116.078 99.8964 270.6 81.6831 111.997 53.1627 133.593 75.7266 217.437 174.101 43.3356 98.733 141.659 131.207 50.8886 57.8663 75.6682 39.7211 88.2725 39.9096 36.3286 35.9471 30.1341 37.8896 21.1858 25.176 28.4441 22.0505 132.008 30.7945 42.0935 24.2284
internal_count=1437201 1388278 48923 37098 1027758 847455 329258 257964 14939 180303 13793 12796 243025 6089 71294 114124 518197 9621 99611 74986 143414 78795 443211 354490 88721 59537 31009 28369 4928 64619 64058 22666 107839 35765 35553 41392 66179 54198 3981 16252 3175 11825 264606 4693 89884 51836
cat_boundaries=0 5 10 15 18 23 28 33 38 42 47 51 56
cat_threshold=4722688 0 4194304 65536 4096 1351044100 75506304 160170000 2818719752 98563 2148540546 275778921 536877121 101715269 1152 0 4196352 1 134217984 3641376776 338764068 1344537140 528 721420384 168345602 1343358466 274993298 16468 50364448 2299019264 1110574722 291516448 36 553648425 1208553478 2415952140 268435984 139312 1056896 9 4096 33556484 2147483648 271582505 2112 68158464 1024 2 272632833 536875009 1050692 32800 2282225664 1074791426 274735104 32
is_linear=0
shrinkage=0.05


Tree=73
num_leaves=48
num_cat=0
split_feature=3 0 24 10 5 5 3 10 25 23 8 6 8 8 10 13 11 23 23 24 15 3 23 8 0 6 23 8 1 3 0 8 13 0 24 1 1 0 24 8 11 19 23 4 1 23 19
split_gain=3.05798 2.28672 1.87906 1.37257 1.07337 1.85951 0.840679 0.833037 0.79315 0.633868 0.663218 0.575944 0.530748 0.631531 0.498131 0.555029 0.483199 0.474389 0.380588 0.338195 0.333856 0.317427 0.278722 0.267327 0.252275 0.191971 0.187643 0.178231 0.175741 0.156954 0.147444 0.140661 0.130694 0.122905 0.228295 0.100583 0.0949871 0.0806484 0.0679368 0.063871 0.0610154 0.0698931 0.0520844 0.0349617 0.0312514 0.0287641 0.0242609
threshold=0.77222251892089855 -2.8791384696960445 -0.48810122907161707 4.9997477531433114 -0.38291829824447626 -0.0074692671187221995 1.6185998320579531 1.161219120025635 0.86607140302658092 0.7048320770263673 1.0093784332275393 -0.07988939061760901 -3.4524490833282466 0.7186427414417268 -0.61146631836891163 0.27511495351791387 -3.2097001075744624 -0.55493858456611622 1.3053175210952761 0.25739440321922308 0.08985473215579988 1.0676523447036745 1.0220395326614382 0.96900233626365673 -2.0399096012115474 -0.70317238569259632 -1.1072637438774107 -2.899059414863586 -1.2471606731414793 -1.8606646060943601 -0.72084820270538319 0.56396505236625682 1.3624875545501711 -1.308849513530731 0.98429843783378612 3.2886816263198857 -1.2657811641693113 -2.1238207817077632 -1.4801067709922788 -2.1189317703247066 2.2830827236175542 -1.3392328619956968 1.8834166526794436 -0.38235311210155482 -1.7470759153366087 1.2644786238670351 -1.1900022029876707
decision_type=10 8 10 10 8 10 8 8 10 10 10 10 8 10 10 8 8 10 10 8 10 8 10 10 8 8 10 8 10 8 8 8 10 10 10 10 10 10 8 8 10 10 10 10 10 10 10
left_child=4 3 9 6 14 11 32 17 20 30 22 16 -9 21 26 40 -6 -4 44 23 -7 -14 -11 45 -22 -18 31 -26 -5 -10 -3 -1 -2 34 -19 -29 -34 -21 -31 -13 41 -16 -20 -28 -15 -17 -41
right_child=1 2 7 28 5 8 -8 12 29 10 -12 39 13 18 15 19 25 33 42 37 24 -23 -24 -25 27 -27 43 35 -30 38 -32 -33 36 -35 -36 -37 -38 -39 -40 46 -42 -43 -44 -45 -46 -47 -48
leaf_value=-0.0017867647936926957 -0.0011732720638669 0.0066580510135909798 -0.0024423253270393075 0.0010926664382743005 9.9127243245332366e-05 -0.0014923124769478384 0.011159491621898478 0.0012978151657175242 0.00062507799406412044 -0.0012067285815106738 -0.0038796029875598371 0.00059998334774258083 6.3126831214437631e-05 0.0030377602738888686 -3.8324050657347594e-05 -0.0031086117752707016 -0.00045635450731845294 0.0020573763080196381 -0.0031538712924197004 -0.00017129486377436909 -0.00083020468818955631 -0.0075254080114858304 0.0036936001046149361 0.0015564133563610659 -0.00029633912385780168 -0.0085282279240746044 0.0038470340021054157 0.0050244490068584065 -0.0028606169217102223 -5.1671145578797098e-05 0.00010914037112261639 0.0015210977560698238 -0.00046198568063890644 0.0039071899036885807 -0.002146824673882536 0 0.0029196434830009044 0.0034653187458504407 -0.0038361940490384684 6.5646927363089086e-05 0 -0.0045723173789642378 4.9000167116483566e-05 0.00010722017730435457 0 0 -0.0018665679680020754
leaf_weight=19.576247482909821 13.278644694582907 64.660193805699237 18.459035427251365 13.420252638868989 17.009014341434522 16.282508513133507 66.391911115671974 16.943556988248019 10.716785122123836 11.907026137938372 15.393383134491158 16.092258275806671 13.101311831313067 10.984050863626182 12.76393101421854 26.380337462636817 15.116513595181457 17.005784135588332 10.013206919218648 10.002826825504597 13.64017357349803 74.929561522221775 43.898534389925771 17.670813028198609 13.178762365852888 151.67550667299656 46.291834341267531 61.657098176969157 10.728058618129579 17.816655345690378 12.814696616827858 10.169151238100314 10.503073393701927 33.602500571025303 12.296302935850688 11.374180931430599 10.015422425218274 35.391443127933599 63.421873820472683 10.098422136739826 11.699252986858481 43.283467345157987 10.400816521432715 12.83648928277398 12.182003450958289 10.245570404702447 34.295134776853956
leaf_count=32761 14067 45214 14585 11217 22794 20944 30118 16745 21295 9306 11967 24435 14930 8091 14421 35175 25962 11340 8462 14539 16856 67349 36316 21626 13485 274648 78068 67919 10638 22214 12320 16546 6945 21089 9319 9968 6017 43435 90690 19675 16633 52085 7672 20482 12161 13341 62321
internal_value=-0.00033724 0.00250022 0.000268236 0.0072416 -0.00238954 -0.003734 0.00910122 -0.002389 -7.40601e-05 0.00396976 6.94585e-05 -0.00629234 -0.00419176 -0.00508875 0.0001892 -0.00131729 -0.00745509 0.0012071 2.12674e-05 0.000973517 0.00226654 -0.00674605 0.00252462 -0.00124552 0.00320627 -0.00809371 0.00251583 0.00395194 -0.00134086 -0.00282244 0.00608174 -0.000348525 0.000752162 0.00292962 0 0.00456808 0.00201751 0.0029418 -0.0033802 -0.000938972 -0.00371267 -0.00409182 -0.00257497 0.00350207 0.00257366 -0.00277316 -0.00157211
internal_weight=1211.62 502.929 378.592 124.337 708.686 452.375 100.189 229.918 208.088 148.674 71.1989 244.287 148.555 131.611 256.311 167.438 183.801 81.3636 43.5801 99.691 116.133 88.0309 55.8056 54.2967 99.8502 166.792 88.8737 86.21 24.1483 91.9553 77.4749 29.7454 33.7971 62.9046 29.3021 73.0313 20.5185 45.3943 81.2385 60.4858 67.7467 56.0474 20.414 59.1283 23.1661 36.6259 44.3936
internal_count=1438186 385868 306866 79002 1052318 693206 57147 191743 263371 115123 57589 429835 135410 118665 359112 211255 323404 56333 36386 128116 129172 82279 45622 70142 108228 300610 147857 91372 21855 134199 57534 49307 27029 41748 20659 77887 12962 57974 112904 106431 83139 66506 16134 98550 20252 48516 81996
is_linear=0
shrinkage=0.05


Tree=74
num_leaves=41
num_cat=6
split_feature=28 28 2 28 10 21 10 28 7 21 4 28 28 5 2 2 4 22 3 21 8 18 8 8 8 15 7 7 20 22 15 3 15 21 21 15 15 8 8 22
split_gain=9.39805 3.17631 2.12626 3.73066 3.30325 3.21738 1.82315 1.71579 2.05677 1.52872 1.23473 2.27991 1.11187 0.88834 0.641633 0.554671 0.464088 0.449006 0.433813 0.407263 0.337188 0.32644 0.306593 0.296294 0.258226 0.240046 0.19518 0.191167 0.184749 0.241517 0.169634 0.165564 0.143702 0.103728 0.10201 0.0886344 0.0813563 0.077313 0.0425306 0.0397827
threshold=0 1 -0.37572389841079706 2 1.6040007472038271 0.41265949606895452 3.7185777425765996 3 -0.29547995328903193 0.37841710448265081 0.051766464486718185 4 5 0.22745176404714587 -0.78848114609718312 -0.97686922550201405 2.287586092948914 -0.042960323393344872 1.5223408341407778 1.6492661833763125 -0.77375069260597218 1.724264442920685 -1.9775247573852537 -4.0672099590301505 -0.66396129131317128 1.4414480328559878 2.1453903913497929 -1.7586739063262937 0.85317459702491771 2.2575713396072392 1.5699766874313357 0.069071926176548018 4.8560111522674569 0.87026548385620128 0.30366499722003942 0.45967517793178564 1.0072756409645083 0.079548951238393797 1.3570744991302492 1.572973966598511
decision_type=9 9 10 9 10 8 10 9 8 8 8 9 9 10 10 10 10 10 8 10 8 8 10 8 8 10 10 10 10 8 10 8 10 10 10 10 10 10 8 10
left_child=2 -2 7 4 30 -5 -7 9 14 -1 11 15 22 16 -9 -3 19 -6 20 23 34 25 36 39 -10 -20 -24 -17 29 -29 35 -13 -23 38 -15 -4 -12 -18 -22 -14
right_child=1 10 3 5 17 6 -8 8 24 -11 12 31 13 18 -16 27 37 -19 21 -21 33 32 26 -25 -26 -27 -28 28 -30 -31 -32 -33 -34 -35 -36 -37 -38 -39 -40 -41
leaf_value=0.009226151823545246 -0.009659423544315468 -0.001543591106477428 -0.0018509200239969351 -0.0020869571544578922 0.0084054382595638005 0.016890109189901449 -0.00087151163694306139 -0.0019616262900740478 -0.00044375474319460089 -0.0024928703248562421 0.0005881698908738089 -0.0042956765457006522 -0.0011263628334487643 8.2479330338226114e-05 0.0058022932189650623 0 -0.00088778433178753372 -0.00042604944347380126 -0.00056507331690031537 0.00052627381504626069 0.00051038828465412196 -0.0023345680820528124 0.0036542254757443169 -0.0066152040313560458 -0.0089227484057727204 0.0052104889968727312 -0.00070324188574015696 0.0071149205890300438 7.2617817676558704e-05 0.00029321140843356061 -0.0074712118097038718 0.00040185377304885494 0.0011712313024804511 0.0022228389320863014 -0.0044260012410123738 0.00087217740606911867 -0.0019824549398179615 0.0016967229824621573 -0.0014483248723920988 0.00064736687733969332
leaf_weight=28.690550090061151 86.297757815533259 10.034555873855423 10.147713208018105 17.215063288022066 27.066879456469906 108.24199311083066 10.105297164293004 10.446639948364465 17.806765391709632 15.767982096513149 17.699216208828148 86.030983002237917 14.516993867218845 10.179747059759391 21.451049239331041 13.383705425068909 10.000035414777814 10.753780866943996 10.518979686064997 15.428279934800228 11.535106262490446 15.243310638368714 54.480010727267654 223.52768682222813 28.403730703052133 17.500362794075045 13.211642025024046 92.687680600138265 15.559022410299802 20.873314400181698 27.323370692582102 10.292188646388238 10.050038064146063 10.537761648512967 31.559312818950275 14.520860691292908 27.187509736817447 10.293752364712416 10.141929548706683 13.536713368463095
leaf_count=18371 248413 25600 2255 6165 3676 31453 3336 14312 8402 7319 35560 200283 18119 16293 11399 9464 14917 2731 9476 11528 14275 13275 105505 284204 24163 8978 22618 74670 16065 17860 4328 18296 5855 5958 23889 2364 53569 12079 14218 16446
internal_value=-9.60236e-06 -0.00280786 0.00630632 0.00891225 -7.24737e-05 0.0126306 0.0155354 0.000657136 -0.00317621 0.00533283 -0.00140137 0.00129972 -0.0027116 -0.00377001 0.00355329 0.00446297 -0.00519565 0.00702451 -0.00017838 -0.00568294 -0.00215524 0.00223138 0.00126979 -0.00610442 -0.00763603 0.00400557 0.00282382 0.00543481 0.0058662 0.00636455 -0.00620396 -0.00355108 -0.00102243 0.000959285 -0.00382627 -0.000670362 -0.00114033 0.000626438 -0.000707315 -0.000339996
internal_weight=1210.25 862.308 347.942 225.375 89.8126 135.562 118.347 122.567 78.1082 44.4585 776.01 248.861 527.148 414.57 31.8977 152.538 287.303 37.8207 127.267 267.01 73.9539 53.3127 112.578 251.581 46.2105 28.0193 67.6917 142.504 129.12 113.561 51.9919 96.3232 25.2933 32.2148 41.7391 24.6686 44.8867 20.2938 21.677 28.0537
internal_count=1437687 1297413 140274 56308 15354 40954 34789 83966 58276 25690 1049000 362238 686762 469510 25711 143659 357293 6407 112217 330297 74633 37584 217252 318769 32565 18454 128123 118059 108595 92530 8947 218579 19130 34451 40182 4619 89129 26996 28493 34565
cat_boundaries=0 5 10 15 20 25 30
cat_threshold=5771266 6291784 4194368 65796 5120 1350896652 8430208 25960464 2818981896 98563 1048576 0 64 65792 1024 1048576 0 4194368 65792 1024 570556416 1343032355 2720041101 50334721 131220 67149824 2299531264 1143017730 1446027968 8224
is_linear=0
shrinkage=0.05


Tree=75
num_leaves=54
num_cat=5
split_feature=2 9 21 7 4 21 2 27 15 15 7 20 13 1 5 15 27 27 9 21 21 27 27 16 23 7 13 21 2 15 21 23 15 7 21 23 7 1 23 24 7 13 9 18 9 23 9 15 2 16 15 7 13
split_gain=3.68053 1.39763 1.23344 1.37653 2.30175 1.12623 1.06789 0.683036 0.651159 0.956172 0.825472 0.724378 0.803481 0.68721 0.619556 0.526519 0.510325 0.415841 0.414097 0.406855 0.389014 0.840673 0.604704 0.386431 0.43974 0.387968 0.381794 0.36369 0.33727 0.329567 0.296817 0.294601 0.275394 0.263451 0.25376 0.218759 0.190066 0.179187 0.151663 0.144443 0.12709 0.115689 0.105156 0.103568 0.0979594 0.0961346 0.0648632 0.203942 0.0609362 0.0607335 0.0602566 0.0399636 0.0239851
threshold=-0.90596333146095265 3.1910111904144292 1.5119332075119021 1.1627014279365542 0.24476661533117297 1.5119332075119021 -0.24359240382909772 0 7.8095550537109384 2.3578697443008427 1.0962544083595278 0.25793652236461645 1.8489892482757571 -4.5523078441619864 -0.39259257912635798 13.866673469543459 1 2 -1.7222281098365781 0.15068907290697101 0.22150371968746188 3 4 0.96760937571525585 0.19590700417757037 1.4036703109741213 -0.20725810527801511 0.008059352636337282 -0.5771660804748534 3.4071131944656377 0.42924526333808904 0.99503514170646679 0.58649063110351574 0.58222815394401561 0.22983457893133166 1.1831398010253908 0.032015245407819755 -0.91399839520454396 -0.61497280001640309 -0.28326323628425593 2.9544390439987187 0.15551628917455676 1.1358453035354616 -0.017329316586256024 2.6755024194717412 0.88044166564941417 2.13034999370575 2.7967300415039067 -0.65341269969940174 0.16242058575153354 1.1105695962905886 -1.2086410522460935 0.60733070969581615
decision_type=10 8 10 10 8 10 10 1 8 8 8 10 8 8 8 8 1 1 10 8 8 1 1 10 10 8 8 8 10 10 10 10 8 8 10 10 10 8 10 8 8 10 10 8 10 10 10 10 10 10 10 8 8
left_child=14 2 8 4 -4 6 -3 -8 9 11 15 17 13 -13 -1 45 18 30 -11 -19 22 42 41 24 -20 35 49 -12 -14 -7 39 -21 -16 -26 -17 -25 38 -30 -18 43 -9 -15 -22 -2 -23 48 47 -5 -10 -24 -6 -34 -28
right_child=1 5 3 46 50 29 7 40 10 16 27 12 28 20 32 34 36 19 23 31 21 44 26 25 33 -27 52 -29 37 -31 -32 -33 51 -35 -36 -37 -38 -39 -40 -41 -42 -43 -44 -45 -46 -47 -48 -49 -50 -51 -52 -53 -54
leaf_value=-0.00021580239413798182 -0.00067957094305820737 -0.0017667047049443598 0.0052972128124859803 0.0094035414688288035 -0.00036839879236787306 -0.003815476485025289 -0.0012069712202239643 0.0094183549443326315 0 -0.0011385499520253424 0.00029976001081226974 0.0024054570755753864 -0.0016173115873534803 -0.00035348111265067167 -0.00017885910453403796 -0.00088558375140944303 -0.0011327755098562704 0.0020417263441853246 0.008065746168492597 -0.0045191252720333244 -0.00065225839795755858 -0.0067127251245603405 0.0018260268299201976 -0.0007638232637174763 -0.0019439642904125944 -0.0026359864918929915 -0.00058485722709235158 -0.0079655676547148134 0.0043577828226051942 0.0015388909192966074 0.0048965184729549876 0.00091868108743884617 -0.00065782654406027505 0.0024961215564604541 0.0043482467026846492 0.0040642478425536371 -0.0023119784825358695 -0.00050515158233615501 0.0024614314829091268 -0.0017998475804775261 0.00047500779161885098 0.0033333470220706118 0.0024086746385192336 0.0024191472132053531 -0.00022803163397037523 0.00032626613884982223 0.00061689071477426943 0.00051939206364936749 -0.003717934948458004 -0.00057122170809952282 -0.0073093822736761032 -0.0098497452059896819 -0.0048737502606443174
leaf_weight=31.021443687139254 13.589761337163507 15.541263414081184 30.07581675228721 26.701792606778326 10.764808648367763 15.21889018492948 11.908448575792134 88.520997717394494 10.171613271930253 13.005216779398323 10.490956575311428 17.363687397475587 12.155494853948765 14.198015089132239 12.063258904447137 11.147939848066015 10.881564693663679 20.504318495717598 43.887142529056291 26.798537310132815 16.473795936581155 133.11660326107085 12.222590642682919 14.06204255307239 15.168224314867983 15.163942083490836 22.285520224024367 26.817468931003532 33.027192126355658 13.096639749157474 42.276480035434361 13.864314803700834 10.063352634482724 19.490074341039872 22.337811978330137 12.513733451000006 33.41233640183782 10.118733341078039 17.795794628960721 14.193049297551623 11.008513100823619 27.79818969094049 16.047342535559437 15.395664789415607 11.403246291622052 11.771082598650535 13.254417132600791 15.149374257031011 17.185602122088316 10.517457673828174 20.473387899517547 56.640168488098425 40.725374536443269
leaf_count=78012 16729 16330 16239 12406 8361 10603 23708 32823 15052 13070 15060 18948 23136 32129 33729 17788 26193 37997 30115 33652 23686 115934 14360 9560 11054 12287 26106 30691 33116 7494 28595 17370 25885 13228 19652 8975 78593 14189 41120 18984 5598 48124 22429 19957 7945 12124 7491 8061 16082 13082 15561 147874 49917
internal_value=1.39832e-05 0.00100436 0.000177559 0.00412093 -0.00101806 0.00474583 0.00636253 0.00772326 -0.000573122 5.75638e-05 -0.0034597 -0.00105638 -0.00214827 -0.00307457 -0.00709361 0.000248569 0.00267233 0.00156057 0.00390953 -0.00110955 -0.00369586 -0.00498802 -0.000977584 0.00488832 0.00625492 0.00025472 -0.00281575 -0.00674347 0.00209798 -0.00187373 0.00306819 -0.00312577 -0.00862793 0.000493407 0.0030591 0.00261361 -0.000777608 0.00350467 0.00118089 -5.89963e-06 0.00839105 0.00227102 0.00119679 0.00139251 -0.00610314 -0.00246738 0.00765067 0.00827542 -0.00316799 0.00101803 -0.00667793 -0.00938181 -0.00433099
internal_weight=1210.88 1101.09 945.798 116.42 61.314 155.295 126.979 111.438 829.378 719.455 109.922 524.075 377.453 322.152 109.788 72.614 195.38 146.622 133.29 61.1672 304.788 177.041 127.747 120.285 78.5454 41.7397 85.7509 37.3084 55.3014 28.3155 85.455 40.6629 78.7668 34.6583 33.4858 26.5758 62.0897 43.1459 28.6774 43.1785 99.5295 41.9962 32.5211 28.9854 144.52 39.1283 55.1056 41.8512 27.3572 22.74 31.2382 66.7035 63.0109
internal_count=1437204 1151704 1055148 68119 40161 96556 78459 62129 987029 860580 126449 616385 443101 372660 285500 80698 244195 173284 98289 89019 353712 169994 183718 85219 54397 30822 103465 45751 70441 18097 84265 51022 207488 24282 37440 18535 145906 47305 67313 55670 38421 80253 46115 36686 123879 43258 27958 20467 31134 27442 23922 173759 76023
cat_boundaries=0 1 2 3 4 5
cat_threshold=1618 164 2145 779 1748
is_linear=0
shrinkage=0.05


Tree=76
num_leaves=46
num_cat=8
split_feature=28 28 18 2 18 28 28 8 15 8 28 0 28 0 28 1 15 0 28 15 1 15 23 23 5 8 8 15 24 23 1 18 2 13 15 22 2 0 15 1 15 18 2 8 19
split_gain=8.02387 3.90051 1.66531 1.25206 1.36682 4.25417 2.75348 1.78456 1.64585 1.35488 1.30701 0.862819 0.764654 0.704929 0.892612 0.629231 0.573475 0.51911 0.493092 0.427904 0.424673 0.390744 0.378791 0.501652 0.36373 0.361503 0.307947 0.307692 0.262625 0.255542 0.22394 0.23901 0.207781 0.193477 0.168513 0.156526 0.125625 0.105593 0.0935839 0.0911128 0.0905067 0.0622484 0.0604894 0.0354776 0.0266364
threshold=0 1 -0.30224634706974024 -0.9505348503589629 0.99657174944877636 2 3 -0.95758968591690052 1.3150482177734377 -1.5149931907653806 4 -0.019252289086580273 5 -2.4834728240966792 6 1.5364365577697756 11.370487689971926 -1.2663358449935911 7 2.1691353321075444 2.7167093753814702 3.8043086528778081 1.5309311151504519 -1.2847146391868589 -0.43825112283229822 -2.1498379707336421 -1.5770325660705564 0.074773456901311888 1.5280683040618899 -0.95804876089096058 -2.9073483943939205 1.2311627268791201 -0.46754686534404749 0.15551628917455676 0.79568693041801464 5.9774980545043954 -0.87600889801979054 -2.8791384696960445 0.73500707745552074 -3.1250646114349361 3.6290322542190556 -0.87837597727775563 -0.64904385805129994 3.519761443138123 0.11443834379315378
decision_type=9 9 8 10 8 9 9 10 8 10 9 10 9 10 9 10 8 10 9 10 10 8 10 8 8 8 10 10 8 10 10 10 10 8 10 8 10 8 8 10 10 10 10 8 10
left_child=2 -2 19 10 5 15 7 13 17 18 -3 30 20 21 25 35 -4 28 32 -1 22 -6 23 -11 -12 -15 -17 -25 29 -8 -9 -32 38 -19 -31 36 -5 -10 -7 -39 -34 -29 -28 -14 -20
right_child=1 3 16 4 6 9 8 11 37 12 24 -13 43 14 -16 26 -18 33 44 -21 -22 -23 -24 27 -26 -27 42 41 -30 34 31 -33 40 -35 -36 -37 -38 39 -40 -41 -42 -43 -44 -45 -46
leaf_value=-0.0037080462591237333 -0.0098997050885907406 0.0027285613929752457 0.010245486394655421 0.00032912686673095318 -0.0067053853172276611 0.00084342991059659078 -0.0011201627343972839 0 -0.0010726765803141232 -0.00097827104347027898 2.6727321356993404e-05 -0.0016910477189708369 -0.0035329060090800719 0.001116588791705969 0.0044797577233307469 0.0027599271717965181 -0.00027114916746545187 0.00059530529091531784 0.0011655283916657071 0.0022340153483290204 -0.0018552323898982895 0.00063373539451880853 -0.0012962683021597455 -0.00045714281835086874 -0.0093852524411802748 -0.0051869891363138824 0.0002898034182383999 0.00038017633026763179 -0.0015721744997898531 0.0044309882835381811 7.1594092129482394e-05 0.0090222230573897937 -0.0099380384398252784 -0.0042762651793412879 -0.00029142221764162423 0.00052306123660663816 0.008343610116910212 -0.00053746262507014207 -0.002033767801321776 -0.0091306039778267182 -0.00056347014260790058 0.0068717685800045412 -0.0025129504310450633 0 -0.0003893871678095868
leaf_weight=15.698643703595737 77.509908452295349 11.380982602975562 158.37496303705848 10.713162922846093 19.922535803169012 10.118909272212475 10.167255019863658 10.044514819091999 22.137276804169232 19.163106009262265 10.061802201576937 10.283873451786347 44.32735778849019 11.476333674843771 25.341073470088304 16.731376199386432 10.140013773067038 10.80875181822921 12.029215871109047 10.885492399189387 13.845771329608395 12.249506122599994 11.944918160792438 10.220522591116604 41.03853263813653 10.72197342173604 10.001045129574779 11.95498645288898 11.372641322050184 45.213876696914667 10.129749046005598 53.221933971406543 28.827688889257843 26.161081767102587 13.910131731703585 16.345368517264433 132.8029835415291 11.116444092309392 15.216478467569688 97.888886818414903 10.428597096746669 51.00347906171374 16.564389794672024 10.285781455815593 10.026534436445216
leaf_count=8498 225471 29306 33088 27492 16271 12655 15261 6467 28385 16826 25010 8719 95286 6779 19830 15916 2968 10115 29504 4606 12322 7620 12916 12995 105654 5190 17224 13392 14842 59658 6030 32389 23026 35260 18635 16466 117113 15832 21266 141892 5581 45931 11734 21843 23811
internal_value=-0.000110212 -0.0020004 0.00786362 -0.000785739 -0.000141116 0.00163883 -0.00211065 0.00246281 -0.00495714 -0.00245537 -0.00576137 0.00627313 0.000297288 -0.00218501 0.00139417 0.00619099 0.00967254 -0.000328717 -0.00626026 -0.00133963 0.0022943 -0.00516487 0.00344902 0.0043377 -0.00763107 -0.00293583 0.000367528 0.00560239 0.00171724 0.00273171 0.00766259 0.00829804 -0.00725868 -0.00327108 0.00364967 0.00757605 0.0080108 -0.00811815 -0.00102115 -0.00873029 -0.00921439 0.00639727 -0.0018923 -0.00294444 0.000535285
internal_weight=1209.81 1014.71 195.099 937.201 874.72 462.552 412.168 163.391 248.776 259.393 62.4813 83.6801 172.746 79.7114 47.5394 203.158 168.515 117.634 86.6474 26.5841 118.133 32.172 104.287 92.3421 51.1003 22.1983 43.2968 73.179 80.6639 69.2913 73.3962 63.3517 64.5917 36.9698 59.124 159.862 143.516 131.143 25.3354 109.005 39.2563 62.9585 26.5654 54.6131 22.0558
internal_count=1437075 1387915 49160 1162444 1002474 553299 449175 109295 339880 347354 159970 53605 231511 55690 31799 205945 36056 153771 115843 13104 114382 23891 102060 89144 130664 11969 44874 72318 108396 93554 44886 38419 62528 45375 78293 161071 144605 186109 33921 157724 28607 59323 28958 117129 53315
cat_boundaries=0 5 10 15 20 25 30 34 39
cat_threshold=4722688 0 4194304 65536 4096 1342524428 75506320 227278864 2818719752 98307 85066242 271062369 570460398 369099776 132224 134258882 1095763976 1612853249 1075358149 8224 41984000 3221852163 2148599811 20973173 9748 536871328 3355854848 2150855425 7381024 564 66 1050624 2236416 1074790464 142614609 1262487556 3158017 1080852528 860
is_linear=0
shrinkage=0.05


Tree=77
num_leaves=52
num_cat=13
split_feature=28 0 28 8 8 28 28 28 0 28 10 28 15 3 10 7 3 7 7 23 0 8 22 22 3 16 8 28 8 1 3 8 8 8 28 28 28 28 16 3 19 16 0 7 1 11 23 28 10 0 8
split_gain=8.42153 3.73637 2.29787 2.36076 3.74504 3.20739 2.95075 1.85016 1.14428 1.11707 1.05173 1.04749 0.734171 0.724704 0.722257 0.930645 0.80486 0.7936 0.715896 0.699737 0.688284 0.581011 0.540006 0.53378 0.467145 0.394895 0.357826 0.346618 0.482927 0.316352 0.536968 0.301609 0.292876 0.463278 0.438375 0.28994 0.251363 0.219703 0.247295 0.191992 0.178884 0.174574 0.150926 0.148745 0.126222 0.0735097 0.0699443 0.0698124 0.0646631 0.0392177 0.0239852
threshold=0 -2.7640763521194454 1 -1.6170448660850523 0.60428553819656383 2 3 4 -2.1015496253967281 5 -0.015885032713413235 6 2.6778495311737065 0.65114507079124462 2.5011004209518437 0.8652217984199525 1.6997122168540957 -0.15738582611083982 2.3133504390716557 0.4726466983556748 1.6299659609794619 -2.8519879579544063 1.3462756276130678 3.7248847484588627 0.86051499843597423 2.4997810125350957 1.0093784332275393 7 -2.5547546148300166 -2.4685840606689449 -0.41446846723556513 -1.9775247573852537 -0.95758968591690052 3.519761443138123 8 9 10 11 0.35031016170978552 0.47713290154933935 -1.3392328619956968 -0.89724785089492787 -1.3953078985214231 0.27259315550327307 -1.0000000180025095e-35 -3.2097001075744624 1.0220395326614382 12 4.692613124847413 -1.6337514519691465 -0.17015494406223294
decision_type=9 8 9 8 10 9 9 9 10 9 10 9 10 10 10 8 8 10 10 10 10 10 10 10 10 10 10 9 8 8 8 8 8 10 9 9 9 9 10 10 10 8 10 10 10 8 10 9 10 8 8
left_child=1 13 14 10 5 23 18 -2 11 19 37 44 21 -1 15 17 -17 31 22 32 27 42 -6 29 47 -13 48 50 -29 -5 -31 -3 34 35 -10 40 -23 -4 -39 -19 -34 -11 -12 -8 -9 -43 -14 -7 -15 -47 -21
right_child=7 2 3 4 6 24 43 8 9 41 12 25 46 26 -16 16 -18 39 -20 20 -22 36 -24 -25 -26 -27 -28 28 -30 30 -32 -33 33 -35 -36 -37 -38 38 -40 -41 -42 45 -44 -45 -46 49 -48 -49 -50 -51 -52
leaf_value=-0.00024183758099770368 -0.0093309535381673071 -0.00063992976109059898 -0.00021864353408383003 -0.00058588322188261465 0.0098308272683299038 -0.0018444420325873043 0 0.002213202907833718 0.0034501835926287125 0.00033347331668757925 0.0058048977409978289 -0.0084068407029523652 -3.3239797398209093e-05 0.013277402102183256 -0.00083255150743660614 0.012407192908124507 -0.00032445155484477246 -0.0042038760522565485 -0.0010019192495827759 0.00040497990787353175 -0.0020693183747077632 -0.0027394742309569311 -0.00028477328903027784 -2.5241526018440483e-05 0.0044896372633674185 0.00024021733333460857 0.00061346357277793605 -0.00055117506738701957 0.0079592178312791508 -0.00073710492990590492 -0.014632319220425922 0.0057425179926149043 0.00010789551939680155 0.0020104134554184529 -0.001979956132693984 0.0010438242146358779 0.0014611257356541534 0.0094629859090983228 0.00027707851846674517 0.00063862838532761706 -0.0056218554171854774 0 0 -0.0062556261412844323 -0.00099866148535217628 -0.00037129393620700252 -0.0045820933876658072 0.00055150164382186185 0.0011143676681755167 -0.0045590487742494861 -0.0010433590879129519
leaf_weight=10.630265996645901 83.764781461381062 11.337516624596899 14.150543900235789 10.88497949959128 58.022158509513247 23.080292649698094 12.046007242111953 27.246296961282496 25.539157011429779 16.593484738921688 21.254134737013374 84.92032159545488 13.258943403547166 69.446648967976216 15.733051948045611 41.018867925464292 10.61665562642156 12.275649157425507 10.077591064153237 10.294209921237778 10.305620689614441 22.393571256718133 10.818627615721196 10.16626099545101 20.840802630686085 10.390545557922449 12.99511299896403 11.374233594964606 50.215022098884219 14.191228338633662 56.534098249743693 16.724445131418182 11.897315587048068 13.801584387263572 15.41828629534575 10.636250283059779 13.845865171140757 35.205048744246596 12.659714869412708 11.165903696644817 39.555751192623575 10.745621379137445 12.339042388135566 21.889669545198558 11.289446147180568 18.478221948767896 11.509842249215579 14.604064456812919 11.939179620196226 92.059540763955738 11.321002121912899
leaf_count=8108 246525 4228 7122 2802 14912 19944 17389 65600 37901 37365 9827 150589 6879 13525 1892 5324 2423 2194 2340 28486 19430 4162 4097 2562 14602 14131 3235 12770 54910 6400 14219 5516 15987 24261 32573 25250 10010 16472 6990 2291 49728 24555 5610 24410 26576 41151 5766 32932 4399 215073 31802
internal_value=0.000146895 0.00389589 0.00178787 -0.000226468 -0.00295583 -0.00722605 0.00317311 -0.00407664 -0.00222271 -0.000489401 0.0039299 -0.00546647 0 0.0108634 0.00651903 0.00800449 0.0108685 0.00114457 0.00701444 0.00166616 0.00410739 0.00244913 0.00874807 -0.0109262 0.00173766 -0.00717752 0.0117994 0.00539954 0.00624073 -0.0125509 -0.0133456 0.00434161 -0.000803069 -0.00222249 0.00154799 -0.00368509 -0.00130818 0.00720833 0.00768236 -0.00296476 -0.00441254 -0.00328668 0.00492029 -0.00481905 0.00106311 -0.00395581 -0.00386453 -0.00122134 0.0126343 -0.00422382 -0.000423474
internal_weight=1209.5 643.656 538.645 419.772 263.156 150.302 112.854 565.847 482.082 348.235 156.617 133.847 94.6014 105.011 118.872 103.139 51.6355 51.5035 78.9184 210.358 93.5101 69.8326 68.8408 91.7766 58.5252 95.3109 94.3809 83.2045 61.5893 81.6103 70.7253 28.062 116.848 75.8909 40.9574 62.0893 36.2394 62.0153 47.8648 23.4416 51.4531 137.877 33.5932 33.9357 38.5357 121.283 24.7688 37.6844 81.3858 110.538 21.6152
internal_count=1437245 282582 253315 229447 156609 93461 63148 1154663 908138 651242 72838 256896 42254 29267 23868 21976 7747 14229 21349 333098 147398 29609 19009 25983 67478 164720 21159 127968 67680 23421 20619 9744 185700 115226 70474 90965 14172 30584 23462 4485 65715 318144 15437 41799 92176 280779 12645 52876 17924 256224 60288
cat_boundaries=0 5 10 15 19 24 29 34 39 44 48 53 57 60
cat_threshold=5771266 3496480073 541132868 33622340 5248 528384 1073741824 4194304 0 4096 5242880 2049 2048 67648 1024 1048576 272632897 2048 67648 1074088964 75539088 210509840 671498248 98563 2147656352 152371232 1109430433 1343792641 16 343965952 200704 286396416 1142952080 26656 131104 135594016 32768 513 16 2147615232 134545440 1075839105 513 16 139776 16777216 33554593 8192 1048576 268437569 4 0 1024 0 2420640776 65536 2116 2 274728000 536870916
is_linear=0
shrinkage=0.05


Tree=78
num_leaves=48
num_cat=6
split_feature=28 28 10 28 28 23 28 8 13 8 8 10 28 2 15 2 2 19 10 4 4 8 20 2 23 18 23 8 15 4 2 13 20 2 1 8 4 23 15 8 5 1 20 15 8 13 6
split_gain=9.05482 3.38486 1.30808 1.74651 1.45033 1.32153 1.55146 1.17296 1.11851 1.47344 1.55172 1.10756 1.0847 0.754421 0.65288 0.749452 0.73939 0.499933 0.497246 0.466309 0.455119 0.412636 0.361421 0.322466 0.321512 0.398289 0.320073 0.291393 0.275793 0.334611 0.25779 0.253999 0.226258 0.128495 0.250453 0.213563 0.159397 0.11433 0.104179 0.096669 0.0672578 0.0608881 0.115133 0.0579341 0.0512958 0.0465618 0.0241774
threshold=0 1 1.5097079873085024 2 3 -0.55493858456611622 4 1.8776462078094485 0.52096295356750499 -1.2976331710815427 1.0093784332275393 9.7571830749511737 5 -0.97879973053932179 2.1691353321075444 -0.39822594821453089 -0.53646060824394215 -1.5836367011070249 -0.14130342751741407 0.35193961858749395 0.11799926683306695 0.94893085956573497 0.83730158209800731 -0.067319255322217927 -0.84671476483345021 0.43564613163471227 2.216592669487 2.6443176269531254 2.9216922521591191 2.3340001106262211 -0.087931249290704713 -0.7325642704963683 0.76587301492691051 -0.48139981925487513 -0.2749005109071731 0.27697803080081945 0.67699250578880321 0.27259251475334173 0.78050091862678539 -3.1047145128250118 -0.13960510492324826 -0.66828948259353627 0.61507937312126171 1.2031621336936953 1.6325249671936037 2.5778112411499028 -0.42680086195468897
decision_type=9 9 8 9 9 10 9 10 8 8 10 8 9 10 10 8 10 8 10 10 8 8 10 10 10 8 8 8 8 10 10 10 10 8 8 10 10 10 10 8 8 10 10 10 8 8 8
left_child=8 -2 3 13 7 12 14 23 9 18 -11 19 38 -3 15 31 21 -14 -1 -10 22 -16 44 45 25 -22 -21 -19 33 -30 -18 -7 -17 36 35 39 -6 -8 -5 -35 -33 42 -26 -20 -15 -4 -36
right_child=1 2 4 5 28 6 37 -9 11 10 -12 -13 17 20 16 32 30 27 43 26 24 -23 -24 -25 41 -27 -28 -29 29 -31 -32 40 -34 34 46 -37 -38 -39 -40 -41 -42 -43 -44 -45 -46 -47 -48
leaf_value=0.0074479645277887412 -0.0098161859079073273 -0.0023988234100774312 0.0060993142730044417 -0.00056552285495277388 0.0001054095144865703 -0.00087896847006927327 -3.3326680003896662e-05 -0.0041258225994370299 0 -0.0073636647018944781 0.0035793983181877649 -0.0012944449457940939 0.000115891025891573 0.0077647558783865214 0.0024138216733864681 -0.0043378615075853081 0.0083272608405261413 -0.008837354366614026 -0.0013218741980776537 0.011439103635756107 0.0019054607930437146 -0.0034253352926424362 -0.00039262585137398055 -0.00049075490466741329 -0.0014407634099370156 -0.004004041865545321 0.00026970498651046192 0 -0.0078956585048678262 2.3401926709645424e-05 7.6323984484662975e-05 0.0048376901182094478 0.0006559885165470105 -0.00040008304582761874 -3.6403415687657375e-05 -0.0016119483783686153 -0.0048023167703415484 -0.0046994740395211445 0.0028051923529252591 0.0027104722356639309 3.345117724347424e-05 0.003222691217336442 0.001539889860697536 0.00087013090512030097 0.0005385986569801446 0.00024817597709185908 -0.0030983363539722249
leaf_weight=27.235632232797798 72.851542949414579 11.985947305678563 36.692080594752042 10.178319732673119 15.777067837778302 11.498614851130695 18.324434461028432 13.578003441733015 10.197848627125493 24.820841309730895 16.676957305302494 10.119444428477435 18.429069281359261 66.500689056178089 10.664433281584932 30.047562914769514 40.825849668261071 67.47904509062937 10.587020007544199 139.61224112659693 10.639725472014105 12.268490662107071 10.266119316809634 15.877218724694101 11.685824359090477 13.220839016379616 10.134753684425958 10.089239581269792 79.478168119545444 13.144462660013231 12.987703279271953 20.992048734588025 13.357447887407032 15.169796677902921 12.103236236252995 17.771030080708442 29.518037133813777 54.632270893191162 18.740976438915823 41.945514164413908 11.265683551544496 35.192532181848946 18.006860204477562 10.677756963676073 12.13724977646052 10.027259561087702 22.301251471239084
leaf_count=7867 213863 29695 36159 19102 35123 20213 35383 10576 2091 7954 5046 6960 24540 81726 16093 21911 25419 78939 3318 19814 10835 18462 17009 8885 11315 11438 2119 15331 128352 18799 4692 28529 8895 17655 17223 24851 51478 105231 31859 56144 14329 38481 19498 2637 21432 18479 32279
internal_value=6.46234e-06 -0.00231723 -0.00109742 0.000396168 -0.00339901 -0.00160096 0.000648547 0.00179195 0.00733636 0.00168334 -0.00335847 0.00957642 -0.00495264 0.00367943 0.0030818 -3.09262e-05 0.00551716 -0.00657126 0.005563 0.0104325 0.00470991 -0.00084814 0.00658299 0.00454126 0.00110133 -0.00179517 0.0109649 -0.00813705 -0.00494176 -0.00712256 0.00737994 0.00310839 -0.00321903 -0.00243083 -0.000768251 0.000831949 -0.00388202 -0.00375305 0.00172965 0.00203652 0.00426084 0.00252772 0.000136128 -0.000312789 0.00733117 0.0056727 -0.00274007
internal_weight=1207.71 947.652 874.8 551.417 323.383 361.781 236.865 76.1746 260.062 89.9982 41.4978 170.064 124.917 189.636 163.908 87.1614 76.7465 95.9974 48.5004 159.945 177.65 22.9329 88.9041 62.5966 88.7458 23.8606 149.747 77.5683 247.209 92.6226 53.8136 43.7563 43.405 154.586 109.291 74.8863 45.2951 72.9567 28.9193 57.1153 32.2577 64.8852 29.6927 21.2648 78.6379 46.7193 34.4045
internal_count=1438029 1380223 1166360 710357 456003 468928 299157 74099 57806 26822 13000 30984 169771 241429 158543 93877 64666 118810 13822 24024 211734 34555 120167 63523 91567 22273 21933 94270 381904 147151 30111 63071 30806 234753 148152 98650 86601 140614 50961 73799 42858 69294 30813 5955 103158 54638 49502
cat_boundaries=0 5 10 15 20 25 30
cat_threshold=5771264 0 4194304 65536 4096 1082477581 75506320 151781520 671236104 98563 2147614850 1348732257 2720073832 33590273 132240 469794848 3377989640 1144008706 1344274884 24608 33596016 151132172 1085443 3578274112 548 622854912 2149142530 268599556 1053220 8256
is_linear=0
shrinkage=0.05


Tree=79
num_leaves=49
num_cat=12
split_feature=28 21 0 16 8 28 28 21 8 28 28 21 9 28 0 28 2 8 8 22 16 8 8 16 16 5 3 16 28 28 1 16 5 21 16 8 28 8 22 28 28 21 8 16 21 3 8 21
split_gain=8.42451 2.50373 2.18917 2.16697 1.75951 2.04877 1.91198 1.67349 1.65359 1.49191 1.37028 1.31492 1.12637 1.89554 1.07021 0.913129 0.901162 0.867043 0.73325 0.650916 0.583549 0.562146 0.491724 0.905129 0.876825 0.51297 0.447518 0.430533 0.766864 0.325064 0.313902 0.297931 0.290506 0.252876 0.25204 0.249439 0.232589 0.213021 0.206442 0.186193 0.165306 0.160926 0.0793937 0.0566319 0.0546786 0.0402824 0.0276765 0.0266865
threshold=0 1.5119332075119021 -2.7640763521194454 0.15543872863054278 0.35977318882942205 1 2 0.58178856968879711 -1.2976331710815427 3 4 -0.20518935471773145 3.8411591053009038 5 -0.095652099698781953 6 -0.309701457619667 -1.259393513202667 -2.3066527843475337 -1.6688414216041563 0.050092414021492011 -6.6603517532348624 -0.17015494406223294 -0.32553485035896296 0.14817600697278979 0.72426810860633861 -0.44541634619235987 1.4211995005607607 7 8 0.075024869292974486 0.90013673901557933 -0.29561221599578852 -0.6149705946445464 0.95040088891983043 2.9232069253921513 9 6.3795642852783212 1.2079064846038821 10 11 0.49057812988758093 1.1429911255836489 -1.3002532720565794 1.0966746807098391 1.5705243945121767 -2.0060689449310298 0.61083480715751659
decision_type=9 10 8 10 10 9 9 8 8 9 9 8 10 9 8 9 10 10 10 8 10 8 10 10 10 8 8 8 9 9 10 10 8 10 10 8 9 8 8 9 9 10 10 10 10 10 10 8
left_child=2 12 16 8 5 7 -6 30 29 19 20 -11 15 -14 -9 17 -1 21 38 -10 -3 -2 24 42 -19 33 -21 28 32 -4 -5 -23 39 -25 -8 36 46 43 -7 -17 -29 -18 -24 -30 -45 -31 -34 -41
right_child=1 10 3 4 6 18 34 14 9 11 -12 -13 13 -15 -16 27 41 22 -20 26 -22 31 23 25 -26 -27 -28 40 37 45 -32 -33 35 -35 -36 -37 -38 -39 -40 47 -42 -43 -44 44 -46 -47 -48 -49
leaf_value=-0.00054287967164932905 9.2827406356483616e-05 -0.00032744446860787796 -0.00048432223808189049 0.003087835571497582 0.0073022298283857631 -0.0033773431360841245 -0.0054499962869289644 -0.012955508177598704 0.0014424352641642178 -0.0028987385932857162 -0.0032388403488360245 0.0079653536773560876 0.0069850938934826554 -0.004082486732341112 0.00074976193079265047 -0.00089690247138935202 0.00075341666324197471 -0.0033603480636476488 0.0055811172148791345 0.00067151045400111887 0.0083234873190860953 -0.011873818915888453 -0.00047501607888600876 1.1569815407580577e-05 0.0047606846916255705 0.00090663290896425433 -0.0075945100198893199 -0.0062582327950358582 0 0.01059635769757032 -0.0019497339516244016 -0.00085248956580302878 0.00015653737364412811 -0.0077215190753354536 0.00058204633027489404 -0.0030040041127438535 0.0022200535640486178 0.00050914493193837858 0.0010966681871386363 0.0038078600700965125 0.00018683419334637245 0.013014018515419945 0.0024543666487307509 -0.0043515744638261073 -6.6831168167987364e-06 0.00075309024560386861 -0.0017102141392940668 0.00014717069437967243
leaf_weight=10.0336808097054 10.590639381116487 18.87058825713757 10.735638304860911 16.615735510364178 43.271955996489851 12.123723914686705 11.488927139493173 36.834096752674668 17.571639766785665 10.310823924519353 16.585620279292925 32.619440857684822 15.683428670221474 24.278404429642251 10.007510749332139 10.997407006390857 10.274471114316837 17.163800730893854 25.986031103078858 10.04861237022851 39.500248941243626 78.274417960725259 11.013776899540973 10.068604987623983 17.565362894347345 10.502998571180795 23.889774861745536 26.523386869957903 10.384565723063131 77.517176537468913 11.427783950304727 16.105144872803066 10.070834647085574 64.089379824545176 10.103965133443124 20.148368483554805 41.26892144260637 16.522679897054331 10.359465744579213 47.741805384466716 15.129593772238875 55.543825697968714 15.838733045813568 130.27090902189229 10.114895488542968 10.338078171334926 30.845759940704738 12.710045439795065
leaf_count=8840 12268 12918 20138 10988 11517 9867 12370 13451 6329 12964 32384 23278 8500 31817 5608 24481 3484 17683 16949 6441 18907 88449 9286 14889 16614 6169 8484 62049 26695 20588 7519 18702 25323 45840 11280 47492 45581 48783 9299 91975 36963 11534 13540 334674 23418 2093 73211 15508
internal_value=-1.32596e-05 -0.00320293 0.0049682 0.00273089 -0.00102681 -0.00405868 0.00395234 -0.00733259 0.00587291 0.000414719 0.00371613 0.00464652 -0.00422718 0.0019963 -0.0111005 -0.00474406 0.0110159 -0.00695877 0.00258569 -0.00370698 0.00606064 -0.0101557 -0.00299028 -0.00422741 0.00107358 -0.00605516 -0.00614538 -0.00242588 -0.00139758 0.00916879 0.00103699 -0.0109743 0.000868218 -0.00704947 -0.00361712 -0.000720547 0.000725966 -0.00331965 -0.00191243 0.00261622 -0.00570027 0.0122948 0.00166045 -0.0039518 -0.00414875 0.00947993 -0.00122735 0.00320806
internal_weight=1205.96 748.86 457.102 381.25 188.219 123.354 64.8648 74.8851 193.031 94.4403 74.9565 42.9303 673.904 39.9618 46.8416 633.942 75.852 251.213 48.4692 51.51 58.3708 104.97 146.243 111.513 34.7292 84.661 33.9384 382.729 341.076 98.5909 28.0435 94.3796 173.783 74.158 21.5929 102.334 82.1855 167.293 22.4832 71.4493 41.653 65.8183 26.8525 150.77 140.386 87.8553 40.9166 60.4519
internal_count=1437140 1204119 233021 209163 108848 73681 35167 37566 100315 57496 64209 36242 1139910 40317 19059 1099593 23858 243440 36115 21254 31825 119419 124021 89724 34297 66898 14925 856153 757141 42819 18507 107151 323571 60729 23650 191607 144115 433570 19166 131964 99012 15018 22826 384787 358092 22681 98534 107483
cat_boundaries=0 5 10 15 20 25 30 35 40 44 49 54 59
cat_threshold=5771264 2154300745 6359104 33620293 5248 5242880 525377 4196416 65600 5248 1576960 4194377 6293504 65600 1024 5242880 6291721 2048 65792 1024 67119883 1074010256 2147512621 608739328 131584 33282 1140860964 68169744 67117056 8484 1074072590 1149249680 67641361 2818719752 100611 2265063584 404164640 570556942 271584768 131120 524288 2151678976 6356992 33554753 2164400160 268435456 0 3145728 131088 100663424 134418432 33554432 512 48 570565376 303366692 134365356 280537090 131104
is_linear=0
shrinkage=0.05


Tree=80
num_leaves=43
num_cat=10
split_feature=28 28 16 4 0 23 0 16 8 8 10 28 16 2 2 28 28 9 10 28 0 5 28 16 28 28 0 2 2 2 2 11 8 2 24 9 10 8 12 16 28 23
split_gain=8.6562 2.44974 2.05688 2.11808 2.09925 1.63213 1.56478 2.76274 2.336 1.98439 1.28646 1.16434 0.932509 0.987315 0.931558 0.844192 0.765639 0.654627 0.538104 0.513683 0.482966 0.437553 1.27324 0.454155 0.667466 0.620265 0.401121 0.392562 0.232328 0.18986 0.16394 0.14343 0.141157 0.127677 0.118773 0.112045 0.0993632 0.0789825 0.0559375 0.0441249 0.0393229 0.0343796
threshold=0 1 0.071438994258642211 -0.41935956478118891 0.32697792351245886 -0.92094421386718739 -2.9211155176162715 0.35826200246810919 0.52311542630195629 -1.2976331710815427 1.5097079873085024 2 -1.0042399168014524 -0.43514464795589441 -0.36157073080539698 3 4 1.4864864945411684 -0.65652668476104725 5 -0.63973692059516896 -0.30952045321464533 6 0.23325447738170627 7 8 -1.3517633676528928 -0.44934524595737452 -0.42578126490116114 -0.047426126897335046 -0.63553956151008595 -0.11521340534090994 0.15322001278400424 -0.19680709391832349 1.8231473565101626 1.3021045923233034 2.5887532234191899 -1.3365264534950254 -1.1846728920936582 1.0619542598724367 9 1.6445210576057436
decision_type=9 9 10 8 8 10 8 10 10 10 10 9 8 10 10 9 9 10 8 9 8 8 9 8 9 9 10 10 10 10 10 8 10 10 10 10 10 8 10 10 9 10
left_child=6 2 3 32 5 17 33 9 15 41 34 26 28 31 -13 35 -3 -4 -6 -10 -17 22 39 24 -23 -25 -11 -28 -5 30 -12 -14 37 -1 -7 -9 -15 -2 -32 40 -18 -8
right_child=1 16 4 12 18 10 7 8 19 11 29 14 13 36 -16 20 21 -19 -20 -21 -22 23 -24 25 -26 -27 27 -29 -30 -31 38 -33 -34 -35 -36 -37 -38 -39 -40 -41 -42 -43
leaf_value=0.00080151132385846064 0.0012432266015279308 -0.0091700623737650134 -0.0055331401455929012 -0.0016312028040541379 0.0011231780711286332 0.0099622520219988034 0.010822699808611032 -0.00093908722944220061 0.0059510426740326076 0.00086518268473177663 -0.00099104724413061492 -0.0018850779171544437 0.001587419284642452 -0.010649749923917623 0.0074318304786387237 -0.010919611615287097 0.0038036844070961379 0.0022240531122496711 -0.0062118560172106556 -0.0012902558704194916 3.7125324889987175e-05 0.0018608853654189031 -0.0039928074554802604 0.00074638565374214409 -0.003416653132698168 -0.0069613927586714341 0.00058903156114020283 -0.0072587335762123078 0.0027994355553459735 -0.001528390061458517 -8.8655797996299337e-06 -0.0016884912685581725 0.004553603126481994 0.01302051045120349 0.00050143945013645037 0.0021674800960684855 -0.0006328436494744406 -0.0012575317689573371 0.0030907795971547051 0 0.00025128065049298109 0.00081910597431748876
leaf_weight=10.189289499598088 16.221455993494601 56.356465687655145 15.018629468206202 10.104104395897595 16.613527293971856 82.436168437008746 79.341236650579958 12.373670865039459 21.794709693378536 15.407449999445815 10.010888278746277 16.08428840621491 16.030414831388043 52.708136004759581 20.074104846222326 25.486750849027885 36.126109928016376 10.078441827732602 23.553421019736561 14.103970149342784 10.170500945474485 55.307804712472716 77.353988768227282 24.733148345949303 79.120264211844187 106.85514438073733 10.498956415496648 14.230651076417418 13.221942342759574 13.336366191870182 12.971321052449637 17.481021061248612 20.089681064506294 44.230796832329361 10.218496160887296 12.854748214798745 10.463671858538872 10.162576015558445 50.075582208330161 10.146061124527476 33.518382078211289 10.732748788563184
leaf_count=3086 12233 169747 11000 7949 14176 38839 20502 4545 3007 2440 10060 6329 13504 23948 3791 7695 62805 4770 25392 5939 5545 89058 198673 66366 201437 234583 5170 2709 4990 4901 6224 15617 13237 4805 5310 2109 5262 7937 22682 21570 64628 2719
internal_value=-8.5158e-06 -0.00255643 0.000313054 -0.00340178 0.00301995 0.00500065 0.00639266 0.00360374 -0.00237246 0.00684831 0.00653588 0.000175753 -0.00627765 -0.00781414 0.00406834 -0.00666804 -0.00478538 -0.00294472 -0.00418207 0.00449542 -0.00854146 -0.00312484 -0.000727751 -0.00428475 -0.00138673 -0.00602077 -0.0036351 -0.00569516 0.00100842 0.00100794 0.00194445 -4.93724e-05 0.00337742 0.0122599 0.00949537 0.000852557 -0.0100474 2.18884e-05 0.00268697 0.00280905 0.0032942 0.0103843
internal_weight=1207.89 890.313 410.796 166.483 244.313 204.146 317.574 263.154 96.7844 166.369 179.049 76.2955 120.009 96.6832 36.1584 60.8857 479.517 25.0971 40.1669 35.8987 35.6573 423.161 157.145 266.016 134.428 131.588 40.1371 24.7296 23.326 86.3942 73.0578 33.5114 46.4737 54.4201 92.6547 25.2284 63.1718 26.384 63.0469 79.7906 69.6445 90.074
internal_count=1437289 1356898 248031 104677 143354 103786 80391 72500 28840 43660 88016 20439 71270 58331 10120 19894 1108867 15770 39568 8946 13240 939120 347676 591444 290495 300949 10319 7879 12939 43867 38966 29121 33407 7891 44149 6654 29210 20170 28906 149003 127433 23221
cat_boundaries=0 5 10 14 18 23 28 33 38 43 48
cat_threshold=5771264 2149580800 4194304 65540 4096 32770 1347947849 572590145 34639681 1168 1048576 2149580800 0 65540 528384 2149580800 0 4 1074072580 75530880 25690128 671236104 98307 1572864 0 4194304 65536 4096 2701271585 327712 2147627534 350224384 131072 67109248 69648 404099342 8192 139300 104 151134212 1141933088 1078206624 512 2701262848 32 12 337641472 131072
is_linear=0
shrinkage=0.05


Tree=81
num_leaves=43
num_cat=11
split_feature=28 28 7 21 8 7 22 28 28 28 8 8 21 21 28 21 0 22 11 8 11 5 28 8 28 28 10 11 10 21 8 28 14 7 8 10 25 28 0 7 21 1
split_gain=9.1305 2.70019 2.25596 1.46585 1.26637 1.18783 1.39228 1.95658 1.44145 0.697311 0.671928 0.794039 1.4465 0.621212 0.692835 0.545898 0.494517 0.415158 0.4027 0.392062 0.368076 0.36631 0.944628 0.405056 1.3322 1.20992 0.325603 0.314849 0.306321 0.278411 0.251908 0.200243 0.17057 0.151121 0.147178 0.109886 0.0938989 0.0804432 0.0746602 0.0498776 0.0486269 0.0347545
threshold=0 1 0.83177959918975841 1.77891480922699 -1.0876299142837522 1.7177238464355471 -0.53555378317832936 2 3 4 -5.0765390396118155 -0.9036235213279723 0.69069498777389537 1.1465617418289187 5 -0.30874989926815027 -2.4261049032211299 0.94279053807258617 0.092772033065557494 1.1208224296569826 2.5176222324371342 -0.49878221750259394 6 -0.66396129131317128 7 8 -0.2022973299026489 -3.498045682907104 2.2152084112167363 0.27884759008884435 -2.7642780542373653 9 -1.971161901950836 0.8652217984199525 -0.50544205307960499 5.3444323539733896 0.49702380597591406 10 -1.9599010944366453 -0.32600504159927363 0.89574375748634349 -0.99999991059303273
decision_type=9 9 8 8 8 8 8 9 9 9 8 10 10 8 9 10 8 10 8 10 10 8 9 8 9 9 8 10 10 10 10 9 10 10 8 10 10 9 10 10 10 8
left_child=1 2 4 35 26 6 8 29 36 -2 39 20 15 17 -15 -13 -16 18 -7 -6 27 22 34 24 30 37 -1 -12 -29 -8 40 -19 -10 -17 -11 -4 -3 41 -28 -9 -23 -25
right_child=9 5 3 -5 19 13 7 10 32 21 11 12 -14 14 16 33 -18 31 -20 -21 -22 23 -24 25 -26 -27 38 28 -30 -31 -32 -33 -34 -35 -36 -37 -38 -39 -40 -41 -42 -43
leaf_value=0.0060523402084531122 -0.0076306306427190752 0.00022192829060927875 0.013534574278005064 -0.00062891006021889703 -0.0058705014831576417 0.00043009315141860508 -2.0220641945289362e-05 0.0028142907670616734 9.3562361135472543e-05 1.6387787547230867e-05 0.000182521384161678 0.0015579821467963495 0.0058974497915228732 -0.0027690687944329105 -0.0012397144987374075 -0.0065216794623258511 0.006231864874676871 0.0022397144665475808 -0.0072098794904307088 0.0010093610713464965 0.00051477691091562862 -0.0012332070876782328 -0.0032782424050227538 0.00051957881439849756 -0.0047193570527124589 -0.0072110107284342716 0.0011483575082967097 -0.0083492342097948938 5.2171846661293482e-05 0.0074716325783986126 0.0038036105216663154 -0.0015644858271209984 0.0077226712757926617 0 0.0048652692313110599 0.00095416592452734431 -0.0030783093163510205 0.0018352599392215112 -0.0012906703528966122 -0.00011673298293461072 0.00072496289077474 -0.0011058245514683073
leaf_weight=20.750408725361922 120.18108187707548 18.927651405814686 96.762093176745111 16.631543770330609 18.185069489438323 13.554101011526653 12.898101276368832 10.047917093645085 10.311676100900511 23.123581644700607 10.755321969932991 11.994510712727786 17.662740272586234 15.610947310546178 10.750819123597465 17.734378684952393 17.987941869243517 10.054473315103676 32.646485677876626 10.076757973976781 10.710070724031537 22.359820141857199 47.758795346162515 14.345067805661527 61.167306004062993 95.463782827027899 10.307533512357624 57.606625759784947 10.071622892064623 26.565143698608153 55.553338062331022 10.753188172471711 132.34966815888765 10.579343278513987 21.745777567935875 10.735128951491786 15.659171089064328 18.461402731598355 15.056534678893511 10.021281014720442 10.092516600896486 24.920469906115613
leaf_count=7327 362988 17757 13762 4743 7597 6844 20163 3314 2231 33752 2266 6749 3667 7297 2272 5418 9128 5138 15003 3843 2970 43092 120584 31731 132667 206483 3286 16690 2331 16874 99985 5482 28008 2550 38040 2908 19752 46782 5632 3120 13963 53196
internal_value=0.000204382 0.00381778 0.00805114 0.0114996 0.00059378 0.00142534 0.00271896 -0.000184308 0.00542159 -0.00454712 -0.00272069 -0.00395751 0.000489713 -0.0023756 0.00136732 -0.00377776 0.00386954 -0.00442129 -0.00585794 -0.00427592 -0.00602225 -0.0027154 0 -0.00351196 -0.00105947 -0.00502715 0.0043021 -0.00680671 -0.00756553 0.00568848 0.00240406 0.000581994 0.00700118 -0.00565353 0.00338765 0.0130117 -0.00192228 0.000803389 -0.000128867 0.00224044 -0.000493252 -0.000447452
internal_weight=1208.93 693.758 198.505 124.129 74.3763 495.253 383.895 206.647 177.248 515.173 167.184 147.115 57.971 111.358 44.3497 40.3082 28.7388 67.0082 46.2006 28.2618 89.1436 394.992 92.6282 302.364 149.173 153.191 46.1145 78.4336 67.6782 39.4632 88.0057 20.8077 142.661 28.3137 44.8694 107.497 34.5868 57.7269 25.3641 20.0692 32.4523 39.2655
internal_count=1437385 254122 49098 21413 27685 205024 153860 86112 67748 1183263 49075 42641 18384 51164 18697 14717 11400 32467 21847 11440 24257 820275 192376 627899 289707 338192 16245 21287 19021 37037 157040 10620 30239 7968 71792 16670 37509 131709 8918 6434 57055 84927
cat_boundaries=0 5 10 14 18 23 28 33 38 43 47 52
cat_threshold=5771266 3495959881 541132865 1073807685 5136 4722688 0 4194304 65536 4096 0 2102600 536938560 257 2 274727240 65600 1073742080 1351044100 75539088 819344 2818719752 98307 1048576 270533633 536873024 257 1024 2701140529 1376288 152078 376439824 131232 33587976 2031620 1174409260 117484160 26784 67149920 185204736 3249547008 3937840 68 2 1342179329 65600 1073742081 8192 131072 1073751808 2625552 64
is_linear=0
shrinkage=0.05


Tree=82
num_leaves=46
num_cat=6
split_feature=28 28 0 3 9 4 21 28 28 16 28 13 16 21 23 6 8 0 28 4 22 16 21 23 9 1 16 0 21 23 16 14 16 22 0 23 10 21 21 21 21 16 1 1 1
split_gain=8.41526 2.14592 1.79838 2.31413 1.53038 1.45406 1.65425 2.30975 2.27555 1.22075 1.20262 1.34447 1.10642 1.02916 0.968736 0.809391 0.758134 0.932878 0.689325 0.626543 0.619287 0.516051 0.568683 0.476394 0.44972 0.419911 0.380261 0.316305 0.224662 0.224285 0.17844 0.156613 0.117663 0.11471 0.100726 0.0971128 0.0961885 0.0940203 0.143495 0.126324 0.0912908 0.0900865 0.05538 0.0546937 0.0223268
threshold=0 1 -2.9211155176162715 1.4995941519737246 1.630712687969208 1.8017743825912478 -0.19645468145608899 2 3 -1.6032705307006834 4 1.8267943263053896 0.39807130396366125 0.38686366379261022 0.93777957558631908 -0.6350865066051482 -0.93164256215095509 -1.763329744338989 5 -0.2746568471193313 5.3233747482299814 -1.1331608891487119 -0.2142519801855087 -0.59543713927268971 3.8411591053009038 -3.4644418954849239 1.357745409011841 1.1821721792221072 1.3038127422332766 1.5309311151504519 -1.9111124873161314 -1.5523086190223692 -0.58821496367454518 0.74051085114479076 -1.0193548798561094 1.2510157227516177 -1.8376781344413755 -0.1707612872123718 0.60118514299392711 1.0034772753715517 1.688525438308716 -0.090996127575635896 -0.12378840148448943 1.6884863376617434 -1.0493968725204466
decision_type=9 9 8 8 10 10 8 9 9 10 9 10 10 10 10 8 8 8 9 8 10 8 10 10 10 8 8 10 10 10 8 8 10 10 8 10 10 10 10 10 10 10 8 10 10
left_child=2 4 13 5 15 6 8 12 -4 -9 28 -12 14 -1 33 23 17 24 26 27 -11 -21 42 -2 29 -24 37 32 -5 -6 -20 -27 -17 -8 35 -18 -29 -3 43 -40 -32 -25 -23 -39 -41
right_child=1 18 3 10 16 -7 7 9 -10 20 11 -13 -14 -15 -16 19 34 -19 30 21 -22 22 25 41 -26 31 -28 36 -30 -31 40 -33 -34 -35 -36 -37 -38 38 39 44 -42 -43 -44 -45 -46
leaf_value=-0.00065939487081508779 -0.0017636832484350107 -0.0012557653357052106 0.0053623567708778524 0.0040164544515624082 -0.0062297034752364852 -0.0033849739950874446 -0.0032533996127822465 -0.0011875063595917508 -0.0068827711159826629 0.011802976173329274 -0.0098248822083369988 0.0018606004797554387 -0.0056100879714537462 0.01286240679631416 0.0064547072834786022 -0.00048821056414476984 0.0083713950313090355 0.0043756263874067348 0 0.0013800444945617453 0.0003524980586941489 0.001256619501452248 0.00054063270991753978 0 0.0013420965445509112 -0.00013178950060014236 -0.0045983443006829428 0.00051607422110213003 -0.00090014846600026336 0.00025630092424097189 -0.0070855509514592754 -0.007893760861109541 0.0032662156770157298 0.000449875258528854 0.00021262619582180671 0.00074702436976707893 -0.0027848977181703979 0.002327139711232377 -0.0021423811645961419 0.00137375862847739 -0.00027316763766410917 0.0047676853851293943 -0.00082911747922569513 -0.00026387766849378358 -0.00017616082664225025
leaf_weight=10.030517856270306 19.162741888765595 44.192457455988915 13.864963777159572 19.017348135908836 18.172799127627517 13.84342722900328 11.540864534355935 11.957807202619732 21.634823826694628 140.0125971778034 25.743808228129637 15.491055480641078 18.589841294597136 56.067629144265084 16.835091411106987 10.073151572854838 21.223285500644124 15.700045455800135 10.392074095740098 10.577754221143548 16.912447261420311 15.76700178995088 10.11252391169546 10.152388307353247 13.329141199952572 10.032517246116184 17.084356956453121 10.05483066555462 10.162860043288672 10.075299418895154 245.40248770434118 82.577233529707883 27.061799743925803 12.481061103448154 10.044667296460828 17.503535323558026 15.815703742933691 44.189296851574909 20.594312317844015 10.063089517410846 10.744143271331266 24.152754063237808 12.614596176470515 10.023207280639324 13.755122993461553
leaf_count=3666 16866 93936 9320 3906 12632 4950 3696 2042 9996 32838 7712 3042 4369 6944 2473 9898 10624 11791 30783 9738 4188 21319 6588 9625 6833 7958 31413 10288 1208 4689 701108 63586 24310 3339 7312 9052 19866 71052 28324 12547 26004 21283 21721 15631 16829
internal_value=0.000162705 -0.00281739 0.00549523 0.00321803 8.00531e-05 0.00512807 0.00605883 0.00742724 -0.00188051 0.00958012 -0.00327427 -0.00609791 -0.00100884 0.0113671 0.00285385 -0.00195891 0.00411798 -0.000203457 -0.00500688 -0.00326888 0.0109764 -0.00470894 -0.00547319 0.00216391 -0.00343213 -0.00669153 -0.00142503 0.000575856 0.00244504 -0.00516689 -0.00648372 -0.00742898 0.00249466 -0.00225755 0.00677758 0.00734462 -0.00194143 0 0.000762953 -0.00084691 -0.00690742 0.00416198 0.000328256 0.00190335 0.000897895
internal_weight=1204.83 790.644 414.186 348.088 364.204 277.673 263.829 228.33 35.4998 168.883 70.4151 41.2349 59.4469 66.0981 40.857 258.155 106.049 57.2773 426.441 204.687 156.925 141.682 131.104 53.4679 41.5772 102.722 159.902 63.0055 29.1802 28.2481 266.539 92.6098 37.135 24.0219 48.7715 38.7268 25.8705 142.817 98.625 44.4125 256.147 34.3051 28.3816 54.2125 23.8182
internal_count=1437295 1333606 103689 93079 305979 77211 72261 52945 19316 39068 15868 10754 13877 10610 9508 243046 62933 35945 1027627 195272 37026 130910 121172 47774 24154 78132 269732 64362 5114 17321 757895 71544 34208 7035 26988 19676 30154 238319 144383 57700 727112 30908 43040 86683 29376
cat_boundaries=0 5 10 14 19 23 28
cat_threshold=5771264 3227516937 4194304 65540 5120 67141634 269032768 572590147 1175489857 8336 0 2153775104 0 65536 5242880 3225419776 4194304 65536 1024 528384 2153775112 0 4 2164269728 152436770 3222410028 285225632 131104
is_linear=0
shrinkage=0.05


Tree=83
num_leaves=48
num_cat=9
split_feature=28 28 21 2 9 21 28 28 25 9 16 21 2 28 18 4 28 21 4 16 22 25 18 22 15 13 14 1 15 10 28 23 28 28 1 7 23 21 6 4 21 7 15 11 10 23 24
split_gain=8.48032 2.74049 1.71225 2.29326 1.59079 1.37398 1.58538 0.941126 0.769576 0.732463 0.776628 0.958202 1.15226 0.686619 0.692066 0.684642 0.608254 0.783624 0.541088 0.455688 0.430042 0.410698 0.424269 0.357192 0.352189 0.322033 0.312046 0.343311 0.258667 0.22869 0.222699 0.220815 0.201909 0.198329 0.193458 0.150027 0.137124 0.130666 0.0903396 0.0711519 0.0646769 0.0568193 0.0551337 0.0505125 0.0472806 0.0288777 0.0232874
threshold=0 1 1.6492661833763125 -0.22900647670030591 1.5447939634323122 1.5119332075119021 2 3 0.54662698507308971 3.9980844259262089 -0.70785230398178089 0.02386563736945391 -0.90596333146095265 4 -0.36016318202018732 0.39726172387599951 5 0.047478258609771735 2.5449186563491826 -0.037363402545452111 13.521341323852541 0.12996032088994983 1.1207925677299502 0.83728754520416271 1.3568892478942873 -0.09482258558273314 -1.7422989606857298 -4.5523078441619864 1.3150482177734377 1.4434318542480471 6 -0.4195683747529983 7 8 1.8071293830871584 1.1627014279365542 1.1152718067169192 1.0966746807098391 -0.99947315454483021 -1.4034972190856931 -0.23307199776172635 -1.0458109378814695 0.27660842239856726 -3.9863127470016475 10.82504463195801 1.407110929489136 -1.3174241185188291
decision_type=9 9 8 10 8 10 9 9 10 10 8 8 8 9 10 8 9 10 10 10 10 10 8 8 8 8 8 8 10 8 9 10 9 9 8 8 8 10 8 10 8 8 10 8 8 10 8
left_child=2 -2 3 8 33 7 -7 21 16 10 25 12 41 14 -10 45 17 -1 20 -8 26 32 24 31 30 39 43 -28 -24 -21 -23 -17 -3 -4 -18 -27 -25 -11 -29 -9 -26 -12 -32 -13 -40 -14 -41
right_child=1 5 4 -5 -6 6 19 9 13 37 11 18 15 -15 -16 23 34 -19 -20 29 -22 22 28 36 40 35 27 38 -30 -31 42 -33 -34 -35 -36 -37 -38 -39 44 46 -42 -43 -44 -45 -46 -47 -48
leaf_value=-0.0048996085112152426 -0.009089238642908155 -0.0031879203330994598 -0.00066059071581927816 0.012042677826202795 -0.0064874734260976404 -0.0035521266927299555 -7.1262443041085125e-05 0.00043940139688240787 0.0018450180507230567 -0.00036709516874923334 -0.00021362187394594588 0.00089089670872734327 0.0045421191984521461 0.0024397723802874489 -0.0063846022479305507 -0.0015719211939122662 0.0072046281524077637 0.003065876685094472 0.0011912116380041217 0.0089592372531650828 0.00075283390597544544 0.0020013316153127962 0.0015182496329259956 -0.0043984256643391393 0.00024374095897393051 0.0038539510351105334 0.00022365999842380381 -0.00034232788826851659 -0.0028192760462092703 6.9066514337074469e-05 0.00021078702831662643 0.0025519036602247901 0.0010474106068416216 0.0048413062542899451 0 -0.00050380950658121656 0.00029568524640611487 0.003393451649290195 -0.007559475128728909 -0.002594374617234 0.005964954132058083 -0.0056652757453643865 -0.0025797751335189783 -0.0011378105612210904 -0.00085915150212033387 0.00015034496353974916 -3.0564106260951895e-05
leaf_weight=10.140325962362114 75.259195219441608 15.666945457589463 10.180156254937174 120.69308488661773 17.679052108825999 18.678089450579137 18.238576048941468 15.394524250375978 10.552733390126376 19.604084110673288 11.477350673616455 12.160290676358271 51.573953081206128 28.054364213181543 24.91080587633769 10.108393380454798 50.804904857650399 15.72373493015766 11.169754519200067 34.722120714795892 11.009234489843946 11.829487116410744 20.871669122745516 17.888905761588831 11.938572849918272 22.574655786687799 12.401284204061083 11.472953664742816 21.705568411838613 10.014402496191904 10.487312049008326 32.178872766213317 10.958412019113894 14.921556866320316 10.165650982031364 10.475214325895648 10.082545918747202 11.76602074067341 211.67437871965376 10.305892453790873 34.780086267666775 31.405101541269687 16.044472883077106 10.123896686622176 18.413710097702278 10.043466054703456 16.557206554956796
leaf_count=1111 226161 10541 3052 16097 5251 23270 14534 27065 3313 19492 30143 14283 88743 13174 4661 17083 18219 968 15722 19051 14854 19846 21802 33024 20684 31395 15467 15871 28039 7553 10648 57286 20584 1404 3478 19103 17942 10737 267688 15152 29910 80180 13244 13708 52003 17890 25722
internal_value=9.13476e-05 -0.00241764 0.00647076 0.00793236 -0.00132256 -0.00121593 0.00359925 -0.00196872 0.00242596 -0.00281973 -0.00332216 -0.00401916 -0.000732069 -0.00124846 -0.00378736 0.00170323 0.00462433 -0.00102678 -0.00554845 0.00616651 -0.00596309 0.00119224 0.00237747 -0.00133555 0.00382685 0.000873653 -0.00632043 -0.00674092 -0.000967375 0.00810871 -4.38577e-05 0.00119439 -0.00211285 0.00414582 0.0060009 0.00294078 -0.00353769 0.00220042 -0.00709266 -0.00140645 0.00543645 -0.00516045 -0.00176386 -0.000111106 -0.0072902 0.00425909 -0.00212703
internal_weight=1204.88 891.057 313.826 271.046 42.7808 815.797 81.6532 734.144 150.353 579.862 548.492 473.184 174.759 63.5179 35.4635 131.876 86.8346 25.8641 298.426 62.9751 287.256 154.283 127.657 70.2587 85.0799 75.3075 276.247 253.962 42.5772 44.7365 38.3613 42.2873 26.6254 25.1017 60.9706 33.0499 27.9715 31.3701 241.561 42.2576 46.7187 42.8825 26.5318 22.2842 230.088 61.6174 26.8631
internal_count=1437148 1366420 70728 61021 9707 1140259 64408 1075851 44924 900553 870324 751887 342291 21148 7974 231968 23776 2079 409596 41138 393874 175298 144173 125335 94332 118437 379020 351029 49841 26604 43738 74369 31125 4456 21697 50498 50966 30229 335562 67939 50594 110323 23892 27991 319691 106633 40874
cat_boundaries=0 5 10 15 20 25 30 35 40 44
cat_threshold=5771264 2097152 4194304 65536 4096 1350650892 8422032 143401104 671236104 100611 2701262928 135808033 51383810 304352257 9284 2164293632 2551710729 570427906 35654917 9236 1048576 2097152 0 0 4096 4096 0 0 0 4096 16777216 270009344 570427394 33556481 1040 32768 269485057 570425856 3072 8208 4718592 0 4194304 65536
is_linear=0
shrinkage=0.05


Tree=84
num_leaves=47
num_cat=11
split_feature=28 28 7 28 23 10 13 28 2 2 14 28 28 19 28 2 2 28 24 3 23 10 28 2 20 22 23 2 22 28 22 12 2 24 23 9 22 22 1 5 2 22 4 28 24 4
split_gain=8.49967 1.59237 1.03411 1.04815 1.22759 0.977761 1.00182 1.3806 1.59308 1.40714 1.07446 0.783996 0.746118 0.64547 0.771652 0.565021 0.63151 0.793546 0.677581 0.428961 0.401305 0.385917 0.35552 0.29755 0.238798 0.21852 0.212375 0.210671 0.1979 0.181823 0.265997 0.164034 0.161952 0.135919 0.114223 0.0817429 0.0811824 0.0760967 0.0625011 0.0500274 0.0497365 0.0495104 0.056245 0.0258078 0.0247565 0.0200874
threshold=0 1 2.3133504390716557 2 -0.65423756837844838 9.7571830749511737 1.6471357345581057 3 -0.38913480937480921 -0.37572389841079706 -1.0270107984542844 4 5 -1.3392328619956968 6 -0.95320132374763478 -0.2810561060905456 7 1.0568633675575259 0.034752784296870239 0.96703615784645092 1.7892992496490481 8 -0.17459411919116971 0.40873016417026525 1.6447482109069826 -1.0000000180025095e-35 -0.43978983163833613 1.156224310398102 9 -1.341646611690521 1.1289413571357729 -0.74223098158836354 0.061258973553776748 0.93777957558631908 1.6610962748527529 5.5293741226196298 -3.6718209981918331 2.7167093753814702 -0.54633167386054982 -0.44458827376365656 1.1820266246795657 1.0505970716476443 10 1.0132251381874087 -0.90766790509223927
decision_type=9 9 8 9 8 8 10 9 10 10 10 9 9 10 9 10 8 9 10 10 10 8 9 10 10 10 8 10 10 9 10 10 10 10 10 10 10 10 10 10 10 10 10 9 10 10
left_child=5 23 3 4 13 6 7 8 25 19 20 -8 40 43 35 -6 22 33 24 26 -10 -14 -17 -2 -19 -1 -9 -21 38 30 39 -12 45 -18 -28 -15 -30 -13 -24 -5 -4 42 -34 -3 -35 -32
right_child=1 2 12 29 15 -7 11 9 10 -11 31 37 21 14 -16 16 17 18 -20 27 -22 -23 28 -25 -26 -27 34 -29 36 -31 32 -33 41 44 -36 -37 -38 -39 -40 -41 -42 -43 -44 -45 -46 -47
leaf_value=0.0049207098569136864 -0.0086194967854066225 0.002224691781231216 0.0021540766923714969 0 -0.0022235041219196556 -0.0022737140163741343 -0.0011383900995558304 0.0036579178130233987 -0.0018110308797272224 0.0085869662994256871 -0.0081313215179002456 0.00092777001649911996 0.00034112104745776157 -0.0073027947895298153 0.0013913507023416887 -0.00090648403218630553 -0.0044838059887716613 -0.00030163093833880872 -0.0020133584529477794 -0.0039965207071442858 0.0041106915735012305 -0.0079748741719930429 0.0075630766278004446 -0.00075746761685984505 0.0061402786360993666 -0.00040851440183557275 -0.0019627142288890136 0.00078744962145845519 -0.00060617705571401875 -0.0043363374954777682 1.991829212232528e-05 -0.00013348139481404571 0.00090366510579933945 0.00074558065338994851 0.0010867103586076866 -0.00030727964649202553 0.0019850116775616496 0.011865786690744555 0.00037460580542633031 -0.0033419978097200594 -0.00030411259868963996 0.0021281248649382147 -0.0011104024819096809 -0.00013887173622990399 -0.00068761427157246159 -0.0018270013410193111
leaf_weight=37.62573700241046 94.640412284410559 12.172207604147841 10.418794503435494 10.136769716584238 13.307915368546672 12.636813357312347 11.104596475604922 28.516615203712718 13.074834136874417 107.62635277950903 31.131444012047723 11.791581059922462 10.047377970622618 39.396426981227705 26.671522559641744 11.336234026617602 19.703848531309632 10.233612238589556 15.852392125787444 14.049429032515038 10.842940117814576 67.205046645904076 71.577267884582398 26.002217165405455 33.584759770907112 13.399145952193065 10.822703740821455 12.218256922962608 22.215489999267447 83.153626895218622 11.014414502831643 10.201933025644392 27.597311307283235 10.083201181056213 14.901188183459452 10.774465809256069 10.124734588935096 74.982487792120082 10.195075418741906 36.419940911146114 10.219569353197583 38.759362005686853 12.648914239427539 10.144537147200028 10.259580940357408 13.72534892488329
leaf_count=9858 271498 2862 29900 16499 32871 10599 3366 11823 2136 19716 5747 1913 8269 17788 66167 22959 9705 5153 8444 4512 1337 119065 81809 64592 17529 4065 4281 2514 26054 224148 24809 1976 39513 4935 6731 2755 11105 10592 11821 60814 19554 58544 18695 23125 5754 29826
internal_value=5.39402e-05 -0.0029397 -0.00162328 -0.000613374 0.00112009 0.00541201 0.00600882 0.00353637 -0.000746467 0.00560144 -0.00465822 0.0098689 -0.00539167 -0.00268242 -0.00434341 0.00294825 0.00362057 0.000255841 0.00294542 0.000240425 0.00177056 -0.00662438 0.00543153 -0.00724799 0.00522355 0.00396221 0.00228662 -0.00264832 0.00587333 -0.00283295 -0.000977562 -0.00736578 0.000482854 -0.00309033 -0.000579062 -0.00614063 0.000857089 0.0105287 0.007187 -0.00294977 0.00132484 0.00146852 0 0.0020164 0 -0.0014746
internal_weight=1204.55 789.622 668.98 571.089 337.633 414.926 402.289 304.411 116.276 188.135 65.2512 97.8787 97.8908 99.1592 76.8424 238.474 225.166 99.7174 59.6708 80.5082 23.9178 77.2524 125.449 120.643 43.8184 51.0249 54.2405 26.2677 114.113 233.456 150.302 41.3334 103.745 40.0466 25.7239 50.1709 32.3402 86.7741 81.7723 46.5567 20.6384 79.0056 40.2462 22.3167 20.3428 24.7398
internal_count=1437728 1336562 1000472 823684 350836 101166 90567 74696 25119 49577 11196 15871 176788 112697 86710 238139 205268 51520 31126 29861 3473 127334 153748 336090 22682 13923 22835 7026 130789 472848 248700 7723 171387 20394 11012 20543 37159 12505 93630 77313 49454 116752 58208 25987 10689 54635
cat_boundaries=0 5 10 15 19 24 29 34 38 43 48 53
cat_threshold=5771264 3223322633 4194304 65540 5120 1082477828 75555472 210501648 671236104 98307 2147615362 5246304 570431555 101756225 176 0 3221225481 0 65540 0 2149580800 0 0 1024 402653184 453705728 1361125636 1411646000 8976 128 4196352 33554435 67118400 32 2147614848 1049632 2051 3328 512 4195648 4096 32833 144 654352480 269422596 3224503980 285213312 139264 0 2304 1 1048576 128
is_linear=0
shrinkage=0.05


Tree=85
num_leaves=41
num_cat=11
split_feature=28 28 21 21 18 15 28 23 28 28 15 21 15 10 23 23 5 23 21 21 28 28 28 21 13 21 28 15 10 21 14 24 28 19 18 15 15 15 28 5
split_gain=7.63726 2.00299 1.90547 1.83779 1.32763 1.21379 1.02589 0.715541 1.78561 1.04583 0.842413 0.717761 0.841506 0.709697 0.708569 0.69887 0.674126 0.666275 2.10833 1.65895 1.8345 1.30168 1.09564 0.982878 0.739142 0.703574 0.603579 0.503816 0.372553 0.280931 0.387118 0.279695 0.258982 0.245104 0.190484 0.112949 0.0954188 0.0708761 0.0309119 0.0247781
threshold=0 1 0.016172843985259536 1.6113851666450503 1.6918814778327944 2.108655691146851 2 -0.22046526521444318 3 4 0.84329763054847728 0.47266431152820593 2.3240602016448979 4.9997477531433114 0.99503514170646679 -0.45725324749946589 -0.42785859107971186 0.13957249373197558 0.15068907290697101 0.33678472042083746 5 6 7 1.6113851666450503 1.6281626224517824 0.7006404995918275 8 3.1988390684127812 1.9705503582954409 1.3502571582794192 -0.45522914826869959 1.2072676420211794 9 -1.6956087350845335 -0.074380364269018159 -0.10302162542939185 0.24890106171369555 5.5403320789337167 10 0.1064923442900181
decision_type=9 9 10 10 8 10 9 10 9 9 10 10 10 10 10 8 10 8 8 10 9 9 9 10 10 10 9 10 8 10 8 10 9 8 10 10 10 10 9 10
left_child=1 2 15 13 17 14 -2 9 10 38 -9 27 39 -4 -5 -1 -6 19 22 20 -3 23 -19 24 -20 -23 -21 34 31 30 -18 -14 -31 -11 -12 -10 -28 -35 -8 -13
right_child=6 4 3 5 16 -7 7 8 35 33 11 12 28 -15 -16 -17 29 18 21 26 -22 25 -24 -25 -26 -27 36 -29 -30 32 -32 -33 -34 37 -36 -37 -38 -39 -40 -41
leaf_value=0.002837733025802959 -0.0088060171108989404 -0.0051921975540175315 0.011884987669684495 -0.0018059043536821943 0.0019800309123338719 -0.0055778821095860713 -6.4530791507465493e-05 0.0055056894290808856 -1.288594947478265e-05 -0.00030362970150728567 -0.0014470779672113221 -0.0030556051720970301 0.0069747024852944489 -0.0001622548701422253 0.0066669998540403426 -0.0047592824492668703 0.00037551858432143448 -0.0024338511914508091 -0.0089622336589120985 -0.0011945032658097819 0.0046574554621447786 -0.0021768389561317657 0.0074768062596288001 0.0019827910308310164 0.00099368116166754974 0.0057335627085918044 0.00087099704527483226 -0.0054717074413869896 -0.00066428341787602404 -0.0020734374855512455 -0.0071528907735751192 -0.00026781552623425991 0.0021993302093215482 -0.0077484140782635574 0.0024433618536690263 -0.0048532596037685694 0.0094946788263443275 -0.0012493937419513982 0.0019091102916179567 0
leaf_weight=10.211852018532225 53.225180751462176 43.548697064383305 125.03905962296994 12.189741086214783 20.552980573440436 11.359978554566622 24.590585702229873 53.891718423001294 15.416886219754813 21.155067679355852 12.841276802791983 11.304012291366236 29.168646964084473 10.832609402044907 11.186349678813711 18.149264772931932 13.892847320734289 10.012107751608708 59.541224218381103 10.028877905773696 28.307469173611025 12.671199909746067 42.931355452805292 10.768942210619569 10.348849561938549 16.846836819124292 15.863868810716665 28.661433268185647 14.320889755428651 10.750577826009247 34.900976980818086 10.182742902812604 11.029577262816021 100.22129357490485 17.854506474119262 132.37928769216524 70.26721282460494 29.044864924406284 16.110822339207516 10.140674978640162
leaf_count=4565 164031 18189 26213 2624 15645 2284 61167 73643 40195 40685 25607 14374 19181 2604 1677 9056 7514 15213 10421 7520 27157 11242 14789 1835 1798 13062 3521 50386 14265 2994 18496 6743 4270 205878 31912 345502 17025 57160 38925 8669
internal_value=-5.06677e-05 0.00363357 0.00718369 0.00912855 0.00126477 -0.000550392 -0.00397141 -0.00262507 -0.000989661 -0.004788 0.00202849 -0.000342531 0.00229679 0.0111123 0.0039607 -0.00189477 -0.00300493 0.00272613 0.000210068 0.00453755 -0.000995905 -0.00339892 0.00577209 -0.00562548 -0.00764673 0.00270164 0.00763284 -0.00325132 0.00466212 -0.00471722 -0.00585355 0.0059435 6.29783e-05 -0.00615118 0.000865682 -0.00428774 0.008241 -0.0070718 0.00133906 -0.00267291
internal_weight=1201.74 621.232 198.969 170.608 422.264 34.7361 580.51 527.285 336.162 191.123 188.366 134.474 75.117 135.872 23.3761 28.3611 91.127 331.137 163.121 168.016 71.8562 110.177 52.9435 80.659 69.8901 29.518 96.16 59.3572 53.6723 70.574 48.7938 39.3514 21.7802 150.421 30.6958 147.796 86.1311 129.266 40.7014 21.4447
internal_count=1438037 239714 49023 35402 190691 6585 1198323 1034292 630477 403815 244780 171137 63232 28817 4301 13621 48919 141772 68360 73412 45346 38358 30002 14054 12219 24304 28066 107905 40189 33274 26010 25924 7264 303723 57519 385697 20546 263038 100092 23043
cat_boundaries=0 5 10 15 20 25 29 32 37 42 46 51
cat_threshold=5771266 3227518281 541132869 67176708 5248 4722688 0 4194304 65536 4096 1350913028 8397440 524304 671236104 98307 41185 16914468 1108349994 3276842048 544 2367684872 270073874 2418049280 268440225 139348 0 2153775113 536936449 260 1048576 3221226497 67653 2 2149582144 65600 2308 128 0 1077936128 2048 67109120 1024 1048576 2097153 2048 67108864 2283798792 0 32768 268435585 4
is_linear=0
shrinkage=0.05


Tree=86
num_leaves=45
num_cat=7
split_feature=28 28 0 3 4 28 9 13 2 27 0 15 18 28 28 23 15 18 23 18 9 18 4 0 0 18 23 28 15 18 4 23 0 15 23 18 6 0 9 18 4 9 18 18
split_gain=7.97741 1.90682 1.39626 1.97166 1.36992 1.32476 1.31911 1.15849 0.965868 0.845911 0.779616 0.740029 1.28019 0.735312 0.69514 0.639459 0.573187 0.557662 0.525117 0.888379 0.541701 0.492463 0.373759 0.309665 0.294517 0.268151 0.263427 0.219429 0.208742 0.200931 0.197806 0.19265 0.114865 0.112365 0.0996484 0.090639 0.074304 0.0694954 0.434676 0.0545426 0.0425736 0.0363388 0.0288581 0.0218996
threshold=0 1 -2.9211155176162715 1.4757797718048098 1.7802196741104128 2 3.5853606462478642 1.7449898123741152 -0.23402682691812512 3 -1.7802571654319761 7.8095550537109384 -0.1319608390331268 4 5 1.3642156124114992 5.6530468463897714 0.10888615250587465 1.5142303705215456 1.1945245265960696 -0.21527080237865445 1.774466931819916 -1.0416403412818906 -0.50652402639389027 -0.29509444534778589 0.80106288194656383 0.8514261543750764 6 0.473922148346901 1.9875568151474001 2.1066441535949711 1.1700220704078677 -1.0747061967849729 5.5403320789337167 0.21468574553728106 2.3146071434021001 -0.44709607958793635 -1.9599010944366453 1.723101854324341 -1.5338547229766843 1.3644951581954958 1.2769098281860354 0.26942189037799841 1.1695448160171511
decision_type=9 9 8 8 10 9 10 10 10 1 10 10 8 9 9 10 8 8 10 8 10 10 8 10 10 10 10 9 8 10 10 10 10 8 8 10 8 8 10 10 10 10 8 10
left_child=2 6 8 4 11 21 10 -7 -1 16 15 12 13 -4 32 30 25 -13 20 -20 22 -5 39 -15 31 28 33 -11 -3 -8 -2 -22 -14 -24 -26 43 -18 41 -39 -12 -17 -16 -30 -27
right_child=1 9 3 5 -6 7 29 -9 -10 27 18 17 14 23 37 40 36 -19 19 -21 24 -23 26 -25 34 35 -28 -29 42 -31 -32 -33 -34 -35 -36 -37 -38 38 -40 -41 -42 -43 -44 -45
leaf_value=-0.00075260019150920647 -0.0065206659463408496 0.0027134585790893253 0.0034511227397713458 0.0048208787924542001 -0.0032588978929185817 -0.0097740374114209695 0.0065318883934369397 0.0014818670047903812 0.011905909648426673 -0.0019799392485926447 -0.00018814287614425012 0.0029736957944050835 -0.0017914487928761638 0.0008901276891284983 -0.00023509178045993349 -0.00038806782385286724 -0.00013166212302476683 -0.0036809290979117251 -0.0061313516600589027 0.0023998464096699652 0.0055210940853370706 -0.0017969745718860578 -0.0042672540031654053 -0.004819302618207435 0.0011051415755570131 -0.00025210457771645211 0.0011054446828819512 -0.0091251543720972158 -0.00098829688905211562 -2.0927748824551399e-05 4.0792787080016998e-05 -0.00015524628363546331 0.0012214471902146226 0.0001326837547702089 -0.0017612373603444042 0.00047561461184457925 -0.0059723570429666018 0.010728969741339573 6.1173382663250539e-05 0.0025839370053989462 0.0015773091056237949 0.0018817222111387377 0.00032786587234612361 -0.0028672914091409304
leaf_weight=10.119874587166121 57.387940821230586 32.058172827506496 22.864239945367444 24.651226956557366 14.714856655264155 21.512140652324888 23.826953709402005 15.722184700804062 56.321939972112887 75.989699621786713 11.282577620964732 11.088112447730962 10.091348889283838 13.754081606108228 10.228511773981156 14.966129031046878 10.181395431820418 16.092555497132711 18.198839219156071 17.657086898208945 51.356875214085449 11.072255526145453 37.177335975211463 22.082958792554564 12.452743404239298 24.700945236414555 12.892300590901867 100.75936924725829 56.414683038790827 11.729478493536588 10.485239685775012 12.430065219174137 16.986971448524855 11.314310830348402 10.319578266091414 10.682612108386818 35.054818230702949 118.48753612147993 11.735820377361959 17.269898137674318 15.736206279878386 10.673079776781377 29.584159315556462 59.910270552274596
leaf_count=3841 62349 70506 10895 3908 5220 7684 11945 3662 6742 181410 14997 3622 4656 4293 2052 12843 22514 4901 17525 11297 38149 1368 39310 8709 8017 50745 13587 298562 115920 6761 9554 7215 6069 11357 6309 19932 85492 24452 2169 17446 11139 1645 70214 115316
internal_value=3.23984e-05 -0.0028951 0.00519165 0.00314128 0.00490713 -0.00281748 -8.63919e-06 -0.00613539 0.0104397 -0.00490301 -0.00134224 0.00582442 0.00659101 0 0.00828496 -0.00413459 -0.00214206 -0.000733662 0.000475885 -0.00292099 0.00168053 0.00256091 -0.000872233 -0.00298048 0.00371773 -0.00059438 -0.00255287 -0.00735465 0.000854383 0.00556285 -0.00587728 0.00478885 -0.000239205 -0.00364368 -0.000442723 -0.00209999 -0.00546957 0.00907749 0.010079 0.00200237 0.000910445 0.00134004 -0.000544684 -0.00251819
internal_weight=1200.02 781.82 418.2 351.758 278.8 72.9578 346.484 37.2343 66.4418 435.336 310.927 264.085 236.905 58.7013 178.203 98.5755 258.587 27.1807 212.352 35.8559 176.496 35.7235 89.9364 35.837 86.5593 213.351 61.3839 176.749 118.057 35.5564 67.8732 63.7869 27.0783 48.4916 22.7723 95.2938 45.2362 151.125 130.223 28.5525 30.7023 20.9016 85.9988 84.6112
internal_count=1436299 1330411 105888 95305 78683 16622 299800 11346 10583 1030611 281094 73463 64940 23897 41043 95885 550639 8523 185209 28822 156387 5276 96697 13002 59690 442633 64254 479972 256640 18706 71903 45364 10725 50667 14326 185993 108006 30318 26621 32443 23982 3697 186134 166061
cat_boundaries=0 5 10 15 16 21 26 31
cat_threshold=5771264 3223322633 4194304 65540 5248 67141634 274275648 572590145 1174441281 8208 528384 2149580808 0 4 4096 1120 5767168 1075838976 0 0 1152 0 2149580800 0 4 1024 2197816032 134610946 2148534048 290468512 131108
is_linear=0
shrinkage=0.05


Tree=87
num_leaves=44
num_cat=10
split_feature=28 28 7 21 7 16 23 23 0 28 15 23 28 15 28 16 23 28 16 16 24 16 23 28 28 23 16 0 16 21 24 3 19 28 15 16 28 16 21 21 7 16 21
split_gain=6.82879 1.89766 2.325 1.35958 1.3497 1.68466 1.99545 1.29174 1.39253 1.09765 1.03245 0.800268 0.767473 0.773096 0.922733 0.751513 0.739597 0.593738 0.48782 0.498699 0.345204 0.340545 0.271267 0.269236 0.223859 0.215465 0.184999 0.163725 0.146049 0.13054 0.122527 0.104367 0.102847 0.101742 0.0638809 0.063734 0.0511548 0.0492617 0.0303568 0.0998321 0.0291829 0.0251766 0.0230479
threshold=0 1 0.83177959918975841 1.77891480922699 2.209586620330811 0.057072985917329795 0.21468574553728106 -0.84671476483345021 1.2225779294967654 2 0.24890106171369555 1.0755168199539187 3 5.3174157142639169 4 -0.55510050058364857 -0.84671476483345021 5 0.68722841143608104 2.0565131902694707 -0.019512309692800042 -0.55510050058364857 1.9328346848487856 6 7 1.4219083786010744 -0.30438855290412897 -2.6949917078018184 0.90013673901557933 1.2031026482582095 1.4676618576049807 0.2091975808143616 -1.6373957991600034 8 3.8679149150848393 -2.1741254329681392 9 -1.4396021366119383 0.60118514299392711 0.98886850476264965 -0.18794570118188855 0.95040088891983043 0.10992781445384027
decision_type=9 9 8 8 8 10 10 10 10 9 10 10 9 8 9 8 8 9 10 10 8 10 10 9 9 10 10 10 10 8 10 10 10 9 10 10 9 8 8 10 10 8 8
left_child=1 2 11 21 5 6 10 20 23 32 31 15 -2 14 28 -1 -17 -15 27 -20 -7 -4 -23 30 35 -25 -11 -6 34 41 -9 -3 -8 -22 36 -12 -14 -19 -38 -40 -26 -16 -30
right_child=12 4 3 -5 18 7 9 8 -10 26 24 -13 13 17 29 16 -18 37 19 -21 33 22 -24 25 40 -27 -28 -29 42 -31 -32 -33 -34 -35 -36 -37 38 -39 39 -41 -42 -43 -44
leaf_value=0.0022258764160440372 -0.0083830088738167507 0.00022716229343867315 0.00035332944427765329 -0.00094123635004287492 -0.0014090780496231184 0.0017236103145694748 -0.00051100439554950343 0.0087220810845332394 -0.0029701468772698747 -0.0011066746138209931 0.0003028649438423655 0.0039786155948635651 -2.8849667776234182e-05 0.00088416949395137923 -0.004074845978150581 0.001267257229156396 -0.0076176286576577898 -0.00094226492375286929 -0.007744742611585205 0.00066980409928424941 -0.0041320558262244169 0.012825535809267943 0.00053358035360468359 0.0023100343246700563 -0.00097942696032478458 -0.0016545631195181586 0.003026227423600238 0.0021402573782465235 0.00017646222792365147 0 0.0013228208593958047 -0.0039641577304307596 -0.0097014719694517807 0.00030994640529669959 -0.00043407099326651092 0.0060470468846207347 0.0028088967987782657 -0.0080764761223688659 -0.0010900411327876218 0.0015975858396791961 0.00056127951764670168 -0.00017236361930212779 -0.0014892831478306185
leaf_weight=17.155538354840246 55.299459691610537 10.040877918771004 10.428335003613027 16.136552597439731 16.071133545090564 10.008448764187049 10.451595370483117 127.24622148169146 11.901910598244283 10.467854277056178 12.787571711669441 18.778618945914786 31.830586507523549 21.105857494192605 137.75800295457157 15.170587233908007 22.561804968878278 19.196210029338545 18.823124359943908 12.42960364751343 14.751557689509353 87.580895898499875 10.161764469652551 27.290388579189312 10.989956693258138 14.200583443627691 14.73729460792674 15.427126317910732 10.012024224175546 22.957993461364822 28.375630487207673 11.498386456863953 32.897261651669396 12.256187835344464 10.216302001979782 57.786608870315831 77.111514946518582 58.222121116239578 18.532681954631698 20.760499682168302 12.52662164250796 11.657397079754444 12.155501298031597
leaf_count=4802 173501 5110 1672 4758 13701 4298 2306 21289 6658 5934 3920 7337 76155 49778 359343 5812 9587 45932 8797 4918 2173 12720 2250 22585 9158 11551 6881 4523 24330 55390 5310 3644 8105 9183 19065 16114 152704 137069 29864 26483 6287 30505 25780
internal_value=4.58904e-06 0.00313524 0.00668173 0.0101014 0.00113147 0.00222803 -0.00121746 0.00459426 0.00593825 -0.00599832 0.00254191 -0.000259063 -0.00413477 -0.00268241 -0.00123961 -0.00296203 -0.00530204 -0.00584109 -0.00389593 -0.00598382 -0.00198872 0.0115571 0.0121945 0.00698852 0.00451914 0.000663306 0.00145521 0.000514508 0.00114131 -0.00335311 0.00767377 -0.00314723 -0.00812894 -0.00365524 0.0017107 0.00517565 0.00195594 -0.00687139 0.00224136 0.000373405 -0.000235166 -0.00391501 -0.00106665
internal_weight=1197.76 690.94 197.974 124.308 492.966 430.215 184.184 246.031 209.015 68.554 115.63 73.6665 506.816 451.517 352.993 54.8879 37.7324 98.5242 62.751 31.2527 37.0162 108.171 97.7427 197.113 94.0908 41.491 25.2051 31.4983 180.619 172.373 155.622 21.5393 43.3489 27.0077 158.452 70.5742 148.235 77.4183 116.405 39.2932 23.5166 149.415 22.1675
internal_count=1437282 231383 48938 21400 182445 150506 67459 83047 67393 23226 44233 27538 1205899 1032398 799619 20201 15399 232779 31939 13715 15654 16642 14970 60735 35479 34136 12815 18224 354381 445238 26599 8754 10411 11356 304271 20034 285206 183001 209051 56347 15445 389848 50110
cat_boundaries=0 5 10 13 18 23 28 32 37 40 44
cat_threshold=5771266 3495955785 543230019 67845 5248 4722688 0 4194304 65536 4096 1048578 3489664000 2162689 1073826820 8421504 9207824 2818719752 100355 2164400640 2035744 1073881612 369139712 131120 469794889 24576 269484064 1142425104 8516 1048578 3225421825 1 256 1048578 1075840257 65603 0 1152 0 2049 1 2147484160 987168 8712 67108864
is_linear=0
shrinkage=0.05


Tree=88
num_leaves=45
num_cat=10
split_feature=28 0 28 28 21 16 21 28 7 28 28 8 23 8 8 16 21 0 0 16 28 21 16 18 23 8 9 21 23 5 27 17 28 5 28 0 21 23 18 8 21 21 23 18
split_gain=7.49742 1.36772 1.7185 0.922725 1.31357 1.41791 0.89021 0.879774 0.655078 0.949502 0.716906 0.646393 0.620865 1.13286 0.685122 0.85946 0.598914 1.07752 0.547238 1.38885 0.529668 1.07648 0.52191 0.490741 0.425518 0.386606 0.35714 0.311429 0.278566 0.263644 0.256081 0.191216 0.173611 0.155407 0.14673 0.141764 0.126922 0.113417 0.108562 0.0876237 0.0856078 0.0475107 0.0469039 0.0311539
threshold=0 1.344817101955414 1 2 1.6492661833763125 0.14090377837419513 1.5424491763114931 3 1.9480152130126955 4 5 1.7111432552337649 -0.11674189940094946 0.52311542630195629 2.2049870491027836 0.050092414021492011 0.42074927687644964 -1.9599010944366453 -2.7640763521194454 0.74696731567382824 6 -0.2142519801855087 -0.25458060204982752 -0.78960746526718129 0.21468574553728106 -1.6170448660850523 3.9980844259262089 1.018283009529114 1.2232803702354433 -0.28270658850669855 7 -1.169174790382385 8 -0.77871358394622792 9 -0.48385253548622126 -0.067002482712268815 -0.99560898542404164 0.45220130681991583 -1.7024005651473997 0.6700359880924226 -0.12673907727003095 2.0456635951995854 1.8840609192848208
decision_type=9 8 9 9 8 10 10 9 8 9 9 10 8 10 10 8 10 10 10 10 9 8 10 8 10 8 10 10 10 10 1 10 9 10 9 10 10 10 8 10 10 10 10 10
left_child=1 3 -3 4 16 -6 11 30 9 12 39 20 13 23 15 28 17 24 -18 -20 21 -5 38 -9 -1 -12 -27 33 -14 -13 40 -23 -15 -11 -25 -19 -24 -38 -22 -10 -2 -37 -17 -35
right_child=7 2 -4 6 5 -7 -8 8 10 27 25 29 14 32 -16 42 18 35 19 -21 22 31 36 34 -26 26 -28 -29 -30 -31 -32 -33 -34 43 -36 41 37 -39 -40 -41 -42 -43 -44 -45
leaf_value=0.0014220333030599927 -0.0020645929634845977 0.0040279498899915616 -0.0061507246297398538 0.0030890068257560721 0.0045031072343888461 -0.0055791176409183459 0.0063256104396583806 0.0010059009812146784 0.0021707192366528061 0.0001337859951628494 0.00034260440496423146 -0.00069072356986218291 0.0013634569759741787 0.0044810682441993972 -0.002203391216140401 0.0067516403405330216 0.013418552934387443 0.00587157661599403 0.0064254596262685471 -0.0028646214092647366 0.00042655624531666995 -5.6940112935901442e-05 -0.00039095388546852411 0.00011171254585845195 -0.0050802901684270131 -0.0086291748843341527 2.5869575986231549e-05 0.00058822139420102284 -0.0033508977030297748 0.0052014178034307142 -0.0087572292713039915 -0.0062204840117533354 -0.00062999430800546145 -0.0043366215602302178 -0.0065289586136333443 -0.00077753637471921302 -0.00015771608265659315 0.004255927442768895 -0.0033396921054411385 -0.00068016493320377785 0.00059955445299715094 0.001206189052671159 0.0003353661579534894 -0.00012183016373645726
leaf_weight=11.921123029518641 38.688154082352412 22.875323693151586 29.703438552998705 14.232971453035132 19.825548842491116 20.274930684216088 24.632371915009571 15.512973814817085 15.794842044626423 17.367334297785419 11.080547914178167 10.132157219006332 22.84604397205112 11.268656352011019 16.988085645898536 65.066356223927869 46.945855586789548 40.511037904652767 97.611681718553882 21.831922537385253 10.166037267714271 17.13731829347671 10.149662315219755 15.039167248767624 13.093989402230362 54.960689487190393 11.815849931350384 32.485269467571925 10.047365122773043 16.927585711586289 60.992593519818911 59.444210444693454 10.001780320482796 143.92003499125713 25.466595785925165 11.086336455337007 10.652857401888467 42.156405047528096 12.135759295939353 11.443987824692156 14.818248244133427 10.127433462825136 10.224173829257778 10.025880008266538
leaf_count=2739 97677 9111 28924 6013 3123 3612 8217 28922 40266 35249 13469 3388 31616 9875 27790 85209 4788 10697 16473 4621 6146 5227 10330 38975 3533 111969 14557 53234 12929 6616 190170 18468 26905 311554 24662 4311 4685 21283 6311 22209 34557 3230 13093 20832
internal_value=9.13792e-05 0.00401176 -0.00207571 0.00483309 0.00649697 -0.000806213 0.00159766 -0.00353221 -0.00212439 -0.000956938 -0.00497865 -2.89958e-05 0.00131115 -0.00155918 0.00312603 0.00442645 0.0078269 0.00236938 0.00944397 0.00435367 -0.00138858 -0.00322385 0.00115158 -0.00446832 -0.00303248 -0.00633409 -0.00769953 -0.00297855 -0.00116885 0.00391363 -0.00689862 -0.00544802 0.00379202 -0.00379217 -0.00601757 0.00498073 0.00309076 0.00367326 -0.002446 0.00110077 -0.00122674 0.000281241 0.00640179 -0.00418381
internal_weight=1199.43 573.576 52.5788 520.997 293.23 40.1005 227.767 625.855 511.356 406.26 105.096 203.135 202.461 77.2892 125.172 108.184 253.129 86.7399 166.389 119.444 176.075 90.8145 85.2607 56.0187 25.0151 77.8571 66.7765 203.799 32.8934 27.0597 114.499 76.5815 21.2704 171.313 40.5058 61.7248 62.9589 52.8093 22.3018 27.2388 53.5064 21.2138 75.2905 153.946
internal_count=1437565 191846 38035 153811 57127 6735 96684 1245719 923315 720845 202470 88467 299976 129339 170637 142847 50392 24510 25882 21094 78463 29708 48755 92559 6272 139995 126526 420869 44545 10004 322404 23695 36780 367635 63637 18238 36298 25968 12457 62475 132234 7541 98302 332386
cat_boundaries=0 5 10 15 20 25 30 35 36 40 45
cat_threshold=5771266 3227518281 6357059 65796 5264 1052672 2147483649 2162690 4 5136 5771264 2097152 4194304 65536 4096 1342524676 8430224 143392912 671236104 100611 2181202592 1120288 570431496 101755969 32 209715200 84606976 353379588 1411646000 16896 2 1073741824 2162689 0 144 32 128 1116192 6144 34636864 2147615392 1118208 0 33556545 32
is_linear=0
shrinkage=0.05


Tree=89
num_leaves=49
num_cat=10
split_feature=28 28 21 21 16 15 10 21 28 28 13 22 21 28 8 22 21 16 0 10 5 28 27 15 10 15 21 8 28 28 28 16 22 10 15 5 21 22 21 10 21 16 5 16 2 21 1 16
split_gain=6.69409 2.44655 1.95456 1.50557 1.4599 1.03908 1.62912 1.33529 2.52625 1.69552 1.59014 1.11114 0.827375 0.754574 0.739447 0.715875 0.690608 0.674209 0.696563 0.575531 0.543481 0.480143 0.663331 0.587216 0.365931 0.296846 0.294453 0.278324 0.227429 0.20591 0.201466 0.172583 0.172516 0.168677 0.11478 0.111019 0.10712 0.106816 0.0919013 0.0731638 0.0697909 0.0634925 0.0629413 0.0584155 0.0527084 0.0380151 0.0378317 0.0290919
threshold=0 1 -0.10960838943719863 1.6113851666450503 0.14090377837419513 2.3925141096115117 2.6374530792236333 0.26277697086334234 2 3 1.6104961633682253 0.67114743590354931 1.576451897621155 4 -2.8076424598693843 -0.27764102816581721 0.45491686463356024 -1.7992601394653318 1.261552691459656 5.166346788406373 -0.2785614132881164 5 6 2.965469598770142 5.3444323539733896 0.71984159946441661 0.69069498777389537 -2.0060689449310298 7 8 9 -1.3680734634399412 0.89375174045562755 4.2083904743194589 0.53197821974754345 -0.48182994127273554 0.69069498777389537 -0.79171180725097645 -0.2609990388154983 -0.67886880040168751 0.87026548385620128 0.31971952319145208 0.26683942973613745 -0.075308546423912034 -0.57250526547431935 0.49916994571685797 -0.12378840148448943 -0.15576556324958798
decision_type=9 9 10 10 10 8 8 10 9 9 10 8 8 9 10 8 10 10 10 10 8 9 1 8 8 8 10 10 9 9 9 8 10 8 10 8 8 10 8 10 10 10 10 10 10 8 10 10
left_child=1 2 37 19 -5 7 14 9 15 27 12 -11 16 24 30 26 -10 39 28 44 -13 25 23 36 -8 45 -9 -3 -19 34 -7 -25 -30 -15 -17 -27 38 -1 47 -16 -12 -38 -37 -40 -4 -2 -34 -23
right_child=21 5 3 4 -6 6 13 8 10 11 40 20 -14 33 17 29 -18 18 -20 -21 -22 22 -24 31 -26 35 -28 -29 32 -31 -32 -33 46 -35 -36 42 41 -39 43 -41 -42 -43 -44 -45 -46 -47 -48 -49
leaf_value=-0.003440080550932248 0 0.00075230594563656665 0.00079809350743657392 0.0048770618987043646 -0.0055940326658430488 -0.0025323443161956345 -0.0015384273723843536 -0.0035999852133229942 7.5643672800900047e-07 0.0091698363551581223 0.002592226170246651 0.0026523487776131584 0.00019727127393457135 -0.00010463651532859291 0.00086608203948559167 0.0015251329083451688 -0.011200371088196489 -0.00031183964188052698 -0.00062065624356959226 -7.686074663453086e-05 -0.0038526480019605413 -0.00041716768666696816 -0.0074618236303395404 0.00018036768740719498 0.0043276807562161795 0.00045724280367672663 0.0014016630359379803 -0.0051724995825525658 0.010029773587048133 0.0064510638216081651 0.0013526760859493274 -0.0054221694602872121 0.0017298203341092348 -0.0071389480475917855 -0.0015301337750995162 -0.0032162497316360582 0.0021334878749864872 0.00034113853567891648 0.00022221615947815352 -0.0016292728476045249 -0.0002668399386096859 -0.00043434285420265956 0 -0.002142581962610884 0.011522835409873788 0.0024010659064241293 -0.00031027852460625111 0.0011169039846729279
leaf_weight=10.207385021029042 19.254403197599459 10.226337562111441 10.054133329365866 17.915016674262006 15.338343524344962 12.376513017748946 11.629541215486823 10.569201282545693 14.4979468860256 39.929499243749888 12.415052542681225 16.917142506848904 20.068498763779644 13.342842212368849 10.20281699007319 10.172994462540375 72.036411453897017 11.422573595453285 16.412951900201733 10.446568129147634 12.816302215869657 11.644319069702759 152.93041156207619 10.27150601379253 10.447255094841241 16.685505284229293 17.291827659195405 20.267853368466604 77.338830160690122 24.002841495079338 11.295336099006819 54.570862169399334 11.96385592488514 11.860880164444099 12.779392628261119 46.028779520311218 22.366516907095502 12.106971000059273 19.57451681909879 11.838448438822523 15.384260785576769 10.727144564327316 18.88478396832943 41.889187499567925 122.86222370382166 12.087783057868366 10.202352458785752 28.789277910473174
leaf_count=6173 42212 9686 6428 3313 3185 5490 4226 4457 3977 13735 3009 6200 3476 3570 4890 1955 16177 8731 8902 2625 6649 31260 426842 28046 7873 35850 5420 18360 18737 11380 4238 148843 3351 9375 2472 98602 56742 5592 50883 3569 2888 27025 37754 106583 21648 23428 2764 78270
internal_value=6.27766e-05 0.00297656 0.00700935 0.00882932 -0.000351687 0.000894501 0.00320076 -0.000925991 -0.00300806 0.00294335 -0.00616575 0.00586226 -0.00857572 -0.00294474 0.00518593 0.00307004 -0.00997408 0.00623719 0.00728651 0.010525 -0.000746506 -0.0043072 -0.00517511 -0.00208691 0.00197113 -0.000712485 -0.00152487 -0.00346046 0.00831687 0.00554502 -0.00111091 -0.00479901 0.00856203 -0.0053196 0 -0.00208554 2.09804e-05 -0.00250201 -0.000751399 -0.000605363 0.00179111 0.00148046 -0.00269722 -0.00158275 0.0111788 0.0017978 0.00115715 0.000633438
internal_weight=1194.35 728.64 198.931 176.616 33.2534 529.71 220.334 309.376 209.218 100.157 134.402 69.6629 106.603 47.2805 173.054 74.8163 86.5344 149.382 127.341 143.363 29.7334 465.705 352.764 199.833 22.0768 112.941 27.861 30.4942 110.928 46.9552 23.6718 64.8424 99.505 25.2037 22.9524 81.5991 134.991 22.3144 101.897 22.0413 27.7993 33.0937 64.9136 61.4637 132.916 31.3422 22.1662 40.4336
internal_count=1436861 244521 48964 37199 6498 195557 85716 109841 55211 54630 29527 26584 23630 25044 60672 25684 20154 50944 42485 30701 12849 1192340 954494 527652 12099 237846 9877 28046 33583 15807 9728 176889 24852 12945 4427 172206 350763 11765 266996 8459 5897 83767 136356 157466 28076 65640 6115 109530
cat_boundaries=0 5 10 15 19 23 28 29 34 39 44
cat_threshold=5804032 3227524425 543227975 67174660 5264 4722688 0 4194304 65536 4096 32768 2149581129 536936448 260 144 32768 2153779465 539033600 260 32768 3221225480 2162695 67109124 2214592546 270204928 1107433504 1376792129 8224 1120 32768 2147484928 2162756 0 1040 32768 1 0 0 16 1048576 1075840073 65538 67108864 144
is_linear=0
shrinkage=0.05


Tree=90
num_leaves=49
num_cat=10
split_feature=2 9 10 10 14 1 18 7 16 5 1 27 1 18 27 22 27 18 16 1 16 18 24 27 27 18 24 16 27 4 6 27 5 16 7 14 18 27 13 10 27 22 16 14 24 4 7 27
split_gain=2.89413 1.2233 1.09977 1.08819 0.7361 0.740041 0.678351 0.573365 1.31095 0.56574 0.497269 0.464935 0.441822 0.336515 0.335076 0.447136 0.453231 0.414452 0.33841 0.325633 0.502025 0.312437 0.294915 0.283458 0.281988 0.591288 0.27319 0.244789 0.257077 0.232919 0.228945 0.209917 0.195893 0.18735 0.168954 0.160412 0.15974 0.151926 0.145126 0.138558 0.131919 0.117461 0.115114 0.111284 0.0848051 0.0752479 0.0375823 0.0368899
threshold=-0.91584119200706471 3.1910111904144292 4.692613124847413 -0.56679987907409657 -1.2714400291442869 -4.1162309646606436 1.1330821514129641 1.898114860057831 0.52180179953575145 -0.39259257912635798 3.3861738443374638 0 -0.71576043963432301 -1.6569703221321104 1 0.74051085114479076 2 -0.76860210299491871 0.66439896821975719 0.92990353703498851 1.491604804992676 1.4626923203468325 0.23751846700906756 3 4 1.724264442920685 -1.2648893594741819 1.168478846549988 5 -0.18848057836294171 -0.9381655454635619 6 0.39971037209033972 1.1922351121902468 -1.1566736102104185 -0.92826315760612477 1.965872645378113 7 1.8267943263053896 2.9542458057403569 8 0.022122303023934368 -0.090996127575635896 0.83836492896080028 -1.0593436956405637 0.18189784139394763 2.6418995857238774 9
decision_type=10 8 8 8 8 8 10 10 8 8 8 1 10 10 1 8 1 10 10 8 10 10 8 1 1 8 8 8 1 10 8 1 10 10 8 8 10 1 10 8 1 8 10 10 10 8 8 1
left_child=9 3 24 10 6 31 23 14 -9 -1 11 42 46 -13 17 16 19 -7 21 20 -16 35 -8 41 25 -3 -12 28 -17 -15 -30 -6 -32 -20 -11 -18 -26 -37 -27 40 -10 -5 -2 -19 -23 -25 -4 -41
right_child=1 2 12 4 5 7 22 8 39 34 26 13 -14 29 15 27 18 43 33 -21 -22 44 -24 45 36 38 -28 -29 30 -31 32 -33 -34 -35 -36 37 -38 -39 -40 47 -42 -43 -44 -45 -46 -47 -48 -49
leaf_value=0 -0.0023182096197759674 0.0091258321073159933 0.0021816310719875416 -0.00063403734088036913 0.0036473805545648684 0.00064751380153798622 0.0057272318963624402 0.0049160872464697677 0.0015158287886140808 -0.0003926969695741832 0.0015731554751046602 -0.00032802637138344118 -0.0043619507774233408 0.0063582730840271162 0.0050447556811028882 0.00038905018150810124 0.00031082810992707338 -0.0078914797111333378 0.0026872971040294204 -0.0015324378539574586 -0.0016608928027532525 -0.0009371763502604726 -0.00055678383212106426 0.00010066337409244838 -0.0018481626941191463 -0.0013276803433551634 -0.0031290294559741445 0.00068713173180975961 0.00043509400114042322 0.00015160235985872076 -0.0059043442392988166 -0.00092348477697529229 -0.0003259887321399005 -0.00096558707412692309 -0.0087132000252345548 -0.004621320722572173 0.0017370945359084866 0.00023919772668068887 0.0019722535205821254 -0.0046134480769132813 -0.0015193581213584339 0.0025824783464701235 0.00084561856365201592 -0.00061430223510588414 0.0016607978792586343 -0.0036394796092947264 -0.00015957447434183176 5.5594365653452453e-05
leaf_weight=27.967003773388569 12.367224099252782 57.240556769131217 10.05704906423489 18.95263338296354 31.072494038948207 10.677705045680339 43.642148855004052 47.218542253904161 11.577130167861467 13.019998130250313 14.164659469744945 19.438041037676157 12.294466439721871 98.345188844701624 46.555118256517744 27.877462778276822 13.478979082763543 30.924886819535459 24.148933334778121 10.110522508693974 10.178570925549137 10.111102026959996 11.377577521721831 10.215993798097768 12.966489925485805 11.99857809806417 17.204012459114896 16.678306510388211 10.531471062779017 21.46330732228671 92.330886090174317 10.71775947633432 26.763350508961594 27.710202902700985 58.997392342011153 68.270550039756927 11.184931889816651 18.660456885867461 27.538138848976814 11.683361061397589 11.620395430676583 16.138136568057234 14.650402123173988 17.045084765362844 24.19532871391857 21.946447617316153 10.043277521275739 10.539905229081343
leaf_count=71559 27187 20173 6298 14752 23214 15768 34019 42230 8138 34890 13715 27066 13250 99700 34253 54230 16457 49399 31616 7657 5261 11346 11221 16903 22611 4416 17344 18717 10335 22413 95210 22708 25606 40476 161479 55571 9561 49634 9864 8771 11291 13511 27864 23571 24226 38749 10297 22618
internal_value=-2.33288e-05 0.00082996 0.00434725 6.10753e-05 -0.000840559 -0.0015506 0.00213865 -0.00207799 0.00105743 -0.00655679 0.00295608 0.00389045 -0.00182396 0.00467399 -0.00272757 -0.00167584 -0.000207926 -0.00539845 -0.0014321 0.0022471 0.00358038 -0.0025842 0.00473374 -0.00105502 0.00607962 0.00669274 -0.00128234 -0.00334128 -0.00385473 0.00564785 -0.00442481 0.00285291 -0.00514739 0.00117048 -0.00802725 -0.00361833 -6.04661e-05 -0.00415511 0.000732778 -0.00337562 0 0.00128384 -0.000975788 -0.00698993 0.000734093 -0.00272113 0.00166106 -0.00445543
internal_weight=1193.89 1093.91 153.323 940.584 742.951 620.679 122.273 578.888 92.6393 99.9844 197.633 166.264 32.3948 139.247 486.249 427.601 253.42 58.6477 186.576 66.8442 56.7337 134.716 55.0197 67.2532 120.929 96.7773 31.3687 174.181 157.503 119.808 129.626 41.7903 119.094 51.8591 72.0174 100.41 24.1514 86.931 39.5367 45.4208 23.1975 35.0908 27.0176 47.97 34.3064 32.1624 20.1003 22.2233
internal_count=1437145 1169217 96470 1072747 837458 708303 129155 662381 93048 267928 235289 204230 29845 149179 569333 480595 276497 88738 229326 47171 39514 157234 45240 83915 66625 34453 31059 204098 185381 122113 131151 45922 120816 72092 196369 121662 32172 105205 14280 50818 19429 28263 55051 72970 35572 55652 16595 31389
cat_boundaries=0 1 2 3 4 5 6 7 8 9 10
cat_threshold=3848 2054 144 2081 2233 321 2226 1065 2968 2208
is_linear=0
shrinkage=0.05


Tree=91
num_leaves=40
num_cat=7
split_feature=28 28 2 1 14 8 2 22 7 8 28 9 28 15 28 28 11 13 8 2 7 13 8 24 12 24 1 11 15 27 15 24 26 14 15 15 0 24 0
split_gain=6.62865 1.36025 2.82953 1.0214 2.23176 1.0626 0.795543 0.786638 0.65107 0.57073 0.534286 0.606935 1.13902 0.56248 1.34897 1.13309 0.527539 0.453427 0.420776 0.399905 0.392934 0.322234 0.309454 0.291801 0.22881 0.223004 0.171212 0.15388 0.137793 0.136293 0.185878 0.111164 0.0960866 0.0800983 0.0682483 0.0641918 0.060632 0.0527862 0.0265283
threshold=0 1 -0.38004983961582178 -1.0000000180025095e-35 -0.72458094358444203 -3.3275475502014156 -0.087931249290704713 5.5293741226196298 -0.15738582611083982 -0.62441158294677723 2 3.8411591053009038 3 0.84329763054847728 4 5 -4.1373221874237052 1.3311132192611697 -1.5770325660705564 -0.41683237254619593 -1.0754698514938352 1.8267943263053896 3.2590562105178837 0.64891716837883007 0.13237655907869342 0.83864089846611034 -3.9988873004913326 -1.9571992158889768 1.7855007052421572 6 0.060010103508830077 1.2072676420211794 0.92460316419601452 1.0550608038902285 -0.15787230432033536 2.7967300415039067 -1.1976895928382871 -1.4071685671806333 0.84381547570228588
decision_type=9 9 10 10 10 10 10 10 10 8 9 10 9 8 9 9 8 10 8 8 8 10 8 10 10 10 8 8 10 1 8 10 10 8 8 10 10 8 8
left_child=1 2 9 5 8 17 7 32 18 36 29 13 -13 14 27 22 -17 33 -5 24 -18 28 31 35 -6 -23 -22 -12 -8 30 -2 -15 34 -3 -7 -10 -1 -16 -11
right_child=10 3 -4 4 19 6 21 -9 23 38 11 12 -14 15 37 16 20 -19 -20 -21 26 25 -24 -25 -26 -27 -28 -29 -30 -31 -32 -33 -34 -35 -36 -37 -38 -39 -40
leaf_value=-0.00022871640733081327 0.00075538940356643719 -0.0046262201606988044 0.010842789377303229 0.0020782764727077228 0.0019868434683713971 0.00038619091938735316 -0.0036680159954260196 -0.0015403921806055154 0.006518220153798682 -0.0049258196593462925 -0.00015672646479669608 0.0054785206095659227 -0.0034005110861661555 0.0027454091337396694 -0.00013015691623321211 0.0010312468937236016 0 0.0020695931906506595 -0.0035943650652720139 -0.008206702446391519 0 0.003529377642752963 -0.0021885233279123843 -0.00055225461499891265 -0.0023010459165441642 -0.001091354599313423 -0.0069138383453647744 0.0044898348836070311 0.00050019458496082709 -0.0080651574305733061 -0.0030249295502385769 -0.00047230482466543376 0.0002850555034290821 0 0.0077170589828451782 0.00050340018525256512 0.0027450067524590967 -0.0042692724764628789 -0.00020204746300041254
leaf_weight=10.139807929226665 17.651917337439954 18.685222598855034 102.78550320296199 15.806584251011371 11.821500660589665 10.290736971030126 13.072479593451137 11.137938156942253 36.143084452924086 12.110037389080388 14.965843564517852 20.50871537392959 13.298470893947522 61.82047089470143 14.510581339585768 13.787355732769354 25.948683430469828 10.091073218092786 20.744178508684854 32.441327625812846 10.035719704523215 13.159114158901504 14.060720009132636 10.122511132271027 12.613581548299406 11.71615591990121 172.07133538025664 58.605465740060026 10.838344432195298 49.77014405256341 92.549026306201995 15.137643241891054 10.558056414418386 10.207549631653821 117.78593712169095 16.173894691179157 10.023951725204823 58.139418446378841 10.232593141437976
leaf_count=3839 48522 6961 19817 4571 4768 2461 2059 2628 6053 5938 16829 15232 20081 101806 31385 19631 51991 2484 7527 6792 15956 1829 30868 1967 4347 1737 305370 80044 1684 155652 261561 27345 2350 4926 26287 3206 6585 117007 7406
internal_value=-0.000141892 0.00374056 0.00720691 0.00166507 -0.00120819 0.00350794 0.00483114 0.00623801 0.00298068 -0.00186043 -0.00339567 -0.0020804 0.00222912 -0.00263621 0 -0.00369125 -0.00521725 -0.00210306 -0.0013 -0.00652921 -0.00597245 -0.000408577 0.00083453 0.00499476 -0.000218272 0.00201079 -0.00662497 0.00353698 -0.00265076 -0.00575262 -0.00220385 0.00213636 0.00713209 -0.00401181 0.00742993 0.00586229 0.00208101 -0.0035814 -0.00446642
internal_weight=1191.56 538.701 145.292 393.409 155.867 237.543 198.559 149.773 98.9903 42.5064 652.862 492.89 33.8072 459.083 146.221 312.862 221.843 38.9838 36.5508 56.8764 208.056 48.7861 91.0188 62.4395 24.4351 24.8753 182.107 73.5713 23.9108 159.971 110.201 76.9581 138.635 28.8928 128.077 52.317 20.1638 72.65 22.3426
internal_count=1437502 138222 43585 94637 39231 55406 41035 33726 23324 23768 1299280 833545 35313 798232 245265 552967 392948 14371 12098 15907 373317 7309 160019 11226 9115 3566 321326 96873 3743 465735 310083 129151 31098 11887 28748 9259 10424 148392 13344
cat_boundaries=0 5 10 15 20 25 30 31
cat_threshold=5771264 3227518025 4194307 67588 5264 4722688 0 4194304 0 4096 1073958156 75539088 143392784 671236104 98571 33282 592132 70266880 2248679712 8228 2231377954 270076160 1611861320 2458419201 131076 2181071040 151130112 2183137380 1431308145 24576 354
is_linear=0
shrinkage=0.05


Tree=92
num_leaves=48
num_cat=12
split_feature=28 21 28 0 16 8 28 28 8 28 28 28 23 21 8 16 28 27 8 7 21 8 8 2 7 8 16 8 4 5 21 7 16 28 7 28 18 11 16 28 16 16 8 16 8 8 4
split_gain=6.79352 1.49316 1.91457 1.16533 1.51324 1.92197 1.30784 1.25237 1.22077 1.23363 1.22562 0.86768 0.792659 0.662218 0.608846 0.606278 0.595377 0.650344 1.13362 0.593317 0.565412 0.553108 0.528939 0.496597 0.619431 0.416971 0.960469 0.66314 0.909304 0.340709 0.319997 0.278477 0.270142 0.349092 0.305833 0.260381 0.202203 0.157406 0.150809 0.123213 0.0837952 0.0721202 0.067276 0.0601564 0.0517314 0.0411696 0.0296506
threshold=0 1.5119332075119021 1 -3.4784346818923946 0.35826200246810919 -0.50544205307960499 2 3 -1.1649304032325742 4 5 6 0.50794824957847606 0.3617109507322312 -0.66396129131317128 -0.83482024073600758 7 8 2.409305334091187 -0.8568935990333556 0.55465286970138561 2.9232069253921513 -2.4430385828018184 -0.60336577892303456 1.5517252683639529 1.5968550443649294 0.83993828296661388 -1.0676705241203306 0.60814249515533458 -0.38291829824447626 0.41265949606895452 0.4179364293813706 1.168478846549988 9 -1.1911405324935911 10 1.6145884990692141 -3.9863127470016475 -0.4282285720109939 11 0.74696731567382824 1.4211995005607607 -3.3275475502014156 -1.0865749120712278 -1.0676705241203306 -2.4430385828018184 0.75625872611999523
decision_type=9 10 9 8 10 10 9 9 10 9 9 9 10 10 10 10 9 1 8 8 10 8 10 10 10 8 10 10 10 8 10 10 10 9 8 9 10 10 10 9 10 10 8 10 8 10 8
left_child=3 11 -3 -1 8 7 36 20 10 15 13 21 39 -5 35 -10 19 18 37 38 -6 32 -9 -11 -25 26 27 42 -29 -27 -8 -17 33 -2 -35 -4 -7 -18 -13 -12 43 -42 -21 -39 -40 -22 -20
right_child=1 2 14 4 5 6 30 22 9 23 12 16 -14 -15 -16 31 17 -19 46 25 45 -23 -24 24 -26 29 -28 28 -30 -31 -32 -33 -34 34 -36 -37 -38 40 44 -41 41 -43 -44 -45 -46 -47 -48
leaf_value=0.0104675589419451 -0.0010066723144874111 0.0077135910441027081 0.0007013330853836929 0.00014134229712928025 0.00016191467215341245 0.0084398095955409754 -0.004611595211476997 -0.0021844584609280304 -0.0016081032078921259 0.001412304042920176 0.0038523306726329048 -0.00066777904830992753 -0.0036386833759317326 0.01211284364783656 0.0019400459237236519 -0.00015546830734030324 0.00029755983832994152 -0.0078298703545456733 0.0002178354069171058 -0.00036815906242252723 -0.00094938946180389431 -0.0036210257268884782 0.0044203968744421151 -0.0073341117811083923 0.0012266338539138025 0.0006422059446776953 0.0038911707029614939 -0.0034613052266832972 0.0045165326325224591 -0.0061905129486804437 0.0010581684182464279 0.0071947071071422402 -0.0016190818787519417 -0.00089089123200259432 0.0048345802500097384 -0.0056719783220965086 5.8464360257237908e-05 -9.8612669007632262e-05 0.0038495084072232531 -0.00049872840820442711 0.00073267911554135965 -0.0016511394711102283 -0.0059906510041951308 -0.0051776974793965869 0 -0.01090729926801829 0.003441637636945888
leaf_weight=39.114767722930992 30.102916221207124 22.164183168948512 11.142330131478955 15.149193670091334 13.538099704208433 28.618800072814338 11.448506616507077 13.014146433415592 10.443955602604545 11.895071433071278 30.654755861061858 11.246895679447332 21.352567078574793 62.649829712754581 15.959762330050578 11.410993227720608 10.667833876432267 152.65826146239851 19.975030101180892 15.260591613528957 12.835947963438228 18.501222532147949 18.136357233772287 25.24045149225276 10.842801160877569 10.531567635902318 32.893402918445645 19.036387256128364 25.965777438621444 38.612561011330399 14.657418585309641 27.294649513292825 12.743005890151833 10.454667036945464 63.100619139455375 25.426867958609364 10.028216408478327 10.19860351133684 14.817234057911262 10.045298871860721 17.768932341772597 15.225783300847977 30.738095231950865 109.10895994969178 10.182765644342 17.863306070779803 18.946681613873807
leaf_count=6166 66584 24427 16497 5671 5757 5332 6851 6861 3408 5460 4341 22613 7445 8224 12956 5530 13914 425352 30858 24907 2644 36233 6114 5268 1845 18859 48765 33719 32105 80018 3552 4999 21712 10952 66705 19976 1523 8597 30028 9757 21690 8527 43398 155562 18995 3431 34099
internal_value=-2.23215e-05 -0.00274709 0.00266335 0.00473891 0.00308817 -0.000862284 0.00398317 -0.00499279 0.00518496 0.000371034 0.0075237 -0.00350805 0.000365982 0.0100053 -0.00263648 0.00402534 -0.00427069 -0.00549343 -0.00231857 -0.00141823 -0.00757476 0.000167266 0.0017393 -0.00351714 -0.00548527 -0.00264836 -0.00046581 -0.00289753 0.00104362 -0.0050904 -0.00243836 0.00610519 0.00171661 0.00255262 0.00365343 -0.00496302 0.00681254 -0.00408389 0.00236272 0.00341012 -0.00441319 -0.000639125 -0.0053407 -0.0049304 0.00332902 -0.00997359 0.00289617
internal_weight=1189.67 773.431 74.6931 416.235 377.12 140.141 64.7529 75.3879 236.98 97.1279 139.852 698.738 62.0526 77.799 52.529 49.1496 563.835 354.55 201.892 209.285 44.2374 134.902 31.1505 47.9783 36.0833 173.038 123.894 91.0009 45.0022 49.1441 26.1059 38.7056 116.401 103.658 73.5553 36.5692 38.647 162.97 36.2469 40.7001 152.302 32.9947 45.9987 119.308 25 30.6993 38.9217
internal_count=1438227 1328048 73856 110179 104013 42065 17258 24807 61948 26510 35438 1254192 21543 13895 49429 13937 1052006 698599 273247 353407 11832 202186 12975 12573 7113 281771 182894 134129 65824 98877 10403 10529 165953 144241 77657 36473 6855 208290 71636 14098 194376 30217 68305 164159 49023 6075 64957
cat_boundaries=0 5 10 14 19 22 27 32 36 37 42 47 49
cat_threshold=5771264 3228041217 4194304 65540 5120 67119627 266696 2149708073 608215040 131712 1572864 1077936129 4194304 65536 1048576 524289 4194304 65536 4096 5771264 1074266112 4194304 4722688 2097152 0 65536 4096 2164293664 403833856 571476550 1377832257 8244 369230016 17111150 1092748288 84947616 1056 32800 402784256 34603008 1073741888 8212 142639360 8585236 67633220 35128096 272 1048576 1
is_linear=0
shrinkage=0.05


Tree=93
num_leaves=41
num_cat=10
split_feature=28 21 28 21 28 28 10 21 21 0 8 21 5 28 28 21 28 5 9 1 28 8 16 10 5 11 6 10 16 8 13 7 28 6 1 5 28 21 21 6
split_gain=6.94822 1.54842 1.28457 1.28327 2.48726 1.39297 4.44082 1.99052 1.77452 1.94773 3.18338 0.740843 0.615007 0.924845 0.7135 0.533581 0.513974 0.788732 0.638906 0.51482 0.4485 0.368004 0.306801 0.292232 0.245707 0.232009 0.186609 0.207782 0.150148 0.147989 0.143517 0.120848 0.116266 0.108459 0.0658099 0.034065 0.0309106 0.0261212 0.0359869 0.0201117
threshold=0 1.6113851666450503 1 -0.18802151083946225 2 3 4.692613124847413 0.3617109507322312 0.45491686463356024 -2.8392175436019893 -1.6170448660850523 1.0799496769905093 0.69761377573013317 4 5 1.6113851666450503 6 -0.30020272731781 3.8411591053009038 -4.7360622882843009 7 0.68238222599029552 -0.46586278080940241 1.25874400138855 -0.24935705959796903 -4.1373221874237052 -1.0180158019065855 6.5362696647644052 -2.3303563594818111 -0.84429788589477528 0.40569508075714117 0.63113656640052807 8 2.6552455425262456 2.7167093753814702 -0.4024237841367721 9 -0.041839731857180588 0.15068907290697101 0.15210081636905673
decision_type=9 10 9 10 9 9 10 10 10 8 8 10 10 9 9 10 9 10 10 8 9 10 8 8 8 8 8 10 8 10 10 8 9 10 8 10 9 10 10 10
left_child=3 12 23 4 -1 6 7 37 30 -10 11 -11 14 33 24 -9 17 34 19 -18 -13 -12 -19 -3 32 -21 -27 28 -28 -6 -7 36 -2 -14 35 -16 -26 -5 -39 -24
right_child=1 2 -4 5 29 8 -8 15 9 10 21 20 13 -15 16 -17 18 22 -20 25 -22 -23 39 -25 31 26 27 -29 -30 -31 -32 -33 -34 -35 -36 -37 -38 38 -40 -41
leaf_value=0.005809573611541244 -0.00055937947133555298 0.0075937161195602509 -0.0030263607694836618 -0.00057777993963603819 -0.00027945873121361121 7.5093053133347298e-05 -0.0068956775914563581 0.012616218114310688 0.0049316656363314745 -0.0023495872452266543 -0.012592832210218978 -0.0010426065216025779 0.0040479501873147104 -0.0033482632778133871 0.0022528875780465064 0.0012978733143561051 0.00080923226189575292 0.00064263080085933365 0.0010394316259265 -0.00021565455580438255 0.0067715107759990963 -0.00067149992230352109 -0.0052588376070468882 -0.00014074808826728823 0.0010679740391833935 -0.00030636568683070826 -0.0001983540225080167 -8.9337987728621822e-06 -0.00770634411067942 -0.008560368363635806 0.0073799476244454628 -0.0026879629849428026 0.0027041298365953923 -0.00017939738997846193 -0.00049335833147954959 0 -0.00047520352763093568 0.0014213313380424658 -0.00030618106317109183 -0.00071325376069357308
leaf_weight=13.938474274007602 17.431060731665639 30.789206621455378 21.364904427544388 10.613045416044768 11.069195612421028 10.115116532077083 10.352072748093631 155.51685600759811 19.445680750359315 11.696924464922629 26.849623588583199 11.576207719626836 44.753335882531246 41.958828642236767 57.346091397244891 25.070610611757729 12.297653699977671 17.400040245767741 16.552155462559313 18.032740850292612 14.483220091584371 14.552088670490773 58.890296907855372 10.809354123295632 11.848361122421919 16.143917867375421 10.95390568141738 11.04377975247189 259.46982779452082 16.457794119603932 21.434202802658547 23.058507232773991 27.695530009317736 10.585729165439259 10.208916779069112 15.998634905437937 10.114863656599484 17.748137821181444 21.813990527938586 23.50096239256527
leaf_count=4971 29916 15802 36658 3457 9812 3731 4465 27511 2004 2459 5156 1464 42352 96644 112133 5546 18678 35166 15099 25778 1905 2000 123581 8303 21594 28500 15501 13463 454328 9548 3755 46153 60984 10125 23657 33149 23341 4853 5736 48051
internal_value=3.61124e-06 -0.00272633 0.00308677 0.00485438 -0.00171014 0.0058306 0.00766616 0.00972195 0.00075125 -0.00261664 -0.00570096 0.00313112 -0.00344844 0.000144624 -0.00399011 0.0116887 -0.00459514 -0.00153419 -0.00574264 -0.00634235 0.00558429 -0.0111169 -0.00388372 0.00590492 0.00020554 -0.00670721 -0.00699856 -0.00726321 -0.00749623 -0.00675185 0.00658123 -0.00160979 0.001985 0.00318789 0.00152305 0.00193047 0.000533791 0.000292323 0.000773814 -0.00475908
internal_weight=1190.98 778.249 62.9635 412.733 41.4655 371.268 241.115 230.763 130.153 98.6037 79.1581 37.7564 715.285 97.2979 617.987 180.587 527.839 183.345 344.494 327.942 26.0594 41.4017 99.7913 41.5986 90.1483 315.644 297.611 281.468 270.424 27.527 31.5493 45.0217 45.1266 55.3391 83.5536 73.3447 21.9632 50.1752 39.5621 82.3913
internal_count=1437329 1338956 60763 98373 24331 74042 51568 47103 22474 14988 12984 5828 1278193 149121 1129072 33057 947084 375737 571347 556248 3369 7156 206798 24105 181988 537570 511792 483292 469829 19360 7486 91088 90900 52477 168939 145282 44935 14046 10589 171632
cat_boundaries=0 5 10 14 19 24 29 34 36 41 46
cat_threshold=5771264 3227516929 4194304 65540 4096 67119627 6600 2149675305 641761280 131712 1572864 3221225472 0 65536 4722688 2097153 4194304 0 4096 258 337131908 621805645 1343236704 8368 2432729120 421004328 1646270978 304090433 1044 67248320 462914 2148730180 89133712 24608 1048576 1073741824 268468224 151519240 1646264322 64 20 2147483648 402654216 572522498 33557569 1024
is_linear=0
shrinkage=0.05


Tree=94
num_leaves=45
num_cat=7
split_feature=28 28 21 15 7 2 16 8 8 8 16 16 23 16 16 21 23 8 8 28 28 21 16 21 2 7 8 23 24 28 8 28 23 23 23 2 28 8 8 15 1 14 7 22
split_gain=7.38916 1.73862 1.8809 1.65353 1.42064 1.24748 0.874753 1.3397 1.01913 0.675318 0.889789 0.82636 0.631916 0.626091 0.675269 0.574905 0.5063 0.636733 0.503412 2.38358 1.73429 0.582952 0.575331 0.478631 0.454215 0.429964 0.385286 0.354908 0.317618 0.270317 0.25265 0.25238 0.229808 0.296593 0.188378 0.157042 0.156768 0.134683 0.0771971 0.0766889 0.0741811 0.0543834 0.043531 0.0307524
threshold=0 1 0.65035179257392894 3.5743684768676762 0.83177959918975841 -0.24827115237712857 -0.39143790304660792 -0.072822533547878252 0.68238222599029552 -0.31595239043235773 -0.26480664312839503 -0.19008535146713254 1.4363807439804079 1.9859788417816164 -0.58821496367454518 0.59175434708595287 0.71976757049560558 -1.3975191116333006 2.8280513286590581 2 3 1.6492661833763125 0.95040088891983043 -0.50498807430267323 -0.9426189363002776 1.4955054521560671 1.0093784332275393 -0.7518625259399413 1.4676618576049807 4 1.1429911255836489 5 1.4517422914505007 -1.0689331293106077 0.80932345986366283 -0.50420168042182911 6 1.5968550443649294 -1.9775247573852537 2.7967300415039067 -4.1162309646606436 2.0055866241455083 0.63113656640052807 0.0469787996262312
decision_type=9 9 8 8 10 10 10 8 8 8 10 10 10 10 10 8 10 10 8 9 9 10 10 10 10 10 8 10 10 9 10 9 10 10 10 10 9 10 10 10 8 10 10 10
left_child=1 4 9 5 6 27 7 -1 12 11 30 -3 15 14 -6 43 17 -7 19 22 39 31 24 -12 -2 32 34 -4 -5 -24 -11 -21 33 -13 -25 -10 42 40 -18 -20 -33 -16 -26 -8
right_child=18 2 3 28 13 16 8 -9 35 10 23 25 -14 -15 41 -17 38 -19 20 21 -22 -23 29 26 36 -27 -28 -29 -30 -31 -32 37 -34 -35 -36 -37 -38 -39 -40 -41 -42 -43 -44 -45
leaf_value=0.0079128830987449817 -0.0015963125690500902 -0.0035848597363914146 -0.00089466676434713606 0.0091169832594398224 -0.00013370962458937355 -0.0029455081280963923 0.0010772507888158539 -0.0030236174869539088 -0.00035470535591678029 -0.0014520488501062699 0.00066910127306194379 -0.00045466863611249415 0.0016643444604657676 -0.00047560763456073476 0.010746578348948403 -0.0079534900267702931 -0.00042811667593763825 0.0039110191638892988 0.0028557884460955708 -0.00072169425850635417 -0.0091868706916238881 0.001264592061634485 -0.0033463267699061351 -0.0022019345928264134 0.00083172032252391013 -0.0016096097402999851 -0.0090777473393790116 0.0056235128479847872 0 0.0012926845525432391 0.0032859349533446063 -0.00032418993136484929 -0.00042142726771427603 0.006328410948378581 0.0017475039307289148 0.0045793235152113551 0.0044742929590912478 -0.00063842828276334152 -0.0063534859017706545 -0.00024836512684178849 -0.0073414638436354518 0.00075249024083460484 -0.0010021750527846741 -0.00053622729725144754
leaf_weight=30.33485494015622 16.356366036452528 24.294480604454293 10.308521720216957 57.104893005212944 14.108634494594297 18.717755464400398 10.098656837057208 10.077989631667149 10.471867450571155 10.294695487871651 10.896687720567568 10.495120006802606 12.304805751831735 10.652184156788278 128.08988705472439 25.577412419050233 16.466685606384999 17.527325583185302 16.079688641730176 53.474778070063621 69.997174360316421 13.17539016894443 23.213468993584684 11.043567093802272 17.390690811545941 10.11490611261979 34.434238625239232 30.788371732574888 11.109553475689607 12.47712234539358 14.02962287966511 10.207795384296331 11.228653491212752 34.73896044587309 10.055262517082154 11.568359619996043 94.279282651557878 20.960921648336807 19.695683218014892 14.096493241857386 170.11002397724224 10.453028340794843 11.953290032339281 10.852374469468485
leaf_count=6127 42147 10443 2998 12904 1807 4914 3491 4211 6795 4322 6460 5720 4204 1951 16054 7479 4036 3911 39935 103881 186387 26910 47131 3939 42995 3046 12199 7702 2625 29412 5203 26470 4220 12049 2937 2639 148533 52991 3859 34469 454704 1746 26644 4123
internal_value=0.000219713 0.00367759 0.00102125 0.00414223 0.00628617 -8.69436e-05 0.00142581 0.00496641 -0.0015267 -0.00225575 -0.00445705 0.000708852 -0.00422938 0.00898685 0.00962625 -0.00589457 -0.00338684 0.000657336 -0.0038519 -0.00263209 -0.00680199 -0.00516196 0.00164874 -0.00644332 0.00301784 0.00318408 -0.00754209 0.00433998 0.00828197 -0.00209789 0.00158557 -0.00583306 0.00444244 0.00528968 -0.000344129 0.00354651 0.00394102 -0.00647107 -0.00552754 0.00186069 -0.00712254 0.0104186 -1.16162e-05 0.000382103
internal_weight=1191.71 647.935 363.345 181.719 284.59 113.504 121.286 40.4128 80.8735 181.626 90.7541 90.8721 58.8332 163.304 152.652 46.5284 72.4074 36.2451 543.772 443.599 100.173 267.929 175.67 66.4298 139.98 66.5776 55.5331 41.0969 68.2144 35.6906 24.3243 254.754 56.4627 45.2341 21.0988 22.0402 123.623 201.279 36.1624 30.1762 180.318 138.543 29.344 20.951
internal_count=1436723 174114 113487 42949 60627 27420 39069 10338 28731 70538 35060 35478 19297 21558 19607 15093 16720 8825 1262609 1001818 260791 664956 336862 25535 260319 25035 19075 10700 15529 76543 9525 638046 21989 17769 6876 9434 218172 534165 7895 74404 481174 17800 69639 7614
cat_boundaries=0 5 10 15 20 25 30 35
cat_threshold=5771264 3228044617 6356993 67588 5248 5771264 1073741824 4194304 65536 4096 2147615362 1134628 1610766956 2249229569 48 344057952 419430400 2432999680 1348731440 41028 131074 1114112 18508 34635777 16 553680928 403079168 34604162 271065280 24576 640 81924 21024 2214593536 16
is_linear=0
shrinkage=0.05


Tree=95
num_leaves=53
num_cat=8
split_feature=2 10 0 21 24 1 1 27 8 13 27 2 27 8 8 24 21 27 21 8 27 0 10 24 13 11 8 2 19 1 21 11 8 8 24 2 9 10 13 27 21 10 22 22 2 17 10 27 27 21 19 3
split_gain=2.74521 0.868049 0.79121 1.65633 0.970085 1.00872 1.00265 0.742545 0.708209 0.68534 0.596831 0.579502 1.43615 0.878331 0.695015 0.684643 0.565386 0.536428 0.486889 0.485995 0.473984 0.472552 0.400384 0.328869 0.392255 0.313033 0.302085 0.304604 0.299704 0.201037 0.196701 0.176084 0.163618 0.318911 0.15126 0.143773 0.119874 0.105947 0.101556 0.0937633 0.0924394 0.0872918 0.0862972 0.0842844 0.0720533 0.0655265 0.052225 0.0471554 0.0466105 0.0454931 0.0452398 0.0342149
threshold=-0.90264323353767384 8.2420296669006365 -3.2153718471527095 0.41265949606895452 -0.5762033462524413 0.18169879913330081 -0.98005169630050648 0 -3.0517344474792476 1.8489892482757571 1 -0.096197586506605134 2 -2.3400310277938838 -2.0624583959579463 -0.039708381518721574 2.0258597135543828 3 -0.39787483215332026 -3.5157508850097652 4 1.1821721792221072 4.4442582130432138 -0.88725459575653065 -0.57715594768524159 -0.31310638785362238 -0.072822533547878252 -0.45861893892288202 0.27056182920932775 0.63686680793762218 0.60118514299392711 -3.0424592494964595 0.56396505236625682 -1.3566228151321409 2.0317741632461552 -0.1703575402498245 -0.7815374732017516 0.89530643820762645 1.0538333058357241 5 0.6700359880924226 3.0716168880462651 2.2110911607742314 -3.2122843265533443 -0.49994313716888422 0.28344289958477026 1.4871296286582949 6 7 1.0799496769905093 -1.6014853715896604 -0.29121015965938563
decision_type=10 8 10 10 10 10 10 1 10 10 1 10 1 10 10 10 10 1 8 8 1 10 10 8 8 10 8 10 10 10 8 8 10 8 8 10 10 10 10 1 10 10 10 8 10 10 10 1 1 10 10 10
left_child=-1 2 3 41 6 11 9 -3 -5 23 21 12 14 47 30 45 17 37 -19 -20 28 25 -10 24 -4 29 27 -14 -15 40 36 -21 33 48 42 -32 -6 -7 -30 -34 -8 -2 -17 -26 -36 -16 -38 -13 -12 -27 -45 -9
right_child=1 7 4 8 5 16 10 51 22 -11 32 13 26 20 15 34 -18 18 19 31 -22 -23 -24 -25 43 49 -28 -29 38 -31 35 -33 39 -35 44 -37 46 -39 -40 -41 -42 -43 -44 50 -46 -47 -48 -49 -50 -51 -52 -53
leaf_value=-0.0062738661155422315 0.00012490983101134449 0.0019455259189653459 0.0012051307984737528 -0.00040484804533107198 -0.00095131361311048671 0.0021371746220414231 -0.00057121254447886822 -0.00038966163755260535 0.0097562965327362538 0.0033917490218477626 0.001763306460832373 -0.00013348414577853894 -0.0024200801181686743 0.00028091492184020649 -0.0019331993065663895 0.006780839550152894 0.0020671187748103692 0.00091011009067286852 0.00049576833309563934 -0.00028204269367703843 0.00136535624427226 -0.00057853093540968879 -3.9374547545633772e-05 0.0011049214520170202 -3.8060299439633623e-06 0.0012831903062444517 -0.0056732939790366567 0.0023901795707839436 -0.00025769858288959857 0.0085681877231020519 -0.0032358496036914795 -0.0076895235387704781 0.002620474267003826 -0.00309812438620129 0.0015642835402531572 0.00067474809587524229 0.0027650959251294175 -0.00089122119703972285 -0.0076571987948501107 -0.00052289610894512681 0.0022895385896037667 -0.0037583656502060137 0.00064755508669792452 -0.00019951619544377494 -0.00087888263504541219 0.00054070447013471027 -0.00014159323902614246 0.0030639305837263063 -0.0003613124141034595 -0.00064117004190844702 -0.0055219453562612075 -0.0066058145832133186
leaf_weight=107.64693999394513 11.657021395447375 17.415946444692963 12.105099606975271 19.517422522170818 10.616084036933897 17.712497988970433 17.856909828544303 10.948368937337362 48.2147349606239 18.213439695093257 26.727322573111451 13.696998697661909 14.011779830900197 10.813756235715116 12.709483757578711 107.90837842260225 10.393348463447181 12.957413600161088 15.718034201483531 14.19436592376587 11.270293812012822 17.139844983656076 10.091081421298439 20.497607696175692 10.703842894137777 20.908324980846377 19.994636242226989 17.679085986346763 10.270175902995105 70.039228776942764 20.118054947692148 87.352154829910432 16.07508482162666 27.607133945239184 10.989177724033654 11.017366726540784 15.969002554076726 10.918988070407066 28.934426266619994 13.084055229861407 16.402945697431278 12.847587887779808 19.694723874832562 10.262330409910644 12.360251424397573 13.0787328615188 10.099289411089556 11.930336249570248 13.684820344744365 10.145570371809297 50.315433908122941 26.772672107632388
leaf_count=290922 17481 23007 14893 15162 16568 34617 17495 26161 20758 15170 23091 9752 25675 6547 14288 112416 5827 20753 14701 10703 14415 17765 6038 23589 11583 17156 39087 20351 4883 43915 18352 81054 8351 38208 14871 7250 17811 20976 15951 34266 7522 14442 22796 9747 10165 15092 12323 6892 33817 4734 56988 50924
internal_value=-9.22829e-05 0.00076852 0.00116578 0.00452445 0.000575636 -0.000737899 0.00239536 -0.003617 0.00717946 -0.001029 0.00397895 0.000714792 0.00174623 -0.00211811 0.003283 0.00473826 -0.00346248 -0.00425647 -0.00514872 -0.00622784 -0.00449781 0.0054137 0.00877927 -0.00268677 -0.0037211 0.00644293 -0.00349417 2.26651e-05 -0.00547967 0.00739985 -0.000589749 -0.00712176 0.00023543 -0.00096707 0.00577987 -0.00222739 0.00122555 0.000963779 -0.00700578 0.00197245 0.00128497 -0.00299985 0.00631117 -0.00475085 0.000485307 -0.00108359 0.00222039 0.00271796 0.00134167 0.000585109 -0.00516342 -0.00548393
internal_weight=1189.29 1081.64 1026.51 102.328 924.178 552.409 371.769 55.137 77.8232 122.098 249.671 383.162 296.246 86.916 244.561 176.741 169.247 158.853 130.222 117.265 61.2887 152.493 58.3058 103.884 83.3867 135.353 51.6855 31.6909 50.0184 104.299 67.8198 101.547 97.1784 68.0193 150.953 31.1354 36.6844 28.6315 39.2046 29.1591 34.2599 24.5046 127.603 71.2816 23.3494 25.7882 26.0683 25.6273 40.4121 31.0539 60.5778 37.721
internal_count=1437301 1146379 1046287 73881 972406 594116 378290 100092 41958 131970 246320 405485 347045 58440 261932 189628 188631 182804 127211 106458 41796 108587 26796 116800 93211 90822 85113 46026 27381 68932 72304 91757 137733 95116 160248 25602 46702 55593 20834 42617 25017 31923 135212 78318 25036 29380 30134 16644 56908 21890 66735 77085
cat_boundaries=0 1 2 3 4 5 6 7 8
cat_threshold=36 2101 756 329 1252 128 626 386
is_linear=0
shrinkage=0.05


Tree=96
num_leaves=37
num_cat=5
split_feature=28 28 10 0 15 8 0 8 22 8 4 15 28 9 28 28 11 4 22 9 19 10 25 10 6 10 9 8 0 8 10 8 9 4 4 1
split_gain=7.7867 1.13451 1.04046 0.728246 0.903135 0.716607 0.611057 0.518391 0.482122 0.477524 0.461769 0.44757 2.07638 0.750563 2.21681 1.0011 0.578569 0.42002 0.625135 0.322437 0.303847 0.28994 0.240878 0.279752 0.239429 0.174699 0.172139 0.143838 0.307218 0.239906 0.126909 0.079947 0.0595715 0.0528505 0.037608 0.0242654
threshold=0 1 9.7571830749511737 -2.801677823066711 1.7127535343170168 -3.2670441865921016 0.64400988817214977 -1.2976331710815427 2.7280794382095341 0.27697803080081945 -0.4563146829605102 0.6160741150379182 2 3.4750337600708012 3 4 -3.9863127470016475 0.56784877181053173 1.2360611557960512 5.0311553478240976 -0.75723057985305775 -0.94897711277008046 0.14980158954858783 2.6374530792236333 -0.99947315454483021 0.33797192573547369 2.1747550964355473 -3.0517344474792476 -0.77901059389114369 -1.6170448660850523 -1.6333467364311216 -4.4626240730285636 2.4078012704849248 0.33618812263011938 -0.25585892796516413 -4.2487454414367667
decision_type=9 9 8 8 8 8 10 10 10 8 10 8 9 10 9 9 8 10 10 10 10 10 8 10 8 8 8 8 10 10 10 10 10 8 10 8
left_child=1 2 8 7 9 -6 22 -3 10 17 30 12 32 15 -15 31 33 -5 -19 -12 -11 -8 -7 -24 -18 -26 -14 -10 29 -29 -1 -13 -2 -17 -33 -27
right_child=11 3 -4 4 5 6 21 -9 27 20 19 13 26 14 -16 16 24 18 -20 -21 -22 -23 23 -25 25 35 -28 28 -30 -31 -32 34 -34 -35 -36 -37
leaf_value=0.0018556140501002748 0.0043412547394106578 -0.004957615381455476 -0.0022141646132734813 0.0034460508544764965 -0.0018090943008684419 1.2740333576073148e-05 0.0021130335473840286 0.0016608826449706318 0.0025704743419527154 0.00093469417941784258 0.0090535491133522609 -0.0010898277382217689 -0.0056564666889481951 0.0064391406688527391 -0.0052583975974986397 0.0013753391577540361 0 -0.0040319205965141077 0.0026425731387425665 2.036338684223434e-05 -0.0048719177979094815 -0.0028043970373838427 0.0090196552931794179 0 -0.0031448468137532867 -0.00061975474759602234 -2.6664520864503635e-05 -0.004114304157838828 0.0022001981457417624 0.00094197785629596565 -0.0013492237644539733 -0.00018813199990224005 0 -0.00073012283788932535 0.0016485079265666982 -0.0082099592573134338
leaf_weight=11.652695586002666 65.859168936782226 24.688894062506733 10.12345491957967 44.575964611285599 10.376368626995825 11.200512703217099 10.536628921530793 15.947523389593696 14.022630830877459 11.16657736377965 172.11508715979289 12.887087263930878 82.537627891433658 20.831680098861398 21.992501909277053 12.567604401279821 14.294916384438691 28.255521710976609 17.604331868438749 11.738190366711931 21.364796127672889 10.074391085814566 51.364111993665574 10.143167053553041 133.92130977728812 11.143145956884835 17.657078719763376 12.807167424645739 10.112632154457971 11.207788700441595 12.390782784816109 20.741904793692811 10.023388461486318 10.591136659561018 38.571685310220346 184.9157095745104
leaf_count=3983 108413 5754 7074 13376 3714 3108 3531 3141 3702 4046 30419 30264 197372 16272 39402 19201 26286 7341 4907 1270 8335 3316 16311 2973 284875 19561 33877 2355 2412 2025 4777 48196 11596 17752 85776 361759
internal_value=-0.000145259 0.0040971 0.00617887 0.00125616 0.00242854 0.00499922 0.00615817 -0.00282169 0.00703646 -0.00052882 0.00793888 -0.00364201 -0.00108553 -0.00444448 0.000908571 -0.00501566 -0.00588397 0.00134612 -0.00137566 0.00862587 -0.00345943 -0.000503555 0.00752306 0.0082269 -0.00648486 -0.00672389 -0.00472237 0.00102982 -0.000695274 -0.00264475 0.000340671 0.000409727 0.00372443 0.000503189 0.00116822 -0.00801248
internal_weight=1192.01 533.469 266.17 267.299 226.662 103.695 93.3188 40.6364 256.047 122.967 207.897 658.536 176.077 482.459 42.8242 439.635 367.434 90.4358 45.8599 183.853 32.5314 20.611 72.7078 61.5073 344.275 329.98 100.195 48.1502 34.1276 24.015 24.0435 72.2007 75.8826 23.1587 59.3136 196.059
internal_count=1438472 137870 58017 79853 70958 32953 29239 8895 50943 38005 40449 1300602 351258 949344 55674 893670 729434 25624 12248 31689 12381 6847 22392 19284 692481 666195 231249 10494 6792 4380 8760 164236 120009 36953 133972 381320
cat_boundaries=0 5 10 15 20 25
cat_threshold=5771266 3227516937 4194305 65540 5248 5771264 0 4194304 65536 4096 2214731776 270076224 1611868490 2451089408 131076 536904200 67119556 69218320 2248681824 8500 33587424 151393280 2183399520 1430263473 24576
is_linear=0
shrinkage=0.05


Tree=97
num_leaves=40
num_cat=5
split_feature=28 28 7 7 28 21 21 10 8 8 8 2 4 8 8 27 16 10 16 25 16 5 28 14 23 23 21 5 8 21 2 16 16 2 25 5 2 16 16
split_gain=6.87073 0.952765 1.90383 0.999101 0.854696 0.806741 0.786661 0.768725 0.748525 0.721287 0.711288 0.959966 0.84493 0.721191 0.547031 0.445604 0.494134 0.436332 0.422525 0.412243 0.383855 0.355422 0.327938 0.315593 0.207794 0.164234 0.153361 0.154515 0.116748 0.115008 0.283882 0.104734 0.0757458 0.0640911 0.057617 0.0356164 0.0257798 0.0236653 0.0414056
threshold=0 1 0.8652217984199525 1.2990375757217409 2 1.576451897621155 1.8887424468994143 -0.22488968074321744 1.7111432552337649 -6.6603517532348624 -0.98038563132286061 -0.58622634410858143 -1.0000000180025095e-35 1.9764251112937929 -3.7326394319534297 3 0.91694360971450817 2.8433673381805424 -0.16463165730237958 0.12996032088994983 -0.57102444767951954 -0.48182994127273554 4 -1.6746932268142698 -0.22046526521444318 0.15856233239173892 0.94847130775451671 -0.30020272731781 -0.9036235213279723 0.02386563736945391 -0.29548090696334833 -0.50823378562927235 -1.9111124873161314 -0.64904385805129994 0.92162698507308971 -0.31844051182270044 -0.41197934746742243 0.4662413895130158 -0.29385288059711451
decision_type=9 9 8 8 9 8 8 8 10 10 10 10 8 10 8 1 8 10 10 10 10 10 9 10 10 10 10 10 10 10 10 8 10 10 10 8 10 10 10
left_child=1 2 7 9 10 8 29 33 21 -3 12 25 24 18 -14 16 26 -16 -13 28 -9 -5 -17 36 -2 -12 27 37 -11 -4 -31 -29 -25 -1 -34 -18 -21 38 -6
right_child=4 3 6 5 15 -7 -8 20 -10 19 11 13 14 -15 17 22 35 -19 -20 23 -22 -23 -24 32 -26 -27 -28 31 -30 30 -32 -33 34 -35 -36 -37 -38 -39 -40
leaf_value=0 -0.00082119089140086736 -0.0026693756847152288 0.00071847916061578625 0.00054315862190842284 0.00077120620458415395 0.0031310377748256105 -0.00035666777763447495 0.001463233994878695 0.0018715933551763033 0.0011762512388814161 0.00049413532894014697 -0.00043326637756181457 0.001074619768860372 -0.0014144887583017081 -0.0070134645756810311 -0.0021120500490833666 -0.00026433715334279074 0.00071547544152714788 0.0075186203421727235 -0.00087252402796949224 -0.0044565328616473134 -0.006664365214852694 -0.0084443864655639259 0.00011956456585509421 0.0037065642900733949 -0.0038925180882652165 0.0013854335011450024 0.00031781512353939951 -0.0017671049651799622 0.0004966091087409125 0.011319849169612218 -0.0027484970400617936 0.0060082473838479053 0.0039949328714048524 0.00030725658008254163 -0.0055557828339522723 0.00057938793766169536 0.0011155854531098137 -0.00084703310705906319
leaf_weight=10.01365747899399 15.199034471734196 10.407924212049691 11.788444201229138 10.639545517697114 21.229275360194151 16.43533840191958 14.842114881757878 10.123445605742743 17.401275475742295 19.656985596957384 13.957585656818994 12.72094297215517 16.904617143780342 19.884895674884319 57.09908166374953 110.73985744251695 10.875548730968147 10.332475627612437 40.425941609370057 11.602159427173321 35.778410790197086 49.533003752789227 86.790124809187546 10.273429350840159 13.697087732260114 17.530443134673988 33.400076148143853 20.333305640735489 15.847880732602787 12.282003918808185 98.727052797010401 70.405860892693454 129.22375536528125 25.790899058250943 12.204596284878788 32.628300697782834 10.238200077656073 12.768975086342833 37.933387450611917
leaf_count=6281 18749 4761 3877 3284 47830 6458 4506 2312 4605 4967 25307 8138 19900 9934 65534 257342 26293 11649 23834 4330 13252 15574 270990 3036 13601 27818 57140 45516 4005 3602 10548 161966 36787 7229 3499 84874 1831 31072 85061
internal_value=4.12912e-06 0.00398765 0.00627011 0.00162636 -0.0032927 -0.00195285 0.00927717 4.37811e-05 -0.00387415 0.00331638 -0.000453366 0.00202299 -0.00271708 0.00442042 -0.00466049 -0.00447166 -0.0020453 -0.0059862 0.00627943 0.0040914 -0.00301662 -0.00567644 -0.00623292 0.00489524 0.00225051 -0.0027766 -0.000518399 -0.00116663 -0.000344144 0.0102368 0.0106795 -0.00215706 0.00551874 0.00349709 0.00575115 -0.00513515 -0.000192762 0.000413954 -0.000133288
internal_weight=1187.67 532.81 219.346 313.464 654.857 94.0092 137.64 81.7064 77.5738 219.455 217.752 104.52 113.232 73.0318 84.3362 437.105 239.575 67.4316 53.1469 209.047 45.9019 60.1725 197.53 173.542 28.8961 31.488 196.071 162.671 35.5049 122.798 111.009 90.7392 151.702 35.8046 141.428 43.5038 21.8404 71.9316 59.1627
internal_count=1437292 144744 51607 93137 1292548 29921 22533 29074 23463 63216 224464 95031 129433 41906 97083 1068084 539752 77183 31972 58455 15564 18858 528332 49483 32350 53125 428585 371445 8972 18027 14150 207482 43322 13510 40286 111167 6161 163963 132891
cat_boundaries=0 5 10 15 16 21
cat_threshold=5771264 3227517257 4194305 67588 5248 4722688 1073741824 4194304 65536 4096 67141666 270273536 1646336098 34637377 48 1120 2197816000 134352898 2215642880 1430794656 155652
is_linear=0
shrinkage=0.05


Tree=98
num_leaves=45
num_cat=8
split_feature=28 28 7 28 15 28 7 28 28 16 28 0 15 18 25 24 16 2 3 5 16 3 16 16 0 18 7 16 5 0 7 7 0 24 2 28 3 14 2 18 15 25 3 3
split_gain=6.67148 1.28876 1.43827 0.810535 0.794186 1.47634 0.968815 1.10511 1.03492 0.98322 0.644801 0.624077 1.22237 0.814615 0.925638 0.6004 0.590132 0.564998 0.532621 0.463517 0.462991 0.531857 0.461749 0.449827 0.435273 0.376583 0.327896 0.282227 0.276771 0.267121 0.264591 0.200062 0.196322 0.199461 0.184025 0.151322 0.133453 0.120398 0.110569 0.10969 0.0826838 0.0642803 0.0537264 0.0503197
threshold=0 1 0.84775826334953319 2 0.8597032129764558 3 0.84775826334953319 4 5 0.90013673901557933 6 -2.1015496253967281 0.55941489338874828 1.965872645378113 0.15575397014617923 -0.99741095304489125 -0.58821496367454518 -0.96571004390716542 1.0156728625297549 -0.62537992000579823 -0.62580859661102284 1.6997122168540957 -0.45305457711219782 1.8107915520668032 0.41815508902072912 1.9243121147155764 2.3920178413391118 -1.9111124873161314 -0.092132080346345888 -2.327060222625732 0.27259315550327307 0.53482383489608776 1.9188377261161806 -1.6937907338142393 -0.34267166256904596 7 1.6734703779220583 0.94729003310203563 -0.32386149466037745 1.5568358898162844 2.7967300415039067 0.8541666865348817 1.4099009633064272 -0.13177903741598126
decision_type=9 9 8 9 8 9 8 9 9 10 9 10 10 8 10 10 8 10 8 10 8 10 10 10 10 10 10 8 8 8 10 8 10 8 10 9 8 10 10 10 10 10 10 8
left_child=1 2 22 -2 5 29 7 17 -8 31 -11 18 15 14 19 38 -4 -6 -3 -14 -10 25 40 34 43 -22 28 -16 -20 -5 -19 35 33 -29 -18 -9 -30 -17 -13 -23 -1 -31 -7 -24
right_child=3 11 16 4 6 42 8 9 20 10 -12 12 13 -15 27 37 23 30 26 -21 21 39 24 -25 -26 -27 -28 32 36 41 -32 -33 -34 -35 -36 -37 -38 -39 -40 -41 -42 -43 -44 -45
leaf_value=0.0041662944163191355 -0.0064560884038059874 -0.0044494600056854093 -0.00033802971683569426 -0.00061222438244062699 -0.0020248539132060885 -0.0039996699639910814 0.0012648383129140338 0.00021556229047075076 0.00024679951371234574 0.0044714984489081138 -0.002410774197277722 0.0029191799715418444 0.0020895815391655799 -0.0022497133888514545 -4.3322619635096591e-06 -0.0049747246264304637 0.00094749933632296566 0.0053649092243897335 -0.0008993151575492404 -0.0039371693652860418 -0.010348900046619076 0.0010901419413028338 0 0 0.0021138171177027031 -0.00024990643665218488 -0.0020041560780832343 0.00027710307020594507 -0.00014372994576341343 0.0052319453675898839 -0.00029329431174686697 0.00018394650559555079 3.2436637882958916e-05 0.0083176558902225573 0.011412255026496208 -0.0062357092700534109 0.0048970637677091637 5.0717953346225702e-05 -0.00058663066464860361 -0.0018628576548043894 -4.4187402646131642e-05 0.00011617560916147769 -4.8358625189378972e-05 -0.003990176588767747
leaf_weight=12.973578028962949 118.3692171625371 26.11667628158466 10.350024738829232 12.464779644826192 13.058209371709379 57.996553465804027 33.802259431176935 13.321911338600328 14.399884665799616 18.67958161693241 11.635819578295925 14.85095777922834 21.338559751573488 11.820883095206225 12.586179551653911 30.816608005057788 15.387832459979107 55.395703353526187 17.644643326289952 10.025618989413486 70.231750083970837 10.932332541116919 10.531211010122204 10.052278174131059 12.709127226233248 13.845075444965913 15.217242279642958 13.236350721752386 10.470182683522582 70.33286571536155 17.523857799060352 10.055914618249515 10.427780221580177 99.028643440426094 93.015141676558414 62.109845973645861 19.460019667283632 10.528006856562568 10.029360570566494 21.481063954081037 10.207336732986731 11.043295027004204 13.509649740874009 28.120033678773325
leaf_count=3045 348286 12427 1917 16944 34268 120878 83737 31517 21136 14480 30171 4342 5003 3081 4198 8569 6211 110807 3763 2536 124604 10156 5293 2358 5778 18532 3173 3470 2461 111794 32942 15552 4971 26525 10644 108609 5739 3112 2047 23432 3290 17380 17228 10272
internal_value=0 0.00390001 0.00664252 -0.0032711 -0.0019711 0.00071235 -0.00318133 -0.000526334 -0.00553078 -0.00310274 0.00216793 0.00145785 0.00267253 0.00451904 0.00543067 -0.00206388 0.00935008 0.00279461 -0.00150285 -0.00101105 -0.00686815 -0.0080002 0.000581674 0.0100753 -0.00174885 -0.00943654 0.00110752 0.00682096 0.00267103 0.00388989 0.00439827 -0.00534801 0.00734861 0.00777797 0.0107263 -0.00590469 0.0040843 -0.00431301 0.00199113 -0.000749079 0.0034805 0.00488419 -0.00334602 -0.00355121
internal_weight=1187.13 536.944 203.347 650.19 531.82 165.347 366.473 201.781 164.692 115.803 30.3154 333.598 244.689 178.464 166.643 66.2249 128.805 85.9778 88.9088 31.3642 130.89 116.49 74.5413 118.455 51.3604 84.0768 62.7921 135.279 47.5748 93.8409 72.9196 85.4877 122.693 112.265 108.403 75.4318 29.9302 41.3446 24.8803 32.4134 23.1809 81.3762 71.5062 38.6512
internal_count=1436678 144225 48808 1292453 944167 284224 659943 378346 281597 200329 44651 95417 67854 49784 46703 18070 21130 178017 27563 7539 197860 176724 27678 19213 21343 143136 15136 39164 11963 146118 143749 155678 34966 29995 16855 140126 8200 11681 6389 33588 6335 129174 138106 15565
cat_boundaries=0 5 10 15 20 25 30 35 40
cat_threshold=5771266 3227517193 4194305 65540 5120 4722688 0 4194304 65536 4096 1879133444 8430224 9175056 671236104 100939 84025344 270075968 1611869514 2181605377 131204 2181169792 807970 572558054 118490161 8192 209748065 218234880 353383424 1415852576 24848 303224 402786304 1073872896 1077936128 132 16777216 285278276 2416001032 267072 147632
is_linear=0
shrinkage=0.05


Tree=99
num_leaves=39
num_cat=8
split_feature=28 28 0 3 16 0 16 8 15 10 2 28 16 28 7 28 7 13 7 7 23 0 14 16 23 7 28 28 16 2 10 14 8 2 28 23 0 2
split_gain=6.34332 1.4172 1.42376 2.36811 1.57048 1.10023 1.46549 0.924134 0.915116 1.11665 0.913994 2.22788 1.86014 1.30786 0.87201 0.757954 0.752516 0.729754 0.594101 0.539681 0.48589 0.521994 0.466786 0.387999 0.348405 0.286137 1.57507 0.460974 0.280588 0.278968 0.214596 0.183499 0.166717 0.155148 0.147362 0.127824 0.0531677 0.0401705
threshold=0 1 -2.8392175436019893 1.4322491288185122 -0.037363402545452111 -1.7311416864395139 -1.2405155301094053 0.19575377553701404 3.6890330314636235 1.7892992496490481 -0.39822594821453089 2 0.036027781665325172 3 0.4179364293813706 4 1.1801441311836245 1.6662074923515322 -1.455991744995117 -0.94279143214225758 -1.1451714634895322 0.45116990804672247 -1.4978430271148679 1.4211995005607607 0.19590700417757037 -0.89961713552474964 5 6 2.7342935800552373 -0.309701457619667 2.1088378429412846 1.0364395380020144 -0.39081574976444239 -0.65341269969940174 7 -0.13715933263301847 1.0723135471343996 -0.18323098123073575
decision_type=9 9 8 8 8 8 10 10 8 8 10 9 10 9 8 9 8 10 10 8 10 10 10 10 10 8 9 9 10 10 8 10 10 8 9 10 10 10
left_child=1 2 37 5 -5 24 -7 -6 10 15 13 12 30 18 29 -10 -13 22 -3 -15 32 -22 -14 -11 -4 26 -2 35 -25 33 -12 -24 -17 -8 -29 -27 -20 -1
right_child=25 8 3 4 7 6 14 -9 9 23 11 16 17 19 -16 20 -18 -19 36 -21 21 -23 31 28 -26 27 -28 34 -30 -31 -32 -33 -34 -35 -36 -37 -38 -39
leaf_value=0.00080471291883125432 0.0044022611831789713 -0.0014217053323159006 0.0018766476721776286 0.0035024305086884659 -0.0098473023563673909 -0.0028006739519969102 -0.00036369248947722117 0.00096497298631169218 -0.0016937412559895921 0.0018056309514985825 -0.010382682794211397 0.0072740463597809196 0.0020101376932279776 0.0016764463660325236 0.010916936274712928 -0.0017143625455897143 -0.0013761530181482589 0.0039734034854426881 0.0063309005404022789 -0.0055850326528300402 0.0098201473968839454 -0.00022767581392183568 -0.004850639327683157 -0.0050718126418316436 -0.0034570330916275866 -0.0015382484172470491 -0.0045555441995882139 -0.0010528853286616204 0.00076928404307080285 -0.0015599085996710496 -0.00033792879149590086 0.00036305648752859383 0.0019767061548256522 0.0039097900072800887 -0.0059307618116326488 0.0013369716049754735 0.00026458161841027634 0.011398929618718245
leaf_weight=10.129021218337583 29.474211994034704 12.089669767054145 11.854612835333684 14.594059706694678 23.898565646784846 10.15198849031003 15.871354340066317 14.766932119178817 11.878807896180659 15.155142112489555 50.293652565072989 21.687810907722451 10.200352845160522 10.078108500063534 64.255948366480879 12.009529654911605 16.758528932215995 23.831550841656281 69.817298339825356 23.271769329505332 51.630175311423955 11.164407202319124 36.563535701323417 16.146865747796259 18.794818949027103 22.026741171364847 50.109284971040324 65.445638745302858 11.309554945939452 15.001505767373599 10.373727443569804 10.73914904691628 10.240213885364936 26.273773091554176 271.91115136336157 33.429404570393672 10.185456874372901 42.535080276953522
leaf_count=2445 81004 4064 2719 2534 6280 2600 8445 1873 11164 8653 7663 12905 1255 9735 12194 3044 10911 3185 14322 26907 10936 3707 5674 5657 4053 52006 138768 138486 3954 3936 1839 1708 3349 6987 735557 78930 2933 4004
internal_value=4.30515e-05 0.00293548 0.00548321 0.00258418 -0.00415426 0.00527781 0.00683938 -0.007446 0.000923089 0.00369035 -0.000640358 -0.00264958 -0.00514937 0.00215281 0.0082565 0.00588828 0.00431291 0.000163984 0.00451174 -0.00325129 0.00683838 0.00868036 -0.00248203 -0.00173492 -0.00144758 -0.00415581 -0.000792685 -0.00475329 -0.0036578 0.00151998 -0.00963897 -0.00403727 0.000107549 0.0029221 -0.00529893 0 0.00599584 0.0107943
internal_weight=1185.95 713.553 268.128 215.464 53.2596 162.204 131.555 38.6655 445.425 139.535 305.891 180.448 142.002 125.442 121.403 96.9231 38.4463 81.3346 92.0924 33.3499 85.0443 62.7946 57.503 42.6116 30.6494 472.396 79.5835 392.813 27.4564 57.1466 60.6674 47.3027 22.2497 42.1451 337.357 55.4561 80.0028 52.6641
internal_count=1436386 211635 58070 51621 10687 40934 34162 8153 153565 50464 103101 45140 21324 57961 31562 32200 23816 11822 21319 36642 21036 14643 8637 18264 6772 1224751 219772 1004979 9611 19368 9502 7382 6393 15432 874043 130936 17255 6449
cat_boundaries=0 5 10 15 20 25 30 35 40
cat_threshold=5804034 3227520329 543232007 67589 5264 5771264 0 4194304 65536 4096 32768 1073744897 2097159 1 1024 0 1073743873 2097159 2049 1168 32770 8 69636 2048 16 2164393600 268980262 310414024 2265973088 40960 67108928 134414336 1091567904 1348510720 16388 8224 85204992 2214725120 256 139296
is_linear=0
shrinkage=0.05


Tree=100
num_leaves=49
num_cat=5
split_feature=2 5 6 27 2 25 5 7 27 21 15 21 15 4 15 7 5 21 23 11 21 4 15 6 27 20 27 1 27 20 22 23 7 4 23 21 15 18 11 4 4 4 15 6 15 23 24 21
split_gain=2.62824 0.982677 1.48256 0.687513 0.683151 0.622967 0.770648 0.762867 0.713364 0.959137 0.608873 0.579108 0.555556 0.522497 0.521524 0.575036 0.514982 0.487065 0.302802 0.302335 0.286437 0.267428 0.266413 0.209637 0.204472 0.194451 0.185413 0.175289 0.167298 0.142252 0.131799 0.121614 0.110671 0.0939478 0.0872343 0.080944 0.0781734 0.0775646 0.0767134 0.0720759 0.071018 0.0703318 0.0616903 0.0896673 0.058037 0.0546308 0.0357909 0.0206998
threshold=-0.90596333146095265 0.13633799552917483 -0.68169167637825001 0 -0.22900647670030591 0.54662698507308971 -0.10213010758161543 0.45131571590900427 1 0.41265949606895452 0.92394918203353893 -0.2142519801855087 8.635597229003908 2.287586092948914 0.67571529746055614 -0.48672580718994135 -0.39259257912635798 0.69069498777389537 0.23516911268234256 3.123741984367371 0.97510674595832836 0.87264364957809459 0.57339689135551464 2.6552455425262456 2 0.083333335816860213 3 -1.7470759153366087 4 0.27380953729152685 -4.2539799213409415 1.4981396198272707 0.7988802194595338 -0.068093795329332338 1.5142303705215456 0.52685132622718822 1.2953364253044131 -0.26365201175212855 -3.0424592494964595 1.4521025419235232 0.41219896078109747 1.9281617403030398 0.2906214594841004 1.4427813887596133 0.71984159946441661 -0.55493858456611622 -0.69656148552894581 1.2828928828239443
decision_type=10 10 8 1 8 10 10 8 1 8 10 8 8 10 8 8 8 10 10 10 8 10 8 10 1 8 1 10 1 10 10 10 10 10 10 8 10 8 10 8 10 8 8 10 10 10 8 10
left_child=16 2 17 4 21 6 8 24 9 33 18 -9 19 23 -11 -16 -1 28 -5 20 30 25 -18 -6 36 38 -19 -12 35 -29 -10 42 -23 -4 -17 39 -7 -26 -3 46 -14 -32 -27 -44 -22 -30 -2 -46
right_child=1 3 5 10 13 7 -8 11 12 14 27 -13 40 -15 15 34 22 26 -20 -21 44 32 -24 -25 37 31 -28 29 45 -31 41 -33 -34 -35 -36 -37 -38 -39 -40 -41 -42 -43 43 -45 47 -47 -48 -49
leaf_value=0 9.0895094782376314e-05 0.00078061152332747734 0.00012243502523112776 -0.0012208703133191783 0.0067223995282553453 -0.00031133803053098646 0.0036449627491530884 0.00067030524870228701 -8.6712415844230431e-06 0.0020211681552893602 0.00040459559873231145 -0.0080443741932452965 -0.00039222079513666418 -0.0011197994377486426 0.0017210638611123968 -0.0062255969660173311 0 0 0.0042401794685219211 0.0008058367711761893 0.00099027507619417173 0.00063108180941145976 -0.0081136700836765951 0 0.00033260982559358404 0 0.0058915033517468298 0.00016514745919983287 0.00035329404118649165 -0.0047795346494140705 -0.0060269244482566127 -0.00039928493726368319 -0.0025830741965563184 0.0051479738988181355 -0.00012821575790568072 -0.00057306455517415825 0.0025780087350407133 -0.0026010091840669761 -0.00177610581876376 -0.00021759554225899612 0.0025286938664969829 -0.0004645308051790061 0.0043897884158237959 -1.8328469538987788e-06 0.0001435172442260289 -0.0020228667128238996 0.0030465787932955038 -0.0014638619044331439
leaf_weight=30.286845302434813 19.388835022495186 12.43881961884472 15.421116052348223 10.47550288000639 143.56312966070254 16.506912982891663 47.8514302221447 13.569734584823889 13.290094688010866 18.681684368071728 16.204811159477686 45.701322208311467 10.081759305103335 10.067550505416873 10.005714397746486 27.678167889964243 11.502282894187372 23.313799449242651 19.473037249190384 14.46680291918892 14.529033105704 14.066099147377825 62.622014711894735 12.060493092852992 14.437678681009855 10.425454588315917 55.421959338360466 11.529041679452346 12.511803033870818 29.316847232475993 96.284510750010668 10.97873275628808 22.316208035692398 42.443966443395766 10.512001653805781 11.056438960309604 20.978111357537273 20.160800568177365 12.83141265222366 16.2485313851721 11.845778406750467 17.235156047099736 35.306327113976295 10.79158113041194 10.20318085535837 23.269141353033774 33.555102534242906 12.12891768675763
leaf_count=78187 17705 7988 29383 22702 63760 21001 37033 26779 14391 15884 28753 66183 12331 5814 11013 27366 33404 24598 27430 19356 9600 11571 174085 5480 26526 10145 30648 23885 23979 56277 117965 10045 18507 57609 9153 7942 25427 31963 10801 16348 11809 23750 27908 9144 7988 48424 31233 8333
internal_value=0.000174812 0.00100754 -0.00013503 0.00288357 0.00383732 -0.00156453 -0.000333004 -0.00397578 -0.00134045 0.0012972 -0.000757859 -0.00660967 -0.00287259 0.00569366 -0.00208988 -0.00395208 -0.00594677 0.00310773 0.00269855 -0.00385681 -0.00438447 0.000717736 -0.00737329 0.00632387 0 0.00192581 0.0052459 -0.00310274 0.000483835 -0.00400608 -0.00522272 0.00287491 -0.00163653 0.0045326 -0.0056282 0.00147209 0.00161334 -0.00164967 -0.000768628 0.00206766 0.00177712 -0.00561326 0.00344671 0.00384364 -9.67805e-05 -0.00126464 0.00258261 -0.00106879
internal_weight=1185.04 1080.62 698.779 381.845 294.846 504.014 372.659 131.355 324.808 124.743 86.9992 59.2711 200.065 165.691 66.8776 48.1959 104.411 194.766 29.9485 178.138 163.671 129.155 74.1243 155.624 72.0835 92.7723 78.7358 57.0507 116.03 40.8459 126.81 67.5021 36.3823 57.8651 38.1902 80.2489 37.485 34.5985 25.2702 69.1925 21.9275 113.52 56.5234 46.0979 36.8611 35.7809 52.9439 22.3321
internal_count=1437606 1151930 811720 340210 181163 610843 412964 197879 375931 150408 159047 92962 225523 75054 63416 47532 285676 200877 50132 201383 182027 106109 207489 69240 104917 76031 55246 108915 145631 80162 156106 57242 30078 86992 36519 73228 46428 58489 18789 65286 24140 141715 47197 37052 25921 72403 48938 16321
cat_boundaries=0 1 2 3 4 5
cat_threshold=2233 197 112 1736 180
is_linear=0
shrinkage=0.05


Tree=101
num_leaves=40
num_cat=8
split_feature=28 0 28 10 16 28 10 24 27 15 16 14 2 18 28 15 28 23 23 28 3 3 2 16 15 18 23 16 25 15 11 3 15 25 1 28 22 23 23
split_gain=5.99313 1.4457 1.2314 1.18321 0.837823 0.811897 0.760804 0.698488 0.431804 0.428204 0.426586 0.42391 0.417606 0.321322 0.83014 0.709292 0.583492 0.562793 0.396937 0.278019 0.27497 0.232782 0.230778 0.198559 0.207503 0.171887 0.159243 0.227398 0.149847 0.113448 0.104927 0.0978982 0.0898954 0.0514533 0.0462544 0.0427078 0.026066 0.0236393 0.0254167
threshold=0 1.2225779294967654 1 5.9877984523773202 -0.11505701765418051 2 -0.83805605769157399 1.0132251381874087 3 3.6890330314636235 -0.89724785089492787 2.288870215415955 -0.72586739063262928 0.76098233461380016 4 0.60080015659332286 5 1.0487108230590823 2.0456635951995854 6 1.88031542301178 -1.1176992058753965 -0.26698094606399531 -0.92999407649040211 0.2350898012518883 0.46740230917930609 1.7358638644218447 -0.35764293372631067 0.10615079477429391 0.58649063110351574 -0.44944354891777033 -0.69209131598472584 2.2300062179565434 0.38988095521926885 2.6458816528320317 7 0.52570313215255748 0.4553013294935227 -1.4094055294990537
decision_type=9 8 9 8 10 9 10 10 1 8 8 8 10 10 9 10 9 10 8 9 10 8 10 8 8 10 10 10 10 10 10 10 8 10 10 9 8 8 10
left_child=1 11 3 4 6 -3 36 12 9 25 -11 13 30 15 17 16 -1 -15 -16 33 22 -7 31 -8 -25 29 27 -27 -14 -4 -6 -9 -29 -17 -30 -10 -2 38 -31
right_child=2 5 8 -5 7 21 23 20 35 10 -12 -13 28 14 18 19 -18 -19 -20 -21 -22 -23 -24 24 -26 26 -28 32 34 37 -32 -33 -34 -35 -36 -37 -38 -39 -40
leaf_value=0.0023229400957383898 0.0027776255706925064 0.0025373909750222756 0.0021522028273733662 -0.0057935216170408258 0.0010843677424868825 0.00015614563494400479 3.0765771381784777e-05 -0.0011830953156150535 -0.00089174712283016143 0.00067480584683024222 -0.0058603413688745366 -0.0007577235489151518 0 0.0033130954483195246 0.0089993257447103445 0.00062526169429721629 -0.0039704051384175203 -0.0025279412142171728 0.00044947336609556915 0.0047111002034437108 0.0019788398288783015 -0.0068018182097128073 -0.0039353565523978298 0.00020513513250376432 -0.0060834758160302092 0.0010118001210470894 0.00099217345490573076 -0.0036230253694747531 0.0062116142796486895 0.00027058617466003764 -0.0019002727253653229 0.0015492678312916523 0.00016750062107891693 -0.0015206116811948495 0.00028365395531604928 -0.0069283483869322197 0 0.00036672392039236172 -0.0013086518843810075
leaf_weight=14.150141493402769 16.140445459139301 15.87323555056355 30.111213073338149 25.597769144522317 10.571261624150795 10.426324696847585 18.97087571764132 10.639124300912952 38.364390746079152 19.031157924073341 50.194676812592661 15.197880253661422 12.000095644863903 32.197592841926962 158.028309270725 10.178207748802381 26.435796552192187 33.331893330730963 21.687202445435105 83.225066791361314 13.736183878645532 13.713851592416178 20.382260465034051 10.023879128755651 33.724549284510431 15.401997570705133 16.367884788298397 59.11641369258723 80.911002922890475 10.186401133505568 10.635997824763761 23.366278568122652 10.428035123593871 10.059453744775963 10.312378721384446 134.90719331593573 10.10841974632058 20.697976320727321 25.277354493860912
leaf_count=7461 17190 4165 70489 45679 16636 7201 14923 16121 83894 45192 127019 3384 7730 6925 21594 3903 5040 6946 3475 16749 6426 9707 10005 7630 25852 32223 35069 126548 49320 24001 17446 19962 23312 4520 6414 387185 11261 47718 61343
internal_value=-9.08513e-06 0.00425228 -0.00271133 -0.000151786 0.00113794 -0.0024598 -0.00212763 0.00279494 -0.00428653 -0.00206009 -0.00449225 0.00521839 0.00451102 0.00552276 0.00667583 0.00231957 -0.00183184 0.00045145 0.00796501 0.0040469 -0.000879868 -0.00497901 -0.00225177 -0.00430185 -0.00524834 -0.000471707 -0.00157412 -0.00229006 0.00545872 0.000888775 -0.000625546 0.000439521 -0.00318049 -0.000606947 0.00591458 -0.00618636 0.00241614 -0.000436123 -0.000903614
internal_weight=1181.71 444.505 737.205 307.121 281.523 40.0134 88.9682 192.555 430.085 256.813 69.2258 404.492 124.431 389.294 245.245 144.049 40.5859 65.5295 179.716 103.463 68.1238 24.1402 54.3877 62.7193 43.7484 187.587 101.314 84.9464 103.223 86.2729 21.2073 34.0054 69.5444 20.2377 91.2234 173.272 26.2489 56.1617 35.4638
internal_count=1437658 101070 1336588 272595 226916 21073 76856 150060 1063993 592914 172211 79997 97546 76613 38940 37673 12501 13871 25069 25172 52514 16908 46088 48405 33482 420703 217152 182083 63464 203551 34082 36083 149860 8423 55734 471079 28451 133062 85344
cat_boundaries=0 5 10 15 16 20 24 28 33
cat_threshold=5771264 3227517960 4194305 65540 4096 67141634 269490497 1646336066 100665409 9360 1052672 2147483648 0 0 4096 1122 1048576 2149581832 0 4 4718592 2097160 4194304 65536 0 3225419784 4194304 65536 2147484192 655360 2147483648 1074833152 32
is_linear=0
shrinkage=0.05


Tree=102
num_leaves=41
num_cat=6
split_feature=28 28 18 0 28 28 15 28 13 28 18 8 13 11 25 21 0 18 21 2 23 24 21 15 23 8 23 18 18 8 8 14 0 0 5 15 5 19 13 7
split_gain=6.32969 0.943727 0.808708 0.662508 1.51364 0.6727 1.44669 1.10139 1.02029 0.703323 0.589619 0.544601 0.741655 0.687242 0.538776 0.50783 0.448799 0.439086 0.55872 0.391893 0.378694 0.377806 0.377359 0.329337 0.317156 0.296635 0.220289 0.155077 0.149486 0.147199 0.140694 0.117392 0.106628 0.0793049 0.0776096 0.050885 0.047525 0.0383344 0.0289763 0.0202508
threshold=0 1 0.40328133106231695 1.2225779294967654 2 3 1.0759290456771853 4 0.86210739612579357 5 1.8279126286506655 1.3570744991302492 1.6471357345581057 -3.2097001075744624 0.62797617912292492 0.58178856968879711 -1.4233487844467161 0.12715152651071551 0.69069498777389537 -0.90596333146095265 1.2784012556076052 -1.3174241185188291 1.77891480922699 2.0233962535858159 0.40103729069232946 -1.7721230983734129 -1.7094136476516721 0.1458251774311066 -0.055101074278354638 -1.3365264534950254 -0.81023573875427235 -1.3639480471611021 -0.46032539010047907 -1.0614194273948667 -0.30952045321464533 4.5157976150512704 0.45298141241073614 -0.11666460335254668 0.17010010778903964 0.7988802194595338
decision_type=9 9 8 8 9 9 10 9 10 9 10 8 10 10 10 10 10 10 10 10 10 10 10 10 8 10 10 10 8 8 8 10 10 10 8 8 10 10 10 10
left_child=3 2 19 5 -5 8 7 16 23 17 11 12 13 -4 28 37 -7 -8 -19 -2 -3 33 -10 27 -13 -20 -21 -1 -9 -16 -12 -28 -18 -11 39 -32 -36 -15 -29 -22
right_child=1 20 10 4 -6 6 9 14 22 21 30 24 -14 15 29 -17 32 18 25 26 34 -23 -24 -25 -26 -27 31 38 -30 -31 35 -33 -34 -35 36 -37 -38 -39 -40 -41
leaf_value=-0.00065354370322213973 -0.001637653348692263 -0.0053754212317035453 0.0025582324268394749 0.0042763978536584047 -0.0052020278724442363 -0.0067067924561611692 0.0030249757719703826 -0.00019794623560968018 0.010720068660250272 -0.0011152697683020911 -0.00071160872985702494 0.00014285153090130452 0.003737025135997973 0.001450268699954261 -0.0028450728184575176 -0.0060444032213793578 0.0015383022504073436 -0.0048783864467332677 -0.0016262760600179779 -0.00062817787602676485 0.00088228718868073655 0.0073245605043518779 5.3297612491375518e-05 -0.0021913495224426941 -0.0080395182813179315 0.0034294790190627488 0 0.0040006654536214699 0.0048909964814606273 0.00084669228625322958 0 0.0050240341236655866 -0.0013508038327483705 0.0014083476089134623 -0.0022618449477576547 0.0033416194097759576 5.4963002447788766e-05 -0.00044855217851865072 0.00011239373568013806 -0.0003678873265618185
leaf_weight=10.09021974726056 12.534505620031267 299.68175171846815 11.791316359391201 24.262895088075311 25.122963202884421 31.971495002857409 17.445564459281741 10.466076485943629 72.425244044934516 13.362819860325546 18.656521567289019 10.798104916451846 17.078479050673195 11.355430602023263 15.185718260094289 46.545286010936252 16.291045930294789 20.635119663216756 10.741796739152052 10.21151031948102 21.019499325535435 117.6393687374366 10.446742924599674 16.028765223789378 19.156372636593009 16.129747094906634 10.962103252648374 11.231663497848787 42.741482721234206 13.305742688433385 11.619273141128359 51.83133141577855 11.486278965530799 10.919947991933439 43.3950534506439 10.58844054148358 20.610367663321085 10.231062805120017 11.406021940769277 14.630461955399367
leaf_count=7030 26928 807329 7362 9571 18674 3882 6893 3932 13557 1694 12645 15803 12878 13252 3934 27999 2011 9867 2950 9731 57638 16322 2079 6617 23845 3725 8490 3248 10975 3624 8508 43622 2205 1727 116151 5639 52341 11976 3296 37404
internal_value=9.65713e-05 -0.0030749 -0.000441346 0.0039289 -0.000779491 0.00452479 0.00245978 -0.00115475 0.00724596 0.00479012 -0.0022947 -0.00367403 -0.000699605 -0.00275946 0.00215084 -0.00441535 -0.004433 -6.04756e-05 -0.00222116 0.00263047 -0.00445896 0.00615591 0.00993911 0.000636973 -0.00678259 0.00160017 0.00377174 0.00256984 0.00423059 -0.0016162 0.00159919 0.00449287 0.000178969 0.000136368 -0.00109239 0.00275823 -0.00177504 0.000795752 0.00353631 0.000395597
internal_weight=1182.03 652.697 253.36 529.337 49.3859 479.951 348.322 141.448 131.629 206.874 167.82 126.956 97.0016 79.9231 81.699 68.1318 59.7488 64.9522 47.5067 85.5395 399.337 141.922 82.872 48.7567 29.9545 26.8715 73.0049 32.7279 53.2076 28.4915 40.8642 62.7934 27.7773 24.2828 99.6554 22.2077 64.0054 21.5865 22.6377 35.65
internal_count=1437354 1299541 228678 137813 28245 109568 73741 30563 35827 43178 139907 113115 73467 60589 22465 53227 8098 23435 16542 88771 1070863 19743 15636 20191 39648 6675 61843 13574 14907 7558 26792 52112 4216 3421 263534 14147 168492 25228 6544 95042
cat_boundaries=0 5 10 15 20 24 29
cat_threshold=5771264 3495953417 4194305 67588 4224 2214625314 2033984 1612779622 34636097 1040 1052672 2415919105 0 0 4096 4718592 1073741824 4194304 65536 4096 4096 4194304 1 4 0 2418016257 0 0 128
is_linear=0
shrinkage=0.05


Tree=103
num_leaves=46
num_cat=0
split_feature=2 9 10 21 10 23 14 13 1 21 16 20 21 14 23 8 8 1 18 8 10 2 4 18 3 2 26 1 21 21 2 10 4 23 8 23 16 21 8 13 2 14 14 16 8
split_gain=2.42482 0.896798 0.866523 0.861232 0.906628 0.59764 0.62848 0.583414 0.570632 0.564399 0.557248 0.55288 0.52279 0.491514 0.683699 0.516326 0.418034 0.362751 0.350156 0.33233 0.318681 0.311673 0.301581 0.284711 0.271257 0.240788 0.236723 0.221001 0.214705 0.326631 0.204593 0.187161 0.12497 0.113582 0.100782 0.0764308 0.0643541 0.0588895 0.0539597 0.0509771 0.0461043 0.0371472 0.0321595 0.029603 0.0292659
threshold=-0.8725818097591399 3.3713488578796391 -0.58861282467842091 1.4823046922683718 4.692613124847413 1.6989874839782717 -1.5523086190223692 1.7849555015563967 -4.3906252384185782 -0.50498807430267323 -0.70785230398178089 0.25793652236461645 0.61083480715751659 1.5706744790077212 1.2375224232673647 -2.0060689449310298 -3.6560001373291011 3.48996913433075 0.93331754207611095 2.8280513286590581 3.6363687515258794 -0.21536893397569654 -1.2553596496582029 -1.8024964928627012 -0.19716178625822064 -0.22432653605937955 0.48809523880481726 -0.64374896883964527 0.6700359880924226 0.1421332731842995 -0.51338043808937062 0.61027854681015026 1.5500352978706362 -0.65423756837844838 -2.2121645212173457 0.060832615941762931 -0.4282285720109939 -0.3572456687688827 -0.9036235213279723 -0.29140442609786982 -0.97879973053932179 -0.31391234695911402 1.0915465950965884 0.057072985917329795 -2.0324308872222896
decision_type=10 8 8 10 8 10 8 10 8 8 8 10 10 10 8 10 8 8 10 10 10 10 8 10 10 10 10 10 10 8 10 10 10 10 10 8 8 10 10 10 10 10 10 10 8
left_child=36 2 17 4 25 6 18 8 42 33 24 31 30 14 15 -9 41 23 35 20 -18 -14 -19 -2 -11 -3 -5 -6 29 37 38 44 -32 -10 -26 -4 40 -25 -7 -30 -1 -13 -8 -43 -12
right_child=1 3 5 26 27 12 7 13 9 10 11 16 21 -15 -16 -17 19 22 -20 -21 -22 -23 -24 28 34 -27 -28 -29 39 -31 32 -33 -34 -35 -36 -37 -38 -39 -40 -41 -42 43 -44 -45 -46
leaf_value=-0.0016662585063490596 -0.00070194074146865966 0 0.00067538916116316992 0.0013736670326475644 0.0013914772192816633 -0.00044563968819997076 0 -0.0011813880265261474 -0.00071749866856263495 -0.0020061167980986033 -7.8230846404828375e-05 -0.00084852814114305924 -0.00040810029702843895 -0.0022547547948424712 -0.0022287573342516468 0.0064482578802119205 -0.0060672961352341848 0.0019245567104314402 0.004191962781389144 0.00039271601424479251 0.00049906950815571834 0.0053950077144795964 -0.003017451202772668 0 -0.0004436780480663735 0.0080946496115300078 -0.0031819395047460739 -0.0028404542128812405 0.0064520093527695097 -0.0012166162273733133 -0.003493208380709874 -0.0017331646186132803 0.00034769882981076504 0.0025749720600616033 0.0030224655371279808 -0.001841661540392921 -0.0059446283888252051 0.0036488743459195576 0.0019010176834217286 0.00029432383080586321 0.00036666907243462538 0.0013973439199624991 0.0026978916065520746 -0.00027736324151298407 0.0020700525713214057
leaf_weight=10.737306405746496 15.618075555044923 10.222838751098605 16.338075339350326 10.521827597076483 18.08628804139153 10.070679479154935 10.208060129232765 10.231393562062292 11.045882732883909 12.189159023291721 10.087894929420143 11.400106288288951 19.801695621245017 21.148850067635067 12.787518413177166 40.359977691681706 236.2521581818437 11.859461702173574 33.351585935808544 15.642433480534235 10.52589432064269 45.940443817060441 15.1407373655602 10.066317437398537 10.013247847899036 71.85255722925649 17.398403206090734 10.152787282182542 47.494432224186312 40.932433131994912 15.595008128431802 20.379025650392578 16.011989538987109 21.787395814426418 30.0894223955911 15.450609388106388 94.020532072157948 28.100032845075475 15.694430557283338 10.44241320320725 19.255051155727415 10.316583890111362 12.78655806664028 15.89528255107143 28.211309017358872
leaf_count=29355 22437 8542 20163 6830 14610 19140 11562 10091 19141 17976 9891 11999 21672 23152 14416 39198 244319 11103 27401 19280 14133 33380 13655 18705 10788 34489 11048 10686 37575 48609 18516 24183 18824 34851 24700 20082 257657 39290 24135 7306 52082 12054 13055 18321 36993
internal_value=0.000132294 0.000993119 0.000324881 0.00414368 0.00568448 -0.000472719 -0.00113175 -0.00171775 -0.00238788 -0.00284493 -0.00335352 -0.00399222 0.00217224 0.00145804 0.00318904 0.0050353 -0.0047478 0.00301829 0.00237687 -0.00534789 -0.00573348 0.00418269 -0.000941646 0.00380288 0.000788746 0.00747623 -0.00162116 -0.000909018 0.00439343 0.00127735 -0.000959917 0.000232083 -0.00246529 0.00164246 0.00233557 -0.000864837 -0.00535569 0.00318187 0.00122901 0.00603894 -0.000885214 4.45871e-05 0.00227141 0.00080048 0.00172369
internal_weight=1181.51 1057.5 919.267 138.235 110.314 739.613 616.498 551.358 466.83 443.836 411.003 358.711 123.114 84.5277 63.3789 50.5914 300.032 179.654 65.1403 262.42 246.778 65.7421 27.0002 152.654 52.2918 82.0754 27.9202 28.2391 137.036 79.0988 57.3721 58.6782 31.607 32.8333 40.1027 31.7887 124.013 38.1664 25.7651 57.9368 29.9924 37.612 22.9946 26.2119 38.2992
internal_count=1437395 1098301 1012096 86205 68327 813416 677749 610103 523246 498629 444637 391173 135667 86857 63705 49289 320106 198680 67646 277732 258452 55052 24758 173922 53464 43031 17878 25296 151485 106604 80615 71067 37340 53992 35488 40245 339094 57995 43275 44881 81437 42374 24617 30375 46884
is_linear=0
shrinkage=0.05


Tree=104
num_leaves=60
num_cat=0
split_feature=0 5 0 23 24 1 9 1 18 3 5 0 23 3 7 13 0 13 0 18 11 16 23 23 14 23 3 7 0 15 24 13 7 9 4 23 5 16 24 15 15 15 15 5 15 18 9 15 24 18 6 16 23 16 11 15 1 0 16
split_gain=1.31877 1.31993 0.870261 0.941444 0.743797 0.980929 0.932205 0.765884 0.681103 0.586266 0.571576 0.486019 0.379212 0.378014 0.36888 0.380324 0.324642 0.318109 0.48598 0.267255 0.353874 0.259797 0.243146 0.218943 0.209879 0.195464 0.260556 0.182628 0.180819 0.172761 0.170568 0.144336 0.139711 0.132009 0.128498 0.125712 0.123814 0.123424 0.12097 0.11353 0.154452 0.110241 0.109278 0.107784 0.101777 0.0743122 0.0681024 0.0670164 0.0668158 0.0642929 0.0572507 0.0567373 0.0565672 0.0383324 0.0359809 0.0346629 0.022611 0.0223533 0.0223082
threshold=1.7964752316474917 -0.4024237841367721 -3.5553568601608272 0.60804280638694774 -0.55934661626815785 0.10164815187454225 2.8777685165405278 0.024697571992874149 1.0586017370224001 -0.79021152853965748 0.024240297265350822 -1.323416471481323 1.6807802915573122 1.8454973101615908 1.9993947744369509 -0.24126089364290235 -2.0399096012115474 0.88952749967575084 -2.801677823066711 0.5748865306377412 -0.13752560317516324 -1.0865749120712278 1.7164494991302492 1.4363807439804079 -1.4804714322090147 -0.38123923540115351 -0.066015388816595064 2.209586620330811 -1.6183551549911497 0.26283873617649084 0.02056011371314526 0.37700884044170385 1.3499782085418703 -1.0000000180025095e-35 -1.8273108601570127 2.3509887456893925 -0.38291829824447626 -0.55510050058364857 1.954440772533417 0.7044966220855714 0.22069410979747775 3.2523000240325932 0.24890106171369555 1.3445733785629275 1.4621196389198305 0.12715152651071551 1.3267250061035158 0.82814097404479992 -1.1516631245613096 -1.5338547229766843 -0.07988939061760901 -1.2405155301094053 0.88044166564941417 0.6306883990764619 -2.0736948251724239 1.6162611246109011 -1.8421058654785154 0.45116990804672247 0.4313244372606278
decision_type=8 8 10 10 10 10 10 10 8 10 10 10 10 10 10 8 8 8 10 10 8 10 10 10 10 10 10 10 10 10 10 10 10 10 10 10 8 10 10 10 10 10 10 10 10 8 10 8 10 8 10 10 10 8 10 10 10 10 10
left_child=2 49 3 13 5 6 14 8 9 47 29 24 17 -1 15 37 32 31 53 44 51 -17 39 38 -9 33 36 28 -14 -3 -28 -10 55 -13 -12 -5 -27 -4 -18 40 56 -25 -26 -20 48 -46 -32 -6 54 -2 -31 -21 -8 -19 -7 -11 -23 -49 -53
right_child=1 10 4 35 7 19 52 11 12 16 34 25 27 -15 -16 21 23 18 43 20 -22 22 -24 41 42 26 30 -29 -30 50 46 -33 -34 -35 -36 -37 -38 -39 -40 -41 -42 -43 -44 -45 45 -47 -48 57 -50 -51 -52 58 -54 -55 -56 -57 -58 -59 -60
leaf_value=-0.0033701535953123496 -0.00014038031582023063 -0.00020298261317407826 -0.0011087188317202151 0.0078633239149504056 0.00032223561091636798 -0.00049174125887355624 0.0048641470123579889 0.00015671807388901397 -0.001284694161072909 -0.00021978355973073578 0.0015265028543898561 0.00031275373853936723 0.0037122055831836456 0.0020547756723172462 0.0019353828115374725 0.00067772154701595342 0.0053960624670455204 0.0016457418408921173 -0.0054877206071075055 0.00028044892082615224 -0.00049597793681559123 0 0.00039046181838945038 -0.0015278837088169841 -5.5189246491866445e-05 0.00086099601359900652 -0.00073620370002798875 -0.0011800869306577372 -0.00062833621948225405 -0.008538461407149962 0.004095142312834618 0.0020487517106890138 -0.0020445213020145094 -0.0034540275953466892 -0.0015734317498679543 0.00020794076759165917 -0.0023865587023570813 0.0019421070286569858 0.00010832435659092674 -0.0062440362748843615 0.0010137784820491613 0.0014630553320633928 -0.0063706201286664503 0 0.0025091478183083271 -0.00037921359834147184 0 -0.0027389970809725914 -0.0016445961816337141 0.0030541501341626318 -0.00058306051293289455 0.0068898467134237158 8.8793546462985107e-05 -0.00035252015780710575 0.0012986380004608084 0.0017431874345090578 -0.0027358378565242219 0 0.00064551204667327548
leaf_weight=17.90404056358966 11.047812851451452 11.829164106573442 14.748927252447173 38.399230397808424 13.715420885528145 10.223814988406955 16.378782555555521 11.767691349064988 13.271861245011676 13.694325383497928 17.476175862248056 21.941518018815259 19.946456355224651 14.765460722068381 12.616129832669683 13.056086602613503 91.82020094870677 12.203188157065595 65.010318153632397 10.379031716416646 13.465961762900404 10.120365372516973 13.77552582661883 12.510735367155577 10.006069204893718 13.319459323167392 10.031955221929818 15.466502005423534 15.067551183812613 49.693715865796548 20.041197262486097 20.973986803866865 11.05493325023417 10.914963569499376 16.248600715000066 10.125924551677597 22.314110347710084 24.232777464247192 16.075954333784466 50.969505968423618 19.185116229957202 10.603009551014109 53.044653390097665 10.285755735581914 29.675364059512503 11.161801635993468 10.33660336104367 14.622320876485903 13.061434528935932 23.700895037443843 11.700966291093208 67.302663858659798 11.338994456891667 10.180990268054304 12.001794797048207 12.032825279806273 15.397513130388687 11.505781731393652 14.638835579768054
leaf_count=20393 22853 32941 18778 25527 26344 12051 8823 12198 13634 16768 34619 35027 19833 7873 10966 13854 96599 8106 71319 9401 13447 12236 16239 14697 10939 20749 8279 12958 14672 116595 16294 18769 10120 11473 25945 8472 36533 32823 16504 62607 21469 9647 60310 7964 39032 13248 9504 29237 15553 47185 30305 55765 8387 6769 16835 12105 19496 22009 14418
internal_value=0.000205488 -0.00362273 0.000874722 0.00470176 0.000327994 0.00190828 -0.0005028 -0.00078913 0.000497448 0.00223076 -0.00580439 -0.00306406 -0.00150953 -0.00109797 -0.00207467 -0.0027951 0.00337429 -0.00267878 -0.00373417 0.00413648 0.00539442 -0.00384631 -0.00446063 0.00425714 -0.00520829 -0.000384118 0.000927187 0.00130886 0.00251454 -0.00738296 0.0025985 0.000701792 -0.00035367 -0.00220746 0 0.00723282 -0.00132032 0.00075723 0.00492367 -0.00508771 -0.00111594 -2.52152e-05 -0.00588028 -0.00504899 0.00090321 0.00189046 0.00353488 -0.00172711 -0.000619171 0.00249589 -0.00800942 0.00616113 0.00428889 0.0010521 0.000635555 0.00117707 -0.00239441 -0.00237364 0.00647956
internal_weight=1180.38 141.697 1038.69 81.1947 957.491 383.73 201.82 573.76 390.042 207.636 106.949 183.718 182.407 32.6695 174.102 161.486 167.792 131.926 97.6803 181.911 105.786 122.504 109.448 131.01 74.8184 108.9 76.0433 50.4805 35.014 73.2238 40.4098 34.2458 36.7821 32.8565 33.7248 48.5252 35.6336 38.9817 107.896 95.6725 44.703 23.1137 63.0507 75.2961 76.1242 40.8372 30.3778 39.8435 35.287 34.7487 61.3947 92.3205 27.7178 22.3842 22.2256 25.7272 25.5179 26.1281 81.9415
internal_count=1437496 310443 1127053 62265 1064788 415428 225678 649360 428054 254030 240405 221306 174024 28266 208468 197502 176440 126561 94158 189750 93031 145901 132047 137447 83447 137859 91359 47463 34505 179841 34077 32403 38993 46500 60564 33999 57282 51601 113103 115808 53201 24344 71249 79283 96719 52280 25798 77590 44439 70038 146900 79584 17210 14875 28886 28873 31732 51246 70183
is_linear=0
shrinkage=0.05


Tree=105
num_leaves=41
num_cat=6
split_feature=28 28 7 7 16 16 22 4 28 7 28 28 9 22 5 18 23 2 26 22 18 23 16 7 12 16 16 14 2 18 18 14 18 18 2 5 26 16 28 18
split_gain=5.39528 1.03176 2.51865 1.33798 1.02741 0.815373 0.697247 0.686676 0.595291 0.550871 1.70258 0.600349 0.747962 0.495489 0.482564 0.367355 0.35221 0.309992 0.279565 0.222569 0.22218 0.212882 0.203791 0.183122 0.117543 0.112998 0.105876 0.10427 0.0967325 0.0863633 0.0713165 0.0711213 0.0705829 0.0658518 0.0863033 0.0647633 0.0603927 0.0513389 0.043092 0.0313283
threshold=0 1 0.83177959918975841 1.3848064541816714 1.4543318152427676 1.8107915520668032 6.2147741317749032 0.56784877181053173 2 -0.8568935990333556 3 4 3.8411591053009038 -3.6718209981918331 -0.30952045321464533 1.6764996051788332 -1.6531813144683836 -0.039525393396615975 0.90873014926910411 2.2575713396072392 1.774466931819916 0.76486259698867809 1.168478846549988 0.78273844718933117 -1.9546258449554441 1.2681228518486025 -0.73065257072448719 -1.4978430271148679 -0.43051892518997187 0.81418356299400341 -1.6258958578109739 0.37521927058696752 0.25167733430862432 1.243275582790375 -0.19213210791349408 0.33652494847774511 0.52777779102325451 0.68722841143608104 5 0.81418356299400341
decision_type=9 9 8 8 10 8 10 8 9 8 9 9 10 10 8 10 10 8 10 10 10 10 8 8 10 10 10 8 10 10 10 10 8 8 8 10 8 10 9 8
left_child=1 2 19 6 13 7 18 -5 -2 10 16 22 14 -4 21 -14 -10 -9 24 28 23 26 33 31 -3 39 -13 -25 -1 -8 -26 -16 -18 -11 -35 -22 -19 -28 -12 -23
right_child=8 3 4 5 -6 -7 29 17 9 11 38 12 15 -15 20 -17 32 36 -20 -21 35 25 -24 27 30 -27 37 -29 -30 -31 -32 -33 -34 34 -36 -37 -38 -39 -40 -41
leaf_value=0.00010069588680859464 -0.0062160073050879262 -2.2417691696537082e-05 4.6668288842028652e-05 0.0020944882186993532 -0.00093897365177876037 0.0029589286213341556 -0.0027975332988509471 -0.0063005729400521446 -0.00053797287849488584 0.0025741567037070234 9.8324467471406056e-05 0.00043537496664000815 0.0039144837425166687 0.012380981768042693 -0.0028754581252628704 -0.0015735927983717571 0.007384847665004338 0.0011818766727187966 -0.00030603677380871717 0.0011665097047795683 -0.0015402984471721698 0 -0.0016716021128741669 -0.0002882188615850981 1.9257020507859546e-05 -0.0011028707636147128 -0.0032612377018816081 -0.0078815281101758238 -0.0039137404910066422 0.00042434935542575428 0.0049343276902834446 -2.0134459700768565e-05 0.00030616771505610139 -0.0013447124191749158 0.0012581757455994581 0.00068583446403227188 -0.0010510018437155913 0 -0.0042535696116766898 0.0022013037397306638
leaf_weight=13.207283951647694 95.510454930757987 10.796931563338147 10.01918019322329 10.69861582687008 10.074985281346015 17.315496215705934 13.525451674911894 64.760033749727882 10.199663745319411 40.002985876977618 10.414448337534848 13.035177524798199 14.990160110355644 69.831543034379138 59.926274372846819 17.86020571689005 26.745013774350809 10.02290432379232 24.264204864870408 13.876130091201047 21.478449857990199 15.823388735843764 13.401288193890649 10.143789751491566 10.117562660481779 10.500519085355334 45.64265100160992 88.191422618627257 16.202973853563893 10.487827428049057 202.22806033687084 32.549046785730752 10.000385478830138 14.068014444732396 13.136336201336237 17.190731468646845 10.83309319464024 12.658185780390339 39.023826605509385 26.420080858370056
leaf_count=10576 278064 2093 3329 2248 3107 3802 3539 13265 19952 57380 27773 24669 16477 12764 116190 23022 47670 1914 4712 6529 37485 31630 25905 18393 3574 19258 93790 180788 7581 1962 36762 64243 18836 22702 15901 21108 2191 26534 84791 45431
internal_value=-0.000247422 0.00335775 0.00650477 0.0015276 0.0102199 -0.0023207 0.00331217 -0.00399083 -0.00313013 -0.00205106 0.000945827 -0.00275056 -0.00345215 0.0114858 -0.00418449 0.0017214 0.0051684 -0.00527998 0.00409084 -0.00180331 -0.00537878 -0.00103649 0.000810645 -0.00597667 0.00455576 0.000899248 -0.00228971 -0.00749312 -0.0031197 -0.00198676 0.0047675 -0.00226531 0.0068029 0.00191938 -2.22325e-05 -0.00066558 2.82824e-05 -0.00286487 -0.00373984 0.00177917
internal_weight=1177.17 518.262 133.212 385.05 89.9257 113.63 271.42 96.3146 658.913 563.402 96.3833 467.019 386.41 79.8507 353.56 32.8504 46.9451 85.616 247.407 43.2864 229.48 124.08 80.6086 190.811 223.143 52.744 71.336 98.3352 29.4103 24.0133 212.346 92.4753 36.7454 67.2073 27.2044 38.6692 20.856 58.3008 49.4383 42.2435
internal_count=1437940 119948 43886 76062 19200 23420 52642 19618 1317992 1039928 199022 840906 719018 16093 679519 39499 86458 17370 47141 24686 438207 241312 121888 379614 42429 96319 144993 199181 18157 5501 40336 180433 66506 95983 38603 58593 4105 120324 112564 77061
cat_boundaries=0 5 10 15 20 25 30
cat_threshold=5771264 3223323657 4259841 67588 4112 4718592 0 4194304 65536 4096 1342524676 8421392 786448 671236104 100363 2197947010 270031136 847251658 2265972768 1152 67141632 4194368 17829924 1348509696 32 538968121 17039942 2149614080 526289 8224
is_linear=0
shrinkage=0.05


Tree=106
num_leaves=42
num_cat=7
split_feature=28 28 3 14 8 28 15 3 18 3 7 28 28 7 8 28 0 28 4 8 0 12 0 0 9 16 16 0 6 15 16 3 16 0 18 16 18 8 16 12 6
split_gain=5.74488 0.81755 1.02571 0.81522 0.759199 0.684004 0.589216 0.699951 0.52851 0.517868 0.508383 0.830797 0.759513 0.484709 0.711571 0.918936 0.448317 0.411472 0.386161 0.372407 0.486708 0.302357 0.272617 0.229329 0.20453 0.18429 0.173427 0.168771 0.16863 0.135833 0.123412 0.0964714 0.0723257 0.0512513 0.0473207 0.0839251 0.0466875 0.0384513 0.0254061 0.0253859 0.0200046
threshold=0 1 -0.32274918258190149 -0.90083095431327809 -1.8722686171531675 2 2.3240602016448979 1.88031542301178 1.6145884990692141 -1.0000000180025095e-35 1.9480152130126955 3 4 -0.74321076273918141 -0.9036235213279723 5 1.4347518086433413 6 1.9845009446144106 -3.5859211683273311 -1.1838206648826597 -1.8619259595870969 -2.5949931144714351 -2.9659184217452998 4.5239896774292001 0.24708530306816104 -0.4282285720109939 -1.541399300098419 -0.58416324853897084 0.43222030997276312 0.81164902448654186 1.8146753311157229 0.55001628398895275 -2.5661239624023433 0.33663259446620947 0.16242058575153354 1.904843866825104 -1.7962170243263242 0.04319517873227597 1.5814763903617861 -0.99947315454483021
decision_type=9 9 10 10 10 9 10 8 10 10 8 9 9 10 8 9 10 9 8 8 10 8 10 10 10 10 10 8 10 10 10 10 10 10 8 8 10 10 10 10 8
left_child=1 2 -1 16 19 -2 7 9 39 29 12 37 13 26 17 -16 21 28 -4 27 34 -3 -9 -10 -13 -11 -7 33 -15 -6 -23 36 -27 -5 -21 -36 40 -12 -17 -8 -14
right_child=5 3 18 4 6 10 8 22 23 25 11 24 31 14 15 38 -18 -19 -20 20 -22 30 -24 -25 -26 32 -28 -29 -30 -31 -32 -33 -34 -35 35 -37 -38 -39 -40 -41 -42
leaf_value=-0.0010607832871605152 -0.0060933887877850108 -0.00024049212146875213 0.010439357107792939 -7.4753311160980195e-05 -0.00093691725940942103 -0.00020841423200660742 0.0061362092469986942 0.0050470609864186698 0.0018098898393128168 -0.0053173399532010571 0.0023537693656495353 -0.0070367020516277192 -5.7368724958199338e-05 0.00013359035300568463 0.0049486169408931996 0 -0.0011449264641338137 0.0011067630247444339 0 -0.00019785737016094103 0.0011265610863685216 0.0067100452955632149 -0.00079336521565271311 -0.002465540675722834 0 0.0011331990797765802 0.0049516778072790334 -0.0012178209241301306 -0.0056736013643205845 0.0024760204152324788 0.00051347388013686147 0.0003714791309423857 -0.0012861141088163178 0.0029289109098480318 -0.00051204108534360965 -0.0064845536389490609 0 -8.948696518972551e-05 -0.0026600082850142519 0.00036275878974988314 -0.003163324277019668
leaf_weight=16.034415488582454 114.94247099801578 15.106519605673382 54.716875925732893 11.234128235169921 12.205780779331688 13.228297306523016 56.808880630182102 14.381426839900088 10.265958216885339 33.703234497428639 12.686738256255923 66.39484898171213 10.591653790113922 10.090896648471242 42.43509368764353 12.584965503388956 10.429135378115459 23.439528176349995 10.350364792800972 10.240597099022123 20.094304118989385 92.973432704689912 10.045819711725924 17.75721871323185 12.392243969094123 12.821095925930424 31.98321509865491 16.976593702449463 34.624391697951069 22.491951776202768 19.760289883924997 10.291796213270571 10.566810428208553 11.860883113302405 18.630764271627413 23.038064859152655 15.080102073639862 11.903602903839781 27.495325348012557 10.595109811125438 185.12706694580993
leaf_count=15237 342955 3132 19812 2304 3909 26210 13004 1500 1545 6764 30069 133314 21640 7925 15185 33101 4547 59364 3560 2097 4184 20023 1556 3641 16378 2449 59895 4838 25131 7390 4517 14444 2286 2982 4027 6642 28331 20944 71594 2312 386267
internal_value=-1.79368e-05 0.00355026 0.00723833 0.00213565 0.00054707 -0.00311834 0.00216372 -0.000320528 0.00429356 -0.00233146 -0.00189052 -0.00443623 -0.000881739 0.00121525 -0.000357884 0.00221056 0.00480871 -0.00312937 0.00952824 -0.00220066 -0.00366148 0.00550787 0.00365859 -0.000679073 -0.00592583 -0.0042187 0.00407279 0.000944161 -0.00446064 0.00137205 0.0061461 -0.00258887 -2.32603e-05 0.00234773 -0.00520737 -0.00560453 -0.00289535 0.0016197 -0.00208811 0.00581226 -0.00306146
internal_weight=1178.38 543.09 81.1017 461.988 323.719 635.292 211.643 116.216 95.4272 91.7889 520.35 103.377 416.972 195.882 150.67 82.5154 138.269 68.1548 65.0672 112.075 72.0037 127.84 24.4272 28.0232 78.7871 57.0911 45.2115 40.0716 44.7153 34.6977 112.734 221.091 23.3879 23.095 51.9094 41.6688 210.799 24.5903 40.0803 67.404 195.719
internal_count=1437005 144258 38609 105649 73430 1292747 46356 25854 20502 22798 949792 200705 749087 298405 212300 119880 32219 92420 23372 27074 16950 27672 3056 5186 149692 11499 86105 10124 33056 11299 24540 450682 4735 5286 12766 10669 436238 51013 104695 15316 407907
cat_boundaries=0 5 10 15 20 25 29 33
cat_threshold=5771264 3228042505 4194307 67588 4224 4718592 0 4194304 0 4096 1610960156 8429712 9175056 671236104 100875 478183426 352452608 355541284 1344537136 16656 2197947008 1316964 570562760 34612289 1056 2147483776 2112 135168 1049600 16777344 1050660 0 34604096
is_linear=0
shrinkage=0.05


Tree=107
num_leaves=51
num_cat=7
split_feature=28 28 7 23 15 21 21 28 23 15 28 28 5 28 10 23 15 21 10 28 5 23 23 15 15 23 4 4 22 21 5 15 23 24 22 0 7 23 24 10 1 21 21 24 15 21 24 22 0 24
split_gain=5.8005 1.05297 2.72293 1.60643 1.84247 1.29474 0.93059 0.916805 0.89341 0.849783 1.39915 0.76037 0.669532 0.557873 0.909414 0.621247 0.535363 0.66268 0.512254 0.405928 0.352319 0.329851 0.309805 0.251315 0.235295 0.234045 0.211041 0.260387 0.19988 0.165265 0.157753 0.153028 0.144103 0.139744 0.133742 0.136027 0.129441 0.123605 0.112252 0.139093 0.104985 0.0903285 0.0783002 0.0690035 0.0906287 0.0489651 0.0423527 0.029298 0.0285782 0.02623
threshold=0 1 0.84775826334953319 0.15856233239173892 0.79568693041801464 1.8887424468994143 0.42074927687644964 2 1.1028109788894656 3.5177718400955205 3 4 -0.40719181299209589 5 5.9877984523773202 -0.15740133821964261 0.8597032129764558 1.0966746807098391 1.5097079873085024 6 -0.37806540727615351 -1.30372017621994 1.6989874839782717 6.3687055110931405 0.60080015659332286 0.21468574553728106 -0.77804541587829579 1.847339987754822 -3.2937368154525752 1.4823046922683718 0.59676659107208263 -0.10302162542939185 -1.1266287565231321 1.0417136549949648 2.1128034591674809 -1.4091851711273191 -1.0754698514938352 1.6630204916000368 -1.8805533647537229 -0.8846459388732909 3.1969627141952519 -0.05013743229210376 0.63014802336692821 -1.0282046198844907 1.3773553967475893 -0.7426495850086211 0.80997735261917125 -1.0000000180025095e-35 -2.2545695304870601 -1.5825294256210325
decision_type=9 9 8 10 8 8 8 9 10 10 9 9 10 9 8 10 10 8 10 9 8 10 10 10 10 8 8 10 8 8 10 10 10 10 10 8 10 10 10 10 10 8 10 10 8 10 10 10 10 8
left_child=1 2 8 4 11 23 7 -6 24 12 22 21 34 29 15 26 38 25 33 -14 -16 -3 -11 -4 -1 -18 40 41 -21 -2 36 -30 -13 -19 35 -5 -27 -12 -17 -40 45 46 -26 49 -45 -15 -28 -9 -41 -38
right_child=13 3 5 9 6 -7 -8 47 -10 10 37 32 19 14 20 16 17 18 -20 28 -22 -23 -24 -25 42 30 27 -29 31 -31 -32 -33 -34 -35 -36 -37 43 -39 39 48 -42 -43 -44 44 -46 -47 -48 -49 -50 -51
leaf_value=0.00038706139683207004 -0.0069200748400603251 0.00054165684493610508 0.012140268557504254 -0.00063944778740478126 0.0043401830100053941 -0.0011880729574588191 0.009505388965973709 -0.0038289016164163277 0.0031723668941704519 -0.0051459623324068594 0.0073387779499534513 -0.00052587700615687135 0.00089560457719733912 -0.00045018167637916212 0.00043588679193055441 -0.00029341607827180799 0.00087734682155291119 0.0050755375135754077 -0.0019961877547075907 8.1739941748349372e-05 -0.0071923547562046447 -0.0061460782860509782 0.00087395268139044309 0.0005168909511119984 -0.00021293969141817504 0.00024570473114982804 -0.0013060387194800689 0.00080540091060807284 -4.6567682712325019e-06 0 0.0003361071704459547 -0.0069302388799137547 0.0036618812803802985 -0.00013410737701582899 -0.0012092764524307144 0.0028729438064000238 -0.00096335329994997286 0.00045854204215108323 -0.00029197281898094631 0.00016637542074572138 -0.0016414597627851574 -0.0051797997726165451 -0.00653226576151281 0 -0.0051309941443562273 0.0016348327191454829 0.00056345485318693713 -0.00010910662950013154 0.0044220392976413274 0.00052147960596092904
leaf_weight=10.145768952192155 103.99645265872095 13.029817613889461 80.753007298058947 16.217156400336535 19.624984762107488 12.49478503699356 76.15875767772377 18.875206483702645 16.497834875699482 16.228024272219049 23.218578076732229 11.046004368996366 17.6022989731282 12.519335892000525 10.014327730517833 11.515421324678753 17.882084320284775 27.621202789116069 12.930926530483701 10.050094126825568 49.904505198930565 21.993337893552962 11.366642536318976 10.534481063426936 10.938947469956476 10.077909803905639 24.332913149555679 10.015179205147431 10.197452936146872 10.597984617015753 15.669522714553748 65.535178422476747 17.597730136796599 10.234207453198904 11.581636937480651 28.775992183858762 10.391897967427211 16.756865071685752 11.494422054565801 10.934304182490449 11.761481782014014 70.596352437059977 12.526876450079724 10.127461253985532 59.405392248641874 27.046329039359989 10.196353442079269 12.10310318940901 47.496221176530526 10.027385831752328
leaf_count=6568 313514 2257 13252 2467 3291 4340 12211 6702 7010 4594 3498 3157 6141 33625 22701 20075 35921 28439 16526 1558 127085 3952 3184 2939 7521 22531 57175 18551 1583 32343 27448 10083 4316 11044 2317 5432 20475 2461 24804 18064 25324 122220 5006 19328 121338 58660 25691 5280 84684 18955
internal_value=-9.90509e-05 0.00333518 0.00634543 0.00155892 0.00447691 0.0100429 0.00718074 0.000647044 -0.00181984 -0.00117566 0.00243064 -0.00165311 -0.0029389 -0.00335043 -0.0020982 -0.000966716 0.00054411 -0.000953336 0.00248317 -0.00470422 -0.00625361 -0.00424461 -0.00322138 0.0114919 -0.00476176 -0.00260756 -0.00297069 -0.00384213 -0.00546058 -0.00613089 -0.00327857 -0.00641016 0.00237391 0.00433544 0.000933686 0.0018841 -0.00380143 0.00573086 0.00304523 0.00352984 -3.51948e-05 -0.00443401 -0.00580431 -0.00421637 -0.0047118 0.00103625 -0.00068809 -0.00302811 0.00411572 -0.000310649
internal_weight=1178.64 571.851 153.892 417.959 190.429 103.782 126.762 50.6033 50.1094 227.53 67.5701 63.6669 159.96 606.79 492.195 432.276 265.808 184.368 50.7863 103.385 59.9188 35.0232 27.5947 91.2875 33.6116 133.582 166.468 115.141 85.7827 114.594 115.7 75.7326 28.6437 37.8554 56.5748 44.9931 100.03 39.9754 81.4404 69.9249 51.3271 105.126 23.4658 89.9521 69.5329 39.5657 34.5293 30.9783 58.4305 20.4193
internal_count=1437641 131120 46636 84484 41166 20531 27484 15273 26105 43318 13737 13682 29581 1306521 960664 810878 469632 322005 56009 19365 149786 6209 7778 16191 19095 265996 341246 223637 13224 345857 230075 11666 7473 39483 10216 7899 202627 5959 147627 127552 117609 205086 12527 180096 140666 92285 82866 11982 102748 39430
cat_boundaries=0 5 10 14 18 22 27 31
cat_threshold=5771264 3227517185 4194311 67588 4096 4718592 1073741824 4194304 65536 4096 1052672 0 6 2048 1048576 257 4 2048 4096 4194305 1 4 1485131012 8429568 819216 671236104 101195 0 4194561 0 2048
is_linear=0
shrinkage=0.05


Tree=108
num_leaves=53
num_cat=5
split_feature=2 9 10 0 10 18 27 21 8 8 21 27 2 0 0 23 8 16 16 0 23 16 8 2 18 2 23 23 27 18 27 27 8 18 11 15 9 16 2 8 9 15 7 0 21 8 23 18 7 2 10 9
split_gain=2.12201 0.777864 0.958731 1.10431 0.912904 0.503676 0.731598 0.468505 0.406857 0.861493 0.446344 0.386025 1.87135 0.374919 0.373754 0.361398 0.41501 0.346595 0.335313 0.3235 0.579471 0.369028 0.412049 0.316936 0.717735 0.491159 0.420322 0.298938 0.284705 0.350298 0.280851 0.275108 0.258409 0.251923 0.229295 0.174273 0.174096 0.173356 0.156641 0.156259 0.146919 0.141056 0.135348 0.134395 0.121423 0.119266 0.114886 0.101443 0.0967729 0.0692395 0.0415677 0.027269
threshold=-0.91584119200706471 3.3713488578796391 4.692613124847413 -2.8392175436019893 -0.40723782777786249 1.661091208457947 0 -0.43894901871681208 -1.0123077630996702 1.1429911255836489 -0.0081735407002270204 1 -0.31419494748115534 -1.1151400804519651 -1.7975889444351194 0.7048320770263673 -0.9989866018295287 0.28258672356605535 1.0000000180025095e-35 -1.6978425979614256 1.3642156124114992 -0.92999407649040211 -0.93164256215095509 -0.40277312695980066 0.35297764837741857 -0.60336577892303456 0.77932322025299083 1.4666472077369692 2 -1.0103991031646726 3 4 0.92539876699447643 1.2816134095191958 1.37999564409256 0.50286874175071727 2.8055235147476201 1.4543318152427676 -0.6836523413658141 0.48301994800567633 1.4031845331192019 0.82814097404479992 -0.91444391012191761 -0.63973692059516896 1.1839519739151003 -3.1542010307312007 -1.1451714634895322 -0.18763291835784909 0.89726597070693981 -0.079764094203710542 3.8083223104476933 1.0906840562820437
decision_type=10 8 8 10 8 10 1 8 8 10 8 1 10 10 10 10 10 10 10 10 10 10 10 10 8 8 10 10 1 10 1 1 8 10 10 8 10 8 10 10 10 8 8 10 10 10 10 10 10 10 10 10
left_child=42 4 3 -3 8 7 13 32 14 10 -10 12 18 36 -2 16 -5 -12 -9 20 21 -13 -23 25 43 26 -21 46 29 -11 -4 -16 47 34 41 -8 45 -22 -34 -24 44 51 -1 -25 -35 -7 -27 -6 -15 -17 -47 -26
right_child=1 2 30 15 5 6 35 11 9 28 17 19 -14 48 31 49 -18 -19 -20 23 37 22 39 24 33 27 -28 -29 -30 -31 -32 -33 38 40 -36 -37 -38 -39 -40 -41 -42 -43 -44 -45 -46 50 -48 -49 -50 -51 -52 -53
leaf_value=-0.00082664256013844153 -0.001062515301557599 0.0086214919395415663 -0.0033524761498161626 -0.0016037225061771199 -0.002184047865293243 9.6289387480132845e-05 0.00070649412422231158 0.00073308484952243921 0.0013470355909357371 -0.00045831374889204827 -0.0061887736356670111 0.00078861366448859476 0.0060543028648784277 0.00086759878604215045 -0.00044864955429698447 -0.00307360098656787 0.004512550045075313 0.00071379764184408999 -0.0059642422174004742 -0.0038958433315756293 0.0021554364835603573 -0.0068640561903624804 0.001842499635053855 0.0030996931063531777 -0.0011038821645432883 -0.00012927389427735779 0.0016666199534890733 -0.0011453270337921466 -0.0010620412601459581 0.0065000671650776876 0.0013846928117711224 0.0054340671933881361 0.0040511720635042587 -0.00085442923086722689 0.00016601223896762243 -0.003645223934057527 -0.00015754469160676743 -0.0014901059388415586 -0.00048438993107679726 -0.0017284739738697428 -0.0018182030561785445 -0.0068053397744769336 -0.0064823547942773748 -0.00056367455743388433 0.0025229347006167457 0.0057493903467912676 0.00447839139290933 0.00080852695017719816 -0.002080526890994929 0.00015862676446354694 0.00048423702925789124 0.00044095527229477075
leaf_weight=32.23949797230307 11.397920053685082 51.518896307847172 17.37116270383558 13.164281985511481 12.122649354882016 16.451782566240581 10.531548522056253 10.393000273739746 15.655807033166637 14.594447805211528 24.339377848991717 10.033517797404782 34.507840345548175 10.063313941318485 19.535998101964651 16.828055595222398 14.762930583208798 10.116301286107044 21.244529790266824 32.357803466940823 25.108698299845855 90.027386246103561 12.093454916241173 20.507844914020097 11.328121498838305 10.204026808176421 19.542712006266811 13.103414919714849 10.23886043702805 17.447242690621351 11.638691082793232 95.061257424822543 28.558166612892819 10.624696821025283 13.682922060637791 29.224096459969587 15.045623263853484 10.916842477228782 10.015467085810085 10.321508319233542 19.408701987966197 36.317020384398347 64.144267097188276 15.569367775337012 13.004944268759571 55.963579022063641 43.629495546971157 13.212222879752515 12.041835728290605 12.137830855936043 16.405947592807934 10.21007692151761
leaf_count=86897 17212 19323 15576 9862 22987 12545 18323 12401 26196 16683 26757 10667 26829 8216 44461 13836 7116 11371 24813 49706 33056 115919 12878 16578 9929 11621 31368 14863 26026 11912 11924 82536 46524 10886 11321 62833 7743 13214 16284 10979 17242 31470 181408 14309 6332 29760 52129 25771 8256 8521 12103 9686
internal_value=0.000111087 0.000844643 0.00379069 0.00549609 0.000240521 -0.000637847 0.00148122 -0.00134544 0.00274672 3.45888e-06 -0.00318363 -0.00187949 0.0010384 0.00304113 0.00415746 0 0.00238618 -0.00488018 -0.00460139 -0.0023744 -0.00396904 -0.00521041 -0.00585446 -0.00102081 -0.00226979 0.000736216 -0.00196223 0.00281564 0.00351331 0.00438722 -0.00196415 0.00487207 0.00175239 -0.00387075 -0.00504363 -0.00241615 0.0041759 0.000768603 0.00320842 7.10214e-05 -0.00020466 -0.00582787 -0.00555325 0.00205156 0.00138746 0.00473833 0.00391518 -0.00105622 -0.00099811 -0.00241302 0.00528222 -0.000505311
internal_weight=1175.97 1079.58 137.422 108.412 942.161 723.774 165.728 558.046 218.387 92.392 50.1115 494.138 66.1454 125.972 125.995 56.8931 27.9272 34.4557 31.6375 427.993 158.501 122.476 112.442 269.491 150.654 118.837 51.9005 66.9369 42.2806 32.0417 29.0099 114.597 63.9085 114.576 71.5381 39.7556 103.867 36.0255 38.5736 22.415 43.0383 57.8552 96.3838 36.0772 23.6296 88.8213 53.8335 25.3349 22.1051 28.9659 72.3695 21.5382
internal_count=1437158 1168853 86158 58658 1082695 819541 159779 659762 263154 118945 64324 548196 64043 78623 144209 39335 16978 38128 37214 484153 196713 150443 139776 287440 127753 159687 81074 78613 54621 28595 27500 126997 111566 96866 62406 81156 62151 46270 62808 23857 34460 51085 268305 30887 17218 54408 63750 48758 16472 22357 41863 19615
cat_boundaries=0 1 2 3 4 5
cat_threshold=2233 2065 2224 2272 3864
is_linear=0
shrinkage=0.05


Tree=109
num_leaves=53
num_cat=4
split_feature=2 10 27 8 14 13 7 2 1 3 27 8 16 8 18 2 8 5 1 4 22 18 18 27 6 23 23 16 13 23 8 9 7 18 2 27 1 14 8 13 12 2 25 7 22 4 2 23 23 16 19 23
split_gain=2.0079 0.811151 0.814811 1.96726 1.51047 1.28831 1.09532 0.948968 0.824043 0.803765 0.793309 0.763469 0.749996 0.746935 0.779409 0.471018 0.455415 0.427528 0.347563 0.332941 0.30547 0.296865 0.283788 0.265668 0.248281 0.245462 0.230763 0.226194 0.222436 0.208748 0.203332 0.197674 0.181931 0.176872 0.238381 0.158431 0.154378 0.130294 0.125598 0.111633 0.108848 0.0987743 0.0861883 0.0799744 0.0794657 0.0793786 0.073813 0.0451335 0.0449501 0.0325265 0.0279466 0.0264899
threshold=-0.90596333146095265 8.2420296669006365 0 0.81567025184631359 -0.7391061782836913 1.5920033454895022 0.016633444465696815 -0.42578126490116114 -0.09889416396617888 2.0335849523544316 1 1.042320787906647 -0.28421756625175471 -3.5157508850097652 1.8279126286506655 -0.39822594821453089 -3.7326394319534297 -0.39259257912635798 -2.8059273958206172 1.108700752258301 6.2147741317749032 -0.9219892919063567 -0.16888278722763059 2 -0.83122527599334706 1.5616910457611086 -1.1451714634895322 1.1036446690559389 1.7249137759208681 1.6445210576057436 -6.9405848979949942 0.57920712232589733 -1.1395692229270933 0.055959964171051986 -0.46301712095737452 3 1.2991886734962466 0.66655227541923534 -1.259393513202667 1.0000000180025095e-35 -1.3750866651535032 -0.72163730859756459 0.086309526115655913 2.1762630939483647 -1.6380580663681028 -3.1312478780746456 -0.64009636640548695 -1.5250259637832639 0.4195206761360169 0.064380273222923293 0.79137963056564342 -0.80956685543060292
decision_type=10 8 1 10 10 8 10 10 10 10 1 8 8 8 10 8 8 8 10 8 8 8 10 1 10 10 10 10 10 10 10 10 8 10 10 1 10 10 10 10 10 10 10 10 10 10 10 10 10 8 10 10
left_child=17 2 3 5 11 6 20 46 9 15 30 16 39 -8 24 19 48 -1 37 21 33 50 38 51 -15 35 -24 44 -11 -30 -3 -21 -19 41 -35 47 -13 -17 -18 -10 -14 -2 -28 -9 -7 -12 -5 -20 -4 -38 -6 -23
right_child=1 10 4 7 8 27 13 43 12 28 45 36 40 14 -16 18 22 32 25 31 -22 23 26 -25 -26 -27 42 -29 29 -31 -32 -33 -34 34 -36 -37 49 -39 -40 -41 -42 -43 -44 -45 -46 -47 -48 -49 -50 -51 -52 -53
leaf_value=0 -4.5210126028418383e-05 -0.00099483908385697905 -0.0013866757421000047 0.0012573907884723843 -0.0017783605078206519 0.00014720637150938588 0.0017277639467511438 0.010820868083188209 0.0021086601750131967 -0.00057605135714668436 -0.0006868143601740798 -0.0028143849323850612 -0.00023414322414738866 0 0.001364993946157442 -0.0013080299312980205 0.00174469226330472 -0.00020907877154324793 -0.00025998463443585714 -0.0032651987361231104 -0.0017560139480098974 0.00040611021299742623 0 -0.00091801034877025663 -0.0077919001669270009 0.00021910388436269585 0.00022497268870405479 -0.00021255116010403388 0.0055668278565528606 -0.00032454438600814517 0.0035747586455085047 0.00097321652241221944 -0.0074857597562186257 0.0019966940742345662 -0.0022121065840399277 0.0004308596475351921 0.0013203665783790407 0.0018445076129502314 -0.0013530386937992871 -0.0009067342402686011 -0.0067628581254197701 0.0044207869656766614 0.0068485651897513093 0.00090791453989071298 0.0061894374413175562 -0.0074259492672045626 -0.0010964016025907857 -0.0059993444299469949 0.0005379418625147776 -0.00039575396277683438 0.00012244114701553255 0.0045539366842669909
leaf_weight=30.196860838135763 10.695188472171138 10.087341888094672 13.056019082432615 16.075888918923738 10.523784806275218 10.319483312050577 17.710619664663682 41.363318183161027 16.685715445972164 11.392165699166069 18.697641415114049 22.80776606258587 12.33917924488196 10.504066726018207 15.17730202203529 11.391305055745759 13.850222573986686 14.08862115217198 10.304555780130611 23.547127186051512 11.617049665364901 18.018961335190397 14.562152934886397 17.407776942120108 67.472185686958255 20.988787755704834 10.334863002943164 13.593533543418742 28.955610205193807 10.216691981724578 10.933835963071031 12.948425479924479 58.208772166115523 18.147712231861078 16.343012291508785 10.868040780907902 11.637580840339067 23.758850521742716 17.019311959425977 15.326403420011045 70.937571480179031 38.001176382094854 91.827797820478736 13.369612100956145 35.210661247539974 14.73232476578414 16.835591164483048 60.486178444407415 15.915425010498437 12.544667280337309 13.026268862289724 45.385418136786029
leaf_count=78250 18616 25924 16738 18793 16709 4366 12543 20419 20860 7994 39570 30719 17269 5861 6566 11847 17144 38829 6358 43353 10960 19770 15737 42589 42057 22861 10989 6705 18868 7837 8039 17986 168668 16017 10199 25660 15109 21941 21429 17403 98459 37165 94534 5623 16059 27056 13487 49345 19758 17291 20313 58652
internal_value=-7.31598e-05 0.000655599 0.00104377 0.00278645 -3.6923e-05 0.000264509 -0.00169948 0.00770804 -0.0016906 -0.000197568 -0.00358862 0.00293957 -0.00457439 -0.00433226 -0.00572039 -0.00138305 0.00422576 -0.00545802 -0.00304417 0.000587566 0.00177759 0.00188534 0.00510841 0.00298857 -0.00713304 -0.00411035 0.00592997 0.00479061 0.00372521 0.00465379 0.00188897 -0.00201032 -0.00677385 0.00278257 -6.73172e-05 -0.00492173 -0.00152879 0.000595972 0.000194378 0.000931372 -0.00628377 0.00386327 0.00650548 0.0100366 0.00566612 -0.00570354 5.79481e-05 -0.00522608 -0.000594893 0.000696014 -0.0012905 0.00378433
internal_weight=1177.45 1074.95 1020.5 352.436 668.065 264.792 205.668 87.6444 444.509 329.22 54.4511 223.556 115.289 110.864 93.1536 278.655 176.566 102.494 137.798 140.858 94.8041 104.362 147.594 80.8122 77.9763 102.648 116.725 59.1237 50.5645 39.1723 21.0212 36.4956 72.2974 83.1871 34.4907 81.6588 46.99 35.1502 30.8695 32.0121 83.2768 48.6964 102.163 54.7329 45.5301 33.43 32.9115 70.7907 28.9714 24.1822 23.5501 63.4044
internal_count=1437294 1151547 1050958 245436 805522 187114 159984 58322 546074 392083 100589 259448 153991 67027 54484 357384 196329 285747 138012 219372 92957 158033 159833 121011 47918 104224 121260 27130 34699 26705 33963 61339 207497 81997 26216 81363 63119 33788 38573 38263 115728 55781 105523 26042 20425 66626 32280 55703 36496 32400 37022 78422
cat_boundaries=0 1 2 3 4
cat_threshold=2193 1061 1124 1124
is_linear=0
shrinkage=0.05


Tree=110
num_leaves=33
num_cat=8
split_feature=28 28 10 15 5 21 28 21 9 2 16 21 4 28 28 24 23 23 28 15 28 22 8 23 21 28 0 21 22 21 16 4
split_gain=6.3578 1.72891 1.04045 0.964129 1.35827 1.0606 0.865145 0.690887 1.51068 0.743679 0.833901 0.653877 0.597813 0.531579 0.384401 0.336388 0.334707 0.471617 0.430672 0.329793 0.518002 0.25649 0.223605 0.213078 0.209156 0.174231 0.164261 0.160651 0.110598 0.196041 0.0616966 0.0482403
threshold=0 1 10.82504463195801 1.5044528841972353 -0.18854530900716779 0.25442287325859075 2 1.6492661833763125 1.6932014226913454 -0.76781412959098805 -1.3002532720565794 0.40395829081535345 1.5001266002655032 3 4 1.5280683040618899 0.25432474911212927 -1.1451714634895322 5 -0.17609546333551404 6 0.96343624591827404 -2.9989523887634273 2.3509887456893925 0.7006404995918275 7 -1.323416471481323 1.73345023393631 2.8045825958251958 0.57303819060325634 -2.5212321281433101 0.66365492343902599
decision_type=9 9 8 8 8 10 9 10 10 10 10 8 10 9 9 10 10 10 9 8 9 8 10 8 10 9 10 10 10 10 10 10
left_child=2 3 7 5 16 13 12 9 26 -1 -11 14 28 21 -6 22 17 -5 -18 20 -3 -2 -13 -12 -8 -21 -9 30 29 -7 -27 -26
right_child=1 19 -4 4 11 6 24 8 -10 10 23 15 -14 -15 -16 -17 18 -19 -20 25 -22 -23 -24 -25 31 27 -28 -29 -30 -31 -32 -33
leaf_value=-0.00097902773576263283 0.0054970613255188941 0.0029324165227793846 -0.0025553741428128744 -0.0024669602002558421 0.0020841845595906167 -0.00027909566740456064 -0.0013044287561704837 -0.00014103641296304739 -0.0055871388984209576 -0.0013724608756477362 0.0081750422820481058 2.3200858581119432e-06 0.00075757535751926682 -0.0020573341731560989 -0.0029361366950965322 -8.379525617150532e-05 0.0011738005592790892 0.0033156471820790113 -0.0051439765172650925 -0.0013188137671355975 -0.0028953196933850286 -0.00030175228662463843 0.0079504157851466861 0.00011448017101051371 0.0033833293757106345 -0.00016144483554786436 0.005615950838333039 0 -0.00060614885708624696 -0.009610999632340354 -0.0056171397798426646 0
leaf_weight=16.053177053196123 25.832758760574507 19.691664340090938 10.817263739678308 18.056569254476926 20.808392809107318 10.521792325278509 12.95467010726861 10.204792245756833 15.184452930814585 10.637524618941823 247.3196420991444 10.979504581955551 12.41465928693651 16.041991445032181 13.10653445774369 14.75791179272346 16.676722313452046 25.329849402973196 24.736901919372031 111.47595334662765 13.146986801955789 16.798457096010679 65.781694148987299 11.203238037385743 10.77213484735694 10.246217150524897 18.21242344376515 12.345960937534981 13.995061532797989 34.993401985702803 293.91008025555493 11.182578669860957
leaf_count=12528 11539 49772 8178 11246 8291 3119 7741 1880 2742 1702 40807 8716 3806 17403 16178 5228 10318 12971 11740 263295 36060 9869 17719 2287 4780 32286 2773 26163 3696 9168 776700 5799
internal_value=8.48963e-05 -0.00225373 0.00532914 0.000289787 0.00232479 -0.00219815 -0.00452053 0.00604545 4.18749e-06 0.0068157 0.00737681 0.00495341 -0.0062935 0.0021188 -0.000491345 0.00646717 -0.00192142 0.000823186 -0.003729 -0.00413172 0.000204074 0.00381658 0.00730235 0.0079171 0.00122533 -0.00454786 0.00471308 -0.00515968 -0.00805909 -0.00878146 -0.00549621 0.00282699
internal_weight=1176.19 836.558 339.633 375.742 210.234 165.508 106.834 328.815 43.6017 285.214 269.16 125.434 71.9249 58.6732 33.9149 91.5191 84.8 43.3864 41.4136 460.817 32.8387 42.6312 76.7612 258.523 34.9094 427.978 28.4172 316.502 59.5103 45.5152 304.156 21.9547
internal_count=1436500 1363603 72897 179327 102407 76920 38109 64719 7395 57324 44796 56132 19789 38811 24469 31663 46275 24217 22058 1184276 85832 21408 26435 43094 18320 1098444 4653 835149 15983 12287 808986 10579
cat_boundaries=0 5 10 15 20 25 30 35 40
cat_threshold=5771264 1075838976 4194304 65536 4096 67108864 2151681353 1612775493 335546437 1200 0 3072 2097221 335544320 1024 0 3136 1073741893 335544321 1168 0 1281 1612709893 2113 1056 0 4194312 539033601 335544324 1056 172322 471416832 35286274 2184749312 131072 2197848736 285610022 2181044776 54527648 8452
is_linear=0
shrinkage=0.05


Tree=111
num_leaves=41
num_cat=9
split_feature=28 13 28 8 28 4 21 28 28 10 10 5 16 21 7 21 5 16 0 19 8 13 8 28 8 28 27 10 16 1 8 21 18 18 28 21 21 4 16 16
split_gain=5.88643 1.18573 1.38041 1.06856 1.06162 1.49226 1.05219 1.93503 1.87534 0.920566 0.813043 0.794354 0.778222 0.752708 0.813984 0.693309 0.677705 0.466716 0.425172 0.41784 0.331306 0.277302 0.242527 0.599325 0.234414 0.20203 0.344267 0.291235 0.197675 0.188389 0.185545 0.153029 0.140001 0.111515 0.108187 0.10587 0.0794235 0.0598093 0.0266445 0.0202279
threshold=0 1.8267943263053896 1 2.409305334091187 2 0.051766464486718185 0.37010048329830175 3 4 -1.0039027929306028 1.7047036886215212 -0.37806540727615351 0.47490583360195165 0.59175434708595287 1.760267496109009 1.6113851666450503 0.040935402736067779 -0.68628564476966847 1.1086418032646181 -1.5651835203170774 -1.7962170243263242 0.37700884044170385 -0.24035229533910749 5 -0.73982566595077504 6 7 0.69384491443634044 0.44861963391304022 -1.7470759153366087 -2.373475074768066 1.0647892355918886 1.2816134095191958 -0.74688285589218129 8 -0.25170096755027765 -0.11824917420744895 -0.22211932390928266 0.24022841453552249 -0.068110711872577653
decision_type=9 10 9 8 9 8 8 9 9 8 10 8 8 8 10 10 10 10 10 8 10 10 10 9 10 9 1 8 10 8 8 10 8 8 9 8 10 10 10 8
left_child=1 4 3 15 5 18 7 11 12 -9 -10 33 17 21 19 -3 -13 -8 37 -15 -4 -7 -22 -24 -21 27 31 36 -23 -19 -11 35 -12 -6 -14 -27 -2 -1 -33 -37
right_child=25 2 20 -5 6 13 8 9 10 30 32 16 34 14 -16 -17 -18 29 -20 24 22 28 23 -25 -26 26 -28 -29 -30 -31 -32 38 -34 -35 -36 39 -38 -39 -40 -41
leaf_value=0.0053427459452853113 -0.00054856495691600865 0.012464280667214556 -0.0029149388443274501 -0.0010801070401880819 0.00022007021940331032 -0.0020041538325890769 0.0012552533644878826 0.002021850094045468 0.0087633421333912272 -0.00013247600991678882 0.001591512968352469 -0.0038582306975730087 0.0034276846593003733 0.00031293464268053337 0.0012498859461211604 -0.00013457799397354644 0.0031138423152434168 0.0001705339696492706 -0.001426687861540621 -0.0096396962269619628 0.0034877959347960012 0.0037110303927419134 0.0028111892639247783 -0.0037138426173197927 -0.00058611755949404055 -0.00028463790496634423 -0.0063410393437822845 -0.0027112093035595768 -0.00083403147115465289 -0.0058528780053415802 -0.0079370566355785339 0.0012116199822447525 -0.0017444697184799971 0.0076318587528160613 -0.00043810363714654686 -0.00061303145330883165 0.0018752706537903561 0.00023436909515106921 -0.00036142808330395478 -0.0036253084670480927
leaf_weight=35.407888841131353 23.317452297349519 56.736519695739844 17.193064533275901 10.162521658741751 10.248692118620964 10.805083386192562 17.11044410787872 11.615630301632335 130.33719336216745 11.646437427247291 10.185386129596735 22.917493249100517 23.431335829824093 10.173390598007243 16.570206337069976 10.11621850231313 17.684963628693367 10.233133084373547 10.558765665235113 37.390165863376751 16.336551648215391 20.14566628802277 10.043793574892334 13.457017889231793 16.583482576388633 57.969821745093213 156.85514316370245 65.579072830325458 11.069528044783508 33.779721766026341 39.875137846902362 11.587579929007918 15.758038552128712 24.601359243009938 12.416943324526072 35.531126519636018 32.02631926164031 13.534744773845885 10.434312111450707 73.050661242159549
leaf_count=10582 54448 8507 5427 1812 5537 6093 4081 5482 30224 3072 2255 16973 7426 1981 2317 1671 8524 2838 7120 11125 4002 5342 1960 5888 3059 161593 449146 141888 3681 9730 13747 28811 3435 11513 3828 95236 67658 3504 26396 199308
internal_value=0.000141655 0.00292892 0.00655775 0.00910352 0.00166302 -0.00124705 0.00297657 -0.000397155 0.00469853 -0.00484771 0.00721946 0.00381709 -0.000838304 -0.00400543 -0.00592427 0.0112732 -0.000723735 -0.00347218 0.00351415 -0.00755701 -0.000302458 0.00084238 0.00173054 -0.000964635 -0.00852563 -0.00393526 -0.00460394 -0.0011041 0.00251651 -0.00505336 -0.00715622 -0.0019571 -0.000183388 0.00692523 0.00290338 -0.00249022 0.00103093 0.00481292 0.000663383 -0.00317521
internal_weight=1174.48 708.127 134.046 77.0153 574.081 182.239 391.842 138.59 253.252 63.1372 156.281 75.4525 96.9716 122.738 80.7172 66.8527 40.6025 61.1233 59.5014 64.147 57.0304 42.0203 39.8374 23.5008 53.9736 466.351 345.429 120.923 31.2152 44.0129 51.5216 188.574 25.9434 34.8501 35.8483 166.552 55.3438 48.9426 22.0219 108.582
internal_count=1437220 212736 29267 11990 183469 54804 128665 64848 63817 22301 35914 42547 27903 33598 18482 10178 25497 16649 21206 16165 17277 15116 11850 7848 14184 1224484 960490 263994 9023 12568 16819 511344 5690 17050 11254 456137 122106 14086 55207 294544
cat_boundaries=0 5 10 14 19 24 28 33 34 38
cat_threshold=5771266 3227520009 541069319 67176453 5248 5767170 1073743872 4194308 65536 4096 2 1077939208 4100 67585 5767168 0 4194305 67108864 1152 1048576 0 536870915 67108864 1152 0 1032 4099 2048 2214625312 404558176 3256944736 34645824 48 1120 0 0 3 67108864
is_linear=0
shrinkage=0.05


Tree=112
num_leaves=47
num_cat=4
split_feature=5 25 26 27 6 5 27 5 22 15 27 7 4 27 15 23 14 1 23 16 23 16 23 23 9 13 11 11 16 19 18 6 4 11 4 3 3 14 18 4 26 18 13 3 7 6
split_gain=1.55767 1.89769 0.997915 0.704953 0.717615 0.639475 0.593503 0.572113 0.561062 1.01685 0.411967 0.386631 0.362596 0.325262 0.294659 0.270065 0.251149 0.2431 0.235609 0.225362 0.21829 0.313128 0.210662 0.233069 0.1894 0.188837 0.165256 0.15071 0.135948 0.13266 0.113776 0.113264 0.112483 0.115649 0.111798 0.0988832 0.0907195 0.0847078 0.0846935 0.082168 0.0815797 0.0615699 0.0580117 0.0496082 0.0412013 0.0329673
threshold=0.11584139987826349 0.55257934331893932 0.71825397014617931 0 -0.55526199936866749 0.72426810860633861 1 -0.0886869542300701 0.072965234518051161 1.0405911207199099 2 -0.91444391012191761 1.6611641049385073 3 12.121827125549318 -0.4768290370702743 -0.32958605885505671 3.0182243585586552 -1.3452640771865843 1.8107915520668032 -0.82869374752044667 -0.060531945899128907 1.7164494991302492 -1.4318442940711973 -0.32468183338642115 0.87583428621292125 -0.85844978690147389 3.123741984367371 -0.30438855290412897 -1.4397360086441038 0.23420715332031253 0.46329216659069067 1.9281617403030398 2.3371660709381108 1.0853284597396853 1.9510841369628908 -0.44541634619235987 1.2393995523452761 -0.38123896718025202 1.847339987754822 0.059523811563849456 -0.66566616296768177 -0.62892231345176686 -0.87313422560691822 -0.72866797447204579 -0.24881824851036069
decision_type=10 8 10 1 8 8 1 10 8 10 1 8 10 1 8 8 10 8 10 10 10 8 10 8 10 10 10 10 10 10 10 10 10 10 8 10 8 10 10 10 10 10 10 8 10 10
left_child=1 3 13 8 15 29 25 14 17 18 12 -8 20 34 27 26 -12 19 -10 40 28 -22 23 -11 43 41 -5 35 -7 -4 -26 -13 33 36 -2 -6 -31 -14 -20 -15 -1 45 -28 -17 -25 -3
right_child=2 6 5 4 7 10 11 -9 9 22 16 31 37 39 -16 24 -18 -19 38 -21 21 -23 -24 44 30 -27 42 -29 -30 32 -32 -33 -34 -35 -36 -37 -38 -39 -40 -41 -42 -43 -44 -45 -46 -47
leaf_value=9.4728396421404849e-05 -0.0016190701842194956 0.00058736128796364306 0.00050611298216911662 0.0010881248610020923 -0.0052376809983864748 0.0016875373118245347 -0.00016006421488844655 0.0018795559226252999 -0.0008431022193364883 0.00050815170159801426 0.0014306414553718018 -0.0085405006752814257 0.0008225068310757967 0.0068853065492191657 0.00084840991663272681 0.0006732066335616222 -0.0029740014959026076 -0.0007830131985126945 0 -0.00032724782703216098 -4.6728608988268346e-05 0.0061804498457754455 0.00055778112648091963 -0.00024997700486488684 -0.00023672576722004628 -0.0023556068076967711 0.00015440091652950654 0.00011014676343698411 -0.0015649768232267323 0 0.0037396873212015842 -0.00033475609595846499 0.00040092338698134153 0.00020875224326595399 0.001333511879223983 0 -0.0044699350683365625 -0.00190508298177886 0.0045969204523636535 0.00023508072264672678 0.0050213533126965406 0.00181782618304055 -0.0028895174629412347 -0.0013040910206487148 -0.005633208633130448 -0.0010518122096358406
leaf_weight=13.120578351386937 13.813092010779654 10.371551811898827 19.154321615598747 18.902033877711801 116.17061499015836 13.907532643446759 21.31615152341692 18.762626607189304 10.906041181326144 10.034682287485337 15.77014722581225 70.303123583551496 10.664610916021049 94.478015971646528 11.021023813911595 14.71583926786843 24.685211828662432 10.351580022987035 11.488274561808792 16.266887803642021 21.89976288771868 59.479382638557581 12.35879878822743 10.861952966195529 12.020365586606202 16.716705955695943 10.028681564435827 11.650360173181978 14.480908964549597 13.628468500981397 59.594937441142974 10.057420927594647 10.086877710098632 12.220492520165861 14.253928433114199 10.050594196967721 38.185276152369624 12.668207445218284 37.114912562647078 10.178404353988297 112.3672922840633 28.704697245702846 22.75388067226595 15.819789352302907 33.761335442577547 15.029911889701905
leaf_count=15908 21173 25953 25080 20154 144979 10611 48757 14020 14173 17016 29527 160763 6697 51924 14882 24837 47379 12397 20672 19480 16677 35671 13471 19789 13074 19839 12378 16832 9477 25120 55519 22866 11041 16258 19365 6014 37970 7483 40607 7256 134305 31954 23837 21553 42106 29592
internal_value=0.000231406 -0.00106719 0.00259304 0.000358551 -0.00114529 0.000518966 -0.00501572 -0.00307292 0.00199337 -0.000381368 0.00213681 -0.00661177 0.00313679 0.00545244 -0.00403776 0.00111325 -0.00122463 0.00369776 0.00314538 0.00416989 0.00422618 0.00508659 -0.00356163 -0.00436233 0.00228655 -0.000321245 -0.0011406 -0.00457681 2.46875e-05 -0.0021516 0.00320822 -0.00807417 -0.0028059 -0.00330919 -0.000143465 -0.0049463 -0.00388307 -0.00087943 0.00406476 0.00615781 0.00470849 0.00105788 -0.00236711 -0.00046275 -0.00520019 -0.000370541
internal_weight=1172.18 772.623 399.555 600.123 321.491 266.831 172.5 167.655 278.632 126.526 173.556 101.677 133.1 132.723 148.893 153.836 40.4554 152.106 59.5092 141.755 109.768 81.3791 67.0168 54.658 102.151 70.8229 51.6846 137.872 28.3884 93.2754 71.6153 80.3605 74.1211 64.0342 28.067 126.221 51.8137 23.3328 48.6032 104.656 125.488 54.1062 32.7826 30.5356 44.6233 25.4015
internal_count=1436436 1057727 378709 718003 368079 278991 339724 196727 349924 167834 163522 232386 86616 99718 182707 171352 76906 182090 75452 169693 72436 52348 92382 78911 114983 107338 56369 167825 20088 115469 68593 183629 90389 79348 40538 150993 63090 14180 61279 59180 150213 87499 36215 46390 61895 55545
cat_boundaries=0 1 2 3 4
cat_threshold=2261 1330 2233 1606
is_linear=0
shrinkage=0.05


Tree=113
num_leaves=40
num_cat=8
split_feature=28 28 15 1 15 10 3 10 1 18 28 15 6 28 15 28 28 22 24 28 7 18 18 15 28 6 23 23 10 14 18 2 5 15 5 1 15 7 7
split_gain=5.35659 1.69937 2.41619 1.49967 1.01844 0.854261 0.739275 0.711285 0.688673 0.603295 0.5402 0.508229 0.458185 0.428231 0.580549 0.983683 0.524191 0.369147 0.460705 0.34854 0.332682 0.329864 0.327671 0.321424 0.306062 0.248053 0.228957 0.216645 0.19401 0.140724 0.128548 0.305199 0.0923766 0.0824285 0.0673637 0.0652022 0.0549422 0.0513144 0.0390571
threshold=0 1 3.463375568389893 1.4690207839012148 2.108655691146851 2.8433673381805424 2.486650943756104 -1.0212717056274412 2.0246647596359257 -0.68750154972076405 2 8.2120637893676776 -0.68169167637825001 3 4.1396877765655526 4 5 1.7210935950279238 0.21940077096223834 6 0.63113656640052807 1.1695448160171511 -0.78960746526718129 2.108655691146851 7 -0.45229646563529963 -1.1451714634895322 0.21468574553728106 3.1322737932205205 -1.124067425727844 0.33663259446620947 -0.39822594821453089 -0.30020272731781 0.89001336693763744 0.45298141241073614 3.7109707593917851 0.97342661023139965 0.73184660077095043 -0.97092264890670765
decision_type=9 9 8 8 10 8 8 8 8 10 9 10 10 9 8 9 9 10 10 9 8 10 8 10 9 8 10 10 10 10 10 10 10 10 10 8 10 10 8
left_child=1 3 7 6 20 9 11 24 12 -4 -7 22 30 -2 15 21 -16 23 19 -19 -5 35 -1 28 -3 -18 -11 -25 -14 -10 -9 -32 -23 -20 -34 37 -33 -15 -27
right_child=13 2 5 4 -6 10 -8 8 29 26 -12 -13 17 14 16 -17 25 18 33 -21 -22 32 -24 27 -26 38 -28 -29 -30 -31 31 36 34 -35 -36 -37 -38 -39 -40
leaf_value=0.00017106414167543545 -0.0061481864447548128 0.0040138357442223412 -0.00053821496718763117 -0.0010413987177349988 -0.0052017736973563886 0.002422839034507995 -0.00082416332754087999 -0.0014123306824129023 0.0032787522954448945 0.00052915616436455704 -0.0037424446436048297 0 -0.0069736788496631598 0.003313510092785554 0.0011142579712358639 -0.0035208771854271202 -0.00034111931261153982 0.0013370420251527528 0.0032860427153439072 -0.0043304913778436224 0.0050000869061598849 0.00072528831933367478 0.010124909770155528 0.002107429169888739 -0.0011085351922859637 -0.00043793499856138122 0.0085991231601432582 -0.0020541054582024314 -0.00024892467047897868 -0.00066927057684945104 0.0037090951940693612 0.00037331330340069108 -0.0024842349094215416 -0.00021086046782522322 0.00029606635747600691 -0.00015415412952153869 -0.0020061728521784871 0.00021690261142532833 -0.0070863993694202723
leaf_weight=11.589606855966847 109.20426378318371 19.141616247536149 16.963202456536237 11.518133476638466 17.360502512092353 14.123163929820294 11.915228789788669 14.460632064176023 16.286099782933892 18.302659986817162 12.229427336162189 14.517083805883884 90.924587306297326 87.196997908620688 20.360045339817589 115.42554651690443 25.485246671283676 11.09022217383608 13.666929024620915 15.824541542300723 13.571832004294267 18.810272534698015 123.0895296762028 10.235440177071725 16.665717837648117 10.9909278379273 77.71919346350478 14.967676695639964 17.426927671360318 10.112059084916835 12.203721442812816 13.955237738860893 26.61441269111674 11.82177105314622 13.015436410147229 10.701771535503211 10.260548054400713 27.000392781803384 67.717990573495626
leaf_count=6485 332612 5747 5214 3934 5741 2064 2428 3975 3958 3396 7004 3967 19659 184940 53953 298089 55787 3345 3126 2648 2494 32682 27836 2253 5236 26120 13675 3054 4082 2272 2756 1875 47042 2803 21737 23317 1404 50571 158434
internal_value=-7.72852e-05 0.00287808 0.000816452 0.00610234 -0.00104482 0.00532197 0.0080997 -0.00170679 -0.00264471 0.00673912 -0.00112277 0.00886546 -0.00350554 -0.00357772 -0.00222334 -0.000766901 -0.00459522 -0.00444225 -0.000313763 -0.00296831 0.00331336 0.00141853 0.00957364 -0.0055082 0.00265333 -0.00546095 0.00780305 -2.00595e-05 -0.00634378 0.00225273 0.000373335 0.00154713 -0.00103065 0.00253252 -0.00185955 0.00264122 -0.00123987 0.00290081 -0.00672764
internal_weight=1174.47 641.943 438.381 203.562 42.4505 139.338 161.111 299.044 263.236 112.985 26.3526 149.196 236.838 532.523 423.319 298.765 124.554 185.958 52.4035 26.9148 25.09 183.339 134.679 133.555 35.8073 104.194 96.0219 25.2031 108.352 26.3982 50.8801 36.4195 58.4401 25.4887 39.6298 124.899 24.2158 114.197 78.7089
internal_count=1437715 152431 99546 52885 12169 31353 40716 68193 57210 22285 9068 38288 50980 1285284 952672 658378 294294 40970 11922 5993 6428 360289 34321 29048 10983 240341 17071 5307 23741 6230 10010 6035 101461 5929 68779 258828 3279 235511 184554
cat_boundaries=0 5 10 14 19 24 29 33 38
cat_threshold=72880128 3227520001 541065283 67588 4224 5767168 0 4194304 65536 4096 4096 2147483648 3 4 1216433428 8421904 9175056 671236104 101195 16916994 270401896 1107503236 369139712 131104 839155817 94208 287342592 1074529809 9220 67108864 1075840001 536870976 2048 4096 1075838977 536870978 0 128
is_linear=0
shrinkage=0.05


Tree=114
num_leaves=41
num_cat=9
split_feature=28 28 0 15 10 2 16 28 28 8 8 8 0 19 28 0 16 16 15 16 28 27 15 15 28 8 14 10 10 16 28 0 2 8 3 3 15 16 0 25
split_gain=5.51868 1.73755 1.58076 1.54022 1.622 1.42057 1.37442 1.24379 1.22904 1.21191 1.43256 1.0793 0.991458 0.758378 0.628763 0.584868 0.535696 0.471319 0.378917 0.3548 0.325598 0.31043 0.325747 0.291284 0.252763 0.203261 0.16217 0.157322 0.153872 0.153271 0.117468 0.0905985 0.0958721 0.201025 0.086375 0.0669635 0.0665154 0.0459842 0.0396155 0.0301881
threshold=0 1 -2.4261049032211299 2.3240602016448979 2.6827710866928105 -0.40277312695980066 0.11355637386441232 2 3 -0.9036235213279723 -3.6560001373291011 -2.8076424598693843 -0.24386665970087049 -0.72181230783462513 4 0.07020315527915956 0.51201987266540538 0.50296074151992809 4.5157976150512704 -1.9111124873161314 5 6 2.7558803558349614 3.5177718400955205 7 -0.95758968591690052 -0.99800530076026905 1.4228938817977907 1.4871296286582949 -1.4396021366119383 8 1.344817101955414 -0.45403534173965449 1.3081390857696535 1.2660025358200075 1.1517759561538699 0.16274150460958484 -0.4282285720109939 -2.8791384696960445 0.64781746268272411
decision_type=9 9 10 8 8 10 10 9 9 10 8 10 10 10 9 10 10 10 8 10 9 1 8 8 9 8 10 8 10 8 9 8 8 10 8 10 8 10 8 10
left_child=1 2 18 5 11 7 15 26 16 10 35 30 -8 -11 38 34 25 -12 -1 -13 23 22 36 27 -21 -7 -3 -2 -26 -24 -5 32 33 -9 -4 -10 -22 -38 -6 -30
right_child=20 3 6 4 14 8 12 31 9 13 17 19 -14 -15 -16 -17 -18 -19 -20 24 21 -23 29 -25 28 -27 -28 -29 39 -31 -32 -33 -34 -35 -36 -37 37 -39 -40 -41
leaf_value=0.012902489213620508 0.0020846033903341669 0.00051095647132951927 0.0077379073662704086 -0.0024026718051969888 -6.7215790828736006e-05 0.0051742594211827255 -0.0057080803794294773 0.0067406809555199086 -0.00051643235555634494 -0.0034138296411077556 -0.010751709241346264 0.00011068503271660254 0.0030812200909458767 0.003767180222881238 -0.0047672817267041048 -0.0012077444934748783 -0.0022950750100391173 0 0.00032590070603919402 -0.00035683190449738964 0.00094845385202694654 -0.0061817985361354777 0.00029211147053213686 -0.00278633227445614 0.0094625552803962072 -0.00031869074971846998 -0.0040769116876381668 -0.00096213963025701095 -5.2978210850879433e-05 -0.004574774881536149 0.00075343115314303302 3.4864361464538446e-05 0.00011478800137215661 -2.1840314197640129e-05 0.00030909668255249979 0.0021045907038690203 0.00053172633341490489 -0.0012163237421383083 0.0026206097466992895 0.0019545246514543423
leaf_weight=38.076924664143007 45.502573157056759 10.178422424010931 24.575315052483351 10.804902000556465 10.018091806996379 26.374134019875783 35.871081116536516 55.190512680317624 10.101807613784333 17.682441798824584 64.161366736632772 19.268480347396689 11.357966413241227 31.642014249970089 23.135536684567342 10.163248826691413 10.194223668760968 11.441849503142292 10.159295967023352 12.12435958602873 30.88896360846411 162.16411784513184 10.10468634826975 48.793802742839034 92.989699369310983 12.480212399575974 23.918233024334768 33.879921928455587 16.450028675171783 58.722217909584288 14.578397789940938 10.190377666302082 11.045262806277604 10.274619935618828 10.219683506176802 12.764184932719216 15.192758794946711 85.472508106089663 11.617351709603101 12.833567883411886
leaf_count=8200 97851 5265 7541 2027 907 7321 11723 11695 1344 1766 7733 4677 5208 3234 10630 5537 3087 1385 3657 8941 82674 461180 28035 104130 12451 3779 12694 69185 2094 166260 4160 4272 1518 2040 2090 1496 40712 225487 2477 1426
internal_value=4.34725e-05 0.00285979 0.00692496 0.00121156 0.00400426 -0.000986673 0.00156067 0.00264193 -0.00331781 -0.00505835 -0.00759482 0.00585174 -0.0030454 0.000719902 -0.0025207 0.00550778 0.00208272 -0.009782 0.0118186 0.00714045 -0.00374687 -0.00450032 -0.00200943 -0.000833748 0.00781789 0.00416713 -0.00282273 0.000876322 0.00807764 -0.00399592 -0.00144503 0.00492053 0.00564971 0.00608616 0.0070838 0.00131823 -0.000239015 -0.000830409 0.00186734 0.00144153
internal_weight=1172.61 681.884 140.424 541.46 223.82 317.64 92.1873 120.797 196.842 147.794 98.4692 179.049 47.229 49.3245 44.771 44.9582 49.0486 75.6032 48.2362 153.666 490.722 362.545 200.381 128.176 134.398 38.8543 34.0967 79.3825 122.273 68.8269 25.3833 86.7008 76.5104 65.4651 34.795 22.866 131.554 100.665 21.6354 29.2836
internal_count=1437889 162375 43956 118419 49790 68629 32099 37484 31145 16958 11958 35776 16931 5000 14014 15168 14187 9118 11857 29589 1275514 1004348 543168 271166 24912 11100 17959 167036 15971 194295 6187 19525 15253 13735 9631 2840 348873 266199 3384 3520
cat_boundaries=0 5 10 15 20 24 29 30 35 38
cat_threshold=5771264 3227520265 4194375 67588 5248 4718592 0 4194304 65536 4096 4096 2153775368 0 4 128 0 2153775369 0 2052 128 4096 3221225472 7 4 2214625282 269815872 1646331936 373335105 48 1120 0 2147484936 68 2048 1024 1048576 1075838977 2
is_linear=0
shrinkage=0.05


Tree=115
num_leaves=41
num_cat=6
split_feature=28 28 7 10 7 15 28 21 16 28 18 25 21 21 0 24 4 22 28 1 0 21 15 18 22 28 15 22 16 10 21 15 24 25 0 7 5 21 18 21
split_gain=4.81688 1.57221 2.26931 1.26614 1.12924 0.798051 1.20501 0.693568 0.671379 0.886134 0.665284 0.633362 0.630821 0.544224 0.603503 0.527008 0.487595 0.46654 0.41666 0.373859 0.359607 0.285931 0.267042 0.214973 0.212012 0.196098 0.248735 0.171766 0.169384 0.161014 0.165843 0.140145 0.147515 0.130046 0.114831 0.0893105 0.0735786 0.0520234 0.032251 0.0246807
threshold=0 1 0.78273844718933117 8.2420296669006365 0.78273844718933117 1.6879286766052248 2 1.77891480922699 0.021913726814091209 3 -1.2930693626403806 0.16567460447549823 0.30366499722003942 0.50815570354461681 -2.0399096012115474 -1.2489430308341978 0.051766464486718185 0.52570313215255748 4 3.839258193969727 -0.66089564561843861 -0.28008846938610071 1.0072756409645083 1.5568358898162844 3.2189533710479741 5 0.34672491252422338 -0.042960323393344872 0.55001628398895275 -0.51967683434486378 0.016172843985259536 1.0759290456771853 0.73740747570991527 0.13988095521926883 -1.4819221496582029 -0.78493577241897572 -0.69346264004707325 0.66060861945152294 1.1695448160171511 -0.2991135418415069
decision_type=9 9 8 8 8 8 9 10 8 9 10 10 10 8 10 10 10 10 9 10 8 8 10 8 10 9 8 10 10 8 8 10 10 10 10 8 10 8 8 10
left_child=1 2 22 7 5 6 12 -4 16 13 -7 36 29 14 23 -14 -6 -11 27 21 31 -13 -1 -10 -23 -2 37 -18 -16 -3 -31 32 -15 -20 -17 -28 -12 39 -8 -27
right_child=25 4 3 -5 8 10 38 -9 9 17 11 19 15 20 28 34 18 -19 33 -21 -22 24 -24 -25 -26 26 35 -29 -30 30 -32 -33 -34 -35 -36 -37 -38 -39 -40 -41
leaf_value=0.0011960101075944392 -0.0061815068311837675 0.0024874905396846552 0.011955881898656921 -0.0015214356158965497 0.0013583391736069746 -0.0013293994422111785 0.0048106819565734669 0 -0.0053037544805780885 -0.0057886995591357069 0.00081378471233794342 0 0.00087321555427976769 0.0019034214382364378 0.0035605828861353123 -0.00039558375369843767 0.0024069178564413646 0.0010665809578139353 -0.00020456878994057015 -0.00035427817893398186 -0.001192445362432782 0.0087875092707029017 -0.003442473716570478 0.00045189133217763674 0.00027650258661444721 0.00032028244054955075 -0.00054982536972671722 -0.0014294837629393962 -0.0005617300172804121 -0.0022838248155380085 0.0013624464881706107 0.0053384404709504209 -0.0015136849813685007 -0.0075401441509412503 -0.0074832785436550813 -0.0035381196182978168 -0.0016899346348942671 0.0012100334491302262 0.00017648722493943103 -0.0010842793516098773
leaf_weight=18.01716832157399 104.3544531861553 18.730094916551025 76.282836684331414 10.417195509682641 12.461112064382176 18.589217018772615 40.892766216929886 12.948492742492816 13.530954645189921 24.995040184614481 12.321999992665953 10.62756403662206 15.884897023221127 15.603370341545089 12.292227689526046 14.207524559882581 10.037139469364776 15.701017945946658 11.079546374545314 10.3775162162201 10.016777641489169 79.332876274551381 24.592322453594534 10.087354772535038 12.59075534364092 15.869515595601113 55.228248334140517 10.047054011054568 19.249121282147826 20.244051334739197 10.874176133045696 69.131322170971544 11.354718983609926 39.139675193131552 26.403545281296832 213.58743189238885 10.154710355389396 17.346037550443725 10.421386583766433 26.483879544626689
leaf_count=10951 313916 9616 10763 6315 10931 12321 20045 2481 3295 25102 4103 9077 3752 2950 2769 3110 3851 12235 2206 4914 5890 26109 13611 5607 4740 43016 146003 3915 5416 9190 3489 11615 1792 9533 6944 550266 4574 41771 3205 66221
internal_value=-0.000158879 0.00224469 0.00610568 0.00942446 0.000842144 0.00274688 3.26556e-05 0.0108257 -0.00130152 0.0003987 0.00481207 0.00581331 -0.00265196 0.00209931 -0.00115921 -0.00506702 -0.00407571 -0.00356566 -0.00524468 0.00692794 0.0037885 0.00757222 -0.00184034 -0.00414027 0.0081651 -0.00404115 -0.00249875 0.000670147 0.00218168 0.000936202 -0.000893601 0.00457237 0.000350829 -0.00625681 -0.00664542 -0.00312237 -0.00063387 0.000179198 0.00406884 -0.000615387
internal_weight=1171.51 738.638 142.258 99.6485 596.38 311.653 157.658 89.2313 284.726 201.962 153.995 135.405 106.344 161.266 55.1597 56.496 82.7645 40.6961 70.3034 112.929 106.106 102.551 42.6095 23.6183 91.9236 432.87 328.515 20.0842 31.5413 49.8483 31.1182 96.0894 26.9581 50.2192 40.6111 268.816 22.4767 59.6994 51.3142 42.3534
internal_count=1437610 276417 44121 19559 232296 125189 59351 13244 107107 76671 65838 53517 36101 39334 17087 13806 30436 37337 19505 44840 22247 39926 24562 8902 30849 1161193 847277 7766 8185 22295 12679 16357 4742 11739 10054 696269 8677 151008 23250 109237
cat_boundaries=0 5 10 14 18 23 28
cat_threshold=5771298 3227520073 541065287 100731908 5264 4718592 0 4194304 65536 4096 4096 4196353 69 100664324 1052674 3225421833 1 67108868 1048576 4195392 536870982 33556480 128 1610960140 8430096 135036944 671236104 100427
is_linear=0
shrinkage=0.05


Tree=116
num_leaves=41
num_cat=10
split_feature=28 0 28 24 28 1 10 8 18 1 28 1 8 0 9 5 10 8 18 0 0 24 21 28 28 5 8 24 28 21 16 21 28 28 0 28 7 7 11 25
split_gain=4.82117 1.44075 1.89026 1.19725 1.64156 1.47177 1.14016 1.3125 0.690568 0.618707 0.599829 0.670336 0.625546 0.606962 0.559407 0.423101 0.415553 0.414698 0.408767 0.384433 0.323892 0.317166 0.304291 1.04549 0.699395 0.623636 0.290263 0.238667 0.22202 0.205652 0.193986 0.179921 0.146926 0.144733 0.143326 0.117771 0.215124 0.0926162 0.0920159 0.0775804
threshold=0 -3.4036787748336788 1 -0.52355670928955067 2 0.7834782898426057 -0.38270638883113856 -3.5859211683273311 0.287182167172432 -1.9688879847526548 3 0.20962520688772204 -2.5155060291290279 1.1821721792221072 3.7063300609588627 -0.49878221750259394 4.692613124847413 0.94893085956573497 -1.1701824665069578 -1.9408136010169981 -1.4233487844467161 -1.2000564336776731 1.4512602686882021 4 5 -0.26592217385768885 0.81567025184631359 2.0317741632461552 6 0.13442228734493258 -0.19895746558904645 0.7006404995918275 7 8 -2.8791384696960445 9 -0.72866797447204579 inf -0.20152719318866727 0.086309526115655913
decision_type=9 8 9 10 9 10 10 8 10 8 9 10 10 8 8 10 10 10 10 10 10 8 10 9 9 8 10 10 9 10 10 8 9 9 10 9 8 8 8 10
left_child=1 2 -1 9 5 14 31 -8 17 30 12 19 -11 38 18 20 -4 -9 -5 -12 -10 -21 24 -24 25 28 -14 39 -2 -7 -3 -6 -31 -32 -17 -27 -37 -26 -13 -20
right_child=22 3 16 4 6 29 7 8 15 10 11 13 26 -15 -16 34 -18 -19 27 21 -22 -23 23 -25 37 35 -28 -29 -30 32 33 -33 -34 -35 -36 36 -38 -39 -40 -41
leaf_value=-0.0027410180861520599 -0.00077294997271819743 -0.0026422275615020029 0.011988894174689846 -0.00074139997952000613 -0.00062070217849762032 0.00066837712482492183 0.0028529033708355354 -0.0025989917847803455 -0.0028210089491509864 0.0035667530559465388 0.0035044123264692897 0.0094813875114711007 -0.0043569584864701812 -0.000626624985266912 -0.0013452672162563948 -0.00037824909377112356 0.00012720293053888798 0.0031017057541815867 0.00042771184925957325 -0.0032532898080959495 0.0023399457408886906 0.0015719838823594239 0.0046212085775948521 -0.0036082753503343511 -0.0053030877660648901 0.00049306556817799629 0.0010449117230615218 0 0.003841361570652976 -0.0049384067793649365 0.0023020255432823953 0.0036014101293183479 0.00035827316203512972 -0.0010430866298627036 -0.0094830681866709052 0.00071417949992596207 -0.0042435996530673318 -0.00065912041674738066 0.00054809254398125546 0.0074657931109420707
leaf_weight=15.438553858286468 16.881434869428631 16.30535025089921 42.549084780053818 10.195555191399761 17.379886808266747 10.021176716880289 15.401031167610197 16.016822303805387 10.840696292900249 12.131588412623385 23.443899717836757 70.224377197009744 26.112641803352744 10.578763867684755 11.986544214814783 10.133536953988367 10.133946986024965 11.705401557381263 12.170969899540067 25.759723946830491 10.930766451958332 19.825932804655167 11.72238884467515 23.653000780461298 321.97801922843792 15.003248490364056 11.456614295078905 13.842602160366367 27.586809626176546 13.464112220681271 12.30283352389233 18.849590944795636 13.214462377334714 12.137253741821043 71.991741398931481 10.031050226658406 42.526248852729623 29.531521034514299 10.785347589262527 83.610276974693988
leaf_count=2069 40104 3682 5312 5352 7079 4672 2909 3320 1515 4945 4099 10059 7888 3818 3119 1177 2115 2510 2483 4729 1438 3773 26638 51867 822858 37394 4218 3207 75184 1667 1623 3654 5309 3565 10923 28016 117426 94729 1728 19481
internal_value=-0.000142283 0.00253461 0.00770758 0.00143565 -0.000470225 0.00263544 -0.00327289 -0.0050871 -0.00657334 0.00375711 0.00468706 0.00571542 -0.000326295 0.00801795 0.00491547 -0.00788619 0.009959 0.000190612 0.00578291 0.00101382 -0.000335195 -0.00137785 -0.00363422 0.000288152 -0.00401297 -0.000149759 -0.00299652 0.00646319 0.00287956 -0.00330391 -0.000925625 0.00233253 -0.00432409 0.00115795 -0.00896574 -0.00257561 -0.00306307 -0.00493319 0.0089933 0.00705919
internal_weight=1169.85 670.941 68.1216 602.82 351.755 168.506 183.249 147.02 131.619 251.064 210.319 160.618 49.7008 91.5885 131.806 103.897 52.683 27.7222 119.819 69.0296 21.7715 45.5857 498.914 35.3754 463.538 112.029 37.5693 109.624 44.4682 36.6998 40.7454 36.2295 26.6786 24.4401 82.1253 67.5605 52.5573 351.51 81.0097 95.7812
internal_count=1437654 143438 9496 133942 79815 45290 34525 23792 20883 54127 45257 28206 17051 15605 33642 15053 7427 5830 30523 12601 2953 8502 1294216 78505 1215711 298124 12106 25171 115288 11648 8870 10733 6976 5188 12100 182836 145442 917587 11787 21964
cat_boundaries=0 5 8 11 16 21 26 31 34 39 44
cat_threshold=5771264 3223848969 4194311 65540 5264 0 1075838976 3 5767168 3221225481 4194305 1048576 2148007945 0 4 1168 67119626 4461008 2149675304 2756223488 131584 2197979168 403768352 588384768 271584321 36 33587200 402718720 588251136 64 36 1048576 0 1 1048576 2048 4194307 0 4096 32768 134218752 51380224 2100289 4
is_linear=0
shrinkage=0.05


Tree=117
num_leaves=50
num_cat=2
split_feature=27 21 15 18 23 4 11 8 8 24 9 23 9 13 8 22 4 8 21 23 9 13 16 13 8 8 21 15 11 21 9 8 27 20 8 22 16 21 16 16 24 21 24 26 22 16 5 20 4
split_gain=1.37814 2.98948 1.49881 1.4922 1.31142 0.988458 0.719184 0.67697 0.635294 0.586483 0.588209 0.563777 0.542077 0.522343 1.83287 0.917053 0.51215 0.49815 0.429048 0.568011 0.456335 0.389492 0.367038 0.354849 0.348622 0.313805 0.292303 0.272558 0.217779 0.198739 0.180146 0.176922 0.17091 0.164092 0.160834 0.15572 0.130342 0.102511 0.0877949 0.0874676 0.0869162 0.0943223 0.0667949 0.0658402 0.0540492 0.0499083 0.0367164 0.0311639 0.0211853
threshold=0 0.42074927687644964 0.67571529746055614 0.33663259446620947 -0.097005892544984804 -0.11832113191485404 -0.29060368239879603 4.6444106101989755 -0.24035229533910749 1.5280683040618899 -0.76202648878097523 1.7557179331779482 -0.87719309329986561 0.66426220536232006 -1.846752345561981 -0.88371348381042469 0.017023247666656974 -0.9036235213279723 0.11847811937332155 1.6807802915573122 3.8411591053009038 0.67918917536735546 -1.1844108104705808 1.1521182656288149 -2.946678519248962 1.8331215381622317 0.921321600675583 3.8043086528778081 2.4551298618316655 0.50815570354461681 -0.55811685323715199 -1.0876299142837522 1 0.25793652236461645 0.87629261612892162 -0.75815582275390614 0.95040088891983043 0.66060861945152294 1.0037498474121096 3.0269188880920415 -1.8525876998901365 0.61083480715751659 -0.36088167130947107 0.42460317909717565 1.3462756276130678 0.2115893289446831 -0.39743500947952265 0.63888889551162731 1.1441559195518496
decision_type=1 8 8 8 10 8 10 8 10 8 8 10 10 8 10 8 10 8 8 10 10 10 8 10 8 10 10 10 10 10 10 10 1 10 10 8 10 10 8 10 10 10 8 10 10 10 8 10 10
left_child=1 7 4 6 23 26 37 8 21 10 -6 28 34 14 16 17 42 48 30 20 22 27 -20 24 -2 43 -5 45 33 -17 46 -23 -12 -10 -8 39 -32 -4 -22 -21 -16 -42 -3 -19 -37 -1 -7 -9 -15
right_child=2 13 3 5 9 18 12 47 11 -11 32 -13 -14 15 40 29 -18 25 19 35 38 31 -24 -25 -26 -27 -28 -29 -30 -31 36 -33 -34 -35 -36 44 -38 -39 -40 -41 41 -43 -44 -45 -46 -47 -48 -49 -50
leaf_value=0.0034639091492354433 0.00091907043382351132 0.0018836644201362081 -0.0026514723124920932 -0.0016007983906464478 -0.00058445502274341132 1.6357887681621683e-05 -0.0021907324578511233 0 -0.00080878025935137831 -0.0014344076442744146 -0.00027744886162020646 0.0013452114621911129 0.0055990563368611274 0.00016428522901335696 3.7843534517994641e-05 0.00026216215517597014 -0.0054281949912226117 0 0 0.0020143590506768046 -0.0015164302595731206 -0.0035002426279216355 -0.0093452202713383021 0.0014341848910215662 -0.0052522585796634892 0.0014151285383032248 0.0033271214413140948 -0.0014846088836432199 4.4524680796076166e-05 0.0082599990635259697 0.002371520721389242 0.00073619445139658983 0.0077450371208854984 -0.0075904861856396682 0.0013002490719326598 -0.0029097788249508104 -0.001016508085800954 0.0005084352887419853 0.0011705954750897613 -0.00077767084146961702 0.00022787833243513683 0.0061547727439543228 -0.0006140214345088257 -0.0044402876706784982 4.6374987639724222e-05 0.00012092663794355196 -0.0027073421476241782 0.0031455553587492469 0.0035514311471947012
leaf_weight=35.82956398515671 12.204565745698345 13.40253195966943 54.332092572731199 12.057279191263662 18.340679479377286 10.027274595515335 20.118637003091862 10.082029447570678 25.902096847494249 10.488069249680846 10.806969857309012 10.518136664730262 39.153393099637469 13.84509714355954 10.04189761103771 13.015524744485445 39.034411592678225 10.105386526869554 10.110366614033408 14.41157655985444 11.258990989474112 33.266448666654469 115.99073297600262 14.0635285353419 31.183128661934461 11.413116386000182 19.442063491922454 14.260962393374937 11.031584263851981 121.89742091177322 16.289622342177612 11.742507849870888 53.650915202611941 60.913772024381615 15.943705522025992 11.913645082924633 10.020791483606443 12.356739219590962 10.388424733515423 10.900176894967442 13.324738428098497 55.130553709968808 10.5096513147073 14.211364739021517 14.248697112008811 20.825210200666334 17.745874291067597 10.305037788515618 21.011329861845297
leaf_count=44391 19281 6508 124974 26122 40393 24629 48229 19049 34162 15028 31218 11144 60190 7044 4987 19858 21684 5148 14655 17846 12443 34239 181045 20757 66067 4385 16141 12413 13478 56288 29201 9803 50513 60424 39798 14055 19161 14661 10475 11696 9230 28437 5672 7966 16429 24321 49202 13212 8853
internal_value=0.000126362 0.00174032 -0.00152951 -0.00299242 0.00222446 -0.00483234 0.0009712 -0.00220102 -0.00307951 0.00501707 0.00610431 -0.00514096 0.00344451 0.00450346 0.00139851 0.00592911 -0.00355054 0.000567969 -0.00576841 -0.0066742 -0.00793217 -0.000153866 -0.00878115 -0.00248806 -0.00390013 -0.00226515 0.00155463 0.00174062 -0.00609114 0.00779498 -0.000780467 -0.00253658 0.00747511 -0.00663869 -0.000730493 -0.000884834 0.00119506 -0.00205615 -0.000240128 0.00102757 0.00524336 0.00562647 0.0010455 -0.00384972 -0.00226064 0.00291474 -0.00228137 0.00271484 0.00315451
internal_weight=1169.07 591.62 577.448 426.71 150.738 284.806 141.905 244.677 224.29 93.2866 82.7986 108.366 75.2157 346.943 141.444 205.499 62.9466 70.5863 253.306 199.223 147.749 115.925 126.101 57.4512 43.3877 35.7299 31.4993 70.9157 97.8475 134.913 54.0836 45.009 64.4579 86.8159 36.0623 51.4741 26.3104 66.6888 21.6474 25.3118 78.4972 68.4553 23.9122 24.3168 26.1623 56.6548 27.7731 20.3871 34.8564
internal_count=1436905 462696 974209 730952 243257 443100 287852 276636 244375 137152 122124 119208 148217 186060 76518 109542 33864 33396 400837 278644 218618 125167 195700 106105 85348 17499 42263 81125 108064 76146 122193 44042 81731 94586 88027 60026 48362 139635 22918 29542 42654 37667 12180 13114 30484 68712 73831 32261 15897
cat_boundaries=0 1 2
cat_threshold=2097 1344
is_linear=0
shrinkage=0.05


Tree=118
num_leaves=43
num_cat=13
split_feature=28 28 9 7 9 7 3 19 2 16 4 16 2 21 21 7 28 0 28 28 0 4 28 19 7 28 28 28 28 16 0 25 26 28 16 21 16 21 28 28 21 16
split_gain=5.69577 1.75024 1.75866 1.55896 1.05097 1.38449 0.823676 0.763427 0.739788 0.661833 1.16609 0.561252 0.786651 0.516039 0.505721 0.44102 0.438294 0.436185 0.404057 0.323963 0.675219 0.474689 0.323802 0.2881 0.247722 1.65304 0.611762 0.209295 0.197463 0.183725 0.178843 0.135285 0.131845 0.116298 0.104047 0.0843317 0.0982029 0.0416994 0.329476 0.272436 0.033525 0.0226295
threshold=0 1 5.0311553478240976 0.83177959918975841 3.7063300609588627 1.0615890026092532 0.91166928410530101 0.01906800922006369 -0.12200232222676276 0.30430570244789129 -0.63315874338150013 -0.62580859661102284 -0.67058673501014698 0.15837896615266803 1.5424491763114931 2.1762630939483647 2 0.32697792351245886 3 4 -2.1015496253967281 1.5001266002655032 5 1.8919761180877688 -0.89961713552474964 6 7 8 9 -0.40377956628799433 -2.1896493434906001 0.28670635819435125 0.57539683580398571 10 1.491604804992676 1.688525438308716 -1.6032705307006834 0.66060861945152294 11 12 1.0799496769905093 0.62023428082466137
decision_type=9 9 8 8 8 8 10 10 10 10 10 10 10 10 10 10 9 10 9 9 10 10 9 10 8 9 9 9 9 10 10 10 10 9 10 10 8 10 9 9 10 10
left_child=1 2 3 7 5 6 9 13 -8 10 27 16 -13 -1 19 -6 -12 18 -11 30 -21 31 -14 34 25 -2 37 -3 -17 -15 -7 -22 -16 -27 -5 36 -28 39 -39 -26 -9 -20
right_child=24 4 -4 23 15 14 8 40 -10 17 11 12 22 29 32 28 -18 -19 41 20 21 -23 -24 -25 26 33 35 -29 -30 -31 -32 -33 -34 -35 -36 -37 -38 38 -40 -41 -42 -43
leaf_value=0.0022193975097155416 0.004605099001445445 -0.00074719070825664214 -0.0035570681205644816 0.011095898574630791 0.0071574955956288464 0.0022936742531198405 0.0074411029286512893 0.0047230196282143887 -0.001063249573218594 -0.0012291079406925587 0.0031871367537897096 0.0013455251249651161 0.00060542501597669201 0.00011566877897206058 0.002362961692761048 -0.0020126203268152811 -0.0023014458551821764 -0.0014213732216353902 0.00059726955628101766 -0.0085953403106938542 0.00042968910401077609 0.003019965788924146 -0.0079711283559103924 0.00040597839678562658 0.0018757136644444086 0.00013941760369200757 -7.0904614535917553e-05 0.004020563486040101 0.001712012716568381 -0.0051964884782109162 -0.0015212283733708511 -0.0036708267584995655 -0.0010388947307650327 -0.0052725470267011264 0.00068726069160452439 -0.00021992940536694593 -0.0054893406597712278 0.002775388640263058 -0.0019745840644869112 -0.0021697685893127907 0.0001446906510843435 0.006462776773947943
leaf_weight=10.971592862129908 29.79966859563865 13.923669800264179 11.277944078115977 107.58785783970961 30.415368616086198 10.016765212945758 37.568510391691234 23.435390888276743 19.152495246409671 10.704401303373741 14.0387259220588 14.569941204215864 10.759495829814114 15.973176473577036 13.591928545938574 10.39276568443165 13.880662233626937 17.725753121398157 15.150430750392841 37.127899800238083 12.094946339289889 11.559103848660014 45.405898130135029 12.4154486702173 14.33212912007002 15.151725892632383 11.8397444607981 23.857190759037621 11.99296330069774 21.822681054531134 14.023375791803117 22.002989305925439 10.697382123733403 40.898658362675633 10.515628999462932 14.850004734871616 300.36685294364725 17.279882089715102 12.612075072247537 39.646574114864052 10.12704203330213 26.34783875879657
leaf_count=5967 78253 5671 3880 16268 5023 2789 5047 9704 2806 3901 1283 4639 3263 3462 1719 1478 3777 5565 2647 7889 1770 2008 5965 2315 36835 43208 31568 4989 1291 7880 3548 4463 1415 112872 2634 33395 786878 38996 26844 105739 3123 4312
internal_value=0.000111532 0.003011 0.00613388 0.00747871 0.000894722 -0.000221808 0.0018034 0.00102216 0.00536989 -1.35047e-05 -0.00189141 -0.00426858 -0.00580181 -0.00223023 -0.00368908 0.0054197 0.00078208 0.00286975 0.00435828 -0.00481652 -0.00557213 -0.000436169 -0.00746349 0.0101126 -0.00370092 -0.00072123 -0.00424712 0.00315465 -0.00018541 -0.00410719 0.000419618 -0.00276617 0.00110658 -0.00445079 0.010679 -0.00504301 -0.00533582 -4.7345e-06 0.000827406 -0.000690374 0.00431458 0.005294
internal_weight=1167.9 671.127 224.127 212.849 447.001 394.199 263.085 82.3299 56.721 206.364 136.436 98.6547 70.7353 48.7675 131.114 52.8011 27.9194 69.9284 52.2027 106.825 82.7849 45.657 56.1654 130.519 496.777 85.8501 410.927 37.7809 22.3857 37.7959 24.0401 34.0979 24.2893 56.0504 118.103 327.057 312.207 83.8707 29.892 53.9787 33.5624 41.4983
internal_count=1437079 142491 55233 51353 87258 79466 53865 30136 7853 46012 29587 18927 13867 17309 25601 7792 5060 16425 10860 22467 16130 8241 9228 21217 1294588 234333 1060255 10660 2769 11342 6337 6233 3134 156080 18902 851841 818446 208414 65840 142574 12827 6959
cat_boundaries=0 5 10 13 18 23 28 33 38 42 47 52 57 61
cat_threshold=5771266 1080035329 4194311 65540 4224 5767168 1073741824 4194304 65536 4096 4096 0 5 0 2097152 4 4 128 0 4194305 6 0 128 2 2097152 0 0 128 2197948032 270029088 847317192 2265972800 33808 67141728 2348950536 1160851744 1348512769 4 2 4194304 3 4 0 2097153 3 0 128 1612726585 295494 2147516928 525217 8736 67141632 2147491848 67186720 1073784832 4 32 134218752 1091567616 274729984
is_linear=0
shrinkage=0.05


Tree=119
num_leaves=40
num_cat=8
split_feature=28 28 0 16 0 15 28 21 28 7 28 0 22 18 8 18 18 21 3 7 18 8 0 22 7 28 28 21 21 21 14 25 6 28 15 16 21 15 16
split_gain=5.51724 1.15594 2.09728 1.50862 1.04077 0.978965 1.31012 1.10069 1.68311 0.914036 0.778699 0.771758 0.674198 0.621185 0.666828 0.557176 0.499783 0.442111 0.437893 0.425431 0.397668 0.349265 0.34508 0.235586 0.235122 1.54047 0.545796 0.194499 0.168566 0.148783 0.1397 0.0958594 0.0751452 0.0607831 0.0535659 0.0566582 0.0418301 0.0243442 0.0396893
threshold=0 1 -2.3980201482772823 0.11355637386441232 -0.46032539010047907 3.6890330314636235 2 0.46331943571567541 3 1.9480152130126955 4 -2.2322188615798946 -1.2406583428382871 1.3845610022544863 -3.6560001373291011 0.85512351989746105 1.6764996051788332 1.2828928828239443 -0.8851468265056609 1.3675070405006411 0.18203595280647281 -0.98038563132286061 -2.1015496253967281 5.7425436973571786 -0.89961713552474964 5 6 1.3038127422332766 1.73345023393631 -0.22370743006467816 0.98260167241096508 0.90972220897674572 -0.72594928741455067 7 -0.23976890742778775 -1.4396021366119383 0.12658501416444781 0.50286874175071727 0.41464167833328253
decision_type=9 9 8 10 8 8 9 8 9 10 9 10 10 10 8 8 8 10 10 10 8 10 8 8 8 9 9 10 10 10 10 10 10 9 8 8 10 8 10
left_child=1 2 27 12 9 6 16 10 -9 -5 36 21 -4 14 -13 -14 23 -15 -16 30 -12 -8 -18 29 25 -2 37 -1 34 -3 32 -31 -20 -27 -28 -36 -7 -26 -39
right_child=24 5 3 4 -6 7 11 8 -10 -11 20 13 15 17 18 -17 22 -19 19 -21 -22 -23 -24 -25 26 33 28 -29 -30 31 -32 -33 -34 -35 35 -37 -38 38 -40
leaf_value=0.012768550407423231 0.004200489051725655 -3.3819395532054994e-05 -0.0013546927956526458 -0.0087079016388419469 0.0025661529364047549 0.0033677632072059496 -0.0072636730234780832 -0.0026292790705303923 0.0082110828277511243 0.001618410785647987 0.00073245851018910327 0.0029059034875203844 -0.00042753648130308859 0.0050836483842156052 0.0012074034923796079 0.0087846019653252325 0.0017608179434129253 -0.0013139610005739402 -0.00025900989221709972 0.00094874376355653554 -0.0065877289020526853 0.00039286546985884226 -0.0033339978425596961 -0.00052962089921624494 0.0010536822288434208 0.0001282959511834656 -0.0005401490734300489 0.00063770206605266288 0 0.005040538268354499 -3.3148457766911252e-05 0 -0.0070712217930872737 -0.0051058176634761754 -0.00037011349417056041 -0.0054696606331321807 0 -0.0010338175869754002 0.00063289696312990545
leaf_weight=35.104994912777329 34.087906468921574 15.169314455808488 13.351618394866817 23.81205704176682 16.897680112175294 18.478725296081397 37.449884878878947 20.079354243469425 87.369502408226253 10.284432352811562 12.206364900077459 10.809498278627869 14.247042699149462 21.887221831333591 15.54054118641943 21.818952870875361 18.509787917239009 15.294358488114083 10.001171837822758 11.253082749113672 10.750007004535293 10.60491145798005 20.756819913294748 15.735212785089969 13.127163321194528 10.385222588425675 20.621125891026168 10.088835480157284 14.894789557882175 102.92840391464415 11.203939080864073 10.371598524492581 37.8075679633912 41.412889222920057 15.38555621573323 304.02878544468695 11.363161434273932 20.666215884841222 22.410704411733605
leaf_count=6065 89746 7451 5723 8859 8651 3631 5921 5323 10685 1947 4608 2051 7225 2842 4556 4100 3293 1563 1334 1452 4260 1089 5697 3841 31085 28092 53363 1422 33678 18423 1721 1781 5234 116202 41027 798862 1462 48974 53333
internal_value=3.26261e-05 0.00289075 0.00619674 0.000924778 -0.00359935 0.00142521 -8.89857e-05 0.004169 0.00631641 -0.00642337 -0.00109915 -0.00269282 0.00510585 -0.00021691 -0.00217932 0.00695319 0.00250259 0.00315038 -0.00369076 -0.00486725 -0.00421476 -0.00618427 -0.00123529 0.003731 -0.00371423 -0.000762038 -0.00425115 0.0118704 -0.00483127 0.00428304 -0.00594863 0.00472502 -0.00655818 -0.00450603 -0.00515021 -0.0053209 0.00257842 0.000338099 -0.000238807
internal_weight=1168.2 671.176 145.606 100.412 50.9942 525.57 365.323 160.247 107.449 34.0965 52.7983 181.852 49.4176 133.797 96.6158 36.066 183.471 37.1816 85.8063 70.2658 22.9564 48.0548 39.2666 144.205 497.02 85.886 411.134 45.1938 354.93 128.469 59.0127 113.3 47.8087 51.7981 340.035 319.414 29.8419 56.2041 43.0769
internal_count=1436572 142210 43992 36505 19457 98218 68249 29969 16008 10806 13961 27763 17048 20753 16348 11325 40486 4405 14297 9741 8868 7010 8990 31496 1294362 234040 1060322 7487 926930 27655 8289 20204 6568 144294 893252 839889 5093 133392 102307
cat_boundaries=0 5 10 15 18 22 27 31 36
cat_threshold=5771264 3227519233 4194311 65540 4224 4718592 0 4194304 65536 4096 1048576 1075839233 4 0 128 1048576 256 4 1052672 1077936128 3 4 2164393858 270028834 847251656 2265972832 1040 67141696 140296 1091637280 1348512768 1646264345 295492 2147582464 526209 40992
is_linear=0
shrinkage=0.05


Tree=120
num_leaves=48
num_cat=3
split_feature=28 28 13 8 8 16 15 8 3 8 16 4 3 8 28 15 5 14 13 16 3 25 16 4 16 8 16 5 8 8 0 16 18 3 15 21 21 0 16 0 0 5 21 16 1 21 24
split_gain=4.71642 1.28829 1.70542 1.08103 1.19592 1.01081 0.821191 0.69667 0.685042 0.68097 0.578543 0.55579 0.587197 0.448525 0.412238 0.467678 0.539442 0.366193 0.341676 0.449259 0.576994 0.313149 0.257726 0.274469 0.247284 0.230682 0.225713 0.201983 0.18999 0.182817 0.144652 0.137104 0.12819 0.121754 0.118498 0.0974677 0.079618 0.0755654 0.06682 0.0631947 0.0621378 0.0604339 0.0569306 0.0348634 0.0344184 0.0333868 0.028104
threshold=0 1 0.82064592838287365 1.0248808860778811 -1.3975191116333006 -0.23503660410642621 1.6650119423866274 -0.019027195870876309 2.486650943756104 -2.946678519248962 0.47490583360195165 0.58179235458374035 2.0335849523544316 0.99923792481422435 2 0.84329763054847728 0.59676659107208263 1.5706744790077212 1.0683097839355471 0.39807130396366125 -0.54620134830474842 0.17559523880481723 0.48429843783378607 1.2581496834754946 -0.060531945899128907 -1.3773785233497617 -2.3303563594818111 -0.32714523375034327 0.68238222599029552 2.4851896762847905 -1.4960405826568601 0.014735265634953977 0.80106288194656383 0.60006758570671093 2.8800544738769536 1.018283009529114 0.81070742011070263 -1.0747061967849729 1.491604804992676 0.41815508902072912 -1.0474895238876341 -0.27444228529930109 1.5424491763114931 -0.16463165730237958 -0.66828948259353627 0.27884759008884435 0.55524596571922313
decision_type=9 9 10 10 10 8 8 8 10 10 10 10 10 8 9 8 10 10 8 10 10 10 8 10 10 8 8 8 10 10 10 10 10 8 8 8 10 10 10 8 10 8 8 10 10 10 8
left_child=1 2 3 4 5 -1 11 9 38 30 34 13 21 24 42 31 18 -11 19 26 41 36 -18 -24 32 -14 -17 -7 -23 -12 -8 37 -3 39 -9 -6 -13 -16 -4 -33 -20 -21 -2 -39 -35 -36 -29
right_child=14 6 8 -5 35 27 7 10 -10 17 29 12 25 -15 15 16 22 -19 40 20 -22 28 23 -25 -26 -27 -28 46 -30 -31 -32 33 -34 44 45 -37 -38 43 -40 -41 -42 -43 -44 -45 -46 -47 -48
leaf_value=0.0057041430746497057 -0.0065127291987442442 0.0011798739784644218 0.009932559692611375 0.0052102677137693468 -0.00043593687160995294 0.00084174778837158677 0.0010482147843030689 -0.00047573202007426336 -0.00057267812836838056 0.006924959387836241 -0.0042879611052467617 -0.0010864469981828669 -0.0012772116827860643 -0.0023417403354017772 -0.0020093872733720499 0.00074611656568102016 -0.0016455915624235323 -0.00051623814520475612 -0.0062164731897016443 4.2861375689211892e-05 0.003527336186335417 -0.0061931062330883744 0.0039511149467196856 -0.0011012878408638291 0.0041369062252996983 0.0033556619208463647 -0.0040273733108949833 -0.00014331579487575469 9.1280144972712173e-05 0.00045336964402872072 -0.0024214003733099274 -0.0011973934163239728 -0.0019820718138598013 0.0029077827588660232 2.1613619296344581e-05 -0.0079844302914673509 0.00143489074817984 0.0010717029292550441 0.00068890577582448654 0.00087975971448183126 -0.00022491965542787196 -0.0029687069733307096 -0.00027911768827403852 -0.00058773858486970668 0 0.0038049866846873517 -0.0042828914599862041
leaf_weight=19.096137476415606 95.079999794215837 19.706071463879201 96.858874824771192 16.140551343254629 12.790895706886657 10.126486846740589 16.404689353366852 10.019767788617171 11.662563086079897 77.713472666931921 28.054589745159319 15.038911433992327 10.604969803476704 18.586124835674127 27.619702503463486 11.459372516284928 24.172807295733946 10.047130903141804 83.73506401515624 16.013443432471831 38.970500232710037 56.563432030350668 21.07235860775836 13.566345332008494 42.237248019708204 10.928849144722337 82.362302465633547 11.041431826670305 10.191764784278346 13.342850859757162 11.021266763491438 30.774092699633911 10.123998716357162 20.572914595650218 10.064813566430535 10.115924803045347 10.113780607818624 17.12375358314603 11.147562372789251 17.893187305904576 10.281254994151821 17.62699505979981 10.251351683575193 12.425957744781043 12.438906154922732 11.289157602819612 10.322229043653355
leaf_count=5463 293090 7054 15101 5046 6079 4416 5532 4121 1606 23905 16067 5196 2559 11469 51064 24229 42075 3398 181314 40266 65443 18530 25561 20547 13996 1777 175958 5227 3915 5879 5754 67334 2222 31917 8068 3018 1650 35002 2543 43013 19973 44044 33701 25671 19857 3429 4521
internal_value=-0.000183694 0.00276378 0.00547854 3.50169e-05 -0.00271044 0.00171638 0.000768618 0.00283762 0.00863739 0.00466298 -0.000733299 -0.0012703 -0.00310091 0.00127292 -0.00329782 -0.00209282 -0.00306691 0.0061586 -0.00391769 -0.00166945 0.000945214 -0.00446676 0.000723748 0.00243163 0.00282345 0.0017062 -0.00335288 -0.00265665 -0.00556262 -0.00329306 -0.000944781 0.000228652 -0.000399921 0.00128268 0.00253091 -0.00702766 0.000140985 -0.00112645 0.00953005 -0.000324208 -0.00590155 -0.00230672 -0.00584695 0.000380222 0.00248026 0.00335654 -0.00381289
internal_weight=1164.8 601.356 209.303 89.6337 73.4931 50.5863 392.053 187.958 119.669 115.187 72.7712 204.095 113.442 90.6534 563.44 458.109 319.26 87.7606 260.449 166.433 72.6109 91.9079 58.8115 34.6387 72.0673 21.5338 93.8217 31.4901 66.7552 41.3974 27.426 138.849 29.8301 81.6791 31.3737 22.9068 25.1527 57.1694 108.006 48.6673 94.0163 33.6404 105.331 29.5497 33.0118 21.354 21.3637
internal_count=1437600 197541 53020 33770 28724 19627 144521 76153 19250 38589 37564 68368 33627 34741 1240059 913268 639410 27303 551227 349940 149753 29291 88183 46108 23272 4336 200187 14164 22445 21946 11286 273858 9276 162121 15618 9097 6846 111737 17644 110347 201287 84310 326791 60673 51774 11497 9748
cat_boundaries=0 5 10 15
cat_threshold=5771266 1080033281 4194375 33619972 5248 5767168 0 4194304 65536 4096 1619086596 8421392 786448 679624712 101195
is_linear=0
shrinkage=0.05


Tree=121
num_leaves=59
num_cat=5
split_feature=2 13 1 8 4 21 16 2 8 14 21 18 27 27 18 2 14 27 8 16 22 16 2 27 22 7 7 14 1 16 7 15 18 16 7 18 21 9 13 8 18 15 9 8 18 8 2 4 8 13 6 20 15 21 1 27 19 16
split_gain=1.68051 0.575286 1.29878 1.08615 0.681023 0.795022 0.690793 0.57332 0.543732 0.577092 0.782093 0.959707 0.538436 0.506261 0.481825 0.427887 0.416452 0.392661 0.613817 0.819483 0.515143 0.370405 0.358641 0.32686 0.305317 0.514903 0.265494 0.258415 0.252996 0.251693 0.24464 0.218079 0.217212 0.215853 0.199422 0.184925 0.18145 0.182577 0.162726 0.156973 0.154427 0.139856 0.134648 0.127506 0.126604 0.123754 0.0839437 0.0754686 0.0626403 0.113498 0.0588774 0.0567808 0.0508102 0.0496365 0.0427924 0.0384026 0.0332017 0.0207434
threshold=-0.91584119200706471 1.8059169054031374 -1.0000000180025095e-35 2.6443176269531254 -0.033618716523051255 0.67992636561393749 -1.3002532720565794 -0.54980847239494313 0.78413698077201854 -1.5717598199844358 0.57303819060325634 0.55977249145507824 0 1 1.1573755741119387 -0.22900647670030591 1.9424054026603701 2 -0.84429788589477528 -0.4282285720109939 -0.31301848590373987 0.72193899750709545 -0.58169129490852345 3 -2.8374100923538204 1.898114860057831 1.2301969528198244 0.44413080811500555 4.1055345535278329 -0.029956611804664132 -1.3413987755775449 1.8627783656120303 -0.38123896718025202 -0.30438855290412897 1.2126688957214358 0.12715152651071551 0.3617109507322312 -2.0142273902893062 0.66426220536232006 -4.6873147487640372 1.4753387570381167 0.54579326510429393 1.9722061157226565 -3.6560001373291011 1.774466931819916 1.2581104636192324 -0.2810561060905456 0.49876527488231664 -2.5155060291290279 0.492006465792656 -0.6350865066051482 0.43253968656063085 1.5480313897132876 0.89574375748634349 0.43433496356010443 4 -0.21618552505969998 0.15543872863054278
decision_type=10 10 8 8 8 10 10 10 10 8 8 8 1 1 10 10 10 1 10 10 8 8 8 1 8 10 10 10 8 10 8 10 10 10 8 8 8 10 10 8 8 8 10 8 10 10 10 10 8 10 8 10 10 10 8 1 10 10
left_child=41 4 3 7 5 13 -7 -3 9 14 23 27 15 22 46 56 55 18 19 38 57 -4 36 29 -21 39 31 52 43 40 -15 51 -31 -24 54 -25 37 -2 -13 -26 48 -1 -22 -8 -20 -28 -6 -33 -11 -50 -43 -14 -12 -18 -34 -9 -10 -19
right_child=1 2 21 -5 8 6 28 16 12 10 11 17 26 30 -16 -17 53 20 44 24 42 -23 33 35 25 -27 45 -29 -30 32 -32 47 34 -35 -36 -37 -38 -39 -40 -41 -42 50 -44 -45 -46 -47 -48 -49 49 -51 -52 -53 -54 -55 -56 -57 -58 -59
leaf_value=-0.00014280268729759368 -0.00022866221099911198 -0.00097242501256473166 0.001009157136042533 -0.0026494618984524354 -0.0023513529013773223 -0.0018942511742863523 7.8382365401234453e-05 0 0.00056042612736631817 0.00029213216551709489 -0.0018939758575521406 -0.0016205637462428889 0.00044483462570785772 0.00078137557490946515 0.0042195138443486338 0.0065631593327772995 0.0010246262935592484 -8.2345693074316808e-05 -0.0013515510335843318 -3.1459435867889631e-05 0.0035452192063469669 -0.0048315079066567745 0.0011533914860325165 0.00086314712060166362 -0.00067183160191510848 0 0.00041202816736750413 0.0031873417958770221 -0.00019144586985974375 -0.00069243277502950324 -0.0045250920229960613 -0.00019849425046736667 0.005087810177705379 -0.0031640956125594168 -0.00042934530478342905 -0.0030666031765059724 -0.00078045578091294953 0.0040366812376653703 0.0020122363834504994 -0.011007688942979453 0.0014123035738547827 -0.00029608122710690204 -0.00050383185243524353 0.0069385076424173121 0.0017958513668194548 -0.0036546906849639206 0.00055524882443346078 0.0032567894745181725 0.00043249452607163787 -0.0034221936135968717 -0.0061124681260897127 -0.0019758919167209643 0.00041141026136361133 -0.00099565403754363802 0.00017685253893654735 0.0076160963008473602 -0.0010994029104470174 -0.0036509685732692165
leaf_weight=17.224065389935276 22.87544599577086 13.83628695522202 19.006502381715109 15.450749695191915 18.855915007203297 10.257878663825975 10.001487270958021 11.19802354530111 11.60032462529489 10.156086647344635 12.537177178113781 10.164557296076966 10.546194095251851 10.222859954024896 28.203589189906779 17.240604751183128 11.332265896780884 10.07839542898728 17.976339041510077 10.786411848224814 18.503535595104044 20.625238632099354 13.946760118175005 15.812356739770619 11.941076954870367 12.650939627332262 10.096274763476684 22.501036463938362 11.331542094776522 15.47042322240304 31.295629036212631 10.204476384198644 32.441573846088431 18.370352798352542 12.236041939861023 40.445386449420766 12.653858021170889 63.909149936305766 13.631015752587698 66.121765209012665 10.959510954155119 11.950400063171399 10.974883368944573 65.219839259378205 10.128075502318096 23.417940110724885 10.981274752863099 17.662598027047352 10.149694085725061 13.560441007575717 65.575633813234163 13.923245694437353 10.432475604626232 10.22334960617445 10.913307067661661 95.8041838751451 11.730452018804497 10.210014080643303
leaf_count=48635 38440 24372 17492 15864 26919 8868 8350 27565 7532 12261 10491 7682 16696 21168 21392 7065 11206 11466 9935 8234 26050 19013 11449 31759 10535 5843 11549 16142 7484 25582 68240 13182 34206 18090 12226 92596 16451 86978 8328 50240 15388 32196 13139 50115 5793 31270 9206 23311 9945 13774 187636 19621 8431 6043 13405 45518 8625 16045
internal_value=-7.12703e-05 0.000581239 0.0027099 0.00453331 -1.40685e-05 0.0018718 0.00458598 0.00582468 -0.000941867 -0.00169358 -0.00234193 -0.00389206 0.00154997 -0.000309645 0.00186908 0.00405649 0.00665168 -0.00515398 -0.00600836 -0.0074063 -0.000160641 -0.00297426 0.00126034 0.000246577 -0.00877117 -0.0093944 -0.000888019 0.00144028 0.00580299 0.00156538 -0.0031109 0.00101665 0.00291724 -0.00167128 0.00382134 -0.00185411 0.00257131 0.00320322 0.000346093 -0.0103453 -0.000768092 -0.00514262 0.00260623 0.00646181 0.000142215 -0.0028565 -0.0015412 0.00261231 -0.00195464 -0.0025302 -0.00572271 -0.00126726 -0.00121395 0 0.00466199 0.00754658 -0.000386525 -0.00326899
internal_weight=1167.56 1072.81 197.477 157.845 875.33 270.085 96.8107 142.394 605.245 478.823 420.783 248.638 126.422 173.274 58.0408 40.5714 128.558 203.167 153.4 125.296 49.7668 39.6317 131.756 172.145 101.5 90.7138 85.8507 45.4707 86.5529 115.887 41.5185 52.3365 71.0613 32.3171 55.5909 56.2577 99.4385 86.7846 23.7956 78.0628 44.8257 94.7501 29.4784 75.2213 28.1044 33.5142 29.8372 27.8671 33.8662 23.7101 77.526 24.4694 22.9697 21.5556 43.3549 107.002 23.3308 20.2884
internal_count=1437037 1168570 167073 130568 1001497 335633 74817 114704 665864 527013 469496 208354 138851 260816 57517 23222 90332 173290 106590 90862 66700 36505 171408 261142 74852 66618 115629 35064 65949 136787 89408 72810 85419 29539 59837 124355 141869 125418 16010 60775 51368 268467 39189 58465 15728 42819 36125 36493 35980 23719 219832 36317 18922 17249 47611 73083 16157 27511
cat_boundaries=0 1 2 3 4 5
cat_threshold=145 1762 676 240 1858
is_linear=0
shrinkage=0.05


Tree=122
num_leaves=43
num_cat=8
split_feature=28 28 9 9 0 21 10 23 16 23 23 28 2 28 2 23 21 23 21 21 16 0 25 23 28 28 23 23 21 23 16 16 16 16 28 23 4 21 0 16 28 16
split_gain=4.52019 1.28082 1.64708 1.55132 1.43205 1.51773 1.40142 1.01691 0.77025 1.41036 0.719826 0.585003 0.498996 0.457738 0.805833 1.26813 0.803796 0.859677 0.579021 0.419162 0.351764 0.632612 0.364275 0.267501 1.47194 0.648704 0.250051 0.191593 0.166016 0.182437 0.154295 0.151491 0.144281 0.118922 0.117512 0.110111 0.105164 0.0782248 0.073696 0.0436299 0.0420779 0.026118
threshold=0 1 5.0311553478240976 3.8411591053009038 -2.6949917078018184 0.34514267742633825 -1.0039027929306028 1.1559408307075503 0.12717358022928241 1.6630204916000368 1.196057975292206 2 -0.35209876298904413 3 -0.39822594821453089 -0.55493858456611622 0.42074927687644964 0.29050782322883612 1.6492661833763125 0.59175434708595287 0.064380273222923293 -1.3517633676528928 0.38591270148754125 1.1831398010253908 4 5 -0.8659602403640746 -0.36180427670478815 0.85868641734123241 1.6630204916000368 -2.3303563594818111 -0.55510050058364857 -0.12328273057937621 -0.15576556324958798 6 0.55682766437530529 -1.1654985547065733 0.06299846246838571 -1.1292015910148618 1.9859788417816164 7 0.36601784825325018
decision_type=9 9 8 8 10 10 8 10 10 10 8 9 10 9 10 10 8 10 10 8 8 10 10 10 9 9 10 8 10 10 8 10 10 8 9 10 10 10 8 8 9 8
left_child=1 2 4 6 -1 10 11 -5 12 -10 -6 36 -7 14 15 37 17 27 19 41 22 28 38 25 39 -2 -21 33 -22 -30 -27 -24 -14 -15 -9 -23 -3 -8 -18 -25 -26 -16
right_child=23 3 -4 7 5 8 13 34 9 -11 -12 -13 32 16 18 -17 20 -19 -20 26 21 35 31 24 40 30 -28 -29 29 -31 -32 -33 -34 -35 -36 -37 -38 -39 -40 -41 -42 -43
leaf_value=0.011296488127388362 0.00075871940801790715 0.0007717574777425316 -0.0040105244504778812 0.0088416123509496361 0.0089001146890873867 -0.0021120970631327007 -0.0036696734781256042 -0.00208707647794441 -0.0069859783131295712 0.0032940114443794025 -0.00068908517231480834 0.0057941758640049253 0.004745064293586127 0.00076225286550386686 0.0011735885144554242 0.0060841494947399067 -0.00060493061254491458 -0.0088156387143894614 0.0024125926951651276 0.00012539670627122502 0.0008050552176418936 -1.9727622002159217e-05 0.00012405166594584686 0.0037384569916054586 6.9532882863914094e-05 0 -0.0063864652508841355 0.0020981409323222264 -0.0039885826248492228 0.00067100158095584903 -0.0057305742673368831 -0.0052293081438314955 0 -0.0026632004002788822 0.00094156144094784643 0.0050054853835111218 -0.0023283841160563578 0.0001113094408006587 0.0020035720252060715 0 -0.0052464401084751948 -0.00036082949599887686
leaf_weight=47.328443794031045 39.661031656556588 12.465185626555469 10.953365285880862 30.520053470543644 35.55484709861048 14.446943925140657 13.254353470940261 11.519912850999388 39.654126812471077 15.576735615060896 15.472112430215928 43.03116248549486 31.438347673247335 10.014976938313337 13.741396204335617 49.520767849033291 13.435125506221082 39.978172286871995 11.366063901194137 13.664802560990209 18.193788282696914 10.059167246261493 11.393247637475726 48.109048307793273 10.079569023910151 10.388830780648275 37.800612839870155 12.15729847300099 18.869906576757788 10.067520294425774 267.31485454218637 17.91647570837813 18.120115038502263 15.95439914774761 11.485456698377677 22.546126512243063 12.960750296493641 10.661730038584208 10.629696980220617 10.391715652891433 53.936344789944997 11.125579217870838
leaf_count=9407 100457 7891 3980 11670 11613 3946 5006 1755 9646 3464 4750 18724 5697 9217 2734 12928 4120 29426 2289 2293 7431 4322 4440 124712 25202 29144 6726 7704 6418 3138 730503 6973 3117 14037 5080 7156 7666 2066 3673 27954 146605 2283
internal_value=-0.000194358 0.00218413 0.00486183 0.000544891 0.00617475 0.00248722 -0.000657927 0.00608515 -0.000936499 -0.00385164 0.00704101 0.00420905 0.00212114 -0.00195692 0.000150035 0.00307954 -0.00318818 -0.0061489 -0.00248333 -0.00391825 -0.000393109 0.00140636 -0.00250969 -0.00390216 -0.0012337 -0.00471679 -0.00539841 5.80503e-06 -0.00174494 -0.00290595 -0.00536979 -0.00431902 0.00384638 -0.00164413 -0.00105416 0.00432108 -0.00109321 -0.00298136 0.00105451 0.00312279 -0.00474042 0.000637801
internal_weight=1162.76 722.879 228.545 494.334 217.592 170.263 440.808 53.5254 119.236 55.2309 51.027 68.4571 64.0054 372.351 161.135 73.4369 211.216 78.1048 87.6985 76.3324 133.111 79.7365 53.3745 439.881 122.517 317.365 51.4654 38.1267 47.1312 28.9374 277.704 29.3097 49.5585 25.9694 23.0054 32.6053 25.4259 23.9161 24.0648 58.5008 64.0159 24.867
internal_count=1437363 252786 55620 197166 51640 42233 178661 18505 25870 13110 16363 34281 12760 144380 36325 20000 108055 60384 16325 14036 47671 28465 19206 1184577 324473 860104 9019 30958 16987 9556 759647 11413 8814 23254 6835 11478 15557 7072 7793 152666 171807 5017
cat_boundaries=0 5 10 14 19 24 29 32 37
cat_threshold=72880130 3228044617 541130759 33619972 5248 5767168 1073741824 4194304 65536 4096 67108864 2151677960 5 33554436 67108864 4195337 5 0 128 172737 16920708 70780192 3311968576 512 50331648 403701760 2416058432 3592 139284 4098 1 5 1056 262688 1107302920 1048579 16672
is_linear=0
shrinkage=0.05


Tree=123
num_leaves=44
num_cat=6
split_feature=28 28 7 15 7 15 8 28 7 28 28 9 15 2 10 18 8 18 18 8 1 25 14 2 6 7 18 28 14 2 18 2 10 18 8 8 15 10 8 3 8 3 8
split_gain=5.2525 0.912773 1.84909 1.457 0.91078 0.679313 0.82482 0.564382 0.664762 1.48101 0.966893 0.635564 0.877238 0.552523 0.539762 0.532093 0.526415 0.489875 0.487977 0.460136 0.393251 0.385557 0.359035 0.350457 0.332014 0.279265 0.26937 0.253672 0.232739 0.228971 0.182348 0.136022 0.129231 0.127842 0.10414 0.139369 0.0842576 0.0828032 0.0705988 0.0623531 0.0262859 0.022082 0.0200996
threshold=0 1 -0.51565229892730702 8.2120637893676776 1.4955054521560671 0.79568693041801464 -3.2670441865921016 2 0.84775826334953319 3 4 3.9980844259262089 0.66132986545562755 -0.94806435704231251 2.073286890983582 1.7908311486244204 -3.1047145128250118 1.0837501287460329 1.846473813056946 -1.1838012933731077 3.5971850156784062 0.14583333581686023 -0.51709666848182667 -0.53646060824394215 -0.52680218219757069 0.15855678170919421 1.724264442920685 5 0.98260167241096508 -0.37572389841079706 -0.32204586267471308 -0.25293760001659388 3.1322737932205205 0.89337897300720226 -0.9989866018295287 -2.1189317703247066 0.16274150460958484 -1.0000000180025095e-35 -1.3171744942665098 1.7846435904502871 0.56396505236625682 1.7846435904502871 -0.77375069260597218
decision_type=9 9 8 10 8 10 10 9 8 9 9 10 8 10 10 8 10 8 10 10 10 10 10 10 10 10 8 9 10 10 10 8 10 10 10 8 10 10 8 10 10 8 10
left_child=1 2 -1 23 5 16 37 41 9 13 40 12 34 -9 21 19 36 20 -14 39 25 -8 -17 -4 33 -15 -13 30 -26 -19 -11 -29 -21 -18 35 -12 -3 -7 -32 -6 -10 -2 -20
right_child=7 4 3 -5 15 6 14 8 10 27 11 26 18 17 -16 22 24 29 42 32 -22 -23 -24 -25 28 -27 -28 31 -30 -31 38 -33 -34 -35 -36 -37 -38 -39 -40 -41 -42 -43 -44
leaf_value=-0.0028697084348155493 -0.0064524655143247444 0.0038486719005392852 6.5505579851014105e-05 -0.0019711389484330607 -0.0028384846686741946 0.00057950551951593886 0.00015737712410945123 -0.0018972417508441202 0.0024967220644757124 -0.0018072060884182285 0.0010482638406901089 0.003030764532298327 -0.0084688205485857048 0.0067032443140130297 -0.00059231401042545752 0.00099045213220193946 -0.00092764532129057222 0.0014636099028853527 -0.00096387159514182389 0.0042527400572110966 -0.00089323720148027871 0.0075158386755283871 -0.0053692300634244905 0.010525758892279767 -0.004701242276604652 0.00023557854264246063 -0.0016543876827036529 -0.0051988839299527455 0.00063269477773837809 -0.002796640604616239 -0.00036934207238372623 6.5160064608012956e-05 -0.00020597483875841707 0.0024311369932013931 0.0015039388494057914 -0.002443937951838426 -7.6431704978269027e-05 -0.0023229031356484554 0.0023328921315139604 0.0002102137917112999 0 -0.00043589920553453715 0.00031684671880123942
leaf_weight=17.498857881349977 83.143441759086272 12.563028097647477 10.116636868784552 12.214532482044886 10.16472036331834 10.160866314457964 24.054158647952136 19.655672333145048 25.752068235684419 29.716557559208013 11.193766989788854 10.677471958428212 100.98677309480991 75.294263804440561 19.718187480728375 10.208784133210427 13.547423217140024 19.214561356697235 12.046633122059577 21.787280305419699 10.599983700609299 110.00375135771174 35.002939879763289 107.41892323398497 36.003742267843336 25.473264152664342 15.818427537138634 75.052796780742938 10.897499899205284 10.64894631213974 15.171633579462648 10.187481665998346 12.66815975969075 10.89718698254728 21.047350018918223 14.116188824307757 11.95186607087089 15.523384521453407 16.955268866156985 10.497363738599232 12.459146331348164 11.123324364656581 17.256395611359039
leaf_count=12691 255582 2706 8775 3995 1842 2672 4144 51838 67321 64432 12787 10441 195264 95941 3697 3734 2988 32613 15336 4043 11895 20862 8262 18735 7303 28810 19509 209074 1959 7259 32463 26800 2308 1517 30039 25997 2640 3218 37469 1269 30665 31499 23903
internal_value=8.85467e-05 0.00359762 0.00646351 0.00855776 0.00172729 0.0031198 0.00460028 -0.00282029 -0.00178655 -0.00015388 -0.00353008 -0.00464714 -0.0057264 0.00270756 0.00575593 -0.00171252 -0.00024438 0.00384466 -0.00730588 0.00123029 0.00497949 0.00662409 -0.00411469 0.00994351 -0.00223901 0.00572178 0.000915212 -0.00317818 -0.00372333 -0.00079273 -9.79573e-05 -0.00441484 0.0034028 0.0011297 0.000148428 -0.00116251 0.00310072 -0.00148434 0.00154796 -0.00216607 0.00192809 -0.00577407 -0.000422367
internal_weight=1166.49 522.899 147.249 129.75 375.65 275.321 179.46 643.591 549.325 307.97 241.354 203.143 176.647 160.887 153.776 100.329 95.8607 141.231 130.29 55.1175 111.368 134.058 45.2117 117.536 71.3459 100.768 26.4959 147.084 46.9012 29.8635 61.8435 85.2403 34.4554 24.4446 46.3573 25.31 24.5149 25.6843 32.1269 20.6621 38.2112 94.2668 29.303
internal_count=1436297 119360 44196 31505 75164 53706 34593 1316937 1029856 598594 431262 333276 303326 228356 28703 21458 19113 176518 234503 9462 136646 25006 11996 27510 13767 124751 29950 370238 9262 39872 134364 235874 6351 4505 68823 38784 5346 5890 69932 3111 97986 287081 39239
cat_boundaries=0 5 10 15 20 25 29
cat_threshold=5771264 3228041217 4194305 65536 4224 4718592 0 4194304 65536 4096 1074089236 8429584 9175056 671236104 100611 2734817922 269769760 570427630 84937729 1024 478183425 67305472 3306239232 1348771844 24624 8224 16777550 136495616 33554752
is_linear=0
shrinkage=0.05


Tree=124
num_leaves=40
num_cat=9
split_feature=28 0 23 10 28 0 15 13 28 28 28 10 28 21 10 21 21 21 23 21 28 15 21 23 10 25 0 10 21 28 0 21 25 7 27 0 7 7 7
split_gain=4.28572 1.19637 1.18491 1.94396 4.26178 1.20313 1.28893 1.1744 1.15384 1.03662 0.962638 1.3583 0.727356 0.722165 0.666918 0.631484 0.620236 0.598426 0.939546 0.44907 0.338446 0.378599 0.286024 0.276522 0.241626 0.204558 0.266773 0.193899 0.180828 0.180674 0.124469 0.122119 0.111622 0.102708 0.101363 0.099783 0.0432282 0.0418231 0.0202959
threshold=0 -3.5553568601608272 0.73456689715385448 1.023536264896393 1 -0.79718157649040211 0.50286874175071727 1.0683097839355471 2 3 4 1.5572473406791689 5 0.23770435899496081 0.97400566935539257 0.90812066197395336 0.39557400345802313 -0.34823827445507044 0.12151154130697252 0.27884759008884435 6 5.8778526782989511 0.55465286970138561 0.17740957438945773 0.93426045775413524 0.14583333581686023 -1.6034540534019468 1.4228938817977907 1.4250644445419314 7 -1.3517633676528928 -0.7426495850086211 0.27480158209800726 0.095380313694477095 8 -1.6183551549911497 1.8278478384017947 1.631544888019562 -0.36990050971508021
decision_type=9 8 10 10 9 10 10 10 9 9 9 10 9 10 8 10 10 8 10 8 9 8 10 10 8 10 10 10 10 9 8 8 10 8 1 8 8 10 8
left_child=1 8 7 12 5 6 -5 9 -1 19 11 -9 16 -14 17 32 -4 -11 25 -3 21 22 31 -10 -21 -19 -27 -6 -15 -22 -16 -2 -12 -24 -31 -18 -33 -35 -23
right_child=20 2 3 4 27 -7 -8 10 23 14 15 -13 13 28 30 -17 35 18 -20 24 29 38 33 -25 -26 26 -28 -29 -30 34 -32 36 -34 37 -36 -37 -38 -39 -40
leaf_value=-0.0019455259657247149 -0.00062644512639939203 0.0012933475438049727 -0.0013469681809623435 0.00013444622350398692 -0.00019318828478480564 0.001308211339106025 -0.013385942972984991 -0.00094295015143857719 0.00044711441969964659 -0.0014673343089470019 0.00029104462890796007 0.012866822424122487 0.0031329365412741056 -0.0048644213108106626 0.00062476012972390461 0.0035558239608212863 0.00023522450116221857 0.00019326996496996654 -0.0015338721482189746 -0.0058334556470074723 -0.0012141649649799642 -0.00010443712249895131 0.00067111211901395523 0.011205462015935679 0.00030145423174619238 0 0.0082938034150915815 0.0056566248383408124 0.00031842752694172911 -0.0017696818954139983 -0.0027480479259793852 0.0031604638833416295 -0.0037623585334757913 -0.0026823822801179168 -0.0061218598209224441 0.0073736902931505859 0 0 -0.0037947761532688947
leaf_weight=12.641282246324408 10.275256851120501 16.559830108119058 10.087391102322725 19.080128058791161 11.069595436354573 10.410987606068373 56.264084652677411 13.784076631272908 12.183880920521913 16.711833338209544 10.814880366211584 31.157670781365596 16.184922838649072 23.857246407715138 17.440314377505274 18.648167979124992 10.284271572047144 14.459939119144108 21.273544565643533 33.943350821078639 114.34072951013513 10.002114783834257 16.052482964863884 30.711909155899775 12.195119575066199 10.084747710905502 64.103451398164907 41.029527325321396 12.088973075995453 112.13897375727538 17.883445387829852 47.779189946399129 19.559248412770103 24.209757368298597 146.77256302910973 46.035286213489599 10.084551478023057 13.918554880947339 24.385118314683496
leaf_count=2939 22955 9816 4049 2342 3613 1350 8122 1749 1827 14933 3418 3751 10089 8817 3519 3226 1504 3541 5475 7964 311141 18624 16097 3694 5105 1799 15857 15476 3254 277922 11005 72906 7118 26591 440533 5369 20503 14454 44691
internal_value=-0.000222098 0.00245993 0.00144447 -0.000984929 -0.00437044 -0.0090846 -0.0112343 0.00328139 0.00749397 0.000802445 0.00683636 0.0093299 0.00305112 -0.00108934 0.00270431 8.60494e-07 0.00507392 0.00421582 0.00529974 -0.00305502 -0.00334354 -0.000809446 0.000656504 0.00910841 -0.00484646 0.00693747 0.00760467 0.00444358 -0.00389199 -0.00413649 -0.00163393 0.00222898 -0.00297368 -0.00139374 -0.00494013 0.00684084 0.00283774 -0.00220735 -0.0034785
internal_weight=1160.51 630.549 575.012 256.392 137.854 85.7552 75.3442 318.62 55.5371 224.656 93.964 44.9417 118.538 52.1311 161.957 49.0223 66.4069 126.634 109.922 62.6983 529.959 156.707 122.32 42.8958 46.1385 88.6481 74.1882 52.0991 35.9462 373.252 35.3238 68.139 30.3741 54.1808 258.912 56.3196 57.8637 38.1283 34.3872
internal_count=1437138 170721 162261 63985 30903 11814 10464 98276 8460 79014 19262 5500 33082 22160 56129 13762 10922 41605 26672 22885 1266417 236821 173506 5521 13069 21197 17656 19089 12071 1029596 14524 116364 10536 57142 718455 6873 93409 41045 63315
cat_boundaries=0 5 10 13 18 23 28 33 38 39
cat_threshold=5771264 3228043265 541073409 65540 4224 1052672 526337 0 65536 4224 0 3227516928 8193 4718592 2151680000 536870912 65536 4096 5767168 2048 0 65536 4096 4096 6293504 541065216 65536 4096 2214592546 17831176 3221297222 101754945 1072 50462849 268894272 101712672 268437248 4 1056
is_linear=0
shrinkage=0.05


Tree=125
num_leaves=40
num_cat=6
split_feature=28 28 23 16 15 7 15 16 28 5 22 22 28 16 7 28 15 28 16 11 16 0 5 15 0 0 3 15 23 7 26 3 7 13 3 19 18 0 19
split_gain=5.20907 0.905654 1.54213 1.11778 1.52126 1.10161 1.50103 1.08238 0.726771 0.574503 0.483056 0.482851 0.463861 0.536547 0.433051 0.41696 0.407583 0.350125 0.313938 0.281452 0.248904 0.237431 0.220829 0.211638 0.169974 0.487263 0.304086 0.294271 0.168419 0.153437 0.130626 0.130528 0.129288 0.108846 0.0865413 0.0863811 0.0854466 0.0555815 0.0369236
threshold=0 1 0.13957249373197558 1.168478846549988 0.6160741150379182 -0.35489082336425776 8.2120637893676776 1.2681228518486025 2 -0.6323302388191222 -3.883075356483459 -3.883075356483459 3 0.071438994258642211 1.973662316799164 4 0.34672491252422338 5 -0.32553485035896296 2.1775879859924321 -2.3303563594818111 0.18025100976228717 0.59676659107208263 3.7455807924270634 -0.96833759546279896 -2.1666309833526607 -0.65236914157867421 1.1105695962905886 0.837672919034958 0.53482383489608776 0.91666665673255932 0.034752784296870239 -0.50134888291358937 0.84831470251083385 1.2660025358200075 1.8658509254455569 -0.56253856420516957 -0.93727099895477284 -1.7805711030960081
decision_type=9 9 10 10 8 8 10 10 9 8 8 10 9 10 8 9 8 9 8 10 8 10 10 8 10 10 10 10 10 10 10 8 10 8 10 10 10 10 8
left_child=1 5 3 4 8 21 11 9 37 33 -11 -7 13 18 24 -9 29 23 31 38 -6 -1 -16 28 25 -15 -26 -27 -14 -12 -22 36 -20 -4 -31 -13 -2 -3 -18
right_child=12 2 7 -5 20 6 -8 15 -10 10 16 35 17 14 22 -17 19 -19 32 -21 30 -23 -24 -25 26 27 -28 -29 -30 34 -32 -33 -34 -35 -36 -37 -38 -39 -40
leaf_value=-0.003209020618287118 0.00064779836951706093 -0.0048461453314923792 0.0024203191153717735 -0.0031104444393361304 7.9483539044436445e-05 -9.6898065556192737e-05 -0.002320103722553599 0.0047869068401669174 0.0027069863365869044 0.001374968029553991 0.0018003549413134667 0.010451103858080155 -0.00098118413568657435 0.0032715260070123875 -0.0034049282502304811 -0.0013886980029481787 -0.00048409723180660577 -0.0049263659435957964 1.1558778422381248e-06 0.00031717129355210893 0.0088138528761811368 0.001423106301928395 0.00113126312280973 -0.0027082804656728358 -0.00056553235522550981 0.0012725820719310735 0.0056422694891846833 -0.0039473968961980061 0.0020252046517998867 -0.0024905471555216954 0.00036331352574418732 0.0017033541167387216 -0.0055825584617880267 -0.00068875670230810968 0.00056197983101849446 0.00061595044602561584 -0.0022625742601958296 -5.3979219021700061e-05 -0.0069392025762716235
leaf_weight=10.097182794619586 10.072647333887291 17.129803291434659 21.456469783675857 10.285793880495474 11.811929652918478 10.602043703693196 11.704524740795021 33.700323420023778 26.167122907878365 14.25407890792121 13.996043221166472 96.334347062031156 58.39395432099991 19.632718204200501 17.50178514272557 11.5877239137626 12.085956327297025 266.50931297073839 10.01340604372672 10.120186111555084 101.42643005887658 10.359619953233048 11.078292964171849 51.496125151308661 14.040911840689658 11.418920585841986 20.10904342905269 21.527516743539309 32.637243619792571 10.223695939726896 10.578011278557822 19.429160599334864 21.77853990883159 14.596717031148726 10.034490851292501 10.033230547225683 11.835302613035308 10.261648800136753 72.567973464319948
leaf_count=7543 16383 2914 3260 2280 2138 4035 3741 3657 6604 2562 2955 19623 153086 16220 23694 3833 2027 739373 16211 2224 18695 6724 7076 138260 23268 11025 17516 19429 84385 1670 2068 15565 20621 2286 1397 2308 15526 2207 12889
internal_value=9.42522e-05 0.00337529 0.00166661 0.00453897 0.00559099 0.00624176 0.00790433 -0.00104369 -0.000920449 -0.00277211 -0.0039538 0.00934578 -0.00300927 -0.000588218 0.00134434 0.00361138 -0.00479001 -0.00389603 -0.00303233 -0.00595073 0.00789093 -0.00144706 -0.00198197 -0.00105604 0.00280098 0.000230245 0.00421102 -0.00240139 0.000397096 0 0.00840507 0.000189085 -0.00483713 0.00143465 -0.00158347 0.010049 -0.00133493 -0.00381701 -0.00657671
internal_weight=1158.89 561.415 412.284 187.661 177.375 149.131 128.674 224.624 53.5586 179.336 143.282 116.97 597.475 188.438 115.309 45.288 129.028 409.037 73.1291 94.7741 123.816 20.4568 28.5801 142.527 86.7291 52.5792 34.15 32.9464 91.0312 34.2542 112.004 41.3371 31.7919 36.0532 20.2582 106.368 21.9079 27.3915 84.6539
internal_count=1437278 119640 75666 36906 34626 43974 29707 38760 11725 31270 25724 25966 1317638 202534 118228 7490 23162 1115104 84306 17140 22901 14267 30770 375731 87458 46674 40784 30454 237471 6022 20763 47474 36832 5546 3067 21931 31909 5121 14916
cat_boundaries=0 5 10 15 20 23 27
cat_threshold=5771264 3223322625 4194311 67584 5248 4718592 0 4194304 65536 4096 4096 1 1 0 1024 34 274472264 3791722592 5243397 48 1052672 0 1 2214756993 134283268 2106624 117481792
is_linear=0
shrinkage=0.05


Tree=126
num_leaves=36
num_cat=8
split_feature=28 0 28 24 8 28 28 8 21 13 0 18 16 28 22 22 16 21 15 9 8 4 21 28 28 0 15 21 21 17 15 16 28 24 17
split_gain=4.84665 0.970242 1.73493 0.971919 1.8785 2.36529 2.18181 1.95821 1.11348 1.0668 0.75079 0.705239 0.592917 0.395516 0.747679 0.51917 0.52176 0.403967 0.385135 0.32532 0.30976 0.292431 0.273949 1.09533 0.748228 0.182564 0.239273 0.167104 0.155229 0.10606 0.105466 0.0720869 0.0708513 0.0664793 0.0304988
threshold=0 -3.4036787748336788 1 -0.5762033462524413 0.7186427414417268 2 3 -2.373475074768066 0.34514267742633825 -0.32345513999462122 -1.3809935450553892 0.37044340372085577 -0.12328273057937621 4 0.072965234518051161 -0.823665291070938 1.0000000180025095e-35 -0.041839731857180588 12.944289684295656 0.360000029206276 -1.3566228151321409 1.7802196741104128 1.4512602686882021 5 6 -2.6949917078018184 0.34672491252422338 0.61083480715751659 0.69069498777389537 1.402612090110779 0.3325821608304978 0.34272596240043646 7 -1.352534234523773 -1.2457627058029173
decision_type=9 8 9 10 10 9 9 10 10 10 10 10 10 9 8 8 10 8 10 10 10 10 10 9 9 10 10 10 10 10 8 10 9 10 10
left_child=1 2 -1 13 6 28 7 10 -9 -10 -5 20 -11 14 34 16 27 -17 -7 -16 -8 25 24 -24 30 -13 -27 33 -6 31 -2 -19 -32 -15 -3
right_child=22 3 -4 4 5 18 11 8 9 12 -12 21 -14 15 19 17 -18 29 -20 -21 -22 -23 23 -25 -26 26 -28 -29 -30 -31 32 -33 -34 -35 -36
leaf_value=-0.0027646590779572561 0.0016587766871994502 1.9054887829206821e-05 0.0092793117418238508 0.0043626465420523522 -0.0040885496451187626 0.010005347193338832 -0.0035971674833272984 0.00053084805832935014 0.00050068701638296615 -9.4434059905581158e-05 -0.0028673885717494774 -0.0001793439072781171 -0.013909752126808575 -0.00072968904729478479 0.001067380030409338 -0.00037818730772181135 0.0038673874799340247 0.0085862827767257625 0 -0.004900915389836856 0.0015014992405631557 -0.00077240237695057692 0.0047114628029659399 -0.0036929428032453811 -0.0047175066634014724 0 0.0065681407847844936 -0.0029997027695406512 0.00044479085705159763 0.00039721650705033758 0.00074362680848984175 0.00055259146209678516 -0.001259865842519004 0.0016498622480179922 0.003586726228883209
leaf_weight=14.5843911402917 19.088194974101498 10.15201585026807 53.103949918251601 28.42276029427012 30.268238379678223 49.068309616326587 22.213397639032337 19.452493957884144 12.925026723358313 10.02307511877734 19.884890919318423 10.060512428550281 43.107116647006478 12.905751735117521 10.132505553854573 11.365040303135173 23.820071682042908 63.422564764172421 10.785007160069652 19.79116350034019 12.91354707861319 10.041129681121673 11.889013699699715 24.215590856030758 355.43333196862659 15.767188898927996 46.630205154724536 25.582818175986176 10.598936313850571 11.651449937227879 18.463702019216726 11.704532286268657 70.865700804584776 11.14236373339372 28.896319915409549
leaf_count=2044 49153 2326 6472 5147 8962 7208 12763 3353 1728 1151 2931 1333 5693 2487 5422 4040 3584 9110 1319 4110 4491 2555 26697 53328 935993 3174 9824 3244 1687 1836 44068 1575 198322 2066 7517
internal_value=6.15874e-05 0.0027742 0.00712327 0.00179742 1.48828e-05 0.00458189 -0.0022545 -0.00560145 -0.00905772 -0.0109367 0.00139098 0.00225782 -0.0126613 0.00393805 8.73782e-05 0.00487057 0.000880833 0.00684645 0.00827522 -0.00341396 -0.00188306 0.00427434 -0.00342712 0.000263622 -0.00378852 0.00504436 0.00563619 -0.00172387 -0.0029368 0.00762155 4.79544e-05 0.00809557 -0.000728673 0.000674897 0.00324684
internal_weight=1160.37 660.417 67.6883 592.728 352.162 100.72 251.441 133.815 85.5077 66.0552 48.3077 117.626 53.1302 240.567 68.972 171.595 73.451 98.1436 59.8533 29.9237 35.1269 82.499 499.956 36.1046 463.851 72.4579 62.3974 49.6309 40.8672 86.7785 108.418 75.1271 89.3294 24.0481 39.0483
internal_count=1436713 129152 8516 120636 73319 19176 54143 20003 11925 8572 8078 34140 6844 47317 19375 27942 11381 16561 8527 9532 17254 16886 1307561 80025 1227536 14331 12998 7797 10649 12521 291543 10685 242390 4553 9843
cat_boundaries=0 5 8 12 17 22 27 32 36
cat_threshold=5771264 3223324673 541065223 65540 5120 0 1075838976 3 4198400 2149580800 536870917 4 1048576 2049 6 65536 5120 5246976 3221225472 536870912 4 1024 67119627 4198872 2149708072 608215040 131712 2164424800 421135392 1125124608 1075842049 36 16777280 134218784 2560 2100225
is_linear=0
shrinkage=0.05


Tree=127
num_leaves=58
num_cat=0
split_feature=2 0 10 2 10 8 23 3 9 0 15 8 0 4 15 15 23 23 21 23 5 23 0 21 8 21 8 8 4 18 8 15 8 8 1 3 21 22 4 21 8 18 15 25 15 23 23 1 11 23 8 23 11 3 15 8 15
split_gain=1.59342 0.816823 1.30838 0.813076 0.722319 0.61391 0.570336 1.76715 1.38091 0.989282 0.523024 0.774842 0.700287 0.596818 0.658267 0.480965 0.681036 0.412941 0.440039 0.40975 0.382463 0.345458 0.337078 0.410772 0.309095 0.280106 0.277713 0.422593 0.261979 0.234612 0.2414 0.214242 0.199056 0.190717 0.178097 0.240643 0.174701 0.172618 0.172476 0.170916 0.170684 0.160039 0.159105 0.154108 0.147464 0.144455 0.136076 0.124635 0.112278 0.0888356 0.0651183 0.0645311 0.0614308 0.0528753 0.034679 0.028574 0.0231289
threshold=-0.92820054292678822 -3.3372364044189449 4.5699827671051034 -0.31917186081409449 -0.83805605769157399 -0.98038563132286061 0.79411467909812938 0.46021761000156408 0.87181898951530468 -0.81634357571601857 6.0024590492248544 -3.5859211683273311 -1.4524044394493101 0.56784877181053173 2.2611999511718754 0.074773456901311888 1.7750037312507632 -1.1451714634895322 0.66060861945152294 1.0220395326614382 -0.39259257912635798 0.92410811781883251 -1.0747061967849729 0.88280326128005993 -2.6354750394821163 -0.50498807430267323 -2.5155060291290279 0.847485512495041 1.4372711181640627 -0.74688285589218129 3.0274312496185307 10.707005977630617 -3.0517344474792476 -0.20496590435504911 1.6884863376617434 -0.14755055308341977 0.76598384976387035 -3.0537382364273067 1.6611641049385073 0.086516767740249648 2.9232069253921513 0.90637338161468517 0.37568865716457372 0.43750000000000006 5.4263746738433847 -1.1072637438774107 -1.0000000180025095e-35 -1.5946935415267942 -2.2495945692062373 0.96703615784645092 -0.62441158294677723 -0.59543713927268971 -1.0000000180025095e-35 1.1346657276153567 1.5044528841972353 -0.9036235213279723 1.3971365094184878
decision_type=10 8 8 10 8 10 10 10 10 10 10 10 10 10 10 10 10 10 10 8 8 10 10 10 10 10 8 10 8 10 10 10 8 8 10 10 10 8 8 8 10 8 10 10 10 10 10 10 10 10 10 10 10 10 10 8 10
left_child=20 2 3 -2 17 10 7 25 29 50 11 12 19 22 34 -10 33 26 39 45 56 -16 49 52 -20 51 -3 55 36 -8 38 -18 -5 -17 35 -15 40 -37 48 -19 -27 -12 -22 -14 -35 -6 -41 -4 -31 54 -9 -7 -24 -11 -13 -28 -1
right_child=1 4 47 32 5 6 8 9 15 53 41 13 43 14 21 16 31 18 24 -21 42 -23 23 -25 -26 28 27 -29 -30 30 -32 -33 -34 44 -36 37 -38 -39 -40 46 -42 -43 -44 -45 -46 -47 -48 -49 -50 -51 -52 -53 -54 -55 -56 -57 -58
leaf_value=-0.00057737481795675416 -0.0015374642450723091 0.0021179220662466253 0.00043576997638009052 0.00052448699599693283 0.0017282316442972685 -0.00051082022578005214 -0.0010178591070715082 0.00050912622052427618 0.0014587775417161551 0.00044173013462214426 -0.0001298887223337804 -0.0027442564279280073 0.00061155492861574956 0.00026667294139720197 0.0030604311107947772 -6.0662952399209475e-05 0.0022833272094223062 0.0018724476746604373 -0.00031732408915346072 0.0062062377915715807 -8.1708025361986001e-05 -0.0019865998883087967 0.00050509738317877824 0.0048420168004470535 0.0070810850871513746 -0.0050342060201205279 -0.00036942812380111274 0.0017609184500834909 0.0010513835899137332 0 -0.00074714150836387811 -0.0017948136507484839 0.008735263030746291 -0.0084191952554608547 9.8389390605576647e-05 0 0.00044688649041412849 -0.0063912014118523396 -0.0002819200610944244 0.00092770185516517659 0.00026932737194261986 -0.0060091912593202854 -0.0070482766847327835 -0.0032615406150942315 -0.00040415714848229204 -0.0014512300807101933 -0.0025376253422483915 -0.0035988352328442004 0.0055701006380486622 0.00056599036989637269 0.0085285806380003548 0.0019517142886541898 -0.0019153965102385419 -0.0017224684704592646 0 -0.0047639744803760565 0.00078276567287248195
leaf_weight=11.033788243265009 10.093843957336501 13.643742009844571 10.783199335164683 16.716750572202727 17.718521321039589 12.923538530623775 10.100875603609891 10.821953736682188 10.075901751777563 18.331629520864229 18.103439573649666 17.499169432325292 17.277482300443808 11.12512876895198 24.23023760887736 11.420499077386919 19.560106120428831 29.54888024378306 10.438526123136397 31.130825354252011 11.813151703310721 15.97900085490255 13.37831063855265 21.10396469837724 36.586350522673456 49.542113387906284 16.567563766118838 13.303508267053983 11.613937460075247 10.733247750758883 10.827879913485956 11.155657034592876 48.479236709448742 38.393949234559841 12.245761038160706 11.620343981383483 10.143136964659787 95.323542944803194 10.103900502122995 11.812871153415474 10.118124307555261 33.898499333605287 50.257843149563996 16.978458330391732 13.217301752447382 25.469310636683076 18.983683809521608 13.799837285208922 42.184678869394709 12.399069600694927 58.267822661800892 15.965539307464494 10.010811564156027 10.216964583487423 10.092197912592381 10.195674509654056 12.969724102178587
leaf_count=28399 17554 17935 10420 12480 24654 22552 14623 8437 8247 19216 21082 17646 20097 18941 21440 8968 15993 55187 8266 39852 37669 15119 16633 12233 26977 73940 20264 16060 15818 11861 20083 9065 21105 34084 12784 9875 9639 87991 16636 15471 15026 45404 145662 20396 10963 45239 26722 14640 53876 13263 43123 27188 14571 9307 9321 12254 34602
internal_value=-5.23303e-05 0.000565301 0.00400155 0.00640788 2.90378e-05 -0.000610008 0.000749415 0.00232273 -0.00109393 0.00599979 -0.00185666 -0.000825523 0.00210449 -0.00222991 -0.00363198 -0.00417218 -0.00510907 0.00265344 0.00397271 0.00411062 -0.00516367 0.0010099 0.000861058 0.00276586 0.00607006 -0.00175703 -0.000579476 -0.00221936 -0.00287837 0.00281202 0.00357567 0.000545934 0.0078148 -0.00693152 -0.00497486 -0.00540352 -0.00373985 -0.00592228 0.00436458 0.000283114 -0.00437646 -0.00507841 -0.00639501 -0.00204507 -0.0076247 2.69344e-05 -0.001395 -0.00265634 0.00500629 -0.0015619 0.00805558 0.00116117 -0.00106191 -0.000872551 -0.0023311 -0.00412128 0.000122307
internal_weight=1158.33 1072.26 99.8729 75.2898 972.384 811.303 395.719 207.945 187.774 97.6384 415.584 363.582 108.575 255.008 170.524 103.823 93.7475 161.081 107.37 74.3187 86.0745 40.2092 84.4835 44.4931 47.0249 110.306 53.7105 40.0667 81.4173 83.9506 73.8497 30.7158 65.196 63.0318 130.315 118.069 69.8034 106.944 63.0218 60.3454 59.6602 52.0019 62.071 34.2559 51.6113 43.1878 30.7966 24.583 52.9179 39.9904 69.0898 28.8891 23.3891 28.5486 27.5914 26.7632 24.0035
internal_count=1436853 1190521 76199 51139 1114322 915186 448645 244246 204399 80083 466541 400055 150238 249817 166150 87320 79073 199136 132623 109745 246332 36559 83667 43437 35243 164163 66513 48578 114423 117079 102456 25058 33585 54015 129591 116807 98605 97866 82373 97380 88966 66486 183331 40493 45047 69893 42193 25060 65737 40230 51560 49740 31204 28523 26967 32518 63001
is_linear=0
shrinkage=0.05


Tree=128
num_leaves=42
num_cat=7
split_feature=28 28 9 15 0 8 8 16 0 28 9 24 0 0 8 24 16 28 15 2 28 16 15 0 28 5 2 8 5 15 15 4 4 5 27 20 16 16 16 15 0
split_gain=4.67038 1.02955 1.57961 1.427 1.32555 3.04062 2.80153 1.66742 1.00453 0.788268 0.604131 1.15799 0.645991 0.526083 0.806416 0.490612 0.424228 0.409027 0.405036 0.397472 0.346716 0.330318 0.313582 0.257436 0.191025 0.520408 0.188284 0.178311 0.156703 0.152772 0.145586 0.138478 0.103169 0.0982079 0.0942191 0.0701707 0.0508898 0.0335167 0.0326569 0.0218614 0.0217098
threshold=0 1 5.0311553478240976 3.6890330314636235 -2.5661239624023433 0.87629261612892162 -1.3566228151321409 0.28979836404323583 -2.2545695304870601 2 3.1910111904144292 -0.08044161275029181 -1.4960405826568601 -0.46032539010047907 -0.9036235213279723 0.64891716837883007 -0.16463165730237958 3 4.5157976150512704 -0.44458827376365656 4 1.1036446690559389 1.9398608207702639 0.095894105732440962 5 -0.30496719479560846 -0.64457693696022023 -0.95758968591690052 -0.065785177052021013 0.79568693041801464 1.5930573344230654 0.29100412130355841 0.5124417543411256 -0.43316628038883204 6 0.24206349253654483 -0.0074412906542420379 -0.68628564476966847 0.13425991684198382 0.1771388649940491 -1.3809935450553892
decision_type=9 9 8 8 10 10 8 10 10 9 8 10 10 10 8 10 10 9 10 10 9 10 10 10 9 8 10 10 8 10 10 10 8 10 1 10 10 8 10 10 10
left_child=1 2 4 8 18 6 7 39 9 29 11 -5 -13 16 35 -16 20 21 -1 -8 31 28 26 32 25 38 -18 30 33 -3 -11 -10 -14 -2 -26 -15 -28 -27 -19 -6 -21
right_child=17 3 -4 10 5 -7 19 -9 13 27 -12 12 23 14 15 -17 22 24 -20 40 -22 -23 -24 -25 34 37 36 -29 -30 -31 -32 -33 -34 -35 -36 -37 -38 -39 -40 -41 -42
leaf_value=0.012390845831294533 0.00070820225097324632 0.0030513766642525043 -0.0036708341375673486 0.0049061298707400855 0.0004986739988434919 0.0092827556963797492 2.4923217324380231e-05 -0.0036510761559735774 0.00037912175785841194 -0.0086819202541885653 0.0080050997083397774 -0.0056389804877182382 0.0038473316090239561 0.0032453245158783049 -0.0062290736648947433 0.00099835981847026627 -0.00029493141392157118 0 0.00020007868186905538 -0.0010795250081056188 0.0018497866382574707 -0.0032882810145540733 -0.00064726850689892734 -0.0016204790844789906 -0.0019024872773705142 -3.4640809436974845e-05 0.00036652492910200298 -4.5798808334076457e-05 0.0019674284633414262 -0.00087772098944866928 -0.00043893951346626311 -0.0041290899391720048 -0.0002276731652169262 -0.0016748606484548825 -0.0065596781720971822 -0.00016807892185637045 0.0056432823376530213 -0.0034948574927147953 0.002039218077935044 0.0074304976705639042 -0.010569077564690887
leaf_weight=41.583095117035555 38.174749865014746 10.401291184214644 10.577472554243284 46.221041333381436 10.542157786709138 44.348309887951473 10.970253511841291 20.206689411686966 10.085950691747714 24.885603778020595 28.938707755711221 21.20234206947498 10.197845124930611 15.057584886119004 29.746667474755668 14.688592690319636 10.072925434826173 25.304904678836465 10.070707489343475 14.691666321508817 18.675251252789167 30.205088090369827 19.773220623581437 10.030351831941514 112.11454380500072 11.55544425377593 14.645112012396565 10.300623346920473 52.477371111315733 10.158513850357847 13.226419706188606 15.447039076185318 10.924945957696766 42.877530659789045 109.00577406014054 10.078875842591513 56.639024278294528 84.557014608057216 27.483527506497921 34.965610934159486 15.837402034492699
leaf_count=7199 65114 2594 3683 7805 3164 9839 5398 6917 1099 3953 3819 3670 1359 3312 6646 3573 3379 63970 2791 2578 3361 63747 3160 2172 283565 31325 2074 1034 86957 2820 1826 2050 1535 81479 341088 2320 8008 224197 71001 7584 3959
internal_value=1.50337e-05 0.00283077 0.00528243 0.0010359 0.00660963 0.00256424 -0.00225145 0.0035017 -0.000972217 -0.00469991 0.00460765 0.00121834 -0.00279473 0.000866535 -0.00189117 -0.00452337 0.00235839 -0.00322766 0.0113307 -0.00835151 -0.000975757 -0.000671471 0.00368959 0.00136103 -0.00409563 -0.00150856 0.00462686 -0.00637071 0.000591215 0.00157032 -0.0077504 -0.00283466 0.00299103 -0.000672338 -0.00512617 0.00260905 0.00519844 -0.00326728 0.00152984 0.00697878 -0.00957017
internal_weight=1158.95 625.191 213.793 411.398 203.216 151.562 107.214 65.7145 283.883 68.9725 127.515 98.5765 52.3555 214.91 69.5717 44.4353 145.339 533.756 51.6538 41.4993 44.2082 163.735 101.13 31.1531 370.021 148.901 81.3571 48.4126 133.53 20.5598 38.112 25.533 21.1228 81.0523 221.12 25.1365 71.2841 96.1125 52.7884 45.5078 30.5291
internal_count=1437124 124681 53112 71569 49429 39439 29600 17665 51209 12227 20360 16541 8736 38982 15851 10219 23131 1312443 9990 11935 6510 297297 16621 5066 1015146 390493 13461 6813 233550 5414 5779 3149 2894 146593 624653 5632 10082 255522 134971 10748 6537
cat_boundaries=0 5 10 12 17 20 25 26
cat_threshold=5771264 3227518977 4194307 67584 4224 5767168 0 4194304 65536 4096 0 2149580801 67141635 18617672 1610690660 1108353029 1076 0 1073743873 3 2181169760 402849828 2250379008 88377280 131072 1058
is_linear=0
shrinkage=0.05


Tree=129
num_leaves=42
num_cat=9
split_feature=28 10 28 8 0 8 28 3 28 24 8 15 0 10 15 28 8 28 23 0 28 7 28 23 15 15 3 23 23 23 10 15 28 23 10 18 10 5 5 1 13
split_gain=4.58195 1.3281 0.911985 0.827376 2.16758 1.29037 1.82842 1.30267 1.18091 0.566499 0.560366 1.05985 0.519454 0.78348 0.74871 0.677626 0.544104 0.475162 0.449181 0.417251 0.400081 0.429074 0.399501 0.293058 0.243004 0.48706 0.392956 0.38658 0.241882 0.195679 0.17426 0.13486 0.132107 0.125599 0.116853 0.110775 0.101938 0.0971543 0.0999593 0.0955938 0.072213
threshold=0 9.7571830749511737 1 0.92539876699447643 -2.9211155176162715 -1.3773785233497617 2 1.6997122168540957 3 0.63308542966842662 -2.4430385828018184 0.81238132715225231 1.4347518086433413 1.6533322334289553 1.6879286766052248 4 -0.93164256215095509 5 -0.71229347586631764 -3.109662532806396 6 1.973662316799164 7 -0.51579225063323964 0.73500707745552074 12.538407325744631 0.2805228084325791 -0.1989413723349571 0.92410811781883251 1.9328346848487856 1.3172141313552859 0.53197821974754345 8 -0.077713411301374422 0.35905751585960394 2.3996422290802006 -1.599388003349304 -0.27444228529930109 0.077969651669263854 1.0571022629737856 0.57862398028373729
decision_type=9 8 9 10 10 8 9 10 9 8 10 10 10 10 10 9 10 9 10 10 9 8 9 10 8 10 8 10 10 10 10 10 9 10 8 10 10 10 10 10 10
left_child=1 3 10 4 -1 7 -7 9 -5 30 11 17 13 14 22 16 -15 -2 32 -17 21 24 39 -14 27 26 37 -4 33 -23 -6 -8 -16 -28 -11 -22 -13 -26 -39 -12 -24
right_child=2 -3 20 8 5 6 31 -9 -10 34 12 36 23 15 18 19 -18 -19 -20 -21 35 29 40 -25 25 -27 28 -29 -30 -31 -32 -33 -34 -35 -36 -37 -38 38 -40 -41 -42
leaf_value=0.0087931046383458219 0.0040994989842817057 -0.0034732635471849786 -0.0014109999194564264 -0.001275951336084339 0.0073474148386196538 0.0032273693232218806 -0.00046412421733888333 -0.0039695837014217267 0.01124633635821951 -0.0019316807459767316 -0.0031571553152047703 -7.6772951131923455e-05 0.0010670820229060672 -0.0021243230164225196 -0.0014859545306089488 0.0010860453975450627 0.004639093299723545 -0.0018462100087577055 0.0078650159704222872 -0.0058224810477125206 -0.0044737724301700636 -0.0046617379811808293 0.0033173100044529835 -0.0043474551703398786 0.0016986150170855128 0.0027973573924359963 -0.0015693609892884781 0.0041162924355338214 -0.0057601302912102604 0.00050254053673670401 0 -0.009417834124843795 0.0015422117570698642 0.0015962532946979244 0.0011126380957201605 0 -0.005935726467369987 -0.0018996273265809592 0.00093397150061459353 0.0003629540823411239 -0.00016158236236881915
leaf_weight=48.029111273062881 24.700833754402993 10.492573562907635 18.725835775709129 16.294444557934185 44.489283802278806 22.173805039506988 11.470184209203579 15.570026922156101 44.672395182074979 10.136406520134186 29.260058428139018 11.409974428737767 13.777841875598826 11.284522374349761 11.523516228204244 10.203139082936103 23.779788809915772 13.359762121319362 48.167381318991829 26.903046068044205 319.4554600974443 32.675009131351544 17.255050847728857 11.251921187445985 25.417407000590174 20.712447789206635 13.745946781309614 29.269044362074055 20.572443413977453 10.061747913867292 10.255135066545334 28.195861698797671 12.461229321168503 11.615843512809077 17.87454247841379 13.081833531010487 43.114232314976107 19.040652665957168 13.336194993644311 10.056807239139742 10.132893341607994
leaf_count=4951 12587 7158 30802 4998 9364 4952 2195 2679 6095 3103 12043 20221 11296 6454 5848 4789 13729 14455 30118 22207 784448 59851 14609 11934 54104 27309 15679 42553 20274 11850 2127 6933 9030 11222 3328 27214 27837 45627 20848 3849 7047
internal_value=-0.000212966 0.00476974 -0.00200982 0.00574997 0.00292545 -0.000483642 -0.00446853 0.00265036 0.00968607 0.00495951 9.86855e-05 -0.00245904 0.00137726 0.00226876 0.00403749 -0.00135303 0.00217835 0.00234831 0.00636549 -0.00388629 -0.00316805 -0.000981856 -8.61062e-05 -0.00257543 0.000337382 -0.00082708 -0.00225778 0.00228912 -0.00425492 -0.00377656 0.00667382 -0.00772545 6.35086e-06 0 -0.000456917 -0.00420361 -0.00538072 0.000520509 -0.000813303 -0.00224975 0.00238465
internal_weight=1156.01 279.654 876.352 269.161 208.194 160.165 61.8399 98.3254 60.9668 82.7554 328.642 92.5848 236.057 211.027 138.857 72.1705 35.0643 38.0606 72.1521 37.1062 547.71 215.173 66.7048 25.0298 172.436 124.441 103.728 47.9949 45.9342 42.7368 54.7444 39.666 23.9847 25.3618 28.0109 332.537 54.5242 57.7943 32.3768 39.3169 27.3879
internal_count=1437717 57883 1379834 50725 39632 34681 14080 20601 11093 17922 228053 75100 152953 129723 82544 47179 20183 27042 44996 26996 1151781 340119 37548 23230 268418 195063 167754 73355 47175 71701 11491 9128 14878 26901 6431 811662 48058 120579 66475 15892 21656
cat_boundaries=0 5 10 13 14 19 24 29 34 39
cat_threshold=5771264 0 4194304 65536 4096 67108866 3228303689 536940643 67635205 1200 528384 0 4194304 4198400 2 4194304 4099 67635204 32 2 1076363337 536936514 4 1152 2181201952 286395396 3322947848 1050208 131072 0 2152464393 35 524292 1056 2 4456704 536875011 526337 32
is_linear=0
shrinkage=0.05


Tree=130
num_leaves=38
num_cat=4
split_feature=28 28 9 0 0 19 9 0 7 7 9 9 23 23 28 9 7 3 23 2 2 21 23 7 11 24 22 24 1 23 22 7 27 7 0 0 0
split_gain=4.56216 0.948622 1.70111 1.05919 0.938495 0.863601 0.759194 0.602611 0.899276 0.591283 0.604154 0.569813 0.894494 0.559063 0.516361 0.723902 0.572439 0.498188 0.469581 0.394299 0.36871 0.346014 0.26799 0.207461 0.183553 0.181217 0.159374 0.15837 0.139238 0.130793 0.118039 0.10743 0.0870113 0.139881 0.054571 0.192973 0.0485266
threshold=0 1 5.0311553478240976 -2.6617106199264522 -1.8675228357315061 0.4563059955835343 4.5239896774292001 -0.46032539010047907 -0.41424418985843653 1.2827059030532839 1.6011694073677065 0.77614304423332225 0.49021701514720922 -1.1451714634895322 2 3.4750337600708012 -1.0754698514938352 1.9160832762718203 0.27259251475334173 -0.087931249290704713 -0.60336577892303456 0.37841710448265081 1.2644786238670351 1.2301969528198244 -3.9863127470016475 -0.039708381518721574 1.8877416253089907 1.6609812974929812 -3.3205751180648799 1.0617215633392336 5.3233747482299814 0.66485610604286205 3 1.6524797677993777 -0.46032539010047907 -1.3953078985214231 0.60989159345626842
decision_type=9 9 8 10 10 10 8 10 10 8 10 10 10 10 9 8 8 10 10 10 10 10 10 10 8 10 10 10 8 10 10 8 1 10 10 10 8
left_child=1 2 3 -1 6 11 9 19 25 10 -3 13 23 -5 15 16 -2 -7 21 27 -15 -10 -16 -13 -18 -9 -11 30 -26 -8 -6 34 33 -24 35 -30 -36
right_child=14 4 -4 5 7 17 29 8 18 26 -12 12 -14 20 22 -17 24 -19 -20 -21 -22 -23 32 -25 28 -27 -28 -29 31 -31 -32 -33 -34 -35 36 -37 -38
leaf_value=0.011232065478389995 0.002595691579168669 -0.0028098760997799619 -0.0038494394212280577 -0.0023258155806538962 0.0059881968582174601 0.0070700429101736295 0.0038648298493278994 0.0043880613677174107 -0.0021047690406064707 -0.0066441095121519793 0.003611573080818178 -0.00097424594281456079 -0.0061179152565677746 -0.00096158515517193871 -0.0044721193833686486 0.0039350888536929148 0.00072647661308380962 -0.00091031250354002091 -0.0056542791038354228 -0.00093938197917927931 0.0056435099586565748 0.0032768516833511447 0.0013436596516197992 0.0036550288655262234 0.0003060868283983702 -0.00027117420065953267 -0.00014001514857364479 -7.4566137139264982e-06 -0.001723502888373917 -0.00042123201389046181 0 -0.0049267433302026178 -0.0019447778573011801 -0.0015640436358729992 -0.0022680840129276417 0.0021460639322401064 0.00023607658966193782
leaf_weight=49.455919328320306 17.720183320168871 24.959664827940287 10.724385602297842 10.258984144282293 97.655199662214727 52.462673454414471 10.415488688595362 24.519665828775032 11.153165418480059 36.452708915589028 21.975416987697827 10.570160298899284 24.179585870413575 10.034894671494834 319.05577176856605 24.523876942861534 10.469218500933492 10.083694170054512 24.688758980366401 13.100667160586452 28.259360142255904 10.966048275149658 53.551226532857982 10.634509566065388 12.195019657432566 18.72921528009465 14.829694629195727 11.476478505792327 12.959425643042776 10.038524910167324 10.210990324208977 57.873362135695061 37.459105199253827 18.863478474588192 11.327016194816681 16.45998472518113 11.145795129326872
leaf_count=9290 20263 4697 3723 4041 13386 13154 1654 4783 2635 6240 2451 3024 4596 6257 873267 19563 6702 1641 3861 1463 5886 1275 143917 1350 10310 4357 2061 1682 13801 1159 1585 52781 101439 47370 11268 16575 13881
internal_value=3.04481e-05 0.00312454 0.00538785 0.00675698 0.0010839 0.00294107 -0.00196213 0.00282857 -0.000306221 -0.00363764 0.000457183 -0.000364299 -0.00305306 0.00237209 -0.00284593 -0.000298295 -0.00183992 0.00590619 -0.00362829 0.00448727 0.00429166 0.000916031 -0.00370926 0.00221349 -0.0030096 0.00325322 -0.00581027 0.00521398 -0.00347737 0.00288423 0.0056276 -0.00389325 -0.000988931 0.000199616 -0.000839545 0.000366618 -0.0016511
internal_weight=1161.44 557.836 216.664 205.94 341.172 156.484 118.671 222.5 90.0569 98.2175 46.9351 93.9375 45.3843 48.5532 603.603 174.674 150.15 62.5464 46.808 132.443 38.2943 22.1192 428.93 21.2047 132.43 43.2489 51.2824 119.343 121.961 20.454 107.866 109.766 109.874 72.4147 51.8922 29.4194 22.4728
internal_count=1437388 106251 52962 49239 53289 39949 18262 35027 16911 15449 7148 25154 8970 16184 1331137 165144 145581 14795 7771 18116 12143 3910 1165993 4374 125318 9140 8301 16653 118616 2813 14971 108306 292726 191287 55525 30376 25149
cat_boundaries=0 5 10 15 16
cat_threshold=5771264 1080033281 4194311 65536 4096 5767168 0 4194304 65536 4096 2 2148011080 1610678368 34605060 1152 1656
is_linear=0
shrinkage=0.05


Tree=131
num_leaves=40
num_cat=6
split_feature=28 28 15 21 10 13 3 0 23 15 23 1 18 21 16 3 21 28 10 15 16 23 15 7 7 15 15 23 28 23 28 23 3 28 21 0 23 23 16
split_gain=4.2083 1.23471 1.20804 1.4535 1.13834 1.31432 1.57663 0.935526 0.774633 1.23404 0.719221 0.712677 0.610687 0.565043 0.5021 0.44502 0.375167 0.275626 0.640114 0.322016 0.260064 0.362007 0.250024 0.274994 0.232912 0.230744 0.227619 0.208185 0.207244 0.355861 0.198226 0.168755 0.13705 0.224767 0.126703 0.125729 0.104052 0.0987142 0.0434515
threshold=0 1 2.3240602016448979 0.42074927687644964 9.7571830749511737 1.5920033454895022 1.4322491288185122 -2.3980201482772823 1.1152718067169192 13.393291473388674 -1.7391096949577329 3.2886816263198857 -0.341528370976448 1.6113851666450503 0.12717358022928241 -0.60081669688224781 -0.2142519801855087 2 1.8182658553123476 0.60080015659332286 0.62023428082466137 -0.39970621466636652 7.0961461067199716 -0.12496144324541091 0.97962418198585521 3.1988390684127812 -0.084396880120038972 -1.2033630013465879 3 0.19590700417757037 4 0.38302288949489599 -0.049010308459401124 5 -0.6017642319202422 0.095894105732440962 1.2784012556076052 1.5775867700576784 1.2434877157211306
decision_type=9 9 8 8 8 10 10 10 10 10 10 8 8 10 10 10 10 9 8 8 10 10 10 10 10 10 10 10 9 10 9 10 8 9 10 10 10 10 10
left_child=1 4 12 25 5 6 10 -8 -5 24 -1 22 16 -7 15 -14 -3 18 34 -20 21 -16 23 -12 -10 -4 -17 -28 29 -27 -22 -30 -23 -34 -2 -18 -19 -29 -36
right_child=17 2 3 8 -6 13 7 -9 9 -11 11 -13 14 -15 20 26 35 36 19 -21 30 32 -24 -25 -26 28 27 37 31 -31 -32 -33 33 -35 38 -37 -38 -39 -40
leaf_value=-0.002092587603518391 -0.00072861628401331977 -0.0015132119819106624 0.001147258021510218 0.0078479343156752437 -0.0028584480019081455 0.011148325752785465 0.002266749204433234 -0.0074229102698518991 0.00054142796896168046 0.005355643962470796 0.00064705838204705919 -0.0014481841332745352 0.0011313174586358877 -3.0484000771716541e-05 -0.0018857971687222805 0 0.0047541160705324792 -0.0047245202525782936 0.00097328877787941799 -0.0048994488051952089 0.00090532464836486819 -0.00046540127582990937 -0.00010506649840031127 0.008244748973901218 -0.0049621800592169613 -0.0023042922546268598 0 -0.0072672044315206788 4.5840721920664912e-05 0.0031275475082695398 -0.0034205929567805667 -0.0058258296883025229 -0.00063429718260443464 0.0044217242763342369 0.0025636117064690004 -0.00014986763048163015 -0.001407631885889864 -0.00021376156024296435 -6.788030139643657e-05
leaf_weight=10.643816521056577 20.013879049431125 15.825631094558046 13.304121240711536 74.599278702036827 10.669500217467428 61.425062724680174 10.123044522450074 14.778693668835329 11.949980987352317 14.62517034729535 25.196225162057083 13.609800123216699 12.743978384969521 11.288026577123672 18.306174180892413 17.346606758859707 19.416414375387834 260.99801988522086 10.594012896726779 39.950998073523806 13.474618766078491 10.787699498017899 10.025358168393721 62.856033340154688 23.043099837814225 11.324337586862386 13.841803331175468 51.17008166173764 12.257575907584398 10.170720889844231 10.073034535162153 10.986161245687979 16.487111923212069 31.506684330495773 58.156639034401451 10.093648923881117 90.967229219568253 10.048027394310337 11.165795039960356
leaf_count=3632 55455 6733 3347 11249 7559 7689 1424 3606 2056 1821 12151 3170 3527 1722 3682 3033 3468 700651 25141 106337 1647 3058 2998 11667 3204 2237 2640 7873 4995 1583 3245 3725 2450 4693 145661 2348 236564 1493 28101
internal_value=-3.85929e-05 0.00246664 0.000647953 0.00332432 0.00502777 0.0060737 0.00202418 -0.00453344 0.00574021 0.000172637 0.0043161 0.00541601 -0.00148584 0.0100669 -0.00259521 -0.00438055 0.00221742 -0.0033295 -0.000798616 -0.00374693 7.18727e-05 0.00144782 0.00656966 0.00712865 -0.00381103 -0.00206341 -0.00530614 -0.00605067 -0.00317255 0.000513867 -0.00228658 -0.00417378 0.00292155 0.0035829 0.00152226 0.00397444 -0.00406041 -0.00677102 0.00224702
internal_weight=1155.84 663.998 433.382 182.26 230.616 219.946 147.233 24.9017 124.218 49.6183 122.331 111.687 251.122 72.7131 205.786 105.15 45.3357 491.847 139.881 50.545 100.635 77.0877 98.0776 88.0523 34.9931 58.0429 92.4065 75.0599 44.7388 21.4951 23.5477 23.2437 58.7815 47.9938 89.3363 29.5101 351.965 61.2181 69.3224
internal_count=1437635 139725 84107 34217 55618 48059 38648 5030 18330 7081 33618 29986 49890 9411 37341 18566 12549 1297910 360695 131478 18775 13883 26816 23818 5260 15887 15039 12006 12540 3820 4892 8720 10201 7143 229217 5816 937215 9366 173762
cat_boundaries=0 5 10 15 20 23 28
cat_threshold=5771264 3223325953 4194311 65540 5120 5767168 1073741824 4194304 65536 4096 2248310787 4853960 3760259168 5515265 176 0 1024 7 4 1024 4096 1 5 4096 1280 3 0 1024
is_linear=0
shrinkage=0.05


Tree=132
num_leaves=39
num_cat=5
split_feature=28 28 9 13 8 8 21 15 28 28 13 10 21 21 23 15 21 28 9 23 5 8 8 14 23 8 10 1 21 21 21 15 21 15 21 5 21 23
split_gain=4.37004 0.876774 1.633 1.34875 1.01734 1.85128 0.929071 1.61782 2.05297 1.08125 0.780696 0.707059 0.648417 0.58794 0.623003 0.584638 0.540627 0.48773 0.483039 0.404063 0.376577 0.487666 0.354176 0.244651 0.231157 0.20166 0.198113 0.196578 0.178662 0.169118 0.165618 0.156038 0.145305 0.125438 0.0808403 0.0640105 0.0308828 0.022183
threshold=0 1 5.0311553478240976 1.3624875545501711 0.92539876699447643 -1.4366574883460996 0.50815570354461681 3.463375568389893 2 3 0.36292071640491491 7.6996207237243661 1.5119332075119021 0.10992781445384027 -0.78959181904792775 0.24890106171369555 1.5119332075119021 4 1.15762335062027 1.4981396198272707 -0.47083054482936854 0.96900233626365673 0.96900233626365673 1.3565056920051577 1.4219083786010744 1.0000000180025095e-35 -0.11980441585183142 1.0571022629737856 1.73345023393631 1.688525438308716 0.921321600675583 0.50286874175071727 0.8468196988105775 0.2350898012518883 -0.0081735407002270204 -0.36416544020175928 0.031826600432395942 1.1700220704078677
decision_type=9 9 8 8 10 8 8 8 9 9 8 8 8 10 10 10 8 9 10 10 8 8 10 10 10 8 8 10 10 10 10 8 10 8 8 8 10 10
left_child=1 2 3 4 5 15 9 8 12 10 -3 28 24 14 -11 -1 19 -2 30 -10 25 29 26 37 -8 36 -15 -16 -5 33 -17 -23 -7 -22 -27 -33 -19 -9
right_child=17 6 -4 11 -6 32 7 23 16 13 -12 -13 -14 22 27 18 -18 20 -20 -21 21 31 -24 -25 -26 34 -28 -29 -30 -31 -32 35 -34 -35 -36 -37 -38 -39
leaf_value=-0.0018699676558068649 -0.0058841444426362003 0.00095922753569718734 -0.0038869203409217833 0.011532641823766595 0.0060242077627392712 -0.00044093618479668388 0.0061298972811441726 0.0085187094808985668 -0.008274560113431138 -0.001552258088723185 -0.0083317827461153269 -0.0004397759997834419 -0.0017649000580236978 -0.0015028273932894197 0.0062935287444208458 0.00024452456628968212 0.00058633213827701208 -0.0016353020458479226 -0.00075681291969951082 0.00027994376493071903 0.00067608717779118609 -4.5167193560949397e-05 -0.0041503807234037956 3.2967490657807689e-05 -0.00016341566138707605 0.0027450350486914262 0.0023946002091202946 -0.00011889209806922451 0.00055340856544701899 0.0016331733414988337 0.0077625793109297077 -0.00010523668093204517 -0.0077245769617540587 -0.0017961920083670827 -0.0002695741273382218 -0.0053917082488931026 0 0.0014101985452585784
leaf_weight=12.65145614321227 88.872507726075128 17.871664926642552 10.76457765548548 67.087093742302386 26.113212728858343 16.506934002638445 58.753537324431818 44.135752538997622 35.416684377531055 19.141522446137969 24.451387691515265 10.241548439749748 14.656824454054002 11.839979516342281 33.66965166295995 13.583514767786257 19.358453904133057 26.790962127575767 15.524698422435902 11.359977776883168 35.155910964022041 19.905808018098469 15.179592657965257 13.767975344861041 12.160692610137628 30.342940423739492 26.124467727509909 10.061921237807836 10.24454606202198 15.348919886309885 17.159311620227527 10.079554491101588 16.725846241752151 163.60139501361118 15.594987622818733 100.03118844400888 37.713046923294314 26.737842599686701
leaf_count=4331 271071 5414 3723 8361 6978 6402 8196 5552 3996 7552 5750 4946 2209 2086 8859 5865 1891 65285 3699 1046 75033 48282 2162 1751 1914 72545 4702 2961 1569 25576 2577 24796 4538 367712 33250 255772 74710 3407
internal_value=2.42809e-05 0.00280249 0.00504291 0.00639494 0.00162778 -0.0012636 0.00105876 0.00284853 -0.000503524 -0.00158042 -0.00537717 0.00986508 0.00365716 0.00122683 0.00356251 0.00335232 -0.00506553 -0.00306086 0.0050618 -0.0070741 -0.00187741 -0.00264581 -0.00175645 0.00684954 0.00538803 0.00044706 0.000958943 0.0054884 0.0109059 -0.00079275 0.00671115 -0.00460182 -0.00660502 -0.0012908 0.00206239 -0.005123 -0.0010579 0.00757097
internal_weight=1154.73 611.291 216.603 205.838 118.265 92.1518 394.688 236.348 151.706 158.34 42.3231 87.5732 85.5711 116.017 62.8731 58.919 66.1351 543.437 46.2675 46.7767 454.565 344.123 53.144 84.6416 70.9142 110.442 37.9644 43.7316 77.3316 214.106 30.7428 130.017 33.2328 198.757 45.9379 110.111 64.504 70.8736
internal_count=1436469 122437 52989 49266 34390 27412 69448 29962 19252 39486 11164 14876 12319 28322 19372 16472 6933 1314032 12141 5042 1042961 797171 8950 10710 10110 245790 6788 11820 9930 468321 8442 328850 10940 442745 105795 280568 139995 8959
cat_boundaries=0 5 10 12 14 19
cat_threshold=5771264 1344276481 4194305 65536 4096 5767168 0 4194304 65536 4096 4096 270532609 4096 2097152 1476742420 41992720 8650768 142753800 100619
is_linear=0
shrinkage=0.05


Tree=133
num_leaves=42
num_cat=15
split_feature=28 0 16 18 28 15 10 28 28 23 28 28 16 0 7 28 15 9 28 28 0 3 28 0 5 28 28 13 28 28 7 19 0 23 18 13 23 28 0 13 0
split_gain=3.74009 1.55535 1.55145 0.908618 1.31292 0.667939 0.733535 0.802074 0.642861 1.04433 1.37831 1.34905 0.788363 0.769974 0.72921 0.632292 0.73947 0.601732 0.594422 0.55501 0.430821 0.334479 0.32289 0.322435 0.281278 0.782633 0.353971 0.204453 0.191783 0.166552 0.155051 0.146281 0.141801 0.10834 0.105083 0.102563 0.0928388 0.0800711 0.0653381 0.0366924 0.0364754
threshold=0 -3.2153718471527095 0.14817600697278979 1.1695448160171511 1 7.611304998397828 2.0391587018966679 2 3 -0.61497280001640309 4 5 0.029084380716085437 0.2366590425372124 2.3133504390716557 6 2.0505241155624394 4.145888328552247 7 8 -2.8392175436019893 -0.48965995013713831 9 -1.4233487844467161 -0.28702925145626063 10 11 -1.7902073860168455 12 13 -0.91444391012191761 -1.7583271861076353 -1.4091851711273191 0.4726466983556748 0.774579018354416 0.86210739612579357 1.334745526313782 14 -0.019252289086580273 -0.20725810527801511 -1.8153468966484068
decision_type=9 8 10 8 9 10 10 9 9 10 9 9 10 10 10 9 10 8 9 9 10 10 9 10 8 9 9 8 9 9 8 8 8 10 10 10 10 9 10 10 10
left_child=1 19 5 15 32 6 28 -8 -2 11 12 -10 18 14 37 21 -17 22 35 -1 -6 -4 38 -20 25 -12 -26 -24 -3 -15 -28 -29 -5 -22 -23 -11 -16 -14 -13 -25 -39
right_child=8 2 3 4 20 -7 7 -9 9 10 24 17 13 29 36 16 -18 -19 23 -21 33 34 27 39 26 -27 30 31 -30 -31 -32 -33 -34 -35 -36 -37 -38 40 -40 -41 -42
leaf_value=-0.00080735507316066117 -0.0056535838771243491 -0.00038077813811295729 -0.00092819191064751668 0.0033664082816464735 0.00034083338865775861 -0.0017563700484404265 0.0030902456597409556 -0.004294517355547616 0.0027728528844129172 -0.0051804964846018627 0.0030750503458439357 -0.0011731884633979916 0.0064551291673744949 0.00087597831195299232 0.00077769275076513666 -0.0048544752451060019 0.0025275342746148765 0.0012666402392124796 -0.0015055203002792283 0.0093779623647247193 -0.00045131922799039126 0.0057091431849276425 -5.3829631828965642e-05 4.4705405798444834e-05 0.00071229499216257913 -0.0034356660819687967 5.4492513113445233e-05 -0.00036900346560563187 0.0062581502212923721 -0.0028119427746452186 -0.0056661891606370248 -0.0085125500463252343 -0.00063053417865296479 -0.0093073062420848431 6.5037475215472314e-05 0 -0.002143050689678249 -0.00060433814783738616 0.0010667007705809988 0.0041081968204324491 0.0011190271878696537
leaf_weight=12.484293771616647 82.565063541689597 11.874931954269412 11.459118399390716 20.468846400268376 10.107614689128239 17.214071158115985 15.824696752853923 13.408614926942393 25.205798181828868 20.927820799952318 35.285722958942642 16.141543828365688 101.96759605328407 17.127103591192281 10.049609713430984 27.902094204575405 18.045055732887704 10.422648080355428 13.393044616263067 45.8228735527955 10.43177656791522 31.970966125285486 10.429995688813504 10.062495255893737 23.227735723070509 29.491933733981568 10.067140259678125 11.937580305821028 142.28724808765401 12.839550052420238 84.452585901992279 100.32397322593897 10.179364495445045 34.291564214858226 12.484019427443853 10.486350435676284 14.478701898719008 10.028596034193471 13.778663777025939 15.078433677961584 17.231038585719944
leaf_count=1933 250185 2781 6186 4038 2504 4355 2534 2191 63872 26581 91068 47472 66466 33425 7750 6159 3400 19851 15417 5198 1813 6308 18674 14099 55122 73404 27268 17889 27753 14565 220537 148493 4791 5500 2818 9369 9374 23097 41160 16477 34161
internal_value=-0.000222613 0.00312144 0.00147589 -0.00159357 -0.00436992 0.00410832 0.00493856 -0.000958405 -0.00241605 -0.00152258 -7.1146e-05 -0.004208 0.00211733 0.00366134 0.00487347 0.00137503 -0.00189894 -0.00557662 -0.00155563 0.00857637 -0.00689113 0.00358025 -0.00654114 0.00177198 -0.00290169 -8.23854e-05 -0.00410902 -0.00720202 0.00604214 -0.00165393 -0.00487679 -0.00805795 0.00214325 -0.00862302 0.00505053 -0.00400589 -0.00116038 0.00605085 -5.07533e-05 0.00366032 0.000389135
internal_weight=1153.26 446.257 387.95 187.34 85.4792 200.61 183.395 29.2333 707.001 624.436 436.195 188.24 253.67 183.722 153.756 101.861 45.9471 163.034 69.9481 58.3072 54.831 55.9141 152.612 38.534 182.525 64.7777 117.747 122.692 154.162 29.9667 94.5197 112.262 30.6482 44.7233 44.455 31.4142 24.5283 129.227 29.9202 25.1409 27.2596
internal_count=1436038 90262 83131 43517 18646 39614 35259 4725 1345776 1095591 738180 357411 270781 188838 140848 24871 9559 293539 81943 7131 9817 15312 273688 45993 467399 164472 302927 185056 30534 47990 247805 166382 8829 7313 9126 35950 17124 123724 88632 30576 57258
cat_boundaries=0 5 8 12 17 22 27 31 36 39 43 48 53 55 60 65
cat_threshold=5771264 1075838977 4194308 65536 4096 4722688 1073741824 4194304 5767168 1073741824 4194304 65536 1208044812 41975824 8650768 142753800 100427 41155 88217612 1175978019 2235606017 544 2233729024 270075072 2434865472 537399844 140432 5767168 2097152 4 65536 32833 88082432 524288 2218819584 512 524288 1075838976 4 131616 278818 134390400 271583360 2969698864 135266912 537017928 305662224 1028 41943040 2416189824 536871936 1074006598 16384 524288 1073741824 8193 16779272 1107820578 2168456193 512 32835 20977664 1048609 71311360 512
is_linear=0
shrinkage=0.05


Tree=134
num_leaves=44
num_cat=4
split_feature=28 28 9 9 13 7 23 10 21 11 15 3 3 10 10 23 21 16 16 9 28 8 7 21 8 21 15 21 14 16 21 16 16 14 16 27 8 21 23 25 15 8 10
split_gain=3.37042 1.02117 1.47557 1.30456 1.23741 1.15277 1.08978 0.9702 0.778028 0.707585 0.555061 0.853468 0.732672 0.546771 0.478314 0.451565 0.535828 0.451383 0.407153 0.369935 0.353227 0.34745 0.33466 0.316381 0.265062 0.230128 0.2011 0.186332 0.186188 0.180769 0.179223 0.143723 0.132209 0.130668 0.114738 0.110446 0.098254 0.0968513 0.0699344 0.0478864 0.04078 0.0318222 0.0201721
threshold=0 1 5.0311553478240976 3.9980844259262089 0.7229469120502473 1.2301969528198244 1.0892847776412966 7.6996207237243661 1.576451897621155 1.5215896368026736 2.108655691146851 0.68672978878021251 -0.50304600596427906 4.0033133029937753 1.4005661606788637 0.27259251475334173 0.06299846246838571 0.31164714694023138 0.60972341895103466 -1.0909090638160703 2 -1.55616819858551 -0.8853040039539336 1.4823046922683718 -3.3275475502014156 0.086516767740249648 0.9403166174888612 0.27090932428836828 0.5468348264694215 1.6212773919105532 2.1180336475372319 -0.70785230398178089 -0.19008535146713254 -1.2714400291442869 0.30430570244789129 3 -2.2745176553726192 0.77657100558280956 0.27259251475334173 0.65972220897674572 0.40362423658370977 -3.4524490833282466 1.161219120025635
decision_type=9 9 8 8 8 8 10 8 10 10 8 10 8 10 10 10 10 10 8 10 9 10 8 10 10 8 8 10 10 10 8 8 10 10 10 1 8 10 10 10 10 10 10
left_child=1 2 4 5 6 10 9 14 25 19 11 12 27 23 42 16 -12 24 -17 -1 22 37 -2 -5 -14 -7 -24 34 -26 -20 35 -28 -13 -27 40 -22 -21 -18 -34 -10 -3 -35 -6
right_child=20 3 -4 13 7 8 -8 -9 39 -11 15 32 17 -15 -16 18 21 -19 29 36 30 -23 26 -25 28 33 31 -29 -30 -31 -32 -33 38 41 -36 -37 -38 -39 -40 -41 -42 -43 -44
leaf_value=0.00073696835452282804 0.0020573839779433121 0 -0.0038699465643381318 0.0084725113585618315 0.0017873810039804987 -0.00019298663822185666 0.0048198460838528839 -0.0014153703546743721 0.0023461075414912495 0.002398875444147788 -0.00097293054426336463 -0.00031678496700716198 0.00012328837679520321 -0.00092502195757242678 0.010743642897823738 -0.0031869478247841042 0.0015085301244210109 0.00060787271975615124 0.0032655183544016858 -0.00022708852753668737 -0.0014065131164956457 0.0077671024465683566 0.00056920417827553758 -5.1071807109337791e-05 -0.0081410405885830161 -3.3680697727440721e-05 0.00046350006668888374 -0.0013427610978765487 -8.3664584183022815e-05 -0.00078167537059564522 0.0002641318247822113 -0.0033812952934804924 0.00019325535877909013 -0.00039778403832694485 -0.00050426486043582137 -0.0052948491339880194 -0.0070507175966111795 -0.0013062834378895312 0.0044289017817353586 -0.00021935622635856604 0.0036363662534409204 -0.0069667027206731097 -2.7280946300933297e-05
leaf_weight=10.170922725505077 29.9459136505684 11.528854515374407 10.645278471798518 24.604947663341591 27.089480376773281 24.354636466887314 25.337726625424693 10.176464839474646 13.369935483278825 11.155660680422441 16.483514938212465 14.41850746158161 10.480919743116827 11.803437461639986 79.199902253982145 16.516321269853506 11.84719862235943 17.712813891856058 21.495477235803264 11.092370175014365 105.71472149642796 32.808097746790736 40.112478797498625 10.695990329753839 28.985103032930056 10.221768295152286 13.880221009305385 12.359819577337474 10.433422899965079 16.870327482334687 13.202574997711052 77.127806997828884 19.773773931854521 10.024454408856398 10.120537584734846 181.82582635029394 21.159211802907521 10.178898368569206 22.192821099437424 10.045592197799122 15.850731787795665 58.740760513974237 10.690900386791325
leaf_count=5455 72902 7201 3750 10677 4359 17516 7174 5111 2905 3705 13029 3399 2927 3629 11065 6357 3532 5762 7299 3555 263185 8298 93977 1969 7844 2849 33736 3809 2898 7000 44576 193536 4436 6577 7857 510563 7230 2208 4735 1952 8708 15942 1671
internal_value=-0.000119151 0.00202897 0.00447355 0.000524628 0.00577026 -0.000580338 0.000299174 0.00809474 -0.00383191 -0.00308509 0.00113011 -0.00067808 -0.00280408 0.00578575 0.00912808 0.00313506 0.00484828 -0.0050544 -0.000293521 -0.0050989 -0.00320288 0.00627531 -0.000766631 0.00731518 -0.00641265 -0.00530071 -0.00187144 0.00120022 -0.0073036 0.00199397 -0.00414926 -0.00280302 0.00294038 -0.00615155 0.00238387 -0.00449875 -0.00632932 0.000134502 0.00367763 0.00177757 0.00315206 -0.00662182 0.00149387
internal_weight=1152.45 690.637 216.718 473.919 206.073 426.814 78.9159 127.157 126.757 53.5782 300.057 173.857 117.472 47.1044 116.98 126.2 71.3177 67.6123 54.8821 42.4225 461.81 54.8342 161.066 35.3009 49.8994 103.342 131.121 49.8599 39.4185 38.3658 300.743 91.008 56.3851 78.987 37.5001 287.541 32.2516 22.0261 41.9666 23.4155 27.3796 68.7652 37.7804
internal_count=1436865 224390 53075 171315 49325 155040 27119 22206 47741 19945 107299 59576 47006 16275 17095 47723 27067 19431 20656 16240 1212475 14038 394151 12646 13669 42884 321249 27575 10742 14299 818324 227272 12570 25368 23766 773748 10785 5740 9171 4857 15909 22519 6030
cat_boundaries=0 5 10 15 16
cat_threshold=5771264 3228043265 4194405 34670596 5120 5767168 0 4194304 65536 4096 67239936 269681772 1610686978 1141416257 8368 1056
is_linear=0
shrinkage=0.05


Tree=135
num_leaves=49
num_cat=7
split_feature=9 5 5 25 6 5 21 8 27 27 6 27 5 27 20 20 27 21 16 8 27 8 11 1 16 21 19 11 8 22 3 11 19 3 24 16 20 21 24 7 1 19 8 27 26 3 8 16
split_gain=0.830564 0.826667 1.38799 0.856801 0.774598 0.672495 0.652986 0.685133 0.625656 0.481807 0.416532 0.360138 0.359777 0.289143 0.269357 0.268681 0.254394 0.24018 0.509929 0.288479 0.231403 0.219144 0.185418 0.175294 0.160856 0.106055 0.10598 0.120594 0.0969276 0.0895252 0.0877459 0.0841135 0.0815577 0.0785011 0.0770875 0.0729385 0.0693066 0.0608849 0.0555659 0.054291 0.0508882 0.0564651 0.0406911 0.0379513 0.0371718 0.0339694 0.0312251 0.0280603
threshold=3.1910111904144292 -0.42785859107971186 -0.060377024114131921 0.71130952239036571 -0.10082672908902167 0.78283241391181957 1.5119332075119021 2.9232069253921513 0 1 -0.64183387160301197 2 -0.35467953979969019 3 0.98809522390365612 0.87698411941528331 4 1.0799496769905093 0.45730753242969518 2.2049870491027836 5 -2.5155060291290279 1.8235796093940737 1.9787242412567141 -2.3303563594818111 0.47266431152820593 1.6329784393310549 -1.9210790395736692 -1.3773785233497617 -1.9594864845275877 -0.57353663444519032 -3.3039453029632564 0.89225506782531749 -0.1161079555749893 0.55524596571922313 -0.2080702409148216 0.059523811563849456 0.79920828342437755 1.1453514099121096 -0.91444391012191761 -3.1250646114349361 -1.3885236978530882 -1.3773785233497617 6 0.82936507463455211 -0.30714210867881769 0.44331417977809912 0.078436613082885756
decision_type=10 8 10 10 10 8 10 8 1 1 8 1 8 1 10 10 1 10 10 8 1 8 10 10 10 10 10 10 8 8 8 8 10 10 10 10 10 10 10 8 10 10 8 1 10 8 10 10
left_child=1 8 4 15 10 16 7 9 23 22 20 14 46 -8 21 -4 39 18 19 36 33 -7 25 26 -14 -2 27 -1 -13 -23 44 -26 -17 -3 -20 -6 -10 -32 -34 -5 -38 -42 -36 45 -18 -37 -12 -19
right_child=6 2 3 5 35 11 13 -9 17 -11 12 28 24 -15 -16 32 30 47 34 -21 -22 29 -24 -25 31 -27 -28 -29 -30 -31 37 -33 38 -35 42 43 40 -39 -40 -41 41 -43 -44 -45 -46 -47 -48 -49
leaf_value=0 0.00023851976652145324 -0.000404331603650777 0.0042752577921568577 -0.00021243617212738245 -0.00084971714491545957 -0.00045658542708245238 -0.0033538026640476241 -0.0019553364169635676 0 -0.00097610132615859205 -0.00093969921274281989 0.00044446717146604881 0 0.0014000212116875308 -0.0011776550150686474 -0.0013782130650712126 0.0014887228421735241 0.0024483700375818977 -0.00031473132891540702 0.0011668310566381747 -0.0020694969449544672 0.00020414996180034332 0 -0.00032251050561917888 -0.00042042870277925144 0.007408898168773795 0 0.0052498311992123167 -0.0028653311424691498 0.0047699574815981772 -0.0019745149912202566 -0.0069967114774205051 0.0017812423173531157 0.0026657604520006978 -6.6115737605980517e-07 -1.2057605657344386e-05 0 0.00035039629999013088 -0.00050331679050797523 -0.005771377597328823 -0.00014893744615209425 -0.0045366854342790541 0.002934484185824066 -0.0001714291411145404 -0.00035168291904156542 0.0024564353315228997 0.00059306102184558999 0
leaf_weight=12.6670278979509 10.468993380622122 10.093982906924795 87.82480389779812 10.825224103049548 16.482559630268952 19.124845504979021 14.24824851118319 12.211484930339791 11.127765122495473 16.930200452290592 23.618134351454501 12.341091114139997 10.394998639749245 13.477442499148312 14.442771461021037 15.8965843818587 16.894984197257148 14.00546952813602 15.809826129625433 13.282034951771491 16.862863264082989 19.888826462927682 10.878111477024502 13.149803889369649 13.518223276638308 73.899436511659587 11.353761338534239 72.838854022469604 16.513532401382694 49.665062478088657 33.743757487500261 143.97276940350275 13.881411309448596 16.020737737468153 10.049427058205763 12.089711327498661 10.10408034629654 18.199714829279401 11.933857083393375 34.938998872472439 14.135928726209384 64.14519850731449 22.819012447165733 23.693848034796247 14.640275231358826 15.095217312642491 12.02783325735072 10.108035411525632
leaf_count=14106 4948 22184 72962 15379 28784 14361 9952 12750 17456 27639 35498 23819 25843 8134 9710 12927 30981 8960 23302 23308 20868 14164 5137 19032 17817 27755 15057 94343 38427 36121 52091 250740 12534 14274 13659 29893 13492 18025 10071 40240 18308 86846 31589 34820 31361 21747 18190 6856
internal_value=-3.02558e-05 -0.000597881 -0.00150529 0.000493774 -0.00373365 -0.00113553 0.00290198 0.0042014 0.00145553 0.00529865 -0.00484599 0.00117784 -0.00561867 -0.00181592 0.00231247 0.00320844 -0.00319531 -0.00044809 -0.00126485 -0.00279748 -7.92652e-05 0.00330335 0.00605109 0.00363551 -0.00638921 0.0069762 0.00438131 0.00477069 -0.00177678 0.0041376 -0.000415401 -0.00669367 -8.94498e-05 0.00170351 0.00185384 0.000624691 -0.0035733 -0.00133855 0.00102375 -0.00480443 -0.00387908 -0.00415021 0.0025178 0.00133632 0.000881278 0.00176812 -0.000319835 0.0020568
internal_weight=1152.34 1000.22 704.627 390.756 313.871 261.219 152.114 124.388 295.596 112.177 246.51 131.976 203.532 27.7257 103.122 129.537 129.243 185.587 161.473 112.795 42.9776 88.6787 95.2465 110.009 167.886 84.3684 96.8596 85.5059 28.8546 69.5539 83.4787 157.491 41.7119 26.1147 48.6783 67.3613 99.513 51.9435 25.8153 45.7642 88.3852 78.2811 32.8684 50.8788 31.5353 27.1849 35.646 24.1135
internal_count=1436460 1340145 953831 433173 520658 324679 96315 78229 386314 65479 405414 136602 348088 18086 74356 108494 188077 243776 227960 159410 57326 64646 37840 142538 294400 32703 123506 108449 62246 50285 132458 268557 35532 36458 68550 115244 136102 70116 22605 55619 118646 105154 45248 86460 62342 51640 53688 15816
cat_boundaries=0 1 2 3 4 5 6 7
cat_threshold=2257 2221 2227 213 2189 126 709
is_linear=0
shrinkage=0.05


Tree=136
num_leaves=44
num_cat=4
split_feature=28 28 28 7 21 8 7 3 21 21 22 7 8 8 4 23 21 16 16 21 7 21 24 22 22 16 6 8 0 5 22 3 3 22 19 14 2 5 0 21 7 22 27
split_gain=3.89031 0.830914 0.718497 1.46273 1.31872 1.22849 1.0194 0.886926 0.87418 0.611872 0.609967 0.52092 0.53759 0.620268 0.535963 0.517646 0.692209 0.546791 0.458415 0.371669 0.356213 0.316377 0.288966 0.272261 0.25038 0.2405 0.239016 0.216254 0.216073 0.149218 0.146521 0.135574 0.137023 0.121434 0.119575 0.114628 0.102435 0.100778 0.0998818 0.0934044 0.0712995 0.0655181 0.0506911
threshold=0 1 2 -0.47166891396045679 1.576451897621155 -1.3171744942665098 1.0615890026092532 -0.27599819004535669 1.2619196772575381 0.070796754211187377 6.2147741317749032 -1.0004565119743345 -0.98038563132286061 1.5609356760978701 0.55366632342338573 1.0000000180025095e-35 -0.36721405386924738 0.24708530306816104 -0.33534157276153559 0.87026548385620128 0.6993662714958192 1.0966746807098391 -0.82509931921958912 0.99754589796066295 -1.7052485942840574 -0.4282285720109939 -0.71827492117881764 -2.0908027887344356 -1.6337514519691465 1.0782792568206789 -0.61428147554397572 -0.61415481567382801 0.73945116996765148 1.0886538028717043 -0.020748077891767022 -0.15204428881406781 -0.72163730859756459 -0.61820220947265614 -0.41217127442359919 1.77891480922699 -1.7152460813522337 4.0885477066040048 3
decision_type=9 9 9 8 8 8 8 10 10 10 8 8 10 10 8 10 10 10 10 10 10 10 10 10 8 10 10 10 10 10 10 10 10 10 10 8 8 10 10 10 10 8 1
left_child=2 11 3 -1 7 -6 10 -5 9 28 15 25 19 14 30 16 -4 26 -15 35 40 38 -10 -19 -21 -2 -17 -24 -8 37 -14 -28 -33 -16 -12 -13 -37 -11 -20 42 -18 -26 -3
right_child=1 39 6 4 5 -7 8 -9 22 29 34 12 13 18 33 17 20 23 21 24 -22 -23 27 -25 41 -27 31 -29 -30 -31 -32 32 -34 -35 -36 36 -38 -39 -40 -41 -42 -43 -44
leaf_value=-0.0026285447368766565 -0.00079597191990495725 -0.0016414133850810636 -0.0014057147251278575 -0.00093451783418677819 0.0040950665476295386 -0.0056373914642233571 -0.0013274567061713246 0.010329185777651982 -0.0011455029973821138 -4.8830993560279201e-05 -0.0029277592699983538 -0.0015555396421735959 -0.0024477379603405195 0.0020333968922245003 0.0054820091077495284 0.0012681522956686214 0.0003696683890025116 0.00440608154666458 -0.0060166119842508074 0.00036755853393179307 -0.00033347126837866771 0.00088291014834864954 -0.00048829519443298601 -0.0007868053820427167 -0.006574628791392082 0.0042119734375275601 0.00041404342800450641 0.0051203057544792346 0.0030900979470481777 0 0.0010332119491647089 -0.0046654033200800088 0.00021914747009498721 0 0.00064048823858425482 -0.00088431772795297299 0.0019674896652898378 -0.006030696466109881 -0.00015881124391422648 4.899779665960955e-06 0.007816658220075488 -0.00023460706978206658 -0.0051418249727576311
leaf_weight=17.962472954255645 13.019683043457915 123.52514870720915 11.612610264288376 10.101721267317769 18.515544454014162 12.113490867719522 10.018704278671068 95.065549903025385 11.811309019190956 10.226969670620745 10.535059022891803 31.912722528031736 17.718837179148977 10.091978850461599 38.178784549920238 12.199392103619173 10.038549798118764 38.46263166020799 17.310789900438976 10.002202413110352 10.352136005414648 10.096194519363051 10.188984670181524 14.930731686850775 30.579015967945452 27.052428055081691 10.037216723823802 20.359918650327021 12.436611293291206 13.602175311782046 14.384062951678059 21.572565230570039 10.249068216799058 10.353368380929167 11.466663536411941 12.815960257343248 28.099266896591871 58.270046881050803 13.305768412428735 10.275045560760189 84.611787426678347 10.092119674460262 176.65805688113323
leaf_count=12996 25476 318533 5075 6848 2950 4362 4227 16598 1350 1356 2132 66197 27457 15951 48547 1632 1352 6375 28404 10577 1355 8165 1394 2613 31503 47716 2357 2259 2453 1841 27673 3096 1271 14712 2310 35072 54957 9518 29797 24070 11765 10640 502396
internal_value=0.000153547 -0.00249108 0.00304468 0.00553904 0.00736107 -0.000800981 0.0014533 0.00926254 -0.00148897 -0.00354742 0.00323074 -0.000380103 -0.0013423 0.000781563 0.00292106 0.00399313 0.00577783 0.000804759 -0.00232912 -0.00320533 0.00680172 -0.00399037 0.00270754 0.00322734 -0.00518331 0.00299072 -0.00194098 0.00404567 0.0014942 -0.00500785 -0.00114777 -0.00311188 -0.00385853 0.00487991 -0.00184528 -0.000238612 0.00102414 -0.00557723 -0.0052103 -0.00409709 0.00746219 -0.00605347 -0.00434942
internal_weight=1152.21 605.471 546.742 153.759 135.796 30.629 392.983 105.167 146.915 104.555 246.068 295.013 254.941 131.44 80.6351 224.067 116.615 107.452 50.8047 123.501 105.002 40.7128 42.3602 53.3934 50.6733 40.0721 54.0582 30.5489 22.4553 82.0992 32.1029 41.8589 31.8216 48.5322 22.0017 72.8279 40.9152 68.497 30.6166 310.458 94.6503 40.6711 300.183
internal_count=1437328 1327843 109485 43754 30758 7312 65731 23446 24398 19395 41333 482844 409652 200706 118389 36891 19547 17344 82317 208946 14472 66366 5003 8988 52720 73192 8356 3653 6680 12715 55130 6724 4367 63259 4442 156226 90029 10874 58201 844999 13117 42143 820929
cat_boundaries=0 5 10 15 16
cat_threshold=5771264 1080033281 4194309 65536 4224 100794368 2148011336 1679894626 1179912261 1040 4718592 0 4194304 65536 4096 1058
is_linear=0
shrinkage=0.05


Tree=137
num_leaves=38
num_cat=9
split_feature=28 28 0 23 22 7 9 7 8 8 21 22 0 9 28 8 8 8 4 21 8 22 28 28 28 23 28 28 1 13 23 23 25 7 28 25 12
split_gain=3.48459 0.949036 1.42363 1.33642 1.19436 0.954898 1.03694 0.769643 0.72586 0.723159 0.61885 0.582493 0.596468 1.90025 0.935849 1.62422 0.525445 0.522657 0.460482 0.386633 0.352408 0.276195 0.697217 0.253647 0.252265 0.202787 1.14292 0.479738 0.1798 0.177469 0.140499 0.434811 0.191069 0.0530133 0.0486785 0.0401167 0.0257847
threshold=0 1 -2.4261049032211299 1.1559408307075503 -0.68682765960693348 -0.28070496022701258 2.215911984443665 0.17510891705751422 -3.7326394319534297 0.81567025184631359 1.3502571582794192 7.4077801704406747 -1.763329744338989 3.7063300609588627 2 -0.98038563132286061 -2.2745176553726192 -1.0293311476707456 0.39726172387599951 -0.75870269536972035 -0.9036235213279723 -2.7042082548141475 3 4 5 1.2915797233581545 6 7 4.62473487854004 0.53540107607841503 0.23516911268234256 0.62431252002716076 0.16567460447549823 1.4774137139320376 8 0.87797617912292492 0.21313947439193728
decision_type=9 9 8 10 10 8 10 8 8 10 10 10 10 8 9 10 10 8 8 8 8 8 9 9 9 10 9 9 10 10 10 10 10 8 9 10 10
left_child=1 2 10 11 9 -6 -7 16 -9 20 -1 12 13 14 15 -3 -5 -16 -10 -14 -4 23 -23 -20 -21 27 -27 33 30 -13 32 -32 36 -2 -28 -34 -26
right_child=25 3 4 7 5 6 -8 8 18 -11 -12 29 19 -15 17 -17 -18 -19 21 24 -22 22 -24 -25 28 26 34 -29 -30 -31 31 -33 35 -35 -36 -37 -38
leaf_value=0.010835956062827716 0.0013218181806322598 -0.0095883648367667898 0.00011393354611640273 -0.0020465514965824906 -0.0025084297461514149 0.0083030637073162779 -0.0019740699914723454 0.0020519510908225225 0.00060733551436918708 0.0018538323335075138 -0.00032111389236495969 -0.003479652589980542 -0.0011506257519519844 0.0062088808810045791 0.0038911726978726581 0.0026220665546522089 0.004386873310772193 -0.0023682748728844436 0.0019419075845169163 -0.00049024099957898021 -0.0077521455482058204 0.0011276441544629827 -0.0079976316813236033 -0.0022705054649093449 0.001124658841543042 0.003031664929632067 0 -0.0045634225866096638 -0.00015347127473107401 0.00079220723087743161 -0.0018541020965122997 0.0034749769765664582 0.0075234864829597306 -0.00070376668241692167 -0.0046894819756588997 0.0007230076840211312 -0.00038480262385866672
leaf_weight=38.751260376768187 32.389937248663045 35.111093214523862 15.056602478551211 15.602301989230908 13.228455025542642 39.326146665174747 10.725327996740814 15.197941570397232 19.717348609134206 15.608430131105704 10.197369056346359 13.096207050584782 11.057929006448829 29.266553535111598 28.662196090241196 13.648233580141094 23.673054549057269 13.867904900514985 11.991136998229193 18.351383610875928 11.751963068934858 15.415792304054774 62.058246681059245 11.073530696608943 12.991750253437205 50.237979698780691 14.892631245871597 287.55183935512468 10.534804120979969 12.589544387505155 22.628572557965526 44.588236855372088 88.59880038711708 10.021222543779002 43.67640639351157 15.581441328758954 11.019039945836992
leaf_count=5943 83876 6462 5070 5698 8829 9741 2211 4542 5593 4100 1246 6198 12037 10284 12902 1690 8961 13013 1036 29393 6702 10760 12239 5978 2787 133537 38059 798751 2499 4040 4688 9128 19000 25842 118611 3398 2188
internal_value=-9.1299e-05 0.00201654 0.004896 0.000809295 0.000697056 0.00400071 0.00616487 -0.00237017 -0.0038909 -0.00367542 0.00947335 0.00240141 0.00297211 0 -0.00346349 -0.00592304 0.00206032 0.00146134 -0.00505336 0.00421795 -0.00607091 -0.00602973 -0.00695149 -0.000226822 0.00466235 -0.00334668 -0.000912199 -0.00399871 0.004972 -0.00217966 0.00544627 0.00161266 0.0064118 0.000602118 -0.00408259 0.00710313 0.000572402
internal_weight=1149.74 710.969 154.646 556.323 105.697 63.2799 50.0515 174.729 135.454 42.417 48.9486 381.594 355.908 120.556 91.2894 48.7593 39.2754 42.5301 120.256 235.352 26.8086 100.539 77.474 23.0647 224.294 438.77 108.807 329.963 205.943 25.6858 195.408 67.2168 128.191 42.4112 58.569 104.18 24.0108
internal_count=1437032 238356 43842 194514 36653 20781 11952 54807 40148 15872 7189 139707 129469 44351 34067 8152 14659 25915 35606 85118 11772 30013 22999 7014 73081 1198676 290207 908469 43688 10238 41189 13816 27373 109718 156670 22398 4975
cat_boundaries=0 5 10 13 18 21 26 31 36 41
cat_threshold=72880130 3228043529 4194375 33619968 5248 4718592 0 4194304 65536 4096 4096 3221227776 1 0 6291713 0 33554432 1152 0 2048 1 0 2151678216 2 33554432 1024 173761 16916644 641205280 2238226496 512 2197815296 269485120 2416058496 3592 139284 268503072 134484480 1073781512 1083179415 16672
is_linear=0
shrinkage=0.05


Tree=138
num_leaves=55
num_cat=0
split_feature=2 0 10 3 8 0 0 18 10 9 16 13 22 8 13 5 0 3 11 22 13 8 2 1 1 13 19 13 11 8 8 3 3 22 0 22 20 9 2 1 8 25 18 6 18 22 1 0 19 19 0 8 10 18
split_gain=1.26104 0.628556 1.12327 0.569907 0.553381 0.582781 0.574097 0.618202 0.56939 0.543018 0.420608 0.656016 0.809952 0.756167 0.578609 0.417587 0.316767 0.307948 0.291482 0.264106 0.258453 0.256848 0.402532 0.27938 0.250222 0.469301 0.359561 0.333637 0.307514 0.232948 0.204368 0.201118 0.194698 0.191028 0.147616 0.145574 0.135167 0.127024 0.176089 0.124261 0.146067 0.0978387 0.097457 0.0957295 0.0930139 0.117913 0.0747688 0.0701962 0.0637641 0.0363987 0.0320455 0.0295028 0.0228978 0.0215297
threshold=-0.92820054292678822 -3.4784346818923946 4.5699827671051034 0.97966274619102489 0.7186427414417268 1.1821721792221072 -2.0399096012115474 -0.68750154972076405 -1.5328154563903806 3.4750337600708012 0.32689490914344793 0.492006465792656 1.8031148910522463 -1.8722686171531675 1.8059169054031374 -0.41744911670684809 -0.50652402639389027 1.5947148799896242 1.4651198387145998 3.9623351097106938 -0.32345513999462122 -3.8126653432846065 -0.50420168042182911 -3.1250646114349361 -1.0669650435447691 0.56428679823875438 0.47547081112861639 1.0825756788253786 0.55068054795265209 -1.3773785233497617 -2.8076424598693843 -1.0000000180025095e-35 -1.0107676386833189 1.0470662117004397 -1.1151400804519651 -6.1356639862060538 0.17857143282890323 1.3764078021049502 -0.58622634410858143 -0.84844794869422901 -2.2121645212173457 0.57638889551162731 -1.4780619144439695 0.15210081636905673 1.0586017370224001 2.9632265567779545 -1.4130610227584837 -0.66089564561843861 0.34527578949928289 1.7091027498245241 1.0723135471343996 -1.4745743870735166 -0.18120830506086347 1.6764996051788332
decision_type=10 8 8 10 10 10 10 10 8 10 10 8 8 10 10 8 10 10 10 10 8 8 8 8 8 10 8 10 10 10 8 8 10 10 10 10 10 8 8 10 10 10 10 10 10 8 10 10 10 8 10 8 10 8
left_child=15 2 3 -2 8 6 17 48 29 19 14 13 21 -12 16 -1 24 -6 -16 35 41 -13 -23 -24 26 34 31 49 44 47 -5 -10 42 -15 37 -9 52 38 -26 53 -41 51 -7 -17 -27 -46 -4 -3 -8 -28 -31 -18 -36 -14
right_child=1 4 46 30 5 32 7 9 10 -11 11 12 39 33 18 43 20 -19 -20 -21 -22 22 23 -25 25 28 27 -29 -30 50 -32 -33 -34 -35 36 -37 -38 -39 -40 40 -42 -43 -44 -45 45 -47 -48 -49 -50 -51 -52 -53 -54 -55
leaf_value=0.00048765611248114684 -0.00089638795766508223 0 0.00018721527614931201 0.00033338710106683322 -0.0034279291662020098 -0.0010359599992620049 -0.0022298309925615953 0.00022431659578098126 0.00055477079715977645 -0.0014614995481050449 -0.0027623919446504459 0.00026694290199291834 0 0.0046628912759030154 0.0048386182328901996 -0.0064863951843750246 0.0017603115721009964 0.0014731841566802877 -0.0009045030264350825 -0.00037427410953286635 -0.0048578246583119719 4.613421359551194e-05 2.769350333676277e-05 -0.0078540082949705905 0.00059506515505267663 0.00019675140035608379 0.0032161988475826416 -0.0019323553538541111 -0.001014564289446656 -0.0012368901671962194 0.0082657621599798968 -0.0041937895086672627 -0.0031209847278175101 -0.0004382595611508951 0.0023877760493125604 0.006352747819081267 -0.0011419292077319459 0.00061082844873749974 -0.0039949317769943414 -0.0023185957800820806 0.0012268946060241329 -0.0013547503153602258 0.0017510771051546311 -0.00031909934332543843 0.0053482764716160005 0 -0.0033232562386529825 0.0043092575649123829 0.00039989909243728569 0 0.00045112652388920734 -0.00018012456178857897 0 0.0024766868619016669
leaf_weight=22.231146467398503 12.806680623994906 12.128487706228041 10.109314615248879 15.231852638433336 17.67448225163389 10.959629227436382 11.395614512497561 16.050816387571103 13.229689761188636 10.425698038496192 37.855363887632848 10.677683982343295 11.312481132576066 30.909489071455027 26.773871061726823 48.344083940850396 13.142153557950222 19.726019179106515 10.271613159660772 10.389917006119502 25.066103349949117 19.846079232585907 10.557194013730621 78.544361288288201 10.636168763325257 20.646912335352681 24.887407654598064 18.383589899553044 15.61190668781637 13.291545535044863 38.438467181840679 43.570743557036621 27.825307042563509 11.32702027234336 10.407945352941171 124.68372007830476 18.704250694623624 10.180970480054382 27.506556988977536 12.091670027104557 10.064821788000698 15.795504461762901 20.143021963813226 14.374259663301926 36.119525892390811 11.023315020996959 11.172716969442261 30.932930657720135 12.154516679773222 10.348111810919361 10.186295620034796 10.197196454093502 10.139953686360967 11.922020518890351
leaf_count=58778 17671 16151 10252 10116 21758 18781 14994 17879 22146 9303 44850 13734 12961 37029 20041 145404 14019 12288 10463 13850 32947 42731 10090 74502 22144 23173 28624 18085 16620 15131 16003 45438 41067 14179 8236 138601 18780 8991 33230 15052 9808 22075 32129 42281 28153 8697 11924 37244 15228 12365 15142 14774 9042 12398
internal_value=-5.18348e-05 0.000499422 0.00366161 0.00597937 4.55054e-05 0.00174727 0.00281582 0.00381359 -0.00070862 0.00476777 -0.0012287 -0.00264834 -0.00411248 0.000751039 -0.00010681 -0.00461815 -0.000918039 -0.00142178 0.00358391 0.00547887 -0.00313909 -0.00573907 -0.00625797 -0.00720992 0 0.00107885 -0.00151533 0.00100609 0.00304578 0.00257712 0.00730931 -0.00329903 -0.00168201 0.00374467 -0.00118416 0.00592204 0.000659699 -0.00230657 -0.00304677 0.000883126 -0.000904593 1.31305e-05 0.000674135 -0.00588582 0.00405706 0.00472479 -0.00262393 0.00377675 -0.00145542 0.00283205 -0.00062785 0.00129953 0.00201756 0.00210986
internal_weight=1148.43 1063.48 87.759 66.477 975.72 281.429 222.501 185.1 694.291 161.55 627.752 245.108 165.016 80.0919 382.643 84.9495 345.598 37.4005 37.0455 151.124 64.201 119.625 108.948 89.1016 281.397 170.978 110.42 53.6191 83.4017 66.5393 53.6703 56.8004 58.928 42.2365 87.5758 140.735 39.2521 48.3237 38.1427 45.391 22.1565 39.1349 31.1027 62.7183 67.7898 47.1428 21.282 43.0614 23.5501 35.2355 23.4778 23.3394 20.5479 23.2345
internal_count=1437352 1190889 65966 43790 1124923 335878 243901 209855 789045 179633 705377 287334 191276 96058 418043 246463 387539 34046 30504 170330 83815 141057 127323 84592 303724 177066 126658 59074 76643 83668 26119 67584 91977 51208 100423 156480 36058 64365 55374 50219 24860 50868 50910 187685 60023 36850 22176 53395 30222 40989 30273 28793 17278 25359
is_linear=0
shrinkage=0.05


Tree=139
num_leaves=42
num_cat=11
split_feature=28 19 1 28 28 28 18 10 7 26 11 3 18 2 22 28 2 28 7 15 28 28 16 2 22 28 1 19 9 1 9 7 2 28 15 16 0 2 3 28 0
split_gain=3.81268 0.839745 1.24105 0.875687 0.834436 0.679389 1.27189 1.08216 0.560211 0.559722 0.447866 0.414771 0.359954 0.334751 0.385924 0.478295 0.48622 0.326938 0.321248 0.319504 1.21335 0.306153 0.296023 0.287196 0.280139 0.556889 0.27307 0.244589 0.154312 0.153332 0.142623 0.13637 0.130827 0.121917 0.119657 0.107467 0.0866488 0.0756384 0.0610078 0.0403595 0.0231062
threshold=0 0.34527578949928289 -0.09889416396617888 1 2 3 0.62028101086616527 -1.6333467364311216 1.5333987474441531 0.93253967165946972 0.55068054795265209 2.166370272636414 -0.68750154972076405 -0.17459411919116971 -1.9989584684371946 4 -0.63553956151008595 5 -0.078164570033550249 0.30490510165691381 6 7 0.64189705252647411 -0.1005306802690029 0.26196977496147161 8 -1.680667996406555 -1.6014853715896604 1.1358453035354616 0.84375810623168956 0.6540057659149171 1.3675070405006411 -0.66622105240821827 9 1.1279061436653139 -2.5212321281433101 -1.5581216812133787 -0.48139981925487513 2.5800036191940312 10 -2.5661239624023433
decision_type=9 10 10 9 9 9 10 10 10 10 8 10 8 10 8 9 10 9 8 8 9 9 8 10 10 9 8 8 10 10 10 8 10 9 10 8 10 8 10 9 8
left_child=1 5 4 36 9 6 22 39 12 32 24 -10 -6 14 17 30 -17 -9 -5 20 -2 31 27 -14 -8 -26 -12 -1 37 -27 -16 -21 -3 -22 -15 -23 -4 -29 -34 -7 -20
right_child=19 2 3 18 8 7 10 13 11 -11 26 -13 23 34 15 16 -18 -19 40 21 33 35 -24 -25 25 29 -28 28 -30 -31 -32 -33 38 -35 -36 -37 -38 -39 -40 -41 -42
leaf_value=0.00063256471083176699 0.0039603843626156354 0.00045352492363069386 -3.5434383814485097e-05 0.00081025185259368186 -0.0012412404404113292 0.0040373284442458534 0.0071278032968134205 -0.0022097707983959785 -0.0036862161589390169 -0.00039108866636108149 0.0020983923665290694 0.001859136908652536 0.0054985575324468976 0.0019323636623750232 -0.0013221590023797241 0.00024848710807039018 -0.0091289313642992365 0.0025464674022914013 -0.00033240005502473461 0.0013522862873272482 0 7.5379164074228472e-05 0.0014820689774018305 -0.00036800231861260535 0.0038615568582354327 -0.0034683501692756706 -0.0025114155887937155 -0.00047045899780488384 0.00021404951006523209 0.00050244609285869592 0.0020613213532622507 -0.0016327879677327949 0.010281560638772322 -0.0046156775859923452 -0.0011930900199055546 -0.0043276095127736617 0.0043666578046076951 -0.0059202271308209818 0.00066677763330029579 -0.00010139772365639742 -0.0059327567200605242
leaf_weight=17.103058844353654 36.724747175168886 10.106097835057879 10.029203204438092 10.076386845132218 11.273042824803268 12.357361818663774 63.916823852210655 11.205300252273444 31.575760767591419 10.813560475609846 12.751522988080977 16.539292371540796 48.742831715630018 13.778251856318095 14.281714678712889 12.282434624976302 32.384709943755297 13.76128146518022 10.36045194386679 38.807922243213397 24.495614973144257 10.31397332245251 12.941707230187601 16.991170979570597 15.807574128004488 14.726274688320698 16.18017865129514 19.896026537549915 10.276694303029215 18.363254962401697 11.791590591106795 17.073814929790387 78.745053759106668 32.548562770753051 11.560023509417077 332.99863884862134 10.183148119336691 15.058235767879522 10.21667055643047 10.287431294600539 21.58076106787485
leaf_count=4481 87730 5193 2084 3495 3480 2813 7759 5719 6844 2391 1549 2419 12150 2323 3893 7743 8408 2238 1780 99815 66999 28281 4601 2169 2147 2062 2114 6711 2181 2266 1854 43839 13615 90380 2712 868690 1849 4446 1210 8356 6607
internal_value=8.92417e-05 0.00249164 0.00429733 -0.00120633 0.00572822 0.000710196 0.00224037 -0.00159037 0.00137874 0.00807815 0.00461569 -0.00175305 0.00340324 -0.00356015 -0.00452101 -0.00570833 -0.00698985 0.000339929 -0.00388225 -0.00303219 -0.000238896 -0.00364507 -0.00207071 0.00443509 0.00564797 0.00103735 -0.000374103 -0.0031842 -0.00425429 -0.00198889 0.0004343 4.81216e-05 0.00939915 -0.003609 0.0005946 -0.00408597 0.00318744 -0.00497965 0.00985056 0.00385442 -0.00548851
internal_weight=1150.91 657.945 297.233 62.23 235.003 360.711 217.021 143.69 125.122 109.881 141.746 48.1151 77.007 121.045 95.707 70.7404 44.6671 24.9666 42.0176 492.963 93.7689 399.194 75.2757 65.734 112.814 48.8971 28.9317 62.334 45.231 33.0895 26.0733 55.8817 99.0678 57.0442 25.3383 343.313 20.2124 34.9543 88.9617 22.6448 31.9412
internal_count=1437396 151662 65286 15815 49471 86376 40317 46059 27062 22409 17897 9263 17799 34890 29855 21898 16151 7957 11882 1285734 245109 1040625 22420 14319 14234 6475 3663 17819 13338 4328 5747 143654 20018 157379 5035 896971 3933 11157 14825 11169 8387
cat_boundaries=0 5 10 15 19 22 27 32 37 41 46 51
cat_threshold=5771264 1080035329 4194309 67174400 4096 1048576 1073741825 4194304 0 4096 5767168 2097152 4194308 65536 4096 4722688 1073743872 4194305 65536 0 6291456 4 0 2097152 4 67108864 4096 67248130 2417508676 572205322 2451089408 128 33555137 262184 4192 20973109 9248 524288 1073741824 4194304 65536 3238035752 66088 1208009728 1082130688 131086 0 2097153 0 0 4096
is_linear=0
shrinkage=0.05


Tree=140
num_leaves=46
num_cat=8
split_feature=2 5 25 26 5 6 19 1 21 26 27 24 25 5 27 1 7 8 11 26 27 23 21 7 7 19 27 4 8 27 27 23 23 22 8 15 27 24 4 5 8 26 8 4 27
split_gain=1.24849 0.502122 1.42949 0.676574 0.603997 0.754254 0.545567 0.540004 0.531517 0.412673 0.376181 0.334814 0.312692 0.311527 0.285747 0.225166 0.210707 0.208563 0.208259 0.207569 0.150114 0.147946 0.146632 0.14201 0.135461 0.128366 0.121827 0.121323 0.118606 0.0876821 0.0851867 0.0810374 0.0740891 0.0717135 0.0703627 0.0787482 0.0677231 0.080058 0.0591322 0.0498386 0.0593858 0.0217275 0.0213319 0.0205974 0.0203175
threshold=-0.9426189363002776 0.59676659107208263 0.70734125375747692 0.86111110448837291 -0.060377024114131921 -0.88712963461875904 0.66930362582206737 -0.073111224919557558 -0.20518935471773145 0.23412698507308963 0 -0.39780519902706141 0.57638889551162731 -0.41241107881069178 1 0.92990353703498851 -0.31087958812713617 -2.7203592061996456 0.55068054795265209 0.60714286565780651 2 1.6107752323150637 0.20560976862907412 -0.48672580718994135 -1.030220031738281 1.8919761180877688 3 1.1318700313568117 -3.5859211683273311 4 5 0.89522531628608715 1.8603817224502566 -3.2937368154525752 2.4851896762847905 0.13403196632862094 6 -0.71362048387527455 0.39726172387599951 1.0782792568206789 -0.87503698468208302 0.71825397014617931 0.92539876699447643 -0.90766790509223927 7
decision_type=10 10 8 10 10 8 10 10 8 10 1 8 10 10 1 10 10 8 8 10 1 10 8 8 8 10 1 10 8 1 1 10 10 8 8 10 1 10 10 10 8 10 8 10 1
left_child=13 2 4 14 5 27 9 10 42 21 -8 15 -6 -1 -3 16 44 -16 33 25 -18 34 29 43 -15 -12 -9 28 -2 -13 -24 -29 38 -5 35 -7 37 -14 -20 -35 -41 -38 -4 -10 -11
right_child=1 3 8 18 12 6 7 26 23 11 19 22 36 24 17 -17 20 -19 32 -21 -22 -23 30 -25 -26 -27 -28 31 -30 -31 -32 -33 -34 39 -36 -37 41 -39 -40 40 -42 -43 -44 -45 -46
leaf_value=-0.00022092270426478201 -0.00016860841223524599 -0.00051310499724583226 -0.00021512078583832102 -0.00063150218133077368 0.0047969017533681857 -4.3705460648841123e-05 -0.0015313779194571116 0.00063012342614980393 0.00030291268937327571 0.0018102727144935424 0.0044720275533757002 0.0013862272906580402 0.00080383683708379653 -0.0002000342134719581 0 0.0028087925544798627 0.00090646705467214257 0.0064238956252279421 0.00017445151497208467 -0.00064845668132646687 -0.0026246498251019474 2.2310677575649026e-05 0.00028557572185956257 -0.0062871012360744497 -0.0071440165545209175 8.2689297745158763e-05 -0.0031155709899505818 0.001266761056691761 0.004375731819055235 -0.00097673764629891335 -0.0036009116314926811 -0.0012819715188882614 0.00041827262792198586 -0.00019987071318275785 -2.011755045852535e-05 -0.0053960095571725028 0.0015346976378409595 -0.0018063742472241855 -0.0027693920293552169 0 0.0029915987909955727 -7.5073548467246166e-05 0.0012224977908655878 -0.0010604608574777551 -8.9052460168643384e-05
leaf_weight=34.162244985811412 10.019168269587679 19.633218600174587 13.94156253046094 10.449131236397077 71.145883864599455 10.233465489734952 18.126702536763332 10.021911551186347 10.456398273126981 13.050171677707112 89.857828028783842 12.146310609496139 10.823138782106982 12.642222732203662 14.159953659662277 42.011487520561786 10.630210107214223 64.167136087780818 10.483838284759257 12.468461942109569 40.449770006205654 16.41446788765461 12.624689668147765 68.267407531602657 27.766744643580751 23.749313022453862 21.902899014959988 13.038074942400273 58.431778809790558 25.915396484291705 37.54473947371298 11.72214672899281 11.841384908519101 13.023224478471091 10.124284234851073 59.958078934338118 37.486961172740848 17.156230299471645 36.236099339475913 25.95908745360066 18.5771592768142 14.317886529592213 14.57857455530757 17.1082771794172 13.904899759370892
leaf_count=103919 10338 26856 30697 10874 44789 11362 39693 18170 14019 10760 92822 24319 8197 35751 8295 52439 14041 35119 15539 17347 46526 17233 21952 89123 78103 25718 29665 13120 62517 41234 36780 13066 11685 15047 17410 67789 37211 15126 32229 23221 17867 15097 31311 21537 29729
internal_value=-3.8391e-05 0.000485403 -0.000103693 0.00234566 0.000816399 -3.36772e-07 -0.000876024 0.00112921 -0.00419392 -0.00204399 0.0024016 -0.000464371 0.00317596 -0.00478996 0.00464585 0.00108487 -0.00053862 0.00530093 -0.000217739 0.00317633 -0.00192542 -0.00409387 -0.00223839 -0.00546116 -0.00633895 0.0038907 -0.00251513 0.00321258 0.00387797 0.000125984 -0.0032496 0 -0.0017723 0.00126226 -0.00465927 -0.00500008 0.00040082 -0.000766287 -0.00230842 0.00178628 0.00221849 0.00111299 0.00076658 -0.000616939 0.00156792
internal_weight=1148.73 1074.16 849.629 224.53 725.276 574.346 481.135 176.127 124.352 305.008 144.202 208.278 150.93 74.5712 97.9603 120.047 78.0351 78.3271 126.57 126.076 51.08 96.7303 88.2311 95.8321 40.409 113.607 31.9248 93.2112 68.4509 38.0617 50.1694 24.7602 58.5613 68.0086 80.3158 70.1915 79.7842 27.9794 46.7199 57.5595 44.5362 51.8048 28.5201 27.5647 26.9551
internal_count=1435642 1217869 1021137 196732 834450 714030 614989 223415 186687 391574 175580 277780 120420 217773 70270 153495 101056 43414 126462 135887 60567 113794 124285 124679 113854 118540 47835 99041 72855 65553 58732 26186 59453 67009 96561 79151 75631 23323 47768 56135 41088 52308 62008 35556 40489
cat_boundaries=0 1 2 3 4 5 6 7 8
cat_threshold=1291 582 31 2139 704 91 3460 2081
is_linear=0
shrinkage=0.05


Tree=141
num_leaves=60
num_cat=0
split_feature=2 10 1 0 10 9 5 21 3 21 7 22 11 10 24 22 9 9 5 21 24 13 9 0 13 2 10 2 7 15 1 1 14 7 1 2 9 11 21 1 3 24 22 0 1 18 2 7 21 13 14 24 24 0 24 22 3 7 15
split_gain=1.18761 0.570234 0.93887 0.658953 0.637357 0.564166 0.486783 0.436977 0.423525 0.489779 0.444581 0.422541 0.51636 0.439889 0.434149 0.420321 0.395797 0.46507 0.394778 0.385744 0.355459 0.312134 0.294882 0.332498 0.286577 0.233211 0.200429 0.356097 0.194853 0.194173 0.188883 0.188225 0.179235 0.167688 0.167342 0.163773 0.230322 0.140441 0.137353 0.134845 0.132541 0.12195 0.110612 0.106887 0.0688555 0.0675069 0.0662669 0.0624782 0.0968257 0.0617804 0.0582028 0.0543065 0.0518399 0.0496137 0.0457183 0.0421626 0.030776 0.0268136 0.0249318
threshold=-0.92820054292678822 3.3326275348663335 -0.12378840148448943 -3.2153718471527095 -0.83805605769157399 1.4864864945411684 -0.37806540727615351 0.65035179257392894 2.0335849523544316 0.23770435899496081 0.97962418198585521 5.3233747482299814 1.9459750056266787 0.54856380820274364 -0.52355670928955067 1.3762831687927248 3.1910111904144292 1.4327837824821474 -0.39259257912635798 -0.42849981784820551 0.47333100438117987 0.76528456807136547 1.4327837824821474 -1.1430637836456297 1.4566131830215456 -0.40277312695980066 4.0033133029937753 -0.54980847239494313 -1.0610721111297605 2.1691353321075444 3.7109707593917851 -0.66828948259353627 0.30557754635810858 2.7760546207427983 -2.6654566526412959 -0.28583189845085138 -1.0000000180025095e-35 -0.17940778285264966 -0.14477892220020291 -0.35148403048515314 -0.83875167369842518 0.47333100438117987 -1.3150374889373777 -0.5518239140510558 1.6884863376617434 -0.66566616296768177 -0.055318498983979218 -1.806169271469116 -0.0081735407002270204 1.1973615884780886 -1.1837480664253233 -1.1840201616287229 -0.76141780614852894 1.7964752316474917 0.061258973553776748 -4.3947715759277335 0.034752784296870239 -0.34066388010978693 3.6890330314636235
decision_type=10 8 10 8 8 10 10 10 10 8 10 8 10 10 10 10 10 10 10 8 8 10 10 10 10 10 10 10 8 10 8 8 10 10 8 10 10 10 10 10 10 10 8 10 10 8 10 8 8 10 8 10 10 10 10 10 10 10 8
left_child=18 3 8 5 7 -2 -4 32 9 26 -11 12 13 22 16 19 17 21 58 -16 31 56 23 25 44 -6 -3 -28 -20 51 53 49 42 -10 -22 36 37 45 -23 40 -14 -17 55 -37 -13 -25 -42 -44 -49 -21 -8 -19 -7 -9 -38 -5 -15 -39 -1
right_child=1 2 6 4 11 52 50 30 33 10 -12 24 39 14 15 41 -18 29 28 20 34 38 -24 35 -26 -27 27 -29 -30 -31 -32 -33 -34 -35 -36 43 54 57 -40 -41 46 -43 47 -45 -46 -47 -48 48 -50 -51 -52 -53 -54 -55 -56 -57 -58 -59 -60
leaf_value=0.00061227729925321091 -0.00092808868652756384 -0.0010312779470924127 0.00098557797490123685 -0.00048970749047628885 0.00088592752128421903 0.00033768731994084544 -0.00036910566705102639 0.0063261412418164119 0.0044130800221673728 0.0013227641307266514 -0.0052469895927736935 -0.0043290874702369871 -0.00026045006932445629 0.00017843833053147174 0.001335389303763211 -0.001046699568305873 0.0038473497157924239 -0.0049391901529351918 -1.2761972755894719e-05 -0.00033441488633332493 -6.6487623202649793e-05 -0.00040172558121986902 0.0039935362415423623 -0.00017959678605661722 0.0011170131885099054 -0.0037757426477684863 -0.0012539003469409836 0.0046851922920279369 -0.0069547698173688432 0.00054205885081137631 -0.00010005615125688582 -0.0019405836537299348 0.0021546072739827963 -0.00038704602120824121 -0.0061965909926934362 0.0039395364574533751 -0.0026244088643280136 0.0003340554451281876 0.0039182868238427752 -0.00042019508103190606 0.0044451869202731123 0.0020273824492870532 0.00031197144037493468 -0.00018225726078797123 0 0.0029608105024077568 0 0.00024091272955293515 -0.0032484272223912095 0.0023658414236793243 -0.0070872648434872985 -9.4109741870639522e-05 0.0068155677369733485 0.00032285897651018178 0.00011449755415027051 0.0014722350928122064 -0.001748193216690494 -0.0012544753630219037 -0.00072628387491658827
leaf_weight=23.268660933303181 19.440465505023894 16.481078344244452 11.505924509670875 10.288823863906147 15.756487543127148 10.584997061610919 11.062527124617189 40.429293639899697 26.514822835910309 12.703679352256584 25.533366032948834 44.446817194380856 11.493217328541503 11.517159095070385 10.698160952910255 12.861596061811722 16.437853403200279 16.395499737620412 13.403283160841964 11.67047740788985 15.241817556561726 10.339136348156897 24.666244968357205 11.237302208792242 12.066349172680928 22.414383241157338 11.616083028529831 18.762958683946636 31.650011462166731 11.43737058159604 11.484348307210892 24.76695170543826 27.508132176866638 11.74601962399174 75.522036158959963 14.914001907745844 16.969895782771349 10.817281164883754 29.374135053512873 11.2518235089301 59.292639488085115 27.436382822896121 10.648997917807717 12.280772782374695 10.099739319237413 30.529591456659546 10.759658476519688 15.502436394999675 18.38137466225453 10.973650216983513 30.911091383939493 10.865291371221248 38.610703009006102 11.316805043643397 10.239982729013716 14.460552398864818 19.582989768903644 13.697079466182911 16.09102375414659
leaf_count=67501 23516 33009 18284 14924 24883 5609 16118 29179 15910 24269 29320 52957 21338 17128 16019 13751 9930 14536 38041 11256 11489 18939 17710 17933 9853 18886 21560 19651 90451 9469 7832 23642 45296 10057 72917 7645 17773 16494 27885 17358 69278 25338 14480 9152 11279 43346 6997 30634 24338 9505 48779 9809 18312 11639 10882 21052 19310 22413 50444
internal_value=0.000149974 0.000683822 -0.00160302 0.00120645 0.000651037 0.00471984 -0.00517356 0.00305046 0.000961788 -0.00101434 -0.00349491 -9.95831e-05 0.000403596 -0.000316458 -0.00138313 -0.00266067 0.000718091 -0.000779015 -0.0042913 -0.00365837 -0.00432368 0.00141626 0.00139766 0.000111096 -0.00286755 -0.00238358 0.00171739 0.0029847 -0.00603521 -0.00338638 0.00517275 -0.000220314 0.000340254 0.00349835 -0.00559196 0.00139652 0 0.00140044 0.00314079 0.00306382 0.00355956 0.000954572 -0.000939399 0.00310099 -0.00390947 0.00242391 0.00407539 -0.00187692 -0.00240036 0.00163304 -0.00653423 -0.00438344 0.00634494 0.00586622 -0.00212226 0.000807728 -0.00130293 -0.000732611 0
internal_weight=1147.96 1063.55 176.838 886.711 818.075 68.6362 53.4795 160.021 123.358 85.0972 38.237 658.054 591.441 498.644 315.121 189.171 125.949 109.512 84.413 148.873 138.175 70.8134 183.523 158.857 66.6129 38.1709 46.8601 30.379 45.0533 38.6982 63.2304 47.4111 96.7903 38.2608 90.7639 120.686 93.4911 66.2813 39.7133 92.7973 81.5455 40.298 69.2822 27.1948 54.5466 41.7669 70.0523 44.5328 33.8838 22.6441 41.9736 27.2608 49.1957 51.7461 27.2099 24.7494 31.1001 24.5144 39.3597
internal_count=1437305 1190868 236957 953911 906474 47437 83181 199374 153776 127809 53589 707100 633011 518040 310923 183917 127006 117076 246437 144828 128809 83262 207117 189407 74089 43769 74220 41211 128492 33814 48650 44403 150724 25967 84406 145638 128841 100186 46824 114971 97613 39089 105428 16797 64236 61279 76275 69452 54972 20761 64897 24345 23921 40818 28655 35976 36438 38907 117945
is_linear=0
shrinkage=0.05


Tree=142
num_leaves=43
num_cat=4
split_feature=28 28 10 7 16 21 4 2 16 21 16 7 10 28 16 18 22 7 18 4 24 5 24 22 22 3 19 18 19 21 23 28 21 21 16 24 21 5 16 2 14 18
split_gain=3.67507 1.03554 1.41088 0.886284 0.810095 0.866246 0.848058 0.723189 0.682404 0.661359 0.628666 0.582796 0.466121 0.433892 0.770461 0.40376 0.392548 0.374637 0.418327 0.387232 0.327955 0.278396 0.251205 0.237334 0.206779 0.201687 0.196202 0.186195 0.149117 0.136483 0.107777 0.0793792 0.127304 0.0819634 0.072693 0.0697445 0.0598892 0.0574084 0.0440929 0.0355339 0.0319945 0.0208672
threshold=0 1 9.7571830749511737 0.063869066536426558 0.071438994258642211 0.65035179257392894 -0.59799888730049122 -0.092002578079700456 -0.73065257072448719 1.6113851666450503 0.35031016170978552 -0.17182578891515729 0.75481194257736217 2 0.90013673901557933 2.0317032337188725 -0.45862454175949091 0.19134879112243655 1.4753387570381167 -0.66906228661537159 0.98429843783378612 0.59676659107208263 -0.5419812500476836 1.5387986302375796 0.74051085114479076 -0.066015388816595064 -1.6373957991600034 0.31901799142360693 0.28929507732391363 -0.84706696867942799 -0.78959181904792775 3 0.12658501416444781 1.73345023393631 0.021913726814091209 -0.99741095304489125 0.43798059225082403 -0.30496719479560846 -0.66520008444786061 -0.55850476026535023 0.17006888985633853 1.3845610022544863
decision_type=9 9 8 10 8 8 10 10 10 10 10 10 10 9 8 10 10 8 10 10 10 10 10 10 10 10 10 8 10 10 8 9 8 8 10 10 8 8 10 10 10 10
left_child=1 2 3 16 6 17 24 15 25 12 -11 22 -5 14 27 30 -1 19 23 -6 26 40 -10 39 36 -8 -13 29 -18 -2 -7 32 -15 -33 38 -27 -3 -16 -29 -19 -9 -36
right_child=13 4 -4 9 5 7 8 21 11 10 -12 20 -14 31 37 -17 28 18 -20 -21 -22 -23 -24 -25 -26 35 -28 34 -30 -31 -32 33 -34 -35 41 -37 -38 -39 -40 -41 -42 -43
leaf_value=0.0026766553417808311 -0.00050326557063427684 4.3829631318969239e-05 -0.0035248708424033045 0.00044507962338835214 -0.0019562091258180959 0.0002740393327187852 -0.0014113019559472949 0 0.002562030481581083 0.0034102451168373949 -0.0034929668130490883 -8.0813534536366966e-05 0.0096209728677476673 0.00050879519110039228 -1.675827366460006e-05 -0.00050008953631123273 -0.0035530101656792048 -0.00020187034877912092 0.0015808655718988962 0.0035776162678506454 0.00033990915180422425 0.0020711563244928963 -0.0019256814778937652 0.00053687689379496115 -0.00078081544927565826 -4.5795554611597876e-05 -0.0079459141543493997 0.00035173633322854432 0.00060992283947959493 0.0035146234316928374 0.0079109579424156869 -0.0048663389563502408 -0.0022112822105311131 -0.00018220793314687009 0.0011846568077911685 0.0033459076698860168 0.0046399878615321988 -0.0046421591062385777 -0.001764150556203252 -0.0053165857106093218 -0.0026449884748195461 -0.000180210014624058
leaf_weight=19.163141268494655 10.269126528175546 11.604680507894956 10.632265605861901 21.939108600403415 10.473450403726018 10.120781448458727 10.125170036728376 10.077791001152947 15.935047482445954 21.398012348334305 11.34132775312173 11.151808731403433 109.05114549901919 42.091077314755239 10.085504942580881 10.320377709678722 16.237734087626453 10.009935506110191 17.299330996145727 31.961106218848727 10.032337268756235 21.283784016151913 10.544704593965433 12.140935633433399 10.247926815398385 14.490272497205295 49.367836018063826 10.811163787002441 10.678526776653596 43.290318208339158 59.569105405062146 226.72643254321883 57.165710175788263 16.108146746373677 26.05468860102701 12.786310378258351 12.380995981497106 32.116206726175733 25.133211000807933 29.433425595314478 17.974950118732522 17.607600769915734
leaf_count=8021 27079 5407 7117 4261 5027 1775 2608 1298 3319 3056 2349 1687 15333 105221 22608 1697 8212 4875 4519 8960 1692 2547 2196 3234 4249 2308 9416 21709 4520 80072 10334 653333 123589 51858 55265 2024 2199 80307 43424 5342 2721 30715
internal_value=2.81693e-05 0.0024942 0.00488351 0.00611318 0.000736987 0.00242645 -0.0016207 0.00460022 -0.00327759 0.00746956 0.000292745 -0.00490892 0.00865928 -0.00291225 -0.000522145 0.00656184 -3.33915e-05 -0.000711321 -0.00243663 0.00183835 -0.00642133 -0.000232267 0.000618958 -0.00394812 0.00290982 0.00128452 -0.0072341 0.00141569 -0.00251357 0.00282494 0.00742145 -0.00386432 -0.00116239 -0.00450309 -0.000217903 0.00261559 0.00401628 -0.00419953 -0.00123518 -0.00491293 -0.0022512 0.00077849
internal_weight=1147.23 629.773 220.441 209.809 409.332 240.665 168.667 129.347 134.433 163.73 32.7393 97.0317 130.99 517.459 175.368 80.0103 46.0794 111.318 68.8836 42.4346 70.552 49.3365 26.4798 51.5843 34.2336 37.4018 60.5196 133.166 26.9163 53.5594 69.6899 342.091 99.2568 242.835 79.6067 27.2766 23.9857 42.2017 35.9444 39.4434 28.0527 43.6623
internal_count=1437483 142303 52869 45752 89434 52329 37105 20372 25250 24999 5405 18310 19594 1295180 361179 13806 20753 31957 17970 13987 12795 6566 5515 13451 11855 6940 11103 258264 12732 107151 12109 934001 228810 705191 151113 4332 7606 102915 65133 10217 4019 85980
cat_boundaries=0 5 10 15 20
cat_threshold=5771266 1075845121 4194307 65540 4096 5767168 0 4194304 65536 4096 67239937 274531656 3758161988 38807808 160 50365056 2298609700 1056040 335578625 132116
is_linear=0
shrinkage=0.05


Tree=143
num_leaves=47
num_cat=8
split_feature=28 9 28 0 0 16 18 7 9 7 15 7 16 28 15 9 28 7 28 28 22 16 10 4 18 28 16 18 15 0 21 25 19 28 21 18 9 21 1 24 9 4 1 21 24 1
split_gain=3.14989 0.661585 0.934052 1.97533 1.25884 1.16788 1.03288 0.926291 0.684669 0.678476 0.563983 0.552497 0.580887 0.805379 0.489619 0.486831 1.4172 0.464195 0.462089 0.401368 0.331999 0.2482 0.242408 0.240149 0.211778 0.211324 0.204914 0.186593 0.227015 0.163469 0.162018 0.139564 0.139557 0.125286 0.0863281 0.0853181 0.0787187 0.0750719 0.0969416 0.0596518 0.0665112 0.0470255 0.0287905 0.0256069 0.0235581 0.0221332
threshold=0 7.6186647415161142 1 -2.3980201482772823 -1.8675228357315061 -0.022493900731205937 1.0084862112998965 1.4580346345901491 1.2272959351539614 0.78273844718933117 4.5929782390594491 -0.42970275878906244 -0.037363402545452111 2 1.1279061436653139 3.8411591053009038 3 1.9480152130126955 4 5 5.7425436973571786 0.82525119185447704 8.2420296669006365 0.55366632342338573 0.51451158523559581 6 0.34272596240043646 2.0093111991882329 -0.2605901956558227 0.095894105732440962 -0.37735304236412043 0.31646825373172766 -1.8714630007743833 7 0.85868641734123241 0.54437237977981578 0.50510513782501232 2.6075290441513066 -4.3906252384185782 -0.24400052428245542 0.039642294868826873 1.1681478023529055 -1.4504707455635069 -0.02503116242587566 -0.85676461458206166 1.0571022629737856
decision_type=9 8 9 10 10 10 10 8 10 10 10 8 10 9 10 10 9 10 9 9 10 10 8 10 10 9 10 10 8 10 8 10 8 9 10 10 10 8 10 10 10 10 10 8 10 10
left_child=1 2 3 10 7 9 23 8 26 -5 -1 20 18 14 24 19 -17 -8 36 35 21 30 25 -7 -14 -9 -4 28 -21 -16 -6 -15 34 -32 43 45 -13 38 -34 40 -20 -29 -37 -30 -10 -2
right_child=15 -3 4 5 11 6 17 22 44 -11 -12 12 13 31 29 16 -18 -19 39 27 -22 -23 -24 -25 -26 -27 -28 41 32 -31 33 -33 37 -35 -36 42 -38 -39 -40 -41 -42 -43 -44 -45 -46 -47
leaf_value=0.011647684419578867 0.001678382698189648 -0.0030973435190848916 -0.00383914841814861 -0.001297617090217052 7.3226398863972117e-05 -0.00095610789631157865 -0.0079434886906820778 0.00043873963038920818 0.0001758917221295424 0.0068575660857152004 -4.1525828535346898e-06 0.0024956508611169276 -0.0023714833489049555 0.00058467366018245392 0.006929265404174924 0.005355256358675009 -0.0042281750067771273 0.00060855943967068836 -6.4444953535734267e-05 0.00020812992605051363 -0.0006689937992697643 -0.00020537509193532561 0.00033841227371174095 0.0037769272646800615 0.0016483266194802896 -0.0063478688686301535 0.00087885824852726186 -0.0011355397591013752 5.0199236060277836e-05 0 -1.2785579296398356e-05 -0.0033303384537596739 -6.7517944011814951e-05 0.0074272066707322601 0.0011078751734118391 0.00030749566980308704 -0.0004679222856847248 -4.6904719205924225e-06 -0.0047647791067050539 -1.8395402047613625e-05 -0.0053014000633545486 0.00071641057126471143 -0.0013415289804850515 -0.0018638153058625107 0.0045056620435370513 -7.9329970749820059e-05
leaf_weight=44.949907456568326 26.073769075330347 12.062382172553042 13.842877501876503 17.162075110143633 11.581565089021749 16.815689509749067 20.596815166194578 11.797859121317741 10.271914417753576 23.102354101778474 10.659757419940432 16.293733464961409 10.958260120445631 11.918774915109678 43.287833466019947 22.363436761326739 15.067171151393266 10.592672761646098 10.160150773430361 23.933656971108576 10.13449003966525 10.550514245704106 10.415139227021426 12.527997671131741 20.97486351893167 45.693160674214596 10.034079190743794 10.577127304430176 13.797813920318729 10.29065533983521 14.307894934434444 21.040582106368674 15.03267782518378 48.014952776407881 10.053728367427537 11.171494106412863 10.088537112686025 11.389049370132851 332.63771062332671 10.085577740304869 19.51440653904865 28.19384246118716 23.406148534973909 14.730777852688336 25.999877913818636 11.065142017432661
leaf_count=7513 62914 14409 6900 9448 20596 8577 5434 4180 2103 2932 2553 12508 1717 14209 5192 17723 29503 1665 2958 53507 7716 10887 22122 3711 2469 11614 8062 14322 35829 1438 3292 39757 29488 25603 12741 24311 4813 38862 687523 2172 3771 48968 49985 29057 5628 26529
internal_value=-0.000216091 0.0022746 0.00267778 0.00537513 0.00101665 0.000381462 -0.00313598 -0.00246155 0.00150424 0.00453283 0.0104223 0.00278955 0.000725388 0.0025011 0.00427285 -0.00271537 0.00135742 -0.00639135 -0.00211961 -0.00314912 0.00513968 0.00586348 -0.00516496 0.0021083 -0.00027549 -0.00590213 -0.00253585 -0.00360559 -0.00395141 0.00626888 0.00650347 -0.00210185 -0.00420822 0.00708938 -0.000461848 0.00028979 0.0015319 -0.0044929 -0.00460828 -0.00384428 -0.00473678 -8.75156e-05 -0.000882816 -0.00143188 0.00415004 0.00135228
internal_weight=1145.22 575.727 563.665 156.407 407.258 100.798 60.5332 128.055 60.1487 40.2644 55.6097 279.203 184.613 118.471 85.5116 569.494 37.4306 31.1895 66.1424 532.063 94.5894 84.4549 67.9062 29.3437 31.9331 57.491 23.877 460.346 421.575 53.5785 73.9044 32.9594 397.642 62.3228 38.5823 71.7166 26.3823 359.059 347.67 39.7601 29.6746 38.771 34.5776 28.5286 36.2718 37.1389
internal_count=1437211 275949 261540 41833 219707 31767 19387 60609 22693 12380 10066 159098 91004 64782 10816 1161262 47226 7099 26222 1114036 68094 60378 37916 12288 4186 15794 14962 950297 887007 6630 49491 53966 833500 28895 77627 163739 17321 755873 717011 8901 6729 63290 74296 64886 7731 89443
cat_boundaries=0 5 10 13 18 21 26 29 32
cat_threshold=5902336 1344274689 4194307 65536 4096 4718592 0 4194304 65536 4096 1052672 1073741825 1 41482 2227185860 78655508 2181570816 8500 131072 2097152 3 2214592672 135008256 2718010464 1346372609 1152 0 1342177537 2 0 268435456 1
is_linear=0
shrinkage=0.05


Tree=144
num_leaves=40
num_cat=4
split_feature=28 28 25 13 7 3 10 18 13 16 10 18 13 3 16 18 11 7 0 28 10 4 3 23 2 23 21 2 7 25 2 16 16 28 13 21 21 21 23
split_gain=3.40163 0.961348 1.02468 0.857669 0.773031 0.901765 0.678047 0.535273 0.574476 0.492974 0.451121 0.429674 0.392847 0.38714 0.386855 0.392358 0.378572 0.280535 0.25934 0.257636 0.337851 0.251303 0.246669 0.240816 0.213768 0.20224 0.173639 0.156394 0.156065 0.133419 0.0921804 0.0913428 0.0656029 0.0614652 0.10686 0.0592723 0.0552786 0.0366347 0.0222293
threshold=0 1 0.54861110448837291 0.80679246783256542 2.209586620330811 1.8146753311157229 -1.0039027929306028 1.6294296979904177 0.84831470251083385 1.1036446690559389 3.7185777425765996 1.6764996051788332 0.69394573569297802 0.86051499843597423 0.19064612686634066 -0.66566616296768177 -3.8456010818481441 1.6734065413475039 -2.3034473657608028 2 1.7308000326156618 -0.54545980691909779 2.6887820959091191 -1.1451714634895322 -0.13905645906925199 1.2232803702354433 -0.16235689073801038 -0.82786318659782399 -0.84235167503356922 0.19146825373172763 -0.38913480937480921 -0.68628564476966847 1.2970414161682131 3 0.492006465792656 0.57303819060325634 -0.90486079454421986 1.73345023393631 0.50794824957847606
decision_type=9 9 8 10 8 10 10 10 8 10 8 8 10 10 8 10 10 10 10 9 8 8 8 10 10 8 8 10 8 10 10 10 10 9 10 8 10 8 10
left_child=1 2 16 25 5 6 27 8 13 10 -5 -7 -9 14 21 -16 -1 -14 22 20 32 -8 38 -10 -15 35 -25 -3 -18 -17 -31 -23 36 34 -21 -4 -2 -35 -6
right_child=19 4 3 9 18 11 7 12 23 -11 -12 -13 17 24 15 29 28 -19 -20 33 -22 31 -24 26 -26 -27 -28 -29 -30 30 -32 -33 -34 37 -36 -37 -38 -39 -40
leaf_value=-0.000376781084890611 -0.00041091567264927263 -0.00041684979007928835 -5.508209782615592e-05 0.0059899004221441792 -0.00039336682169769733 0.007149011534390376 0.00095619047387777956 -0.0018336726098969224 0.00047894352515340992 -0.001691790373799056 -0.0010884261148930042 -0.00051328385549909345 0.0048811373508947636 0.00377672812403782 -0.0023618353359042134 -0.00045280831635181201 0.00015021075392847891 -0.00077507214825635155 0.00062846973287241357 0.00051208816929333321 -0.0028814290368489124 -0.00012259656894162498 0.00044237700854915084 2.0017459308959063e-05 -0.00083940346235991106 0.00061056093778216411 -0.0060264822288190485 0.0041770945882571861 0.007927760533071147 0.004314290754654007 -5.1144754323395986e-05 -0.0046322933088860539 -0.00071153172035316823 -0.0047526634900071953 -0.0021020165683008425 -0.0047172355834985023 0.0018280560364330766 -0.00033642182936757857 -0.0061209983644362259
leaf_weight=10.302846345206488 11.263818566221742 10.031193474853351 11.316467242664659 43.570350186666474 11.305467349870016 32.943824316142127 10.466558974265352 10.210980846444725 10.248429423139894 11.790419898112303 10.574922026542479 13.920065857993903 33.408969820753555 28.277232602529693 10.215232277572794 10.11059875320643 10.151509254850678 11.547953865272573 16.758698644247488 39.976142963423626 50.133337038118043 18.641885078221094 11.104336740179859 11.282600364487733 12.394795878790317 12.636154039078972 47.274694339110283 54.171150802692864 105.37037780298851 22.393032472100455 10.457157537588502 41.260251113257254 11.54176282174012 223.64655121960823 33.525315588209196 20.400662279615062 66.88843572071346 15.420760749584586 14.99818807068368
leaf_count=2007 31637 13406 5845 5551 7827 5557 5101 2236 4159 2509 2060 3090 9390 6245 5567 2784 5499 3302 5929 106524 135781 5181 6988 5731 2830 4336 13133 13072 20503 8951 2207 11851 31029 625006 78642 7138 170765 48806 7923
internal_value=-1.36252e-07 0.00214226 0.00439302 0.00048524 0.000584064 0.00145319 0.000230365 -0.00090899 -0.00194836 0.00327776 0.0047006 0.00573131 0.00227274 -1.34939e-06 -0.00140336 0.00120954 0.00692766 0.0037325 -0.00334063 -0.00314379 -0.000744701 -0.00310165 -0.00451833 -0.00459693 0.00262768 -0.00315019 -0.00534278 0.00354729 0.00752634 0.00292611 0.00367208 -0.00396862 0.000964361 -0.00391083 -0.000932543 -0.00416649 0.00143192 -0.004439 -0.00559566
internal_weight=1141.93 689.537 236.114 110.289 453.423 399.257 352.393 288.19 233.022 65.9357 54.1453 46.8639 55.1679 164.217 123.545 53.176 125.825 44.9569 54.1667 452.396 139.827 70.3687 37.408 68.8057 40.672 44.3533 58.5573 64.2023 115.522 42.9608 32.8502 59.9021 89.694 312.569 73.5015 31.7171 78.1523 239.067 26.3037
internal_count=1436098 207908 55448 27439 152460 123793 115146 88668 73740 10120 7611 8647 14928 50717 41642 19509 28009 12692 28667 1228190 369212 22133 22738 23023 9075 17319 18864 26478 26002 13942 11158 17032 233431 858978 185166 12983 202402 673812 15750
cat_boundaries=0 5 10 15 20
cat_threshold=5771266 1081084161 541065223 34668544 4096 5767168 1073741824 4194304 65536 4096 100827136 286131240 1144066144 4492293 1200 2147483681 134221888 2164271624 67117152 4
is_linear=0
shrinkage=0.05


Tree=145
num_leaves=50
num_cat=0
split_feature=2 6 1 24 13 11 11 21 23 15 8 21 21 8 8 3 22 12 2 18 23 23 18 25 11 22 13 21 22 12 2 18 23 0 23 3 6 0 24 15 15 3 25 13 8 26 22 13 16
split_gain=1.0819 0.507922 0.651165 1.14583 0.621641 0.748931 0.667832 0.550798 0.549205 0.490548 0.364129 0.359222 0.410574 0.319302 0.303585 0.392236 0.297266 0.270657 0.232584 0.231382 0.200646 0.199528 0.184274 0.173574 0.138697 0.133647 0.13349 0.125521 0.122517 0.113438 0.110828 0.106722 0.104029 0.0936402 0.0864705 0.078974 0.0749679 0.073894 0.0672525 0.0642906 0.056748 0.0556717 0.0553913 0.0473612 0.0470084 0.0349198 0.0309015 0.0290958 0.024537
threshold=-0.93969428539276112 -0.64183387160301197 -0.09889416396617888 -0.67949074506759632 1.5920033454895022 1.4943932294845583 1.4651198387145998 0.7006404995918275 2.3035601377487187 4.3615505695343026 -1.5770325660705564 -0.30874989926815027 2.1180336475372319 0.56396505236625682 -3.9798475503921504 -0.57353663444519032 4.6466393470764169 -1.6500542163848875 -0.43978983163833613 -0.62501430511474598 -0.93934059143066395 -0.73295027017593373 0.97213733196258556 0.22718253731727603 -0.29060368239879603 1.6447482109069826 -1.0000000180025095e-35 0.82269510626792919 -1.2638254165649412 2.1012531518936162 -0.4859690368175506 -0.64493164420127858 1.0344980955123904 -1.4819221496582029 1.8834166526794436 0.9642285704612733 -0.68860957026481617 -3.109662532806396 -0.96479901671409596 0.48802955448627477 3.8043086528778081 2.271428227424622 0.024801587685942653 0.9027024805545808 -3.7326394319534297 0.13888889551162723 -1.035094082355499 -0.35625308752059931 0.53087979555130016
decision_type=10 8 8 8 8 8 8 10 10 8 10 10 10 10 8 8 8 8 10 10 10 10 8 10 10 10 8 8 10 10 10 8 10 10 8 8 8 8 8 10 8 10 10 10 8 10 8 8 10
left_child=36 7 4 10 6 8 9 18 21 14 24 48 17 25 33 46 23 -13 26 -15 -11 27 -7 -8 40 -12 28 -6 -2 38 -23 -19 45 -3 41 -21 -1 -33 -25 -38 -4 -24 -9 -22 -44 -20 -16 -17 -5
right_child=1 2 3 11 5 22 16 42 -10 20 13 12 -14 19 15 47 -18 31 32 35 43 30 34 29 -26 -27 -28 -29 -30 -31 -32 37 -34 -35 -36 -37 39 -39 -40 -41 -42 -43 44 -45 -46 -47 -48 -49 -50
leaf_value=0 0.0012888784349168146 0.001885167893579753 0.004287735471007875 0.0011641838180797566 0.0017771419273333836 0.0014511883199659686 -0.00063311747708090743 0.00011252716152856619 -0.0014501771325756926 -0.0012671583572397818 -0.0033080657234895957 3.9452633071707999e-05 0.0011397659813773512 -0.0014372269318266553 0.0012965083958355469 -0.00031807560045294086 -0.0013585511080622093 -0.00032636010497167066 -0.0006231050284280352 0.0034682237273237467 0.0032344068642291102 0.00010720368900801301 -0.0032372456121732823 0 -0.00037762074414871856 0.00056767173924572915 0.0024262961455017887 -0.0014237470684920293 -0.0016860622461461203 -0.00019748718746211353 0.0066747243609405274 -0.00038956209180795434 -0.0029779095447533127 -0.00094231335636164838 0.00040535503360746722 -0.00016850599117733913 -0.00022313754810833662 -0.0064644866854019784 0.0044228942009222373 -0.0052463801214418229 0 5.097783345880523e-05 0.00019305507086873821 0 0.0052102013439478088 0.001022405882827294 -0.00035368590755871542 -0.0049658868639341665 -0.00034206190626466754
leaf_weight=10.594848381260816 14.189355890397563 14.159005981331577 41.655892499016772 13.611467135888235 12.480383059017184 11.031732596369691 10.514997992373535 11.204206151349352 11.115467442425141 11.322226552278151 36.287154190060392 20.256567237076524 10.216553394428045 10.316479770546719 10.932759126662857 13.211084014415972 17.067640758068592 16.479438546826714 18.03187885480293 23.277615023514954 21.305227423777978 10.139187540735291 26.9433521796891 10.259297473159675 10.798394143079348 10.099584644158311 45.866162842874473 10.245520830147145 27.131783802542486 10.159189628066086 80.198705286653421 13.954086427882428 16.363956751716614 10.134582963582941 10.116567773751738 10.043881208432138 13.992458311287917 106.32759184767929 64.788133254078275 51.804747947870055 10.05245742977422 10.10696519785415 11.201872663114044 11.636950936641368 65.492567772853363 10.941052378278981 15.930414209535231 99.257626901853655 10.104483664967118
leaf_count=29288 19325 16786 40337 29556 14223 12807 12436 7496 9464 13548 38894 21655 6164 15489 17838 14685 20600 20714 18892 29218 22223 19734 39121 12767 13253 10811 68028 6370 41953 13184 57153 12001 18429 13824 12447 7371 43587 126119 81400 151426 12924 7084 9282 12167 45818 11867 31241 104868 21751
internal_value=-2.16381e-05 0.000471335 -0.000118848 -0.0016724 0.000988158 0.00296516 -0.000371023 0.00235932 0.00466256 -0.0019229 0.00132931 -0.00386921 -0.00453788 -0.000671237 -0.00302556 -0.00375331 0.00217069 -0.00511752 1.40946e-05 0.00157347 0.0015429 0.00555457 -0.00109136 0.00308451 0.00327285 -0.00255561 0.00135058 0.000278609 -0.000463384 0.00364474 0.00627405 -0.00571419 -0.00186403 0.000797981 -0.00217823 0.00286871 -0.00440917 -0.00611042 0.00407585 -0.00477892 0.00389522 -0.00276875 0.00457178 0.00275065 0.00488226 0.000188868 0.000659369 -0.00471662 0.000657876
internal_weight=1143.35 1066.96 846.539 343.482 503.057 182.378 320.679 220.423 124.179 207.89 152.531 190.95 167.234 90.0247 163.625 139.332 112.789 157.018 132.524 43.638 44.2644 113.064 58.1986 95.7216 62.5067 46.3867 87.1873 22.7259 41.3211 85.2066 90.3379 136.761 45.3369 24.2936 47.1669 33.3215 76.3921 120.282 75.0474 65.7972 51.7083 37.0503 87.8986 32.9422 76.6944 28.9729 26.8632 112.469 23.716
internal_count=1437618 1213317 972227 406257 565970 178403 387567 241090 106944 247180 168297 237960 186653 101783 199242 168632 140387 180489 178494 52078 47938 97480 71459 119787 66514 49705 129306 20593 61278 107351 76887 158834 49188 30610 58652 36589 224301 138120 94167 195013 53261 46205 62596 34390 55100 30759 49079 119553 51307
is_linear=0
shrinkage=0.05


Tree=146
num_leaves=35
num_cat=6
split_feature=28 28 9 2 16 9 4 28 21 0 0 2 28 28 16 8 28 7 2 8 1 13 8 2 4 21 5 7 16 5 8 24 8 8
split_gain=3.32297 0.793079 1.39992 2.00251 1.09632 1.16009 1.17302 0.986071 0.874197 0.814935 0.742647 0.647884 0.520866 0.520793 0.736026 0.604951 0.429434 0.639697 0.472997 0.407976 0.379903 0.34331 0.277294 0.210809 0.209341 0.205733 0.116662 0.113326 0.0933046 0.0907736 0.0397661 0.030145 0.0239602 0.253316
threshold=0 1 3.4750337600708012 -0.14364806562662122 -1.2405155301094053 4.5239896774292001 2.1386272907257085 2 1.576451897621155 0.41815508902072912 -1.8675228357315061 -0.60336577892303456 3 4 -0.2080702409148216 1.3081390857696535 5 0.30520564317703253 -0.92820054292678822 1.7111432552337649 2.7816102504730229 -1.3857572078704832 -3.1542010307312007 -0.11344441771507262 0.59543782472610485 -0.28948022425174708 -0.30952045321464533 -0.32600504159927363 0.32689490914344793 -0.42785859107971186 -0.66396129131317128 1.0568633675575259 -1.3566228151321409 -2.4783151149749751
decision_type=9 9 10 8 10 8 10 9 10 8 10 10 9 9 10 8 9 8 10 10 8 8 10 8 8 10 10 10 8 8 8 10 10 8
left_child=1 4 3 9 -1 6 11 28 32 10 12 -6 -3 14 27 31 17 18 26 21 -13 -11 -15 29 -9 -18 -2 -12 -5 -19 -23 -16 33 -4
right_child=16 2 8 7 5 -7 -8 24 -10 19 13 20 -14 22 15 -17 25 23 -20 -21 -22 30 -24 -25 -26 -27 -28 -29 -30 -31 -32 -33 -34 -35
leaf_value=-0.0028346605573422072 0.00068685174412641027 0.0021821486702348456 0.0030284905043667441 0.0023397712006615204 -7.2604522766622605e-05 -0.0024733379432415586 -0.0020793032763101187 -7.4487043309639695e-05 -0.0017370105117928488 0.0009268154858291691 0.00013994626721922855 0.0099424406737334912 -0.0033390732372153261 -9.3002190244963553e-06 0.0050234393969364848 -0.0022815077140069277 -0.0010645372433748946 0 0.0036776399638548587 0.0015836641989892077 8.8069670500009884e-05 -0.00027544929791361883 0.0066685464193912136 0.0005603188097400559 -0.0084366557614287511 -0.0047983192258410721 -0.0027573681362826484 -0.0042642280976841343 -0.00065895441822701618 -0.0041172137905784957 -0.0058077600083262923 0.00031507121821329264 0.0082639928269575402 -0.001643223486571609
leaf_weight=10.162110576915437 10.928271538476112 22.684235002350761 11.886667706683509 19.983034733435488 18.766030090439017 10.704122147930319 10.690856568515299 10.337150942475999 12.137290994054636 11.121348501772443 12.084383838628129 107.24638882125146 37.403861040373158 15.592797201970823 37.413109772183816 10.008420162906985 87.530040713580092 17.104289700670051 59.667222424533975 16.429630031896522 12.485296418453798 10.955762236451845 94.55112762999488 21.679363057592127 54.597046951930679 216.4247262367644 14.530845234534352 16.133885118368198 10.380777749742267 61.626813002381823 19.920299282959608 13.37974188019143 36.963074427796528 10.181240410180182
leaf_count=3339 28124 2688 1392 3092 12869 3381 2923 1214 1232 3318 2583 22589 9453 2919 7814 2498 269535 39720 144808 5026 2361 2915 12988 51241 7655 576551 40097 3137 2418 151943 7813 3025 3527 1026
internal_value=4.54629e-05 0.00229583 0.000978843 -0.000338308 0.00479037 0.00608686 0.00719282 -0.0052856 0.00572973 0.00164915 0.00280477 0.00829678 -0.00126998 0.00406235 0.000327826 0.00290767 -0.00287613 -0.000593046 0.00197763 -0.00236122 0.00927296 -0.00398079 0.0056325 -0.00277803 -0.00713931 -0.0039285 -0.00173719 -0.00343042 0.00131641 -0.0035967 -0.00529045 0.00460433 0.00740335 0.00115907
internal_weight=1143.69 654.2 484.145 412.977 170.055 159.893 149.189 95.298 71.1683 317.679 259.252 138.498 60.0881 199.163 89.0195 60.8013 489.492 185.537 85.1263 58.427 119.732 41.9974 110.144 100.41 64.9342 303.955 25.4591 28.2183 30.3638 78.7311 30.8761 50.7929 59.031 22.0679
internal_count=1437214 135195 87733 80556 47462 44123 40742 14379 7177 66177 47105 37819 12141 34964 19057 13337 1302019 455933 213029 19072 24950 14046 15907 242904 8869 846086 68221 5720 5510 191663 10728 10839 5945 2418
cat_boundaries=0 5 10 15 19 24 29
cat_threshold=5771264 1080035329 4194311 75776 4224 5767168 0 4194304 0 4096 4096 4194305 4 8192 128 0 1073743872 6 67584 0 4196353 4 8192 128 2214724227 270274912 1610678560 3322937413 1024
is_linear=0
shrinkage=0.05


Tree=147
num_leaves=39
num_cat=6
split_feature=28 13 28 16 18 28 8 16 21 21 10 21 16 16 21 3 24 4 3 3 28 21 10 21 27 7 3 15 7 15 8 21 28 16 8 24 7 12
split_gain=3.15577 0.759515 1.29511 1.42625 1.07366 0.900426 1.63454 1.23242 1.37822 1.16181 1.03076 0.891299 0.636976 0.534468 0.488081 0.305391 0.288196 0.274276 0.273049 0.270748 0.256221 0.412256 0.234771 0.281495 0.208633 0.442071 0.14305 0.129264 0.0992452 0.0726714 0.0722747 0.0686947 0.0649797 0.0639187 0.0505791 0.0449467 0.0391086 0.0281631
threshold=0 1.5735307931900027 1 1.491604804992676 1.2554754018783572 2 2.4851896762847905 0.86917355656623851 0.30366499722003942 -0.25170096755027765 1.9077083468437197 1.4823046922683718 0.83993828296661388 1.6683501601219179 1.3748747110366824 1.1517759561538699 0.98429843783378612 0.017023247666656974 -1.105877101421356 0.17454044520854953 3 0.81070742011070263 -1.6333467364311216 0.45491686463356024 4 0.59827187657356273 1.3262982964515688 3.0543068647384648 1.6524797677993777 0.014690937008708717 -1.6593025922775266 1.6113851666450503 5 -0.38065512478351587 0.94893085956573497 -0.69656148552894581 -1.2086410522460935 -1.83552610874176
decision_type=9 10 9 10 8 9 8 10 8 10 8 10 10 10 10 10 10 10 10 10 9 8 8 8 1 8 10 8 8 8 10 10 9 8 10 8 10 10
left_child=1 5 4 31 -3 9 7 8 18 -1 12 22 14 -6 37 -12 -9 -13 -7 34 21 36 -10 -24 25 27 -16 -22 -23 -27 -14 -4 -26 -31 -20 -19 -2 -11
right_child=20 2 3 -5 13 6 -8 16 11 10 15 17 30 -15 26 -17 -18 35 19 -21 24 28 23 -25 32 29 -28 -29 -30 33 -32 -33 -34 -35 -36 -37 -38 -39
leaf_value=-0.0033531574482846848 0 0.0040784442360815359 0.010177962877691897 -0.0017204637677385186 -0.0053425913650557207 -0.0017528607086930723 0.0055234355551343995 0.0042557198813543392 -0.00012938947362246483 0.00050166697245698419 -0.0039074830780714996 0.0024398575200611852 -0.0018048412439301362 0.0016674307520177037 0.0017392451503878412 0.001342384026820234 -0.00089149758761895674 0.00011540207074339921 0.0045306214320205455 -0.0010539138257939324 0.0017954139150140635 0.003007705138068674 -0.0001196108135027815 -0.010036517778778321 -0.0014951136121476008 5.0259641056097557e-05 -0.0015198133973431101 -0.00097935667941491931 -0.00029780969298903639 0 0.00069815739934286263 0.00082232465698199521 -0.0061320568768738273 -0.0039804538571884514 2.7943750876413174e-05 -0.0025892477749261465 -0.0023980690359152574 0.0075718747781514705
leaf_weight=24.022676619162667 20.635965455898258 25.878382702707313 67.104094574751798 17.363384113559732 42.207127374247648 10.316092965455026 25.643212814451545 23.570473836734891 10.066736943990689 10.489358867111148 15.138915401796114 13.34807039957377 10.107020067865962 10.241931604003183 22.769681456557009 13.305430632288333 18.217962726441328 10.518488030123988 19.500900811472096 11.814948443163301 60.284707362545305 23.365201137770782 10.040695448202316 62.558571703222697 84.871888097135525 10.60036378650693 12.924530175747348 25.397407144926547 17.387210544984555 11.737357830083054 14.159073340997564 12.774721363879506 82.94108382381819 64.774963298019429 10.025058278581126 12.668825858971106 88.061875022467575 117.08650082450185
leaf_count=16252 53538 4181 8037 2369 7177 4071 6124 2741 1534 2115 6553 1426 2749 1485 4273 2843 2441 1123 3688 1574 165443 49344 1419 8125 199546 28661 2195 70408 38753 33764 3599 1578 275571 182027 1639 1585 211976 25401
internal_value=0 0.0021927 0.00465442 0.00717114 -0.000525637 0.000966112 -0.00110495 -0.0028647 -0.004549 0.00281659 0.00412885 -0.00679882 0.00533706 -0.0037792 0.00624295 -0.00209765 0.00269401 0 0.00138393 0.00275246 -0.00284661 -0.000629256 -0.00870343 -0.0093139 -0.00356708 -0.00139985 0.000302597 0.000878272 0.00215523 -0.00328229 -0.000790273 0.00961282 -0.00482028 -0.00362091 0.00404345 -0.00205338 -0.00209448 0.00732365
internal_weight=1143.92 653.863 175.57 97.2422 78.3274 478.293 238.29 212.647 170.858 240.003 215.981 119.201 187.536 52.4491 163.27 28.4443 41.7884 36.5354 51.657 41.3409 490.058 149.45 82.666 72.5993 340.608 172.795 35.6942 85.6821 40.7524 87.1127 24.2661 79.8788 167.813 76.5123 29.526 23.1873 108.698 127.576
internal_count=1437328 128297 24827 11984 12843 103470 37490 31366 26184 65980 49728 15212 40332 8662 33984 9396 5182 4134 10972 6901 1309031 353611 11078 9544 955420 480303 6468 235851 88097 244452 6348 9615 475117 215791 5327 2708 265514 27516
cat_boundaries=0 5 10 15 20 21 26
cat_threshold=5771264 1080035329 4194311 65540 5248 1052672 2097153 3 4 1152 5246976 2097153 4194306 0 1152 100696066 2165118216 1711386656 105392192 36 1120 2164261473 403832896 2150633408 1343521569 131088
is_linear=0
shrinkage=0.05


Tree=148
num_leaves=44
num_cat=8
split_feature=28 28 7 23 16 9 28 9 8 16 0 15 28 28 8 8 0 7 16 15 7 7 28 28 24 7 24 8 8 24 8 5 16 0 24 22 22 23 11 8 0 28 22
split_gain=2.80388 0.81495 1.14731 0.923483 1.02519 0.93565 0.778326 0.776639 0.762497 1.22066 0.721659 0.652581 1.05165 0.849173 0.630192 0.609057 0.569577 0.523756 0.436352 0.427941 0.313483 0.300768 1.2982 0.500429 0.283264 0.25913 0.255727 0.236117 0.227063 0.193927 0.170475 0.168028 0.157284 0.130644 0.130557 0.135258 0.187659 0.109598 0.0963471 0.0628166 0.0617805 0.0595253 0.0366433
threshold=0 1 1.6954686641693117 1.0755168199539187 2.7342935800552373 0.12820541858673098 2 4.7674007415771493 0.92539876699447643 0.14817600697278979 -2.327060222625732 0.58649063110351574 3 4 -3.5157508850097652 -0.62441158294677723 -1.0883710980415342 -0.062797021120786653 -1.9111124873161314 0.34672491252422338 0.73184660077095043 -0.89961713552474964 5 6 -1.8805533647537229 1.4955054521560671 0.79506659507751476 -1.2782470583915708 -2.6354750394821163 -0.16406632214784619 -1.6170448660850523 -0.092132080346345888 -1.4396021366119383 -0.14521923661231992 2.070361971855164 0.29758614301681524 3.5054838657379155 0.98096573352813732 1.6140264272689822 -3.0517344474792476 -1.4233487844467161 7 1.0000000180025095e-35
decision_type=9 9 8 8 8 8 9 8 10 10 10 10 9 9 10 8 8 10 10 10 10 8 9 9 8 8 8 10 8 10 8 8 8 10 10 8 10 8 8 10 8 9 10
left_child=1 2 8 11 5 26 14 38 9 15 -11 12 40 18 -7 17 27 -1 -13 -16 31 22 -2 37 -20 -8 -5 28 -14 -10 -18 33 -25 -15 35 -26 -37 -23 -4 -19 -3 -24 -33
right_child=21 3 7 4 -6 6 25 -9 29 10 -12 13 16 20 19 -17 30 39 24 -21 -22 23 41 32 34 -27 -28 -29 -30 -31 -32 42 -34 -35 -36 36 -38 -39 -40 -41 -42 -43 -44
leaf_value=-0.0013816952869491683 0.0041631269938652111 -0.0063677831583581826 0.0096778239331185307 0.003127104814310621 0.0037179832377306991 0.00074424434387580676 0.0029091726248822005 -0.0010586436173674111 -0.00028396421695499715 0.0013854202890016811 -0.0078817791141097878 -0.00086324993958479328 0.0021870347063295222 -0.0021134166967989774 0 -0.0024470133571339991 0.0010406069853696786 0.00024470773922240257 -0.00023774737136603359 -0.0093822630269848224 -0.0033370423430715696 -0.00087408131618351174 0.00012353950492867031 0.00015118971274009839 0.0076508408011321388 -0.001662764068748452 -0.0014281925870390476 0.0062226994429283693 -0.0021551357360688429 0.0056291151563239751 -0.002899523343450912 0 -0.0046089336995112752 0.0011083005537085484 8.0802114131168854e-06 -0.00047576096064656949 0.0033607065845223183 0.0017104335576069284 0.00051758313723326962 0.0066371880231394943 -0.00043091196797177367 -0.0045023147549720314 0.0030124484822914516
leaf_weight=10.294922721019246 34.3954888947992 14.127400793149716 50.490929596766364 27.433983336537494 19.54196099586261 12.257924065204859 18.029575155596831 10.097900684573686 10.045349058753347 10.151271215116138 24.597746230763732 14.867611117326303 10.035405036345763 19.25750582589535 12.562136907748934 10.940591774080529 11.263637883690533 10.043245153327009 13.937796522834104 58.671184847131371 21.180578478815733 43.103139704697242 11.353563060343729 12.867705794997162 75.68325653282227 12.188457161319095 12.266676370665662 14.671610575474913 10.392767957215257 11.303197530913165 15.747273911627419 10.199765018158361 293.90736122231465 13.544217554088389 10.196510934692922 36.154103075328749 18.601510182619677 24.088131202748627 10.262698949140029 19.967162006534636 15.148333809978796 35.030566682908102 12.080028150936412
leaf_count=6543 86532 3759 7120 13664 8425 3323 6576 3296 3048 2170 10358 4118 2900 14349 2097 3191 3767 1646 2806 11606 15955 107399 35840 34840 16479 6457 6831 3939 2588 3409 8355 8690 783447 11365 2085 8520 4221 60629 2547 3286 6083 96912 5835
internal_value=-0.000168912 0.00179055 0.00424086 0.00056943 -0.00202862 -0.0035192 -0.00530853 0.00777898 0.00041343 -0.00186023 -0.00589539 0.0020199 -0.00112974 0.00320123 -0.00671512 0.00238673 0.00226592 0.00438257 0.00468719 -0.00837143 -0.000908678 -0.00300393 -0.000122818 -0.00359745 0.00555512 0.000992097 0.00165233 0.0047424 0 0.00452752 -0.00158269 0.00103457 -0.00428203 -0.000856792 0.00606724 0.00637969 0.00176182 0.000317185 0.00910782 0.00605019 -0.00494449 -0.00389196 0.00255477
internal_weight=1142.98 688.236 178.195 510.041 172.952 153.41 113.709 70.8515 107.343 85.9949 34.749 337.089 91.3864 245.703 83.4912 51.2459 62.1107 40.3053 169.441 71.2333 76.2621 454.746 80.7796 373.966 154.573 30.218 39.7007 35.0998 20.4282 21.3485 27.0109 55.0815 306.775 32.8017 140.635 130.439 54.7556 67.1913 60.7536 30.0104 29.2757 46.3841 22.2798
internal_count=1437006 231407 46614 184793 58979 50554 30059 12963 33651 27194 12528 125814 31391 94423 17026 14666 21549 11475 38229 13703 56194 1205599 219284 986315 34111 13033 20495 9427 5488 6457 12122 40239 818287 25714 31305 29220 12741 168028 9667 4932 9842 132752 14525
cat_boundaries=0 5 10 13 17 20 25 30 35
cat_threshold=5771266 1081083905 4202501 67184644 4224 4718592 1073741824 4194304 65536 4096 1048578 2099200 8197 4096 0 1 67108868 1052672 2048 8197 2197948288 268980512 847251658 2198863968 33808 67141696 2348950664 1160778016 1348501504 4 1612709913 295494 623104 530321 8736
is_linear=0
shrinkage=0.05


Tree=149
num_leaves=56
num_cat=3
split_feature=5 5 15 27 27 10 18 8 3 16 21 27 3 15 15 15 21 5 14 8 9 10 7 13 21 16 21 8 8 8 14 8 14 13 5 3 8 7 22 3 8 15 22 8 22 16 24 19 13 6 24 13 8 6 18
split_gain=0.838665 1.13384 0.660837 0.978219 0.576236 0.746815 0.53155 0.52379 0.513889 0.497501 0.491677 0.490117 0.463151 0.442934 0.43599 0.428864 0.421617 0.415405 0.377228 0.308651 0.254001 0.243538 0.240456 0.219966 0.298785 0.356842 0.219425 0.200363 0.180385 0.159289 0.15422 0.153466 0.14804 0.136673 0.131611 0.118338 0.115072 0.101057 0.100612 0.0992683 0.0881233 0.0845351 0.0835503 0.082397 0.0780919 0.0656437 0.0625005 0.052945 0.0512459 0.0498706 0.0422371 0.0415752 0.0342337 0.0245083 0.0210934
threshold=0.32235559821128851 -0.42785859107971186 0.68980515003204357 0 1 3.5552006959915166 0.99657174944877636 -0.73982566595077504 -0.63979604840278614 -0.47934162616729731 0.49057812988758093 2 0.73945116996765148 0.60080015659332286 1.4414480328559878 6.0024590492248544 0.42924526333808904 -0.19234380871057508 -1.4978430271148679 -2.3066527843475337 0.40996773540973669 3.6363687515258794 1.3675070405006411 1.7449898123741152 1.0799496769905093 0.4662413895130158 0.59175434708595287 -2.8519879579544063 3.519761443138123 -1.0293311476707456 0.34080353379249578 -2.8519879579544063 -0.59301096200942982 1.1521182656288149 -0.26170006394386286 0.87712568044662487 1.7111432552337649 -0.8568935990333556 -2.4717947244644161 -1.259591221809387 -2.946678519248962 4.5157976150512704 2.4739862680435185 -0.66396129131317128 -0.31301848590373987 0.15543872863054278 -1.2648893594741819 -1.3885236978530882 1.8059169054031374 -0.049145590513944619 -0.84124964475631703 -0.063003338873386369 -1.8213165402412412 -0.016989155672490593 0.21644078195095065
decision_type=10 8 8 1 1 10 8 8 10 10 8 1 8 10 8 10 10 10 8 8 10 10 10 8 10 10 10 10 8 8 10 10 10 8 8 10 10 10 8 10 10 10 10 10 10 10 8 10 10 10 8 10 10 10 8
left_child=1 11 12 16 13 7 8 14 34 -9 54 20 38 -2 22 40 28 30 -8 -15 42 33 37 24 25 36 -21 -19 43 31 -18 -22 51 50 -5 -31 47 -6 -3 -40 -16 -27 -1 52 -7 -26 -41 -13 -24 -36 -14 -10 -4 -29 -11
right_child=4 2 3 6 5 44 18 9 32 10 -12 23 21 19 15 -17 17 27 -20 26 29 -23 48 -25 45 41 -28 53 -30 35 -32 -33 -34 -35 49 -37 -38 -39 39 46 -42 -43 -44 -45 -46 -47 -48 -49 -50 -51 -52 -53 -54 -55 -56
leaf_value=0.0052786110079698729 0.0021811616434547357 0.00068813947684416956 -0.00087544276130043961 3.0987749948760048e-05 0.00035104143009615375 -0.0028644860494119878 0.00025684711659197689 -0.00050971218878582015 0.00044186202023504731 -0.00046424024699038793 0.0089150516279171647 -0.00025345504739656853 0.0010324899569320639 0.0010519304325421698 2.0498531695714955e-05 -0.0012689464354231339 -0.0025659910855641058 -0.00044343730067481103 -0.0077532492654908379 0.00015294173305523053 0.0010379333030339413 -0.0010680253327476333 -0.00033542837782523022 0.0020265621485632403 0.0025245842615773026 0.0019120580184236369 -0.0056694747920071308 0.0049315877175097368 0.0009225133741159121 -0.00068041160686386072 0.0010892161912338292 -0.0026798191671488958 0.002297485183855274 0.0046233854883035623 -0.0051076852506622122 0.0028579231917926721 0.00024627383289112047 -0.003283621158050374 0.00050542239494694326 0 0.0053136107402256385 -0.0007386483092535665 7.8119024991289124e-05 -0.0037552726484101555 0.000251658282565178 -0.00033692317670007036 -0.0032096897773372362 -0.0040573598134279881 0.0020437985833441047 -0.00019482465411312211 -0.00079612690928080221 -0.0015627816459021027 0.00079241595306019205 0.00023662917880197407 0.00083977324149617737
leaf_weight=54.586960966895276 16.877000873988436 11.793964404263532 12.48411339568702 15.323604945631812 10.370618615190322 13.285000591124119 11.533023772513841 15.280741613052667 10.018187734407549 13.550811150475056 49.526417042186949 20.712419817398768 10.86146912438562 11.417775706766404 11.238986161719366 16.588471172020945 20.469097671797503 12.822828661577658 96.494571809220361 15.540717691794269 10.51447564836417 10.266910475846087 12.257763601555782 29.094782628955727 15.284551136021038 28.323777993427939 21.037591295767925 31.815686470494256 12.518387867741692 10.033173257274031 10.336805919912875 15.962933940885703 39.51881722627877 31.96190432393632 25.57682146422303 13.08385564945638 12.667737350217065 33.594560470446595 10.11006041112705 15.985781305891576 32.27299592091731 11.878541029160258 12.115831235547374 28.53623623358726 14.721807631918635 10.01437057834846 42.547803935965931 66.898585264534631 10.027614481376075 12.312595957431766 15.003937075729487 12.324603103821572 10.126221499092933 10.736641378214697 10.397778613463743
leaf_count=87346 25553 17799 13642 38951 11074 8902 18920 14740 14516 18362 21589 28583 9126 18851 8640 8854 10291 6578 189172 37986 8546 9748 6938 37939 9746 38805 32749 12300 24293 7849 5928 11962 59667 29403 63095 7756 19737 27245 23804 23236 17266 15573 21675 32835 11011 6318 67483 94217 3815 31508 14313 22064 9757 5519 13996
internal_value=2.40435e-05 -0.000800756 -0.00215467 -0.00317006 0.00206828 0.00301095 -0.00486169 0.00406497 -0.00155294 0.00627164 0.00735777 0.00143854 0.000525965 -0.00133932 0.00114786 0.00321456 0.000145749 0.00201858 -0.00705576 -0.0032462 0.00333192 0.00271531 -0.0012602 -0.000246587 -0.00105728 -0.00195681 -0.00447828 0.00370102 -0.00210537 0.000205662 -0.00136256 -0.00142472 0.00120495 0.00361716 -0.00383807 0.00183872 -0.0031727 -0.00264247 -0.00161948 -0.00218102 0.00474187 0.00109812 0.00481502 -0.00298558 -0.00205099 0.00185389 -0.00271018 -0.00361324 0.00133916 -0.00458716 8.02404e-05 -0.000910664 -2.83195e-05 0.0045688 0.000219309
internal_weight=1140.64 832.652 521.48 372.948 307.987 243.114 223.102 215.107 115.075 88.7557 73.475 311.172 148.532 64.8731 126.351 60.1005 149.846 86.1811 108.028 47.9961 116.297 68.0942 66.2506 194.875 165.78 140.481 36.5783 55.3752 63.665 49.5944 30.8059 26.4774 61.8616 57.8273 53.213 23.117 100.279 43.9652 80.4376 68.6436 43.512 40.2023 66.7028 51.1466 28.0068 25.2989 58.5336 87.611 22.2854 37.8894 25.8654 22.3428 22.6103 42.5523 23.9486
internal_count=1437571 1150000 753948 559036 287571 172432 437893 152519 229801 68687 53947 396052 194912 115139 83832 34760 121143 40616 208092 89586 145134 62590 49072 250918 212979 196915 70735 24397 80527 36113 16219 20508 96247 52842 133554 15605 142537 38319 132322 114523 25906 54378 109021 56234 19913 16064 90719 122800 10753 94603 23439 36580 23399 17819 32358
cat_boundaries=0 1 2 3
cat_threshold=2096 582 2257
is_linear=0
shrinkage=0.05


Tree=150
num_leaves=49
num_cat=0
split_feature=2 10 13 18 15 15 20 11 23 3 15 23 23 22 21 14 15 10 22 14 22 21 22 15 24 15 23 21 18 2 24 21 6 2 2 26 21 6 24 6 20 11 24 6 21 23 9 18
split_gain=1.02497 0.488112 0.451644 1.10119 1.42554 0.553365 1.0377 0.776527 0.756856 0.582528 0.543649 0.51757 0.612855 0.475706 0.429134 0.397206 0.38989 0.34698 0.312932 0.302294 0.268627 0.266092 0.19837 0.193135 0.164573 0.154241 0.135734 0.133462 0.117819 0.108908 0.106646 0.10523 0.0941182 0.0920362 0.0900388 0.0857448 0.0757426 0.0730069 0.0723442 0.0650507 0.0591927 0.0542849 0.0537615 0.0514473 0.0420575 0.0387585 0.0300198 0.0264309
threshold=-0.93969428539276112 8.2420296669006365 1.5920033454895022 1.3975987434387209 0.87434819340705883 1.5480313897132876 0.38492064177989965 1.9039571285247805 -1.1451714634895322 0.47713290154933935 10.128684520721437 0.25432474911212927 1.5775867700576784 3.0447558164596562 0.921321600675583 1.4807435870170595 -0.19730904698371884 1.099682152271271 -3.7693972587585445 -1.3795081973075864 4.2190752029418954 0.031826600432395942 0.74051085114479076 6.5068035125732431 1.5503112077713015 2.6408089399337773 -2.5515078306198116 0.23770435899496081 1.0837501287460329 -0.35682564973831171 -1.0749785900115965 -0.17897313088178632 -0.50493305921554554 -0.33333332836627955 -0.25750313699245447 0.55952382087707531 0.02386563736945391 -0.54400148987770069 -0.41660688817501063 -0.032777681946754449 0.26587302982807165 0.1580581068992615 -1.4997497797012327 0.21339460462331775 0.87026548385620128 -0.77130615711212147 4.145888328552247 0.21644078195095065
decision_type=10 8 10 8 10 8 8 10 10 10 10 10 10 8 10 8 10 10 10 10 10 10 8 10 10 10 10 10 10 10 10 8 8 10 10 10 8 8 8 10 10 8 8 10 10 10 10 8
left_child=37 2 5 18 15 6 14 16 9 25 20 13 17 27 22 -5 41 23 -4 -18 24 -19 33 34 -6 -7 -27 45 31 36 42 -24 -3 38 -13 -9 -14 -1 -2 -39 -16 -8 -21 -34 -25 -10 -12 -37
right_child=1 32 3 4 10 8 7 35 11 -11 46 12 29 -15 40 -17 19 21 -20 30 -22 -23 28 44 -26 26 -28 -29 -30 -31 -32 -33 43 -35 -36 47 -38 39 -40 -41 -42 -43 -44 -45 -46 -47 -48 -49
leaf_value=-0.00022515638980389452 0.0024498542094166485 0.00022392118823003028 -0.00045358596905629322 0.0055686286872856424 -0.0062306564981173748 0.00024302005068424271 0.0013993111906707662 0.0020771045171377755 -0.00040193883579218341 0.002021658616614437 -0.00014695698942935001 0.0025163746670732283 0.0014047082360400147 -0.0010048643357179351 0.004413543666563411 -0.00095145879800624894 0.00051821947408544212 0.00083866910510315166 0.0064730159866186708 -0.0016703854934399355 0.00051579087939653977 -0.004652160497379816 0.00033050094793222258 -0.0021317096525540462 0 8.6510769252261428e-05 -0.0051923609764521787 0.0067766053855065241 0.00070786455799570422 0.0041891676370444646 -0.0064390201600872977 -0.0033381327616335069 -0.0039911324104571219 -0.00084982033232042361 -0.00038579837959132319 0.0004519972119024403 -0.00099728650784656299 -0.0054395752913616773 -0.00020403097282037483 -0.00035805878434162102 3.23902788768101e-05 -0.00072680418449808863 0.0005081485917656528 -9.5569052760187271e-05 0.00022430080213402452 0.0014963918278594023 0.0018936084362730509 -0.0010410349414244279
leaf_weight=17.315469853507238 35.661893067408528 11.433275798430257 10.112669787384219 39.186063621331414 54.191578922414919 12.021585997521468 11.717166362097485 31.148387079032545 10.406780147241074 26.97290276257263 10.341596984086211 40.383532515072147 13.411346634369691 14.69423775407631 38.948921751602029 12.782300649167153 11.202877922216429 10.205299562258004 73.501807293687307 20.862091257244174 10.325115680505403 32.552853821893223 11.940814366127595 10.981859378181982 12.458663016521312 10.119810925636555 38.589899834762036 53.775732432884979 10.072081958191118 37.528501416956715 102.43427923058334 29.255855985022208 26.521852215693798 10.935399826339561 17.553881083214947 10.116601295456347 17.894470778301187 41.456261987586913 21.908502805577882 17.176822000168613 11.802223268095984 11.992634271628051 12.698142122397256 15.395000491786048 10.086032882616562 24.142274204255958 10.22888748977857 15.384383722390341
leaf_count=48226 47437 21708 9985 26567 45582 19281 14189 41676 17015 20954 9927 55819 23417 16285 26055 10604 10319 16536 66886 22328 7850 32937 24786 15424 9873 12975 53180 47839 12799 29150 117269 36298 57268 11494 11599 16171 23375 124727 32956 51186 8200 14452 14869 27824 7603 40347 5565 18280
internal_value=-6.38152e-05 0.000417281 0.000723309 0.00243473 -0.00036499 8.94574e-05 -0.00114028 -0.00308893 0.00136821 -0.00195422 -0.00345472 0.00251513 0.00057913 0.00470467 0.00154818 0.00423572 -0.00448158 -0.0014188 0.00574162 -0.00522988 -0.00484277 -0.00354208 -0.000313173 0.000619032 -0.00558102 -0.00388072 -0.00455669 0.00571057 -0.00189172 0.00326535 -0.00574229 -0.00262175 -0.00288246 0.00112571 0.00181936 0.001197 0.000201267 -0.00434061 0.00176803 -0.00484693 0.00396603 0.00049254 -0.000975429 -0.00344505 -0.00156918 0.000965902 0.00141961 -0.000475423
internal_weight=1141.83 1065.88 1012.53 233.129 149.514 779.403 398.082 227.557 381.321 87.7042 97.5458 293.617 190.598 103.019 170.526 51.9684 170.907 121.763 83.6145 147.197 76.9754 42.7582 119.775 79.0053 66.6502 60.7313 48.7097 88.3248 51.2688 68.8343 135.995 41.1967 53.3501 68.5058 57.9374 56.6494 31.3058 75.9486 57.5704 58.6331 50.7511 23.7098 33.5602 41.9169 21.0679 34.5491 20.5705 25.501
internal_count=1437092 1212953 1106153 192839 115968 913314 469578 269553 443736 106390 78797 337346 215860 121486 200025 37171 193426 139918 76871 164785 63305 49473 165770 90445 55455 85436 66155 105201 73883 75942 154466 61084 106800 91887 67418 76127 46792 224139 80393 175913 34255 28641 37197 85092 23027 57362 15492 34451
is_linear=0
shrinkage=0.05


Tree=151
num_leaves=35
num_cat=5
split_feature=28 8 28 28 2 2 22 15 15 15 19 22 22 28 13 8 16 3 18 28 16 8 8 16 5 22 5 24 8 16 16 16 8 16
split_gain=3.26654 0.900476 3.04914 1.63408 2.46528 2.42208 1.638 1.11951 1.04416 1.00088 0.966835 0.743306 0.700345 0.559955 0.509266 0.517019 0.507512 0.46126 0.420394 0.397122 0.328287 0.328255 0.433527 0.192885 0.136808 0.127338 0.0837875 0.0626202 0.054695 0.0470931 0.0615655 0.0351895 0.0266555 0.0224095
threshold=0 0.68238222599029552 1 2 -0.24359240382909772 -0.43514464795589441 -0.38416279852390284 12.121827125549318 7.8095550537109384 4.3615505695343026 -1.3392328619956968 10.255957603454592 1.0470662117004397 3 0.62167066335678112 -0.9036235213279723 0.42284020781517034 -1.105877101421356 0.35297764837741857 4 0.057072985917329795 -0.46478383243083948 -2.5547546148300166 0.90013673901557933 -0.14328386634588239 0.89375174045562755 -0.60480669140815724 -1.2997358441352842 -2.2434310913085933 -0.68628564476966847 0.014735265634953977 2.3976135253906254 -3.2101482152938838 0.4398846328258515
decision_type=9 10 9 9 10 10 10 8 10 10 8 10 10 9 8 10 10 8 10 9 10 10 8 8 10 8 8 10 8 10 10 10 10 10
left_child=1 3 8 4 6 12 26 10 -3 20 25 21 17 -11 28 -16 -8 -5 -14 23 -4 22 32 29 -23 27 -1 -7 -6 -2 -31 -10 -12 -32
right_child=19 2 9 5 14 7 16 -9 31 13 11 -13 18 -15 15 -17 -18 -19 -20 -21 -22 24 -24 -25 -26 -27 -28 -29 -30 30 33 -33 -34 -35
leaf_value=-0.00020742934002455885 0.0013447986528041134 0.011817562722643171 0.00014149701473955165 -0.00069265685292966466 -0.0010060498070733211 0.00055886984302630646 0.0049565870065565627 0.0029752741045813553 -0.00065413580304472634 0.004676422496549649 -0.001874084413977733 0.0012253014910055954 -0.0036354773625547464 -0.0020026299405252932 0.0099526881147222711 1.6425334227002732e-05 -0.0016616127904582137 0.0074479758755322152 0.0022286235756553969 -0.0039586970617424798 -0.0062570030983941025 -0.0021569958787786741 -0.010128345216629347 -0.0023699484853914581 0.0011858737975022648 0.0020620526523000685 -0.0068643446735267974 -0.0018315802501888722 0.001124619433995603 -0.0011520819201908195 0.0010189411686699981 0.0010127281010359442 3.6803528177021677e-05 -0.00020614922522964836
leaf_weight=10.121745472977635 26.278052375877451 65.529966369198519 21.708103089491487 10.345508617858284 10.016063988878157 13.417899224201394 35.11267212544044 16.154575744076283 14.489001690017178 20.115482469729614 25.570099347693031 12.03352300012193 13.196862128796058 11.042143686674537 74.577758741448633 15.943862468178848 12.879333107004639 44.142685020240606 12.659594383665533 287.87408387826872 31.83411298104329 10.009262283863793 70.265998213973944 52.916100564019871 15.398540322115876 19.212627882858214 29.464138207840733 11.513160436385077 10.141887921374293 39.623263582223444 39.347508255348657 11.960923766091581 15.03374729506322 30.626050372775353
leaf_count=2805 66519 9580 6946 7374 2282 1836 11707 2654 1994 1945 4777 2191 7026 11321 9414 2061 6203 16362 4339 796049 12802 1584 12883 136275 2174 3218 12935 1840 2385 97097 97652 1384 2106 77180
internal_value=6.30893e-05 0.00225504 0.00492475 0.000951321 0.00388245 -0.00139448 -0.00178483 -0.00408291 0.00911862 -0.00182797 -0.00518738 -0.00669757 0.00432904 0.00280174 0.00779952 0.00886673 0.00318789 0.00626266 -0.00112194 -0.00289247 -0.00479891 -0.00756512 -0.00843742 -0.000683955 -0.000621757 0.000695704 -0.00628381 -0.000963872 3.21786e-05 0.000369841 -0.000180671 0.000203597 -0.00148152 0.000578618
internal_weight=1140.56 663.891 176.68 487.212 198.257 288.954 87.5779 208.609 91.9799 84.6998 192.455 148.311 80.3447 31.1576 110.68 90.5216 47.992 54.4882 25.8565 476.665 53.5422 136.278 110.87 188.791 25.4078 44.1437 39.5859 24.9311 20.158 135.875 109.597 26.4499 40.6038 69.9736
internal_count=1436900 166128 45972 120156 49792 70364 33650 35263 12958 33014 32609 25715 35101 13266 16142 11475 17910 23736 11365 1270772 19748 23524 19766 474723 3758 6894 15740 3676 4667 338448 271929 3378 6883 174832
cat_boundaries=0 5 9 14 19 24
cat_threshold=5771264 1076365321 4202503 65536 5248 1572864 1073743873 4194304 65536 4198400 2097160 4194308 0 4224 0 0 1 0 4096 100794529 272700772 3760199776 370681920 16
is_linear=0
shrinkage=0.05


Tree=152
num_leaves=50
num_cat=3
split_feature=27 5 25 5 6 26 15 23 5 8 8 1 8 25 27 6 8 16 27 21 8 7 0 21 21 8 5 11 13 23 26 25 14 0 1 7 0 23 23 16 22 26 7 6 21 6 5 11 5
split_gain=0.672793 0.677482 1.30273 0.601998 0.615857 0.522956 0.516014 0.68982 0.565511 0.770609 0.708925 0.561892 0.392749 0.377441 0.475949 0.376063 0.285681 0.264201 0.226984 0.219668 0.212664 0.284335 0.210995 0.207974 0.196887 0.194022 0.170808 0.161629 0.152206 0.14201 0.126506 0.121739 0.116655 0.114011 0.105256 0.102562 0.0959504 0.0941637 0.0887679 0.0825203 0.0696771 0.0657457 0.0638392 0.0549659 0.049204 0.0420902 0.0338606 0.0337347 0.0298095
threshold=0 0.81366407871246349 0.70337301492691051 -0.0886869542300701 -0.81201270222663868 0.15476191043853763 0.73500707745552074 0.17740957438945773 -0.30496719479560846 0.7186427414417268 -1.2976331710815427 -1.8674457073211668 3.8223487138748173 0.44940476119518286 1 2.47456967830658 -2.0324308872222896 -0.8655911087989806 2 0.3120011985301972 -2.8076424598693843 2.5809081792831425 -0.435742437839508 0.88280326128005993 1.2828928828239443 -4.4626240730285636 -0.32278411090373987 0.64376693964004528 1.4093837738037112 1.1559408307075503 0.61507937312126171 0.5426587462425233 1.164427697658539 -1.5254544019699094 -1.6579897999763487 -0.062797021120786653 -1.0000000180025095e-35 1.7750037312507632 1.407110929489136 -0.50823378562927235 -0.95278641581535328 0.66269841790199291 1.1801441311836245 -0.44203595817089075 0.12658501416444781 -0.56626814603805531 3.1334073543548588 1.9459750056266787 -0.67777639627456654
decision_type=1 10 8 10 8 10 8 10 8 10 8 8 10 10 1 10 8 8 1 8 8 10 8 10 8 10 8 8 10 8 10 10 8 10 8 10 8 10 10 8 8 10 10 10 8 10 10 10 10
left_child=1 2 3 4 38 32 7 40 9 23 25 28 18 14 22 20 31 -13 29 -9 -3 -22 27 36 37 -10 -15 43 -12 41 -18 -5 48 -27 -21 -35 -8 39 42 -16 -2 -4 -1 -7 -28 -24 -17 -29 -6
right_child=6 15 12 16 5 13 8 19 10 -11 11 17 -14 26 24 46 30 -19 -20 34 21 -23 45 -25 -26 33 44 47 -30 -31 -32 -33 -34 35 -36 -37 -38 -39 -40 -41 -42 -43 -44 -45 -46 -47 -48 -49 -50
leaf_value=0.0038648324528510374 0.00020525985658206673 -6.017747823956596e-05 0.00035091280205463152 0.0016327080352357755 -0.00022599643879310773 0.0024349062301819374 -0.004032146020107835 -0.00021135642617031627 -0.0018463664235452136 0.0041328976810028782 -0.0014705447494131746 0 0.0013452611698281077 0.00078397578565425694 0 -0.0013156893628258838 0.0056808867021662449 -0.0078049847632597012 -0.0059151907601056597 0 0.0059250423358149897 -0.00039721805547463505 0 0.00098741715497609596 -0.00061880778171168852 -0.00050572899275124514 -0.0001971797357323238 -0.0017502944330411931 0.0020613482293069551 0.0012480296148953453 0.00062716442524631195 -0.001269094347475519 9.2262572944024911e-05 -0.00025278287796405102 0.005459169112763668 0.003638397318633536 0 -4.0872025411783664e-05 0 0.0047683576026673466 -0.002943092720570425 -0.0023362191273585196 8.0469119139293637e-05 -6.8933856188345589e-05 -0.0036921791129922495 -0.0032555590531934348 0.00038602732235449124 0.00022689622374608175 -0.0051471461227543241
leaf_weight=56.294841652284958 11.08270636218367 18.734269156491791 11.285584156903495 16.494673256274837 10.499709282281396 26.010939540472464 31.203356198777328 21.727549496848951 12.417159728269324 27.908882023330079 11.771646230743501 12.575237150362225 10.271616021178486 13.85257862578146 10.716757126072478 11.630115479711096 55.523764619829308 70.889352504946146 46.83077919211064 10.160345751508428 78.367725834890734 12.031049456156323 10.715304747369375 11.023858829648814 11.848983246054557 18.024786827940257 22.001008905412164 18.371935354167366 11.008562543080187 17.395107758369704 32.390616452190443 28.981112656489131 10.100529869989257 11.970917170947359 23.121249942763825 11.152126721914104 16.463341944268905 10.096539421370833 19.732218442659359 57.239988992885628 30.034695137874223 36.368978473015886 17.939159341462073 21.797688175560324 29.396113021975907 20.044592509824724 17.058106663600483 10.922868458248557 25.70011853014876
leaf_count=44728 28485 11614 14115 6850 7725 15881 78021 57610 31812 66745 33174 36305 11663 18919 10741 8624 28609 190933 52227 15843 44926 5164 10352 18922 7159 37597 31065 10401 18539 18399 20343 16575 7401 29996 36958 16172 46765 8104 15472 50332 76606 33387 12113 13110 24549 19008 10251 7450 19052
internal_value=9.71792e-05 0.000887935 0.000125612 0.00124608 0.000135826 -0.000974699 -0.00159012 0.00106957 -0.00270361 0.000420329 -0.00411702 -0.00583043 -0.00370024 0.000135912 0.0012303 0.00354916 0.00362327 -0.00708725 -0.00446678 0.00361211 0.00453588 0.0052062 -0.000908821 -0.00238818 0.00308457 0.000407314 -0.0022324 0.000545087 0.000411127 -0.000689005 0.0047576 3.48979e-05 -0.00413049 0.00178203 0.00479656 0.00276015 -0.00332589 0.00394879 0.00289507 0.00435 -0.00239265 -0.00179481 0.00339101 0.00179054 -0.00308038 -0.00280882 -0.000637959 -0.00127181 -0.00473681
internal_weight=1139.18 796.645 658.824 536.672 403.282 309.316 342.536 96.1265 246.409 86.5994 159.81 106.245 122.152 263.015 197.766 137.821 133.39 83.4646 111.88 55.0091 109.133 90.3988 107.863 58.6906 89.9023 53.565 65.2497 77.1034 22.7802 65.0497 87.9144 45.4758 46.3004 41.1478 33.2816 23.123 47.6667 78.0533 93.9662 67.9567 41.1174 47.6546 74.234 47.8086 51.3971 30.7599 28.6882 29.2948 36.1998
internal_count=1436792 616309 535730 405939 333562 261249 820483 215502 604981 210453 394528 278951 129791 227071 152538 80579 72377 227238 118128 110411 61704 50090 76202 143708 76336 115577 74533 46842 51713 65901 48952 23425 34178 83765 52801 46168 124786 69177 72313 61073 105091 47502 56841 28991 55614 29360 18875 17851 26777
cat_boundaries=0 1 2 3
cat_threshold=2225 32 48
is_linear=0
shrinkage=0.05


Tree=153
num_leaves=44
num_cat=9
split_feature=28 10 28 28 18 14 21 16 28 1 23 21 10 21 16 28 8 8 28 7 1 18 15 7 19 18 7 21 28 28 8 8 15 9 25 26 21 7 9 28 7 5 8
split_gain=3.20874 0.784678 1.6951 1.11195 0.896105 1.10575 0.826048 0.604914 0.591931 0.665643 0.556813 0.493955 0.485859 0.484781 0.478189 0.408742 0.393265 0.438053 0.304223 0.323673 0.433323 0.284321 0.286064 0.275502 0.27342 0.529607 0.250426 0.25035 1.45826 0.682946 0.180168 0.163092 0.162151 0.149244 0.143567 0.169045 0.136572 0.0995843 0.097444 0.0855095 0.0614204 0.0393158 0.0349042
threshold=0 8.2420296669006365 1 2 1.4111371040344241 -0.9702547788619994 0.031826600432395942 2.1315450668334965 3 5.0502905845642099 -0.51579225063323964 0.27090932428836828 1.6787003278732302 -0.80962395668029774 1.7581332325935366 4 0.27697803080081945 2.2691711187362675 5 1.2126688957214358 -2.7103357315063472 -1.1701824665069578 0.34672491252422338 1.0293982625007632 0.11443834379315378 1.0837501287460329 0.97962418198585521 1.222571134567261 6 7 inf -2.9989523887634273 0.20602287352085116 -1.0027428269386289 0.11210317537188531 0.86904761195182811 0.41265949606895452 1.7177238464355471 0.62768983840942394 8 0.59827187657356273 1.5475497245788576 -1.725004971027374
decision_type=9 8 9 9 8 10 10 8 9 10 10 10 10 10 8 9 10 10 9 8 10 10 8 10 8 10 10 8 9 9 8 8 8 10 10 10 10 10 8 9 10 10 10
left_child=1 3 -3 6 8 15 -1 11 12 13 23 -7 16 -10 24 -6 21 33 37 40 -21 -5 -23 -8 26 -26 32 29 -29 42 -31 -24 -15 -18 -34 -36 -14 -13 -4 -30 -20 -22 -2
right_child=27 2 38 4 5 7 10 -9 9 -11 -12 18 36 14 -16 -17 17 -19 19 20 41 22 31 -25 25 -27 -28 28 39 30 -32 -33 34 -35 35 -37 -38 -39 -40 -41 -42 -43 -44
leaf_value=-0.0015634433843006751 -0.00017055052931397503 0.0041815665890642352 -0.00034951621517117555 -0.0011848430904949153 0.0047981133078255148 0.001179106690945882 -0.0021513824081680786 0.0019621417851757249 -0.0014171425006345166 -0.0022711936216404604 0.0092895561451223317 -0.0011239461738283758 -0.0042619589535016272 -0.00033221874272695287 -0.00085664017990848642 -0.0012548917520781235 0.00033943131743556119 0.002272047033789078 -0.001336451087173526 2.3342400161975494e-05 -0.0089424318561159895 -0.0007038731341834643 -5.3002703189498775e-05 0.0025047683561531375 0.0080964708927930128 -0.00023229890292453229 -0.0010661092578562804 0.0048240872976508045 8.4250643161876731e-05 -0.0049997803644568333 6.0891892313131516e-05 0.0055490689403932111 -0.00029925928758424148 -0.0044507510145949418 0.0047628417253294322 -0.00020907847295803937 0.00027909873498597402 0.0017549732690111152 -0.0082585431386771446 -0.0052674293161246218 0.00088537822148351635 -0.00056864893309329333 0.0017557747621434958
leaf_weight=10.087525945840751 16.320751785729954 12.817872320185414 10.517294792174653 10.190299504421999 26.541139839820971 15.945250986209428 11.057575989922045 16.487355723853398 12.356380780147445 12.171947001697843 62.80964183260221 11.511595144096647 19.400244697470047 19.30246161406831 19.807993872884254 15.137758483782816 10.274966345023133 10.407672293258655 10.190106782501976 15.879021417669717 45.132182597313658 13.752859446423829 12.033645904331932 16.658726244961144 88.081912540808844 17.646705759572797 19.402364111476345 20.912290793599823 13.857923944604407 272.89659100579593 15.280742079539776 40.473385926539777 11.432920286722945 18.915007196454098 65.517551540891873 13.093486421050327 11.607766988599904 10.02296103115077 14.463543945836136 18.922450058511458 14.487946248955266 10.04694127764378 24.520996934152208
leaf_count=8360 38412 16163 22571 7574 5815 12965 6110 7343 27763 9714 15680 3531 9678 9300 13418 7569 6292 6660 5458 3237 13273 8089 6391 2050 41564 7552 7360 56799 36361 748501 48613 19592 5394 6730 34479 6404 3428 3241 25116 47061 4662 2555 59273
internal_value=3.67367e-05 0.00189874 -0.00283642 0.00234776 0.00120066 -0.00137253 0.00613034 -0.00326609 0.00241548 0.00354027 0.00771073 -0.00429933 -0.000217509 0.0042499 0.00472932 0.00344621 0.0013463 -0.00155155 -0.00520392 -0.00582181 -0.00729667 0.0029068 0.00381801 0.000393823 0.00528641 0.00704599 0.00224674 -0.00338838 -8.84141e-05 -0.0039204 -0.00461097 0.00481679 0.00301602 -0.00355177 0.00363183 0.00413651 -0.00337728 0.000382696 -0.00657238 -0.00435971 -0.000245653 -0.00846041 0.00113575
internal_weight=1138.38 755.664 37.7987 717.865 617.252 191.382 100.613 149.703 425.87 278.814 90.5259 133.216 147.056 266.642 254.285 41.6789 116.048 39.5976 117.271 95.7362 71.0581 76.4502 66.2599 27.7163 234.477 105.729 128.749 382.712 53.6927 329.019 288.177 52.507 109.346 29.19 90.044 78.611 31.008 21.5346 24.9808 32.7804 24.6781 55.1791 40.8417
internal_count=1438101 403081 63850 339231 307031 69649 32200 56265 237382 162948 23840 48922 74434 153234 125471 13384 61328 19682 35957 29185 19065 41646 34072 8160 112053 49116 62937 1035020 140221 894799 797114 25983 55577 13022 46277 40883 13106 6772 47687 83422 10120 15828 97685
cat_boundaries=0 5 10 15 19 23 27 32 37 42
cat_threshold=5902338 3227519017 541065287 37816320 5248 528384 3221225480 7 37814272 1024 4718592 0 4194304 0 4096 4098 3225419784 3 37748736 4098 1077938208 536870915 37814272 2 1077936137 536870980 2048 75508232 8663504 2214703144 2215150084 140032 2197815456 135267840 50334208 279971073 4 257 353042438 3424512 537141490 16384
is_linear=0
shrinkage=0.05


Tree=154
num_leaves=52
num_cat=3
split_feature=27 8 3 18 5 10 15 23 6 0 15 23 5 8 8 8 23 8 4 7 15 21 18 4 8 8 5 4 23 21 7 18 10 27 3 8 0 7 21 8 21 17 27 8 12 11 5 8 23 4 0
split_gain=0.677815 0.779404 0.718421 1.07864 0.825779 0.666257 0.531265 0.517727 0.506768 0.505942 0.497877 0.671032 0.547497 0.721952 0.687831 0.49198 0.693821 0.988594 0.413201 0.389555 0.355891 0.342649 0.337909 0.29793 0.289642 0.281011 0.229819 0.227063 0.218904 0.191292 0.177931 0.172306 0.171598 0.387433 0.264841 0.154549 0.132014 0.119094 0.108876 0.108117 0.106579 0.0797547 0.0776196 0.0764299 0.0605068 0.0578972 0.100081 0.0342018 0.0340092 0.0297427 0.0296616
threshold=0 1.7912132143974306 0.70346146821975719 1.0329267978668215 -0.48737958073616022 3.4030089378356938 12.538407325744631 -0.93934059143066395 -0.10082672908902167 1.480725944042206 0.53197821974754345 0.3646994829177857 -0.30496719479560846 0.7186427414417268 -1.3171744942665098 -4.3561744689941397 0.837672919034958 -0.46478383243083948 2.287586092948914 -1.1566736102104185 -0.015279619023203848 0.19717010855674746 0.055959964171051986 1.3509477972984316 -1.3975191116333006 -2.2434310913085933 0.097076043486595168 1.1202440261840823 1.4363807439804079 0.921321600675583 -0.062797021120786653 1.2690228819847109 0.95384839177131664 1 1.0850614905357363 -0.66396129131317128 0.71092763543128978 -0.65816473960876454 0.3120011985301972 -1.6375030279159544 -0.083929847925901399 0.62423500418663036 2 -2.2121645212173457 0.8500916361808778 -3.3039453029632564 -0.40719181299209589 -1.725004971027374 -0.63478600978851307 -0.38235311210155482 -2.0000876188278194
decision_type=1 10 10 8 8 10 10 10 8 10 8 10 8 10 8 8 8 8 10 10 8 10 8 8 10 8 10 10 10 10 10 8 8 1 8 10 8 8 8 8 8 10 1 10 10 8 8 10 8 10 10
left_child=1 2 4 21 22 7 15 -3 26 -9 11 50 13 29 27 28 17 23 -16 43 -18 -4 35 42 25 44 45 30 -5 36 -14 40 -22 -34 -35 -1 -12 -24 -13 -33 -21 -25 -17 -10 -23 -6 -47 -27 -42 -37 -2
right_child=10 5 3 6 8 -7 -8 9 19 -11 12 38 14 -15 18 16 20 -19 -20 31 32 24 37 41 -26 47 -28 -29 -30 -31 -32 39 33 34 -36 49 -38 -39 -40 -41 48 -43 -44 -45 -46 46 -48 -49 -50 -51 -52
leaf_value=0.00097009437003675938 0 -0.00065890289678517764 -0.00064154076521798047 -0.00096980175995799937 -0.00024249774333080754 -0.0015844998422334762 0.0036123934805606349 0.0079986070756985772 0.003154256682557872 -0.00033560732718376318 -0.0039114975914011927 0 -0.00071020345096825359 0.0038952706408122428 -0.0064791477702299304 0 0.00089883440973114988 0.0047240726705154307 0.00074259998388568336 0 -4.861156165432169e-05 0.00335556935022795 -0.00029057283036490147 0.0017812092085997642 0.0072132958970814306 -0.001916611581952569 0.00038669276401751983 -0.0019133265290252202 0.003840094687635168 0.00093528660014966381 0.0032729200307456069 -0.0010777857461663235 0.00084372045817761787 0 -0.0081041233007185208 0 0.00027584285014158174 0.0038731410928244587 0.0046518944333219705 0.0019408405240123044 -0.00021023753469616804 -0.00083499359027497605 -0.0046303323315925763 -0.00015662097686752817 -1.8454449161913121e-05 -0.00037253055826727788 -0.0062012594177516022 0.00018217020090119263 -0.0039778691643842538 -0.0028382517599568847 -0.0026750964612157688
leaf_weight=23.234285004218691 10.160471309936836 18.340006197977345 15.911281731961934 10.042885550938083 11.971545946817058 19.238549956993666 12.915212166815762 51.306477339159756 18.47782228467986 16.093567090800207 38.663486267832923 16.381251456514292 20.075666480704967 29.863059265117045 101.13484677602537 21.397190365067217 10.316739114998198 30.399013370188186 10.451818629335319 25.836977254723024 16.239696199416361 31.282787170603115 10.241477814677635 15.133833732019413 44.057967854700109 13.10830323960545 10.792205468329483 19.315236858012213 12.460027046072353 11.220929785806218 18.386515600177518 10.069117166080103 12.08114934817422 10.96069387561147 47.800848742408562 10.17574622477696 13.335992779699152 49.216292694625736 26.353747140332416 13.655134783875839 16.024461460190651 10.108799165835078 15.627357569857848 13.689612756148561 11.757009087370532 17.000349393063516 70.956585842177446 10.991613495905765 28.702999053304666 10.546359082494744 26.404384312256298
leaf_count=28543 25671 21292 11878 6460 9398 11546 5080 33948 28229 23246 98256 43244 51000 70870 273965 11150 7573 16583 20161 36422 6330 14313 8420 8026 21302 6951 6936 41964 6837 18721 30885 7725 5845 6737 25196 11573 38503 39318 40871 10301 10291 5531 6367 13709 5746 16465 83910 6219 22868 8158 67589
internal_value=-1.55161e-05 0.000774844 5.59087e-05 0.0015407 -0.00146886 0.00399017 -0.000608662 0.00540076 -0.00292697 0.0066706 -0.00171353 0.00116384 -0.0027009 0.00030759 -0.0040704 -0.00152323 -0.00242256 0.000618159 -0.0057513 -0.000362669 -0.0045778 0.00447719 0.00170672 -0.00255302 0.00521245 0.00133829 -0.00480064 0.000291647 0.00243608 -0.00231475 0.00191105 -0.00187136 -0.00535429 -0.00600581 -0.00666525 -0.00101046 -0.00317978 0.00330515 0.00385777 0.000729785 -0.00272733 0.000808405 -0.00404997 0.00244649 0.00286555 -0.00533635 -0.00565425 -0.00141489 -0.00350427 -0.00241769 -0.00233657
internal_weight=1139.91 798.162 693.183 352.592 340.591 104.979 225.483 85.7401 237.177 67.4 341.747 79.2999 262.448 93.0835 169.364 212.568 190.065 92.6662 111.587 126.456 97.3991 127.109 103.414 62.2672 111.198 67.1397 110.721 57.7774 22.5029 63.2204 38.4622 94.2887 87.0824 70.8427 58.7615 43.9564 51.9995 59.4578 42.735 23.7243 70.5644 25.2426 37.0245 32.1674 43.0398 99.9285 87.9569 24.0999 44.7275 20.7221 36.5649
internal_count=1438122 616422 526390 184124 342266 90032 117715 78486 246254 57194 821700 177375 644325 226350 417975 112635 99338 47657 294126 129545 51681 66409 96012 31074 54531 33229 116709 123849 13297 155480 81885 87607 44108 37778 31933 48274 136759 47738 84115 18026 69581 13557 17517 41938 20059 109773 100375 13170 33159 19731 93260
cat_boundaries=0 1 2 3
cat_threshold=2225 17 32
is_linear=0
shrinkage=0.05


Tree=155
num_leaves=38
num_cat=6
split_feature=28 13 28 9 28 2 22 24 10 7 9 10 2 7 28 28 24 9 9 22 9 15 14 23 15 14 9 4 24 23 15 7 23 28 23 4 8
split_gain=3.28667 0.62581 0.932416 1.39579 0.672065 1.06375 1.21685 0.97343 0.862466 0.556302 0.511857 0.510484 0.468429 0.338235 1.56648 0.555163 0.306649 0.304638 0.299746 0.286516 0.275887 0.331877 0.221113 0.216343 0.185188 0.168174 0.160342 0.15478 0.146216 0.129265 0.126409 0.125767 0.112482 0.0916693 0.068485 0.0599289 0.0240432
threshold=0 1.4403104782104494 1 5.3723189830780038 2 -0.42122472822666163 -0.24412749707698819 -0.99741095304489125 2.6374530792236333 -1.1228108406066892 3.7063300609588627 1.3377802371978762 -0.67500260472297657 -0.8853040039539336 3 4 -0.77636039257049549 -1.1666706204414365 3.0236684083938603 7.0702390670776376 3.8411591053009038 3.1988390684127812 -1.4804714322090147 1.2644786238670351 0.84329763054847728 -1.7422989606857298 -0.74285703897476185 2.1386272907257085 1.3566606044769289 -0.39970621466636652 7.2596580982208261 0.4179364293813706 -1.0876485705375669 5 -1.5493716001510618 0.94659820199012767 -3.1542010307312007
decision_type=9 10 9 10 9 10 8 8 8 8 10 10 10 8 9 9 10 10 10 10 10 10 8 10 8 10 8 8 8 8 10 8 8 9 10 10 10
left_child=1 4 10 11 8 9 31 -8 12 16 -3 35 17 14 34 26 -6 -1 19 25 24 -22 -11 32 27 -14 -15 -17 30 -28 -24 -7 -9 -16 -2 -4 -31
right_child=13 2 3 -5 5 6 7 23 -10 22 -12 -13 18 15 33 20 -18 -19 -20 -21 21 -23 28 -25 -26 -27 29 -29 -30 36 -32 -33 -34 -35 -36 -37 -38
leaf_value=0.0019129365570010562 8.4048617248255389e-05 -0.0043462852561977844 -0.0010351557698637412 -0.0027406999947157413 0.001528244408228929 -0.00064247141428245235 0.0050495269557385434 0.00012526263344648578 -0.0030287953025789605 -0.00056655170191614445 0.0021416184434078739 0.0086648780173622011 0.00013290734515762682 -0.0013825029626769814 0.0002574933342421109 -0.0021725535014942565 -0.0037980069910422947 -0.0030882991996621202 -0.00054874101949622305 -0.00041651768610925224 -0.0023535525265744933 0.0026755854033182025 0.0058821188055335179 0.00078821712323864533 -0.0049375951601969056 0.0066545602703699733 -0.00068998083038419693 0.0009779065911578583 -4.0382117334990771e-05 0 0 -0.0081194999094970164 -0.0045534700978857486 -0.0046969603980698341 0.0053870534228371292 0.0011863578956035662 0.002873203751453641
leaf_weight=13.888223730973552 10.385624399867082 14.887157087243397 11.060625851663646 11.923442871047881 10.147611486419921 17.757805802742951 23.793286226427881 10.07069053329178 11.810349330989991 10.166908052429788 14.569441361847565 108.96472304401686 14.456098735361591 21.789566436003952 10.605615970001962 108.47910349857557 11.407802699613965 10.229521419707451 10.924655514711047 10.068249749689128 14.865874482689835 16.394150023050315 43.833881934566307 13.893447593611198 244.58247447674876 104.95649321118253 16.605691616692638 17.314276931094355 11.62234136853658 10.189238340120935 10.225422258081379 27.409103784317267 19.929503170613319 41.638377239156398 35.022363882337231 10.053913247364106 30.285999993233418
leaf_count=8337 22430 2620 1780 2088 2529 3117 3663 2054 8063 2680 1097 17700 2479 62560 29913 231106 3078 5274 1593 2247 25101 19448 10814 2325 543895 20355 42131 44662 3273 27051 3346 5017 3985 119891 71138 1515 77134
internal_value=-3.53061e-06 0.00259146 0.00481804 0.00599366 0.00121315 -0.000686854 -0.00340778 0.000994892 0.00304772 0.00247173 -0.00155086 0.00769355 0.00425357 -0.0025242 6.01711e-05 -0.00306259 -0.00190492 -0.000793233 0.00512739 0.00565361 -0.00369995 0.000245852 0.00401792 -0.00266829 -0.00412252 0.0061668 0.000563871 -0.00155567 0.00470893 0.00170483 0.00530683 -0.0071144 -0.00382371 -0.00404664 0.0044408 4.27223e-05 0.00258094
internal_weight=1136.21 558.051 171.459 142.003 386.591 210.258 112.854 67.6869 176.334 97.404 29.4566 130.079 164.523 578.158 97.652 480.506 21.5554 24.1177 140.405 129.481 401.636 31.26 75.8486 43.8936 370.376 119.413 78.8705 125.793 65.6816 57.0809 54.0593 45.1669 30.0002 52.244 45.408 21.1145 40.4752
internal_count=1437489 121029 26800 23083 94229 45881 20161 12027 48348 25720 3717 20995 40285 1316460 243372 1073088 5607 13611 26674 25081 864212 44549 20113 8364 819663 22834 208876 275768 17433 146316 14160 8134 6039 149804 93568 3295 104185
cat_boundaries=0 5 7 10 15 20 25
cat_threshold=5771266 1075838977 4194311 65536 4096 4096 2097152 5246976 1075838976 4194304 2164393856 268982560 847251656 2265972768 33936 67141697 2235704456 1158689792 1348773892 4 1646264337 1344070 98816 537396161 8224
is_linear=0
shrinkage=0.05


Tree=156
num_leaves=43
num_cat=6
split_feature=28 9 13 23 28 28 9 1 28 28 9 9 10 15 2 0 2 19 11 15 0 13 3 15 2 13 23 21 13 0 15 14 2 0 22 21 21 13 3 21 15 28
split_gain=3.15157 0.83511 1.06349 0.965612 1.07838 0.968444 1.76058 0.866619 0.662284 0.501427 0.469621 0.427337 0.399896 0.916373 0.412075 0.389122 0.368545 0.35129 0.338813 0.326498 0.266327 0.249364 0.21191 0.197398 0.501033 0.147695 0.126209 0.123733 0.118033 0.108615 0.123762 0.10811 0.0859394 0.0833657 0.0829312 0.0772651 0.0791645 0.0666114 0.0373532 0.0349334 0.0315877 0.0294498
threshold=0 6.5439195632934579 1.6104961633682253 -0.61497280001640309 1 2 0.77614304423332225 -0.12378840148448943 3 4 1.4031845331192019 3.5853606462478642 0.40029901266098028 0.84329763054847728 -0.98277446627616871 0.97981163859367382 -0.1263400390744209 -1.371958792209625 1.7504227161407473 1.6408994793891909 -4.4067933559417716 1.1245262026786806 0.2805228084325791 2.108655691146851 -0.42122472822666163 -0.42053878307342524 -1.4318442940711973 0.63014802336692821 1.1673510074615481 -3.2153718471527095 1.9673163890838625 -1.2714400291442869 -0.71290719509124745 -0.93727099895477284 0.96343624591827404 0.49916994571685797 1.2828928828239443 0.492006465792656 -1.27225124835968 0.33678472042083746 1.4621196389198305 5
decision_type=9 8 8 10 9 9 10 10 9 9 10 10 8 10 8 10 10 10 10 8 8 10 10 8 10 10 8 10 10 8 10 8 10 10 10 10 10 10 8 8 10 9
left_child=1 2 3 4 10 6 33 18 11 -9 17 12 14 27 -2 16 25 -1 41 -13 -10 22 38 24 39 -7 -6 32 -18 -15 40 -23 -14 -5 -25 -24 -37 -38 -22 -16 -31 -4
right_child=8 -3 7 5 26 15 -8 9 20 -11 -12 19 13 29 23 -17 28 -19 -20 -21 21 31 35 34 -26 -27 -28 -29 -30 30 -32 -33 -34 -35 -36 36 37 -39 -40 -41 -42 -43
leaf_value=-0.00097245958583175762 -0.0027353582853462278 -0.0032145897053481097 0.00047724989089602482 0 -0.00043028892338875502 0.00053911052282126207 -0.005965509003046111 0.0027563848462568933 0.0010410846769239102 -0.003068437131434989 -0.0020196629901674916 -0.0011820664838950567 -0.00020215191954010717 1.3089236670874245e-05 0.0027462778496383853 -0.00074858073731664512 -0.0015919665800578657 0.0053290040580123224 0.00040167563968691633 0.0046323680732516699 -0.00062309598927957162 0 -0.0012966999134189413 0.003994154549199636 -0.0033489192356059988 0.0073918912505369881 -0.0065137584411914824 -0.00048341457201210954 0.0015270145619667632 -0.0010854515020027483 -0.0054937856925768615 -0.0058187866659559781 0.0034997256628198472 0.0046922483681650926 0 0.0016199332206094565 -0.0015571545424952645 0.00079119743819469645 -0.0032967807360018025 0 0.0005270421652905971 0.0099865581265664929
leaf_weight=10.353100031439679 11.54014268931496 10.101721642829942 19.354203518392751 10.055498491885372 20.218385823100107 18.894802810769761 35.656215267954394 12.801170450722564 10.679210160153159 15.263781236586512 10.592288208106764 10.026683417432649 10.307867283132508 10.451557950764252 28.022064637021685 11.50629686025786 11.022076277644375 32.793587807420408 17.205901477340376 20.309013407197202 49.381280233523285 10.028427977944373 21.57085866851412 39.972171415334742 17.081930540924077 89.146292799632647 26.175753536372213 19.512010617276246 10.2254162497411 16.902822731244672 69.512338193817413 97.7652649227457 22.658943597802136 28.177037920511793 12.963532886096798 40.989085786837677 16.104761686496207 11.02740455028106 126.76130028095577 10.054926711774895 10.332044726703314 51.87308158579981
leaf_count=1989 30903 4076 3851 1221 6089 5092 3998 2232 15706 4020 2196 9947 27397 12442 55734 5090 2463 6812 4186 20428 140085 19482 49363 63308 13616 20162 6980 18112 1571 26558 120487 195014 28666 3547 21465 77320 20414 14963 328952 17595 16863 6542
internal_value=2.92941e-05 0.00310359 0.00364501 0.00161061 -0.00184013 0.00328256 -0.00105037 0.00697797 -0.00201135 -0.000323758 0.00219925 -0.000164302 -0.000957983 -0.00232793 0.000988232 0.00505229 0.00594302 0.00405292 0.00861133 0.00310873 -0.00326516 -0.00358547 -0.00205718 0.00215676 -9.09596e-05 0.0067748 -0.00499468 0.00193691 -2.52666e-06 -0.00439956 -0.00475237 -0.00547664 0.00285771 0.00414076 0.00345398 0 0.000785173 -0.000643708 -0.00287282 0.00238526 -0.000463809 0.00956962
internal_weight=1135.37 441.417 431.315 314.817 100.133 214.684 73.8888 116.498 693.956 28.065 53.739 309.648 279.312 159.678 119.635 140.795 129.289 43.1467 88.4332 30.3357 384.308 373.628 265.835 108.095 55.1589 108.041 46.3941 52.4788 21.2475 107.199 96.7472 107.794 32.9668 38.2325 52.9357 89.6921 68.1213 27.1322 176.143 38.077 27.2349 71.2273
internal_count=1436937 92117 88041 67210 24066 43144 8766 20831 1344820 6252 10997 483521 453146 250525 202621 34378 29288 8801 14579 30375 861299 845593 631097 171718 86945 25254 13069 74175 4034 176350 163908 214496 56063 4768 84773 162060 112697 35377 469037 73329 43421 10393
cat_boundaries=0 5 10 15 20 25 28
cat_threshold=5767168 1075838977 4194305 65536 4096 1048576 1073741825 4194304 0 4096 1048576 1073741824 0 65536 4096 67240002 2168986856 3221266468 2248673541 1184 524288 1073741825 4194304 0 4096 0 2097153 1
is_linear=0
shrinkage=0.05


Tree=157
num_leaves=53
num_cat=9
split_feature=2 5 6 6 18 14 27 27 5 27 10 24 21 21 8 8 5 8 23 23 14 7 10 21 27 16 18 27 16 8 21 2 7 18 27 2 23 23 11 27 21 27 8 27 8 17 12 22 14 23 23 23
split_gain=0.8854 0.435048 0.561119 0.552187 0.456469 0.898389 0.677165 0.502401 0.594658 0.428761 0.41143 0.389612 0.376444 0.430568 0.459897 0.331521 0.315775 0.261941 0.758193 0.261972 0.286323 0.261781 0.271183 0.215362 0.173536 0.171584 0.171182 0.153527 0.258651 0.144258 0.304929 0.140819 0.133662 0.117619 0.120147 0.115979 0.0990642 0.103149 0.0848889 0.078692 0.0777423 0.0760943 0.0534821 0.0528645 0.0527626 0.0351052 0.0294844 0.028807 0.0264542 0.0225746 0.0223786 0.100421
threshold=-0.9505348503589629 0.59676659107208263 2.6552455425262456 -0.81201270222663868 0.99657174944877636 0.35801261663436895 0 1 -0.53444400429725636 2 4.0033133029937753 -0.69656148552894581 0.6700359880924226 -0.34823827445507044 -3.3275475502014156 -2.899059414863586 -0.39259257912635798 -2.899059414863586 1.0892847776412966 0.50794824957847606 -0.91454783082008351 1.0615890026092532 5.166346788406373 0.72219863533973705 3 0.20436472445726397 1.846473813056946 4 0.036027781665325172 -1.3773785233497617 0.78798067569732677 -0.75490197539329518 -1.0610721111297605 0.80106288194656383 5 -0.55850476026535023 -0.71229347586631764 -1.1653186082839964 -0.38173578679561609 6 1.222571134567261 7 -4.0672099590301505 8 -4.3561744689941397 0.89348411560058605 -0.44877596199512476 3.3098025321960454 -0.34568396210670466 1.2375224232673647 -0.55493858456611622 1.196057975292206
decision_type=10 10 10 8 8 10 1 1 8 1 10 10 10 8 8 8 10 10 8 10 8 10 10 10 1 8 10 1 10 8 10 8 8 10 1 10 10 10 8 1 10 1 10 1 10 10 10 8 10 10 10 10
left_child=16 3 9 23 5 12 31 8 -6 29 15 26 13 24 -15 42 -1 18 -9 36 -21 49 40 35 -5 45 48 28 -14 -3 -31 -7 -18 34 -16 41 37 -19 -29 -25 -23 -2 -11 -37 -20 -8 -4 -33 -10 -22 -27 -52
right_child=1 2 46 4 7 6 25 17 11 10 -12 -13 27 14 33 -17 32 19 44 20 21 22 -24 39 -26 50 -28 38 -30 30 -32 47 -34 -35 -36 43 -38 -39 -40 -41 -42 -43 -44 -45 -46 -47 -48 -49 -50 -51 51 -53
leaf_value=0 0.0020339705565999458 0.0010856493789719414 3.3759762035885206e-05 0.0021875594397968343 0.0014546342704640617 0.00028673844994415992 0.0016584679020078829 -0.0051027871428603738 -0.002169591545863441 0.00088609577248574165 -0.0010922796194662943 -0.0065260976898554104 -0.002985426283435599 0.0011599554671555838 -2.9882676803361055e-05 0.0056939082508216544 0 0.0013742084284285093 0.0027781175807029823 0.0019527696519584541 -0.00017692265416278393 -0.005081877747183345 0.00091481567395619112 0.0042704585947858772 -0.0012102048269126251 -0.0025925385791087038 0.0017172578580938588 0.0029312688412958341 0.0016643621351203619 0.001340211185306434 -0.0040945410042729936 0.0066504254187740022 -0.0064737384556051436 0 -0.005569450105452442 0.00053059962876364497 0.0034874978435544255 -0.0015195195776349817 -0.00029915264740956325 -0.00014928372694777024 -8.8383277736903921e-05 -0.00057143908486869397 -0.0011927881279327848 -0.0015688063549971873 -0.00014381023476259128 -0.00022146007317344857 -0.002249231723259755 0.00037761534760853412 2.8953153610184467e-05 0.0014657055179712723 0.0011588719114997441 -0.0016293898178891303
leaf_weight=32.590858466857753 25.870169241628901 16.056354607637331 10.506184843085064 26.448826637060847 19.07182435219147 18.373553121193254 23.052552914130501 26.557670421985677 17.328731942725426 12.911131068103716 13.454907742270732 70.495259982977586 12.934119239413123 19.680247339310881 23.399164747206672 114.53695064150816 10.449784617754629 12.985227237593792 15.065976189536743 24.198859204458131 10.038291489669065 23.145437337836483 10.715336068795294 35.951112955153803 16.136210483600735 10.138660776690811 12.725895180112273 33.394745994221012 11.828506395620932 11.003288438354504 10.735347513647865 43.568010875867913 24.640811241308256 11.734000857461067 67.985806268559827 10.062436857311694 34.729991354150116 10.169636941995121 12.24429951442289 13.76471266318549 13.068563777029338 11.863266210420987 10.50888441014831 29.080180285527604 10.10803355523967 15.661465962897635 23.57062557622703 10.10394832613383 10.07004594942555 11.838825736020224 17.892595659337534 11.518888382721341
leaf_count=100805 33738 24491 11758 40129 20225 45807 23539 44156 18831 9838 9796 84065 11562 28692 54077 73366 29922 12813 23771 24965 13419 25332 15276 18142 47897 10408 9569 26613 10302 21574 16049 54458 71486 15329 73407 10363 33957 9540 10285 15462 8170 25665 6895 32917 9625 17197 24015 13592 12444 16444 18452 15213
internal_value=0 0.000432259 0.00216797 -0.000116295 -0.00069474 0.000454998 0.00298893 -0.00192844 -0.00375614 0.00316005 0.00400223 -0.00509267 -0.00138316 -0.00248923 -0.00366386 0.00489702 -0.00412719 -7.52319e-05 -0.00214821 0.000964622 -0.000642203 -0.00203467 -0.0033194 0.00240532 0.000993374 -0.000512478 -0.00029537 0.00112832 -0.000943578 -0.000871333 -0.00225717 0.00510861 -0.00573022 -0.00469529 -0.00509462 0.000205062 0.00269381 0 0.00209044 0.00394865 -0.0044342 0.00146571 -0.000155666 -0.00109459 0.00222307 0.00114541 -0.0018844 0.00626942 -0.00180024 0.00104366 -0.00198181 -0.000208527
internal_weight=1135.97 1068.28 223.284 845.001 718.409 386.096 150.31 332.314 129.692 189.207 151.412 110.62 235.786 165.384 122.799 137.957 67.6815 202.622 51.7317 150.89 93.0053 68.8065 46.9293 126.592 42.585 78.2642 40.1247 70.4017 24.7626 37.795 21.7386 72.0455 35.0906 103.119 91.385 76.8761 57.8849 23.1549 45.639 49.7158 36.214 37.7334 23.42 39.1426 25.174 38.714 34.0768 53.672 27.3988 21.8771 39.5501 29.4115
internal_count=1435843 1233630 197782 1035848 899561 516959 198666 382602 145134 162009 99895 124909 318293 259531 171505 90099 202213 237468 77552 159916 103606 78641 48778 136287 88026 84809 40844 58762 21864 62114 37623 113857 101408 142813 127484 102683 56310 22353 36898 33604 33502 59403 16733 43280 33396 40736 35773 68050 31275 29863 44073 33665
cat_boundaries=0 1 2 3 4 5 6 7 8 9
cat_threshold=2772 3715 582 1696 2952 587 2103 228 658
is_linear=0
shrinkage=0.05


Tree=158
num_leaves=46
num_cat=8
split_feature=2 5 25 26 21 5 6 14 25 18 21 26 6 5 27 27 21 27 13 20 20 2 10 7 27 5 24 7 24 6 6 27 27 10 17 27 21 10 3 18 7 18 10 22 27
split_gain=0.86113 0.513562 1.20924 0.75654 0.645176 0.462287 0.494845 0.397347 0.385377 0.376242 0.307628 0.307105 0.380792 0.301101 0.296537 0.24552 0.239637 0.310624 0.23474 0.153647 0.153613 0.134017 0.116171 0.110029 0.109493 0.12427 0.101657 0.0866571 0.0845854 0.0780049 0.0878921 0.0775878 0.0736399 0.0547292 0.051412 0.0457728 0.0429883 0.0422123 0.040649 0.0313029 0.0391725 0.0259097 0.0258964 0.02464 0.0201526
threshold=-0.9505348503589629 0.59676659107208263 0.69146823883056652 0.91666665673255932 -0.10111521184444426 -0.0886869542300701 -0.87531450390815724 1.0550608038902285 0.5426587462425233 0.94611194729805004 1.6492661833763125 0.18650794029235843 -0.52127128839492787 -0.39259257912635798 0 1 0.22150371968746188 2 1.6471357345581057 0.91666665673255932 0.42460317909717565 -0.34267166256904596 4.5699827671051034 -1.0754698514938352 3 -0.16890738159418103 -0.88725459575653065 2.3526518344879155 -0.61136710643768299 3.497100949287415 1.3248515725135805 4 5 -0.29128496348857874 1.6428189873695376 6 0.73309320211410534 -1.6333467364311216 1.0156728625297549 0.774579018354416 -0.51565229892730702 1.5704104304313662 1.3172141313552859 -1.3700354695320127 7
decision_type=10 10 10 8 8 10 8 10 8 10 10 10 8 10 1 1 10 1 10 10 10 8 10 8 1 10 8 8 8 10 10 1 1 10 10 1 10 8 10 10 8 10 8 8 1
left_child=13 2 5 10 32 6 20 11 -7 -10 22 18 31 -1 -12 26 17 -14 41 29 -2 -11 44 -15 28 -26 -9 34 -18 30 -5 38 -4 -33 -28 42 -37 -6 -13 40 -19 -8 -22 -32 -3
right_child=1 3 4 19 37 8 7 15 9 21 14 12 16 23 -16 -17 24 39 -20 -21 35 -23 -24 -25 25 -27 27 -29 -30 -31 43 33 -34 -35 -36 36 -38 -39 -40 -41 -42 -43 -44 -45 -46
leaf_value=0 0.0036090972365339573 0.0054456535175032676 0.0015205058710754712 -0.00068850511627126069 -0.00032496047322220595 0.0045367252588263502 -0.0047112695807772368 -0.00042425321021784821 0.0023820907149940639 0.00074542162704082846 -0.0022485357244060671 0.0027288584470121749 0.0022962938693849503 -6.0969495247768717e-05 0.0021848800684076903 -0.0013648157653793902 0.001485590732970569 1.3743238508952245e-05 0.00053027790114771516 -0.002434933352644119 -0.00018944317618485002 -0.0028381456995233878 0 -0.0064650241714178398 -0.0043015404091290869 0 0.0037536116970359234 -0.00018322132210414556 -0.0011038843695274504 -0.0010417851488712404 0 0.00080852181956975763 -0.00077928638280703663 -0.0012908913414561062 0 -0.00139822351638582 0.00052351451131701216 -0.0057663424459880892 0 3.7110354795772116e-05 -0.0026276799028281655 -0.00021897902164572954 0.0015450893166473532 0.0023514023898655811 0
leaf_weight=32.816788351956347 44.456112131869304 79.327041535107128 27.674929876098759 12.42738514812663 12.118982713713192 64.681868282939831 58.636672830602038 10.343117114607592 42.477810859738383 10.05043782294524 17.771790815953864 44.295333407993894 34.380448528478155 10.176175768698156 13.184841320813577 20.97017087052518 10.850144667725543 12.208656110720765 15.435082405660067 34.453729921224294 11.561275149084393 39.201618920720648 11.224352310360699 24.812452523041429 56.609819194512966 19.112464844554779 49.292155090573942 11.044860682050055 15.253790186310654 10.603568448044824 11.082755115887265 11.403151468373837 10.361143333084327 14.487321943794084 10.051789981094769 21.386671789405231 10.508808973972917 85.543860300691449 13.953367037305723 12.357192366049274 21.71590170788113 11.001718486622847 10.427834142465146 24.20032646945765 10.554575497873882
leaf_count=101312 46864 46400 53026 14171 15500 42458 75971 11583 43772 13175 7573 38741 69949 29026 8040 46374 16680 19695 15862 32586 12339 30805 11532 72437 56617 15429 50447 13360 24605 12424 11473 24940 29279 33209 11359 29241 7885 111293 8459 17122 31849 10424 8709 25902 27527
internal_value=-0.000157923 0.000272576 -0.000316205 0.00215612 -0.00392194 0.000581225 -0.000152071 -0.000895854 0.0026024 8.38654e-05 0.0040749 -0.00165894 -0.000539815 -0.00422138 -0.000123184 0.00138706 -0.00170886 0.000278947 -0.00363118 -0.00101086 0.00238955 -0.00204937 0.0050088 -0.00579293 -0.00288974 -0.00336794 0.00231596 0.00296149 0.000155228 0.000519974 0.00127373 0.00165031 0.000834644 -0.000332986 0.00340865 8.24641e-05 -0.000687055 -0.00546365 0.00215623 -0.00164918 -0.00217566 -0.00443148 0.000935539 0.00202195 0.00540161
internal_weight=1136.49 1068.68 843.855 224.83 135.699 708.156 551.744 453.403 156.412 91.7299 132.063 351.701 266.628 67.8054 30.9566 101.702 182.488 80.6622 85.0735 92.7678 98.3407 49.2521 101.106 34.9886 101.826 75.7223 80.7319 70.3888 26.1039 58.314 47.7105 84.1392 38.0361 25.8905 59.3439 53.8846 31.8955 97.6628 58.2487 46.2818 33.9246 69.6384 21.9891 35.2831 89.8816
internal_count=1437424 1234649 1037021 197628 209098 827923 697713 592675 130210 87752 101072 459552 357295 202775 15613 133123 251946 138615 102257 96556 105038 43980 85459 101463 113331 72046 86749 75166 41285 63970 51546 105349 82305 58149 61806 58174 37126 126793 47200 68666 51544 86395 21048 37375 73927
cat_boundaries=0 1 2 3 4 5 6 7 8
cat_threshold=197 2292 1732 2119 177 1760 661 2229
is_linear=0
shrinkage=0.05


Tree=159
num_leaves=46
num_cat=9
split_feature=28 8 15 28 4 9 1 8 28 28 28 28 8 28 8 7 16 28 23 23 1 22 24 3 14 28 22 7 16 15 3 22 8 9 22 9 23 23 1 4 7 4 8 23 2
split_gain=3.26325 2.30714 1.10503 1.01261 1.74802 1.12277 1.10302 0.944652 3.61995 2.59192 0.835048 0.765103 0.676123 0.673897 0.623511 0.592469 0.579258 0.630619 0.478214 0.65983 0.407734 0.396089 0.345485 0.341414 0.322002 0.30655 0.284497 0.261355 0.490976 0.210514 0.155364 0.145168 0.118295 0.10971 0.109028 0.106006 0.085427 0.0809564 0.0785075 0.0750929 0.0741654 0.0696955 0.0633133 0.029558 0.022194
threshold=0 0.78413698077201854 0.81238132715225231 1 -0.17226345092058179 -0.25941821932792658 -2.5058881044387813 -0.20496590435504911 2 3 4 5 -4.0672099590301505 6 -2.0060689449310298 0.35510054230690008 -0.75437912344932545 7 1.2375224232673647 -0.65423756837844838 1.2991886734962466 -2.9069988727569576 -0.99741095304489125 0.24472534656524661 -0.7391061782836913 8 1.4389502406120303 -0.15738582611083982 1.9859788417816164 6.1191942691802987 -0.84986069798469532 -1.0000113248825071 -1.5359917283058164 -1.6224682331085203 -1.9217861890792844 3.9980844259262089 0.59078839421272289 0.12151154130697252 -1.7470759153366087 1.1934126019477846 1.760267496109009 0.42692594230175024 -3.1542010307312007 1.0092384815216067 -0.41683237254619593
decision_type=9 10 10 9 8 10 10 8 9 9 9 9 8 9 10 8 8 9 10 10 10 10 10 10 10 9 10 10 10 10 10 10 10 8 8 10 10 10 10 8 10 8 10 10 8
left_child=1 2 10 5 30 -4 32 8 14 29 23 31 -8 18 24 22 25 -18 19 -3 34 -16 -12 -1 43 -11 41 -15 -29 33 -5 -10 -6 -9 -7 44 -33 -24 -17 -25 -35 -26 -28 -2 -14
right_child=7 13 3 4 6 20 12 9 11 16 15 -13 35 27 21 38 17 -19 -20 -21 -22 -23 37 39 26 -27 42 28 -30 -31 -32 36 -34 40 -36 -37 -38 -39 -40 -41 -42 -43 -44 -45 -46
leaf_value=0.0015995259310748527 0.0032125526284113508 -0.0020897869147566534 -0.003525873264491268 -0.00038738844119504384 -0.00072722695158607522 0.00019362808581533674 0.00078323141913884137 -9.7300898249995754e-05 0.0017156032324945763 0.0023567717127159584 0.0025705991718405256 -0.0066132162398498942 -0.0010273623015990263 0.00043015251908151502 -0.00034118797535535845 0.00081813994030570684 7.4216442856198079e-05 -0.0086435009466468132 -0.0027946776973676972 0.0053005619367153256 -0.00083536195738499568 0.007128652176967969 -0.0032560612049577949 -0.0044069471617271226 3.8991757856166907e-05 -0.0022516779405001562 0.0019904061280900296 0.01150033854725355 0.00019828749429110881 -0.00078044514240172707 0.0043133260077528601 -0.002143221444258497 0.0026952539868877095 0.0045618607909650184 0.0070705416199076101 -0.00055327051597678541 0.00048294236146446316 0.00025143197497140633 0.0077176520692792076 0 0 -0.0036589494144612595 -0.00048491206501467268 0 -0.0096970993993576934
leaf_weight=12.880526752560398 20.293894565293161 14.579968719684983 14.496300728889763 10.825999543856595 11.939824118118851 10.968824815136029 12.075269153545376 13.13314311718568 20.53706295471784 12.343748875602612 12.575085624863275 113.28117526683491 15.170929576088382 12.771445725971715 14.088142122949646 19.765028174755571 30.543164279180928 141.53499897028087 14.394906167646694 25.173243030279991 10.036414357338797 75.358079778634419 11.41783099165332 11.491574887797471 11.048701709878513 11.935906930018975 18.104750991005861 61.242137255889247 13.461516051291254 15.265407772021716 21.811666617839364 26.618495633054408 10.354153756808953 38.111766111338511 30.310950575891184 12.028915280396175 22.612894704121572 10.076386486754926 47.997830008636811 10.064845564891582 10.171028946242584 21.216860138716584 11.986727541057915 10.168260496968285 62.095939697188442
leaf_count=2422 22918 5731 6505 6136 3245 1731 3648 33788 49222 29941 4048 309503 9352 3444 17282 4285 89960 302370 6462 10014 1830 79297 5624 1795 13900 28137 21331 7172 1614 38671 5037 61945 1844 99084 4574 1662 51890 3562 8186 1287 23898 20340 9535 11914 12500
internal_value=1.08615e-05 0.00285758 0.000459911 -0.00161241 -0.00342506 0.00236137 -0.00591388 -0.00226584 -0.000472022 -0.00427602 0.00339069 -0.00472774 -0.00756194 0.00734486 0.00391322 0.00493951 -0.00671611 -0.00779117 0.000644242 0.00288014 0.00522616 0.00621579 -0.000166763 -0.0017238 0.000534024 4.74047e-05 -0.00131456 0.00901106 0.0103999 0.00245392 0.00340261 0 0.00155788 0.00351244 0.006405 -0.0086024 -0.00125104 -0.00251594 0.00694948 -0.00375046 0.00409517 -0.00307782 0.00125479 0.00284568 -0.00910653
internal_weight=1138.36 500.008 358.384 222.115 156.303 65.8125 123.665 638.354 365.315 273.039 136.269 183.05 101.371 141.623 182.265 101.832 196.358 172.078 54.1481 39.7532 51.3162 89.4462 34.0693 34.4369 92.8192 24.2797 62.357 87.4751 74.7037 76.6813 32.6377 69.7685 22.294 61.4159 41.2798 89.2958 49.2314 21.4942 67.7629 21.5564 48.2828 32.2656 30.0915 30.4622 77.2669
internal_count=1438636 123710 89273 58064 43424 14640 32251 1314926 669077 645849 31209 472560 27162 34437 196517 25705 450408 392330 22207 15745 8135 96579 13234 5504 99938 58078 65106 12230 8786 195441 11173 163057 5089 156770 6305 23514 113835 9186 12471 3082 122982 34240 30866 34832 21852
cat_boundaries=0 5 10 15 19 22 27 32 37 42
cat_threshold=5767168 1073743873 4202497 65536 4096 4194304 0 1 0 4096 50728962 2149585228 637534412 2231380356 24736 343943168 453518496 2176221184 1618740320 1572864 0 1 2684389129 1425424 1073744898 33587203 134144 4194304 0 8193 0 4096 16481 71434240 1074335488 302002712 788 33685953 2461764 86190 335544861 8514
is_linear=0
shrinkage=0.05


Tree=160
num_leaves=52
num_cat=7
split_feature=2 26 5 5 6 1 19 27 2 27 10 26 7 5 15 20 19 23 7 27 15 7 27 27 7 19 8 23 15 7 10 14 22 27 10 1 7 8 12 27 1 6 10 26 2 23 8 2 20 13 1
split_gain=0.871358 0.501019 0.989223 0.489319 0.423334 0.526793 0.608206 0.359626 0.318965 0.301961 0.300754 0.29064 0.289097 0.287436 0.253432 0.213918 0.213926 0.213782 0.204884 0.183638 0.183286 0.176645 0.158846 0.146148 0.134386 0.11454 0.113062 0.100607 0.0956234 0.109771 0.0953384 0.0787916 0.070924 0.0680395 0.0668362 0.0792473 0.0638694 0.115109 0.0637289 0.0636993 0.0984345 0.0521687 0.048313 0.0453094 0.0441842 0.04356 0.0427001 0.0288161 0.0230697 0.0225775 0.0212125
threshold=-0.88975867629051197 0.71825397014617931 0.097076043486595168 0.88114932179451 -0.6350865066051482 -0.35148403048515314 0.23157660663127902 0 -0.45861893892288202 1 3.6363687515258794 0.91666665673255932 0.53482383489608776 -0.39259257912635798 0.57339689135551464 0.42460317909717565 0.19260845333337787 0.5741662085056306 -1.0146186947822569 2 5.5403320789337167 1.6524797677993777 3 4 -0.47166891396045679 0.19260845333337787 -3.0517344474792476 -0.82869374752044667 -1.0000000180025095e-35 -0.14149427413940427 1.5097079873085024 -1.4627428054809568 -1.3700354695320127 5 3.0716168880462651 -0.32482402026653284 0.6993662714958192 -1.3566228151321409 -0.38465468585491175 6 2.0727140903472905 -0.55526199936866749 3.1322737932205205 0.37698413431644445 -0.40277312695980066 -1.0689331293106077 1.3570744991302492 -0.043272033333778374 0.54365080595016491 1.7849555015563967 -2.6654566526412959
decision_type=10 10 10 8 8 8 8 1 10 1 8 10 8 10 8 10 10 10 8 1 10 8 1 1 8 10 8 8 10 8 10 10 8 1 10 10 10 8 10 1 8 10 10 10 10 8 10 8 10 8 10
left_child=13 2 4 8 15 6 28 10 39 -10 26 27 17 23 -14 22 21 20 -15 24 45 48 -2 -1 -8 32 -4 -5 -6 -30 -24 -16 -13 34 35 -18 -9 -38 -27 40 -3 -26 -29 -19 -21 -7 -11 -43 -17 -31 -40
right_child=1 3 7 11 5 12 19 36 9 46 -12 25 14 18 31 16 33 43 -20 44 -22 -23 30 -25 41 38 -28 42 29 49 -32 -33 -34 -35 -36 -37 37 -39 50 -41 -42 47 -44 -45 -46 -47 -48 -49 -50 -51 -52
leaf_value=0.0012833419363457235 -0.0007089722151775934 0.0016397254465020201 0.00025094140755709541 -0.00029657882361787342 0.00046877126632348138 -2.380466893559354e-05 -0.00023772566567730505 0.0010737720640152282 0.00085432672447331129 -0.0056817484541923481 -0.00044114920874720919 -0.00084250306943470298 0.00030991405002400393 0 -7.1678833722563129e-05 -4.6098852170355201e-05 0.0029336620930525276 -0.0002089378002645563 -0.0060121340452529756 -0.0015340740459862216 0.0010572707932695953 0.0010684582971286576 0.0040910236494171885 -0.0016612183095036971 0 0.00026824243899381105 0.0068012756879383476 0.0034756905661190319 0.0001956615040839074 -0.003550566382967215 -7.5948408728452571e-05 -0.0055953477265624427 0.0014758300885151694 -0.00053206437480262021 -0.00033850098476658906 -0.00028072847289241679 0.00093510161819838141 -0.0021858634994966269 0 -0.0011218145353534561 -0.0010482489193677606 0.0040792691750351053 0 0.0022179886944189999 0.00049955855168441581 -0.0033203678164596922 -0.00022274748766899297 0.0001741576145808866 -0.0030970933945737578 -8.6936334928716837e-05 -0.0028628413042280712
leaf_weight=28.99795967681348 10.740330519933194 41.364182726138097 12.842994970240396 14.387484804850827 12.687016590178244 16.086448925940203 17.439251036215865 11.855876571207771 13.632706414929997 56.941877675366413 10.189580682563244 13.061373068812825 17.683139687425864 18.532965509948554 10.305192312021971 12.163231021077079 43.105393805191852 10.819066378076966 39.200556100517133 11.088097382933485 13.239539785594387 12.029074228048556 69.30738489516807 19.962859669722093 10.515510126737352 11.012644652873858 72.050016201013932 39.548983337037498 19.544171001725772 37.379432083689608 10.856547251205482 47.679294528701575 25.732203332852805 12.68567410687683 10.114221582589378 10.621944937251099 12.168804058215754 17.762679519597445 10.143505257015926 19.024747192699579 10.205565924865367 78.392457750633184 10.817394114979832 21.39301472967054 10.148388664798402 22.247121603890264 10.08682670129201 12.536181879950162 23.203906551119871 10.888611036767541 21.9881349082134
leaf_count=85076 25648 60285 7947 11085 14977 21383 21422 17837 16086 53063 7830 12442 17956 52893 11374 13269 34477 14051 116402 23284 16911 10179 60136 58158 9885 11520 37017 29136 27087 47319 10087 64628 25948 27327 9253 10082 12295 20888 10021 40003 14660 84992 8821 28697 17020 30056 9209 7232 25704 13885 21308
internal_value=-8.38714e-05 0.000421079 0.00111058 -0.00117424 9.68725e-05 -0.00087109 0.000680745 0.00428505 -0.00280759 -0.0042713 0.00528308 0.000770095 -0.00269203 -0.00356843 -0.00421665 0.0016694 7.92864e-05 -0.000216447 -0.0050173 0.00240253 -0.00171895 -0.00167675 0.00300427 -0.00013764 0.00290936 -0.000985323 0.00630771 0.00249641 -0.00205018 -0.00256283 0.00341363 -0.0051477 0.00060408 0.00143921 0.00182308 0.00242098 -0.000133285 -0.00106323 -0.00202524 -1.61645e-05 0.000732293 0.00357536 0.00309435 0.00171072 -0.000722163 -0.00279011 -0.00492803 0.00382916 -0.00274795 -0.00326189 -0.00255694
internal_weight=1136.41 1029.72 731.77 297.948 594.9 380.072 220.619 136.87 151.256 80.6614 95.0826 146.692 159.453 106.694 75.6676 214.828 123.923 83.7852 57.7335 140.12 51.5731 47.3962 90.9043 48.9608 118.883 81.9379 84.893 64.7539 80.4992 67.8122 80.1639 57.9845 38.7936 76.5272 63.8416 53.7273 41.7874 29.9315 43.1443 70.5945 51.5697 101.444 50.3664 32.2121 21.2365 38.3336 67.0287 90.9286 35.3671 48.268 32.1316
internal_count=1438251 1125722 802135 323587 698321 472159 267103 103814 193306 78358 52794 130281 205056 312529 93958 226162 130291 111098 169295 163835 68350 49152 95871 143234 123531 81239 44964 49042 103268 88291 70223 76002 38390 81139 53812 44559 51020 33183 42849 114948 74945 102109 37957 42748 40304 51439 62272 92224 38973 61204 31329
cat_boundaries=0 1 2 3 4 5 6 7
cat_threshold=3256 15 756 1802 1634 2740 1268
is_linear=0
shrinkage=0.05


Tree=161
num_leaves=41
num_cat=11
split_feature=28 28 15 9 10 10 9 0 4 28 13 9 21 10 21 28 23 28 28 21 7 28 21 28 10 0 18 15 21 28 28 4 21 0 22 25 23 28 21 25
split_gain=3.07422 0.961803 1.23988 0.815252 1.06195 0.811239 0.590224 0.702394 0.881484 0.491253 0.605582 1.21208 0.449311 0.492836 0.498302 0.443867 0.388799 0.425089 0.380989 0.259697 0.236998 0.224813 0.217238 0.565711 0.18636 0.171167 0.168367 0.158322 0.143791 0.769719 0.452853 0.131384 0.108695 0.0685522 0.0515609 0.0429758 0.0391722 0.0329311 0.0229044 0.0211904
threshold=0 1 9.5684938430786151 3.7063300609588627 -1.0039027929306028 3.8977946043014531 4.7674007415771493 -2.3980201482772823 1.7188168168067934 2 1.0825756788253786 0.67733442783355724 0.55465286970138561 2.4169139862060551 1.688525438308716 3 -0.65423756837844838 4 5 1.2619196772575381 0.079589691013097777 6 1.576451897621155 7 1.2777987718582156 -1.8153468966484068 1.2939997911453249 4.4361660480499276 1.4512602686882021 8 9 0.30540062487125402 0.008059352636337282 2.358683824539185 -0.1807911545038223 0.096230160444974913 -0.53508257865905751 10 0.12658501416444781 0.54662698507308971
decision_type=9 9 10 8 8 10 8 10 10 9 8 10 10 10 10 9 10 9 9 10 10 9 10 9 8 10 10 10 10 9 9 8 10 10 10 10 10 9 10 10
left_child=1 2 6 4 15 22 7 24 20 10 11 26 16 14 18 38 21 32 31 -13 39 -11 23 -5 -1 -12 36 -20 30 -30 37 -14 -18 -17 -19 -22 -6 -2 -3 -9
right_child=28 3 -4 5 9 -7 -8 8 -10 12 25 19 13 -15 -16 33 17 34 27 -21 35 -23 -24 -25 -26 -27 -28 -29 29 -31 -32 -33 -34 -35 -36 -37 -38 -39 -40 -41
leaf_value=0.00037335083517103633 0.00086147179465561317 0.00014827969800584862 -0.0029876179903608729 0.0081747454879658715 -0.00033973424247733949 -0.001889021225615185 -0.0013932483894260085 0.00068669179307122828 -0.0032469268876487867 -0.0027079625234132827 -0.0070600827176454054 0.0047127312467289345 0.0020552249274054502 0.0023597090876998996 0.0015859689911971861 0.0057096982303754922 0.0060898860993371662 -0.0015275686393638923 -0.0071049342510562932 -0.00052613117571193642 0.00015808374779521629 0.001257411680955247 0 -0.0011366537546181018 0.010055180975272375 -0.00036404522356653612 0.00021920467716880613 -0.00014900032381732193 -0.0037200298436747235 0.0035063106498723438 -0.0044920511955117053 -0.0011770174210349576 0.0005796297447192353 0.00013849466850940871 0.00050190996412562323 0.0051454518087834236 -0.0055579981424942236 -0.00047649698138163056 -0.0015542347708917344 -0.00055108103646580285
leaf_weight=10.584447239583822 21.171300805195642 10.108909158756434 19.398921071071527 25.187007051747059 13.292976242766597 15.878344219476274 10.652103789136161 21.690491772111272 15.412151562501093 22.082840463626781 37.344725137852947 34.486849069508025 10.855864062665207 13.225459340872474 15.954917509370715 44.951847864329466 26.531623622664483 22.405178564040398 33.79475832440221 18.014975071724621 10.01794719029567 17.184082243184093 10.760835364009834 10.365449847115086 47.865753054589732 18.962121734584798 11.526925692145594 13.143531032364988 11.814030914931207 15.68531626732147 281.27487187681982 17.13874041474628 25.79156184988824 10.547965636360457 17.59727771172038 74.638350919747609 25.058727315466967 45.43179253123526 14.720506169549479 15.590984912763814
leaf_count=2149 47962 8967 5618 5265 6243 9464 3071 9707 2929 14087 10392 5836 8185 11492 7735 32196 22225 37106 14093 2708 1457 34434 3761 17926 7721 5512 2672 7364 25260 37396 791456 15396 16299 19165 29462 12545 9024 118853 6516 7632
internal_value=-8.30721e-05 0.00171544 0.00408023 0.000402183 -0.000443179 0.00425713 0.00537596 0.00597307 0.00240995 -0.00157833 -0.00326759 -0.000412212 2.76599e-05 -0.0019461 -0.00322323 0.00355909 0.00172418 0.00307972 -0.00451215 0.00348656 0.00389031 -0.0013468 0.00630297 0.0071465 0.00932849 -0.00608396 -0.00425709 -0.00570202 -0.00347999 0 -0.00380352 0.000466495 0.00458498 0.00480981 -0.000716744 0.00487024 -0.00502174 0.000116023 -0.00102179 9.26121e-05
internal_weight=1138.14 762.765 225.851 536.914 474.722 62.1916 206.452 195.8 137.35 394.393 158.687 102.38 235.706 104.113 90.8878 80.3292 131.593 92.3256 74.9329 52.5018 121.938 39.2669 46.3133 35.5525 58.4502 56.3068 49.8786 46.9383 375.377 27.4993 347.878 27.9946 52.3232 55.4998 40.0025 84.6563 38.3517 66.6031 24.8294 37.2815
internal_count=1437281 416354 52829 363525 327109 36416 47211 44140 34270 260265 42387 26483 217878 64265 52773 66844 153613 105092 45038 8544 31341 48521 26952 23191 9870 15904 17939 21457 1020927 62656 958271 23581 38524 51361 66568 14002 15267 166815 15483 17339
cat_boundaries=0 5 10 12 16 20 24 28 32 37 42 47
cat_threshold=106565632 1076370689 541065223 100728833 4224 5767168 0 4194304 65536 4096 4096 2627840 67108864 256 5 33554432 33554432 0 7 100663296 67239936 1025 536870912 1 67108864 1 536870913 33554433 4096 2623489 4 67108864 2969585088 2282766880 59771392 405015552 1095 2969600192 135266336 51383808 1344539648 9252 16777216 135266304 33556480 2100224 1028
is_linear=0
shrinkage=0.05


end of trees

feature_importances:
industry=847
hv_contraction_z_252d=515
sharpe_tstat_252d=500
atr_z_252d=371
up_down_vol_ratio_z_252d=352
ret_skew_63d=339
breakout_strength_52w=338
du_cur_z_252d=324
ret_kurt_63d=305
pos_in_range_z_252d=238
ret_z_252d=223
off_ath_z_252d=189
dollar_vol_z_252d=186
sector=171
stability_z_252d=168
dd_cur_z_252d=165
atr_z_63d=162
price_ma_ratio_z_252d=153
dd_alltime_z_252d=150
up_down_vol_ratio_z_63d=108
price_ma_ratio_z_63d=94
pos_in_range_z_63d=88
dollar_vol_z_63d=80
ret_z_63d=75
volume_pctile_252d=52
rsi_pctile_252d=43
volume_pctile_63d=27
price_ma_ratio_z_21d=18
ret_z_21d=13

parameters:
[boosting: gbdt]
[objective: lambdarank]
[metric: ndcg]
[tree_learner: serial]
[device_type: cpu]
[data_sample_strategy: bagging]
[data: ]
[valid: ]
[num_iterations: 1500]
[learning_rate: 0.05]
[num_leaves: 62]
[num_threads: 1]
[seed: 42]
[deterministic: 0]
[force_col_wise: 1]
[force_row_wise: 0]
[histogram_pool_size: -1]
[max_depth: 13]
[min_data_in_leaf: 800]
[min_sum_hessian_in_leaf: 10]
[bagging_fraction: 0.7]
[pos_bagging_fraction: 1]
[neg_bagging_fraction: 1]
[bagging_freq: 1]
[bagging_seed: 42]
[bagging_by_query: 0]
[feature_fraction: 0.7]
[feature_fraction_bynode: 1]
[feature_fraction_seed: 42]
[extra_trees: 0]
[extra_seed: 12879]
[early_stopping_round: 0]
[early_stopping_min_delta: 0]
[first_metric_only: 1]
[max_delta_step: 0]
[lambda_l1: 0.1]
[lambda_l2: 50]
[linear_lambda: 0]
[min_gain_to_split: 0.02]
[drop_rate: 0.1]
[max_drop: 50]
[skip_drop: 0.5]
[xgboost_dart_mode: 0]
[uniform_drop: 0]
[drop_seed: 17869]
[top_rate: 0.2]
[other_rate: 0.1]
[min_data_per_group: 100]
[max_cat_threshold: 32]
[cat_l2: 10]
[cat_smooth: 10]
[max_cat_to_onehot: 4]
[top_k: 20]
[monotone_constraints: ]
[monotone_constraints_method: basic]
[monotone_penalty: 0]
[feature_contri: ]
[forcedsplits_filename: ]
[refit_decay_rate: 0.9]
[cegb_tradeoff: 1]
[cegb_penalty_split: 0]
[cegb_penalty_feature_lazy: ]
[cegb_penalty_feature_coupled: ]
[path_smooth: 0]
[interaction_constraints: ]
[verbosity: -1]
[saved_feature_importance_type: 0]
[use_quantized_grad: 0]
[num_grad_quant_bins: 4]
[quant_train_renew_leaf: 0]
[stochastic_rounding: 1]
[linear_tree: 0]
[max_bin: 255]
[max_bin_by_feature: ]
[min_data_in_bin: 3]
[bin_construct_sample_cnt: 200000]
[data_random_seed: 175]
[is_enable_sparse: 1]
[enable_bundle: 1]
[use_missing: 1]
[zero_as_missing: 0]
[feature_pre_filter: 1]
[pre_partition: 0]
[two_round: 0]
[header: 0]
[label_column: ]
[weight_column: ]
[group_column: ]
[ignore_column: ]
[categorical_feature: 27,28]
[forcedbins_filename: ]
[precise_float_parser: 0]
[parser_config_file: ]
[objective_seed: 16083]
[num_class: 1]
[is_unbalance: 0]
[scale_pos_weight: 1]
[sigmoid: 1]
[boost_from_average: 1]
[reg_sqrt: 0]
[alpha: 0.9]
[fair_c: 1]
[poisson_max_delta_step: 0.7]
[tweedie_variance_power: 1.5]
[lambdarank_truncation_level: 200]
[lambdarank_norm: 1]
[label_gain: 0,1,2,3,4,5,6,7,8,9]
[lambdarank_position_bias_regularization: 0]
[eval_at: 50,100,200]
[multi_error_top_k: 1]
[auc_mu_weights: ]
[num_machines: 1]
[local_listen_port: 12400]
[time_out: 120]
[machine_list_filename: ]
[machines: ]
[gpu_platform_id: -1]
[gpu_device_id: -1]
[gpu_use_dp: 0]
[num_gpu: 1]

end of parameters

pandas_categorical:[["Basic Materials", "Communication Services", "Consumer Cyclical", "Consumer Defensive", "Energy", "Financial Services", "Healthcare", "Industrials", "Real Estate", "Technology", "Unknown", "Utilities"], ["Advertising Agencies", "Aerospace & Defense", "Agricultural Inputs", "Airlines", "Airports & Air Services", "Aluminum", "Apparel Manufacturing", "Apparel Retail", "Asset Management", "Auto & Truck Dealerships", "Auto Manufacturers", "Auto Parts", "Banks - Diversified", "Banks - Regional", "Beverages - Brewers", "Beverages - Non-Alcoholic", "Beverages - Wineries & Distilleries", "Biotechnology", "Broadcasting", "Building Materials", "Building Products & Equipment", "Business Equipment & Supplies", "Capital Markets", "Chemicals", "Coking Coal", "Communication Equipment", "Computer Hardware", "Confectioners", "Conglomerates", "Consulting Services", "Consumer Electronics", "Copper", "Credit Services", "Department Stores", "Diagnostics & Research", "Discount Stores", "Drug Manufacturers - General", "Drug Manufacturers - Specialty & Generic", "Education & Training Services", "Electrical Equipment & Parts", "Electronic Components", "Electronic Gaming & Multimedia", "Electronics & Computer Distribution", "Engineering & Construction", "Entertainment", "Farm & Heavy Construction Machinery", "Farm Products", "Financial Conglomerates", "Financial Data & Stock Exchanges", "Food Distribution", "Footwear & Accessories", "Furnishings, Fixtures & Appliances", "Gambling", "Gold", "Grocery Stores", "Health Information Services", "Healthcare Plans", "Home Improvement Retail", "Household & Personal Products", "Industrial Distribution", "Information Technology Services", "Infrastructure Operations", "Insurance - Diversified", "Insurance - Life", "Insurance - Property & Casualty", "Insurance - Reinsurance", "Insurance - Specialty", "Insurance Brokers", "Integrated Freight & Logistics", "Internet Content & Information", "Internet Retail", "Leisure", "Lodging", "Lumber & Wood Production", "Luxury Goods", "Marine Shipping", "Medical Care Facilities", "Medical Devices", "Medical Distribution", "Medical Instruments & Supplies", "Metal Fabrication", "Mortgage Finance", "Oil & Gas Drilling", "Oil & Gas E&P", "Oil & Gas Equipment & Services", "Oil & Gas Integrated", "Oil & Gas Midstream", "Oil & Gas Refining & Marketing", "Other Industrial Metals & Mining", "Other Precious Metals & Mining", "Packaged Foods", "Packaging & Containers", "Paper & Paper Products", "Personal Services", "Pharmaceutical Retailers", "Pollution & Treatment Controls", "Publishing", "REIT - Diversified", "REIT - Healthcare Facilities", "REIT - Hotel & Motel", "REIT - Industrial", "REIT - Mortgage", "REIT - Office", "REIT - Residential", "REIT - Retail", "REIT - Specialty", "Railroads", "Real Estate - Development", "Real Estate - Diversified", "Real Estate Services", "Recreational Vehicles", "Rental & Leasing Services", "Residential Construction", "Resorts & Casinos", "Restaurants", "Scientific & Technical Instruments", "Security & Protection Services", "Semiconductor Equipment & Materials", "Semiconductors", "Shell Companies", "Silver", "Software - Application", "Software - Infrastructure", "Solar", "Specialty Business Services", "Specialty Chemicals", "Specialty Industrial Machinery", "Specialty Retail", "Staffing & Employment Services", "Steel", "Telecom Services", "Textile Manufacturing", "Thermal Coal", "Tobacco", "Tools & Accessories", "Travel Services", "Trucking", "Unknown", "Uranium", "Utilities - Diversified", "Utilities - Independent Power Producers", "Utilities - Regulated Electric", "Utilities - Regulated Gas", "Utilities - Regulated Water", "Utilities - Renewable", "Waste Management"]]
