ticker,date,sector,industry,rank_score
SMID,2026-02-02,Basic Materials,Building Materials,0.43973478533368504
LEGH,2026-02-02,Consumer Cyclical,Residential Construction,0.39976381122480387
NVR,2026-02-02,Consumer Cyclical,Residential Construction,0.35848455391070594
LOMA,2026-02-02,Basic Materials,Building Materials,0.330214707328974
PAM,2026-02-02,Utilities,Utilities - Independent Power Producers,0.29268378184860766
LEN,2026-02-02,Consumer Cyclical,Residential Construction,0.2777101782655054
KNF,2026-02-02,Basic Materials,Building Materials,0.2706600284724471
LGIH,2026-02-02,Consumer Cyclical,Residential Construction,0.2704790506869537
HOV,2026-02-02,Consumer Cyclical,Residential Construction,0.2646859894692791
TMHC,2026-02-02,Consumer Cyclical,Residential Construction,0.26310575261739905
UHG,2026-02-02,Consumer Cyclical,Residential Construction,0.2578742581661199
KBH,2026-02-02,Consumer Cyclical,Residential Construction,0.25457368171496053
TPH,2026-02-02,Consumer Cyclical,Residential Construction,0.23761299046379386
CEG,2026-02-02,Utilities,Utilities - Independent Power Producers,0.23199635510226727
JHX,2026-02-02,Basic Materials,Building Materials,0.2242002064970617
TGLS,2026-02-02,Basic Materials,Building Materials,0.19138043769276059
BZH,2026-02-02,Consumer Cyclical,Residential Construction,0.19076362497474816
MTH,2026-02-02,Consumer Cyclical,Residential Construction,0.18633698203253374
EXP,2026-02-02,Basic Materials,Building Materials,0.18459750683034612
WFC,2026-02-02,Financial Services,Banks - Diversified,0.15760868106154508
BAC,2026-02-02,Financial Services,Banks - Diversified,0.15245218162433435
SKY,2026-02-02,Consumer Cyclical,Residential Construction,0.13218542072741174
MUFG,2026-02-02,Financial Services,Banks - Diversified,0.12951308880736645
MHO,2026-02-02,Consumer Cyclical,Residential Construction,0.12464798569113146
JPM,2026-02-02,Financial Services,Banks - Diversified,0.11106253797262339
DHI,2026-02-02,Consumer Cyclical,Residential Construction,0.10875334855824274
DFH,2026-02-02,Consumer Cyclical,Residential Construction,0.08785386744854001
UBS,2026-02-02,Financial Services,Banks - Diversified,0.08779982409695411
CVCO,2026-02-02,Consumer Cyclical,Residential Construction,0.08672151052699736
VST,2026-02-02,Utilities,Utilities - Independent Power Producers,0.08285622779864468
SMFG,2026-02-02,Financial Services,Banks - Diversified,0.06717272042506137
TD,2026-02-02,Financial Services,Banks - Diversified,0.027482040431250077
SAN,2026-02-02,Financial Services,Banks - Diversified,-0.005274571032567982
BK,2026-02-02,Financial Services,Banks - Diversified,-0.010722185890172478
C,2026-02-02,Financial Services,Banks - Diversified,-0.011426515526010619
BBVA,2026-02-02,Financial Services,Banks - Diversified,-0.01754207160808254
TOL,2026-02-02,Consumer Cyclical,Residential Construction,-0.023267230000797657
ING,2026-02-02,Financial Services,Banks - Diversified,-0.08942553088822652
RY,2026-02-02,Financial Services,Banks - Diversified,-0.09958708028275327
CAPS,2026-02-02,Basic Materials,Building Materials,-0.1000862962572236
NRG,2026-02-02,Utilities,Utilities - Independent Power Producers,-0.11057810614733438
BNS,2026-02-02,Financial Services,Banks - Diversified,-0.11157598781179458
SPHL,2026-02-02,Consumer Cyclical,Residential Construction,-0.12716900673765502
USLM,2026-02-02,Basic Materials,Building Materials,-0.14765607946752837
BCS,2026-02-02,Financial Services,Banks - Diversified,-0.15544405634898315
OKLO,2026-02-02,Utilities,Utilities - Independent Power Producers,-0.15713006841323962
BMO,2026-02-02,Financial Services,Banks - Diversified,-0.16164805760633055
NTB,2026-02-02,Financial Services,Banks - Diversified,-0.16273129801548647
HSBC,2026-02-02,Financial Services,Banks - Diversified,-0.18229914718559354
GRBK,2026-02-02,Consumer Cyclical,Residential Construction,-0.18355567311326307
IBP,2026-02-02,Consumer Cyclical,Residential Construction,-0.1854907346960086
CM,2026-02-02,Financial Services,Banks - Diversified,-0.18932347857694679
VMC,2026-02-02,Basic Materials,Building Materials,-0.2291727398257735
ACA,2026-02-02,Industrials,Engineering & Construction,-0.23681411016733617
RETO,2026-02-02,Basic Materials,Building Materials,-0.24383183836383945
BLD,2026-02-02,Industrials,Engineering & Construction,-0.2627567448696645
DGXX,2026-02-02,Utilities,Utilities - Independent Power Producers,-0.26605948118624073
ECG,2026-02-02,Industrials,Engineering & Construction,-0.2857518485135428
KEN,2026-02-02,Utilities,Utilities - Independent Power Producers,-0.3048282248496812
TAC,2026-02-02,Utilities,Utilities - Independent Power Producers,-0.3067085852382213
PHM,2026-02-02,Consumer Cyclical,Residential Construction,-0.30685908130045575
TLN,2026-02-02,Utilities,Utilities - Independent Power Producers,-0.3113469003308582
CRH,2026-02-02,Basic Materials,Building Materials,-0.31601063273948826
MLM,2026-02-02,Basic Materials,Building Materials,-0.31859584332066576
SHIM,2026-02-02,Industrials,Engineering & Construction,-0.31989812484864216
CDLR,2026-02-02,Industrials,Engineering & Construction,-0.3456217387733449
MTZ,2026-02-02,Industrials,Engineering & Construction,-0.34584684820067324
EME,2026-02-02,Industrials,Engineering & Construction,-0.3489813612091294
TPC,2026-02-02,Industrials,Engineering & Construction,-0.3519068674688891
MYRG,2026-02-02,Industrials,Engineering & Construction,-0.35624648283424015
AMRC,2026-02-02,Industrials,Engineering & Construction,-0.3576691337202331
PWR,2026-02-02,Industrials,Engineering & Construction,-0.3638653946674027
MLI,2026-02-02,Industrials,Metal Fabrication,-0.37303000498514965
APG,2026-02-02,Industrials,Engineering & Construction,-0.37537953938238416
GLDD,2026-02-02,Industrials,Engineering & Construction,-0.3763688607940851
MTRX,2026-02-02,Industrials,Engineering & Construction,-0.3783590949512236
ROAD,2026-02-02,Industrials,Engineering & Construction,-0.38307871887656625
ORN,2026-02-02,Industrials,Engineering & Construction,-0.3835809522287422
DY,2026-02-02,Industrials,Engineering & Construction,-0.3859661857800688
IESC,2026-02-02,Industrials,Engineering & Construction,-0.39854563134810267
FIX,2026-02-02,Industrials,Engineering & Construction,-0.40345607863113386
GVA,2026-02-02,Industrials,Engineering & Construction,-0.41543335885271165
AP,2026-02-02,Industrials,Metal Fabrication,-0.4255410927001865
STN,2026-02-02,Industrials,Engineering & Construction,-0.4261734794348958
AGX,2026-02-02,Industrials,Engineering & Construction,-0.428052085861559
PRIM,2026-02-02,Industrials,Engineering & Construction,-0.43258846501648573
TTEK,2026-02-02,Industrials,Engineering & Construction,-0.4351377966601386
WLDN,2026-02-02,Industrials,Engineering & Construction,-0.43562617805511394
BWMN,2026-02-02,Industrials,Engineering & Construction,-0.4387815607512997
J,2026-02-02,Industrials,Engineering & Construction,-0.44131831125016996
STRL,2026-02-02,Industrials,Engineering & Construction,-0.4413557103739275
FER,2026-02-02,Industrials,Engineering & Construction,-0.46081820084329816
RYI,2026-02-02,Industrials,Metal Fabrication,-0.46681793596481325
EG,2026-02-02,Financial Services,Insurance - Reinsurance,-0.4718878224949209
FLR,2026-02-02,Industrials,Engineering & Construction,-0.4903451545562491
PUK,2026-02-02,Financial Services,Insurance - Life,-0.49346439204522774
MCY,2026-02-02,Financial Services,Insurance - Property & Casualty,-0.5027118198081344
VATE,2026-02-02,Industrials,Engineering & Construction,-0.5137639480752321
CX,2026-02-02,Basic Materials,Building Materials,-0.5158915196979577
TTMI,2026-02-02,Technology,Electronic Components,-0.5236902744217238
PRI,2026-02-02,Financial Services,Insurance - Life,-0.5279758621519376
RGA,2026-02-02,Financial Services,Insurance - Reinsurance,-0.52943416760211
RNR,2026-02-02,Financial Services,Insurance - Reinsurance,-0.5327435465668605
ATI,2026-02-02,Industrials,Metal Fabrication,-0.5329476689642795
HRTG,2026-02-02,Financial Services,Insurance - Property & Casualty,-0.5443626537459945
AEG,2026-02-02,Financial Services,Insurance - Diversified,-0.5525069661097921
GLRE,2026-02-02,Financial Services,Insurance - Reinsurance,-0.5543847032315437
CRS,2026-02-02,Industrials,Metal Fabrication,-0.5599815561010575
PRLB,2026-02-02,Industrials,Metal Fabrication,-0.5675806446865778
SNX,2026-02-02,Technology,Electronics & Computer Distribution,-0.5685085341182133
FIHL,2026-02-02,Financial Services,Insurance - Diversified,-0.5691742575687375
IGIC,2026-02-02,Financial Services,Insurance - Diversified,-0.573141372609684
FN,2026-02-02,Technology,Electronic Components,-0.5764669341148916
CNXN,2026-02-02,Technology,Electronics & Computer Distribution,-0.5786055348709599
BNT,2026-02-02,Financial Services,Insurance - Diversified,-0.5829462782914511
ACGLN,2026-02-02,Financial Services,Insurance - Diversified,-0.5887576578759114
SWIM,2026-02-02,Industrials,Building Products & Equipment,-0.6001972964405997
BHFAP,2026-02-02,Financial Services,Insurance - Life,-0.6014898519951544
BHFAO,2026-02-02,Financial Services,Insurance - Life,-0.6032975234307757
PRSU,2026-02-02,Consumer Cyclical,Travel Services,-0.6044215822047844
ACGL,2026-02-02,Financial Services,Insurance - Diversified,-0.6046711157153838
WOR,2026-02-02,Industrials,Metal Fabrication,-0.606292656210922
ACGLO,2026-02-02,Financial Services,Insurance - Diversified,-0.6069080016688541
CPAC,2026-02-02,Basic Materials,Building Materials,-0.6111631574424019
MET,2026-02-02,Financial Services,Insurance - Life,-0.6123520447214188
VICR,2026-02-02,Technology,Electronic Components,-0.6153890797302902
SCSC,2026-02-02,Technology,Electronics & Computer Distribution,-0.6183112624702881
BBCP,2026-02-02,Industrials,Engineering & Construction,-0.6189091350317464
ACM,2026-02-02,Industrials,Engineering & Construction,-0.6204232450344194
AVT,2026-02-02,Technology,Electronics & Computer Distribution,-0.6234477125236387
SLF,2026-02-02,Financial Services,Insurance - Diversified,-0.6271385729309613
SPNT,2026-02-02,Financial Services,Insurance - Reinsurance,-0.6294511300224532
DSGR,2026-02-02,Industrials,Industrial Distribution,-0.6301425380547959
CIA,2026-02-02,Financial Services,Insurance - Life,-0.6314061190686195
FG,2026-02-02,Financial Services,Insurance - Life,-0.6321301321178766
TPCS,2026-02-02,Industrials,Metal Fabrication,-0.6327424995436055
MEC,2026-02-02,Industrials,Metal Fabrication,-0.6335911328799202
CXT,2026-02-02,Industrials,Specialty Industrial Machinery,-0.6470644972286591
APH,2026-02-02,Technology,Electronic Components,-0.6471420340360234
ATRO,2026-02-02,Industrials,Aerospace & Defense,-0.6489943950076748
AFL,2026-02-02,Financial Services,Insurance - Life,-0.6507344033513505
CAPT,2026-02-02,Basic Materials,Building Materials,-0.6507443288791674
CMPO,2026-02-02,Industrials,Metal Fabrication,-0.6511892061801178
SHMD,2026-02-02,Industrials,Specialty Industrial Machinery,-0.6512676843592904
SKK,2026-02-02,Industrials,Engineering & Construction,-0.6525243303530838
UNM,2026-02-02,Financial Services,Insurance - Life,-0.6542158725433458
BHFAN,2026-02-02,Financial Services,Insurance - Life,-0.6565507966785703
AAON,2026-02-02,Industrials,Building Products & Equipment,-0.6566578687892576
FAF,2026-02-02,Financial Services,Insurance - Specialty,-0.657217936433261
DGICA,2026-02-02,Financial Services,Insurance - Property & Casualty,-0.6585870148014041
AME,2026-02-02,Industrials,Specialty Industrial Machinery,-0.658597810302024
LPTH,2026-02-02,Technology,Electronic Components,-0.6590056865298937
RRX,2026-02-02,Industrials,Specialty Industrial Machinery,-0.6608857185721417
GL,2026-02-02,Financial Services,Insurance - Life,-0.6617418765239866
ETN,2026-02-02,Industrials,Specialty Industrial Machinery,-0.6652271102807665
CLMB,2026-02-02,Technology,Electronics & Computer Distribution,-0.6678801447222207
NDSN,2026-02-02,Industrials,Specialty Industrial Machinery,-0.6687702771761322
GRC,2026-02-02,Industrials,Specialty Industrial Machinery,-0.6697640066478875
MFC,2026-02-02,Financial Services,Insurance - Life,-0.6725962782912406
IR,2026-02-02,Industrials,Specialty Industrial Machinery,-0.677572742803439
EPAC,2026-02-02,Industrials,Specialty Industrial Machinery,-0.6833058029655156
PIPR,2026-02-02,Financial Services,Capital Markets,-0.6852501318693283
FELE,2026-02-02,Industrials,Specialty Industrial Machinery,-0.6863713782827523
CECO,2026-02-02,Industrials,Pollution & Treatment Controls,-0.6883769862522799
WTM,2026-02-02,Financial Services,Insurance - Property & Casualty,-0.6892600138104967
ESOA,2026-02-02,Industrials,Engineering & Construction,-0.6908612430529755
FLS,2026-02-02,Industrials,Specialty Industrial Machinery,-0.6920423697884055
ALNT,2026-02-02,Technology,Electronic Components,-0.6922838553321212
L,2026-02-02,Financial Services,Insurance - Property & Casualty,-0.6941568990701091
MAS,2026-02-02,Industrials,Building Products & Equipment,-0.6961039059898839
MRX,2026-02-02,Financial Services,Capital Markets,-0.6967020348223828
HLIO,2026-02-02,Industrials,Specialty Industrial Machinery,-0.6997522530751563
ARLO,2026-02-02,Industrials,Building Products & Equipment,-0.7002161775805595
LMND,2026-02-02,Financial Services,Insurance - Property & Casualty,-0.702896664579342
NCLH,2026-02-02,Consumer Cyclical,Travel Services,-0.7039026997337112
CLS,2026-02-02,Technology,Electronic Components,-0.7039340965417125
AGO,2026-02-02,Financial Services,Insurance - Specialty,-0.7041698329161413
CW,2026-02-02,Industrials,Aerospace & Defense,-0.70444178253808
BELFB,2026-02-02,Technology,Electronic Components,-0.7052766382938552
LAZ,2026-02-02,Financial Services,Capital Markets,-0.7063298009204614
CMI,2026-02-02,Industrials,Specialty Industrial Machinery,-0.7076800086787937
ABNB,2026-02-02,Consumer Cyclical,Travel Services,-0.7090587600971429
LMB,2026-02-02,Industrials,Building Products & Equipment,-0.7129104453644415
BELFA,2026-02-02,Technology,Electronic Components,-0.7137817347780139
ESLT,2026-02-02,Industrials,Aerospace & Defense,-0.7138111311737719
ESAB,2026-02-02,Industrials,Metal Fabrication,-0.714415789023893
AER,2026-02-02,Industrials,Rental & Leasing Services,-0.7156291806034841
LXFR,2026-02-02,Industrials,Specialty Industrial Machinery,-0.716404193220086
WDH,2026-02-02,Financial Services,Insurance - Diversified,-0.7165553593148465
DOV,2026-02-02,Industrials,Specialty Industrial Machinery,-0.7166900463095217
TAYD,2026-02-02,Industrials,Specialty Industrial Machinery,-0.7168336653737762
BGC,2026-02-02,Financial Services,Capital Markets,-0.7184828398634614
AIG,2026-02-02,Financial Services,Insurance - Diversified,-0.720800396325306
EMR,2026-02-02,Industrials,Specialty Industrial Machinery,-0.721320216189611
JXN,2026-02-02,Financial Services,Insurance - Life,-0.7217274243121926
CASS,2026-02-02,Industrials,Specialty Business Services,-0.7219198979153546
SF,2026-02-02,Financial Services,Capital Markets,-0.7238449508178879
UFCS,2026-02-02,Financial Services,Insurance - Property & Casualty,-0.7241998023722743
EVI,2026-02-02,Industrials,Industrial Distribution,-0.7257077553244364
XYL,2026-02-02,Industrials,Specialty Industrial Machinery,-0.7280359968813829
ARW,2026-02-02,Technology,Electronics & Computer Distribution,-0.7296485312517155
NPO,2026-02-02,Industrials,Specialty Industrial Machinery,-0.7305976109413367
IIIN,2026-02-02,Industrials,Metal Fabrication,-0.730994230510232
IEX,2026-02-02,Industrials,Specialty Industrial Machinery,-0.731150462899935
OUST,2026-02-02,Technology,Electronic Components,-0.7318569373511664
UVE,2026-02-02,Financial Services,Insurance - Property & Casualty,-0.7319534322238662
CNM,2026-02-02,Industrials,Industrial Distribution,-0.7329153510805734
NPWR,2026-02-02,Industrials,Specialty Industrial Machinery,-0.7356141973739038
ZWS,2026-02-02,Industrials,Pollution & Treatment Controls,-0.736157577314864
GHM,2026-02-02,Industrials,Specialty Industrial Machinery,-0.7364522911427793
BHF,2026-02-02,Financial Services,Insurance - Life,-0.7382830740819328
CNO,2026-02-02,Financial Services,Insurance - Life,-0.7384329223854218
NNI,2026-02-02,Financial Services,Credit Services,-0.7395668254748581
HII,2026-02-02,Industrials,Aerospace & Defense,-0.739916932209341
TNC,2026-02-02,Industrials,Specialty Industrial Machinery,-0.7414791495037908
SIGI,2026-02-02,Financial Services,Insurance - Property & Casualty,-0.7422616874792526
FBIN,2026-02-02,Industrials,Building Products & Equipment,-0.7445009909663458
KINS,2026-02-02,Financial Services,Insurance - Property & Casualty,-0.7450452607687051
SITE,2026-02-02,Industrials,Industrial Distribution,-0.745234424850356
SANM,2026-02-02,Technology,Electronic Components,-0.7453502133252559
LNC,2026-02-02,Financial Services,Insurance - Life,-0.7454064674272336
INVE,2026-02-02,Industrials,Building Products & Equipment,-0.74927623061472
MKL,2026-02-02,Financial Services,Insurance - Property & Casualty,-0.7500757673414478
WLFC,2026-02-02,Industrials,Rental & Leasing Services,-0.7507759923107625
SLNHP,2026-02-02,Financial Services,Capital Markets,-0.7511472192176504
MMS,2026-02-02,Industrials,Specialty Business Services,-0.7515505776912009
MIDD,2026-02-02,Industrials,Specialty Industrial Machinery,-0.7517556760864459
KBR,2026-02-02,Industrials,Engineering & Construction,-0.7520745003520208
ABL,2026-02-02,Financial Services,Insurance - Life,-0.7532038848692894
NNE,2026-02-02,Industrials,Specialty Industrial Machinery,-0.754025838973936
FUTU,2026-02-02,Financial Services,Capital Markets,-0.7543051386148644
ESNT,2026-02-02,Financial Services,Insurance - Specialty,-0.7543500705745781
ITIC,2026-02-02,Financial Services,Insurance - Specialty,-0.7556322854107538
CB,2026-02-02,Financial Services,Insurance - Property & Casualty,-0.7562618328054563
PRU,2026-02-02,Financial Services,Insurance - Life,-0.756487451170227
HWM,2026-02-02,Industrials,Aerospace & Defense,-0.757638494798877
SIGIP,2026-02-02,Financial Services,Insurance - Property & Casualty,-0.7586712248560865
EVR,2026-02-02,Financial Services,Capital Markets,-0.7589395720946729
WSO,2026-02-02,Industrials,Industrial Distribution,-0.7614520082017311
GBTG,2026-02-02,Consumer Cyclical,Travel Services,-0.7621012973313164
GEV,2026-02-02,Industrials,Specialty Industrial Machinery,-0.7642355158999421
GTES,2026-02-02,Industrials,Specialty Industrial Machinery,-0.7660437215146438
NX,2026-02-02,Industrials,Building Products & Equipment,-0.7669023998459017
MSW,2026-02-02,Industrials,Engineering & Construction,-0.7672289872629775
FTAIN,2026-02-02,Industrials,Rental & Leasing Services,-0.767474921499081
NTRP,2026-02-02,Consumer Cyclical,Travel Services,-0.7683690035714694
GLW,2026-02-02,Technology,Electronic Components,-0.7684064173705287
HG,2026-02-02,Financial Services,Insurance - Reinsurance,-0.7691335390128792
CINF,2026-02-02,Financial Services,Insurance - Property & Casualty,-0.7694627871932259
EXPO,2026-02-02,Industrials,Engineering & Construction,-0.7704472534328048
SSD,2026-02-02,Basic Materials,Lumber & Wood Production,-0.7712646920440132
BW,2026-02-02,Industrials,Specialty Industrial Machinery,-0.771375042999328
ET,2026-02-02,Energy,Oil & Gas Midstream,-0.7721713011538328
TREX,2026-02-02,Industrials,Building Products & Equipment,-0.7725673302862465
SCHW,2026-02-02,Financial Services,Capital Markets,-0.7726062754997565
PNR,2026-02-02,Industrials,Specialty Industrial Machinery,-0.7741787246734797
MOB,2026-02-02,Industrials,Aerospace & Defense,-0.7751682672598701
IREN,2026-02-02,Financial Services,Capital Markets,-0.7762997739530225
EMBJ,2026-02-02,Industrials,Aerospace & Defense,-0.7763900535417869
WFG,2026-02-02,Basic Materials,Lumber & Wood Production,-0.7770762192063592
HURC,2026-02-02,Industrials,Specialty Industrial Machinery,-0.7789061016963722
GNRC,2026-02-02,Industrials,Specialty Industrial Machinery,-0.7797020757733741
ACIC,2026-02-02,Financial Services,Insurance - Property & Casualty,-0.7806662226093046
CMPR,2026-02-02,Industrials,Specialty Business Services,-0.7808365196687491
KAI,2026-02-02,Industrials,Specialty Industrial Machinery,-0.7808918838003771
GNW,2026-02-02,Financial Services,Insurance - Life,-0.7809926712614409
OXBR,2026-02-02,Financial Services,Insurance - Reinsurance,-0.7827993584512355
JRVR,2026-02-02,Financial Services,Insurance - Specialty,-0.7831856811543303
WTS,2026-02-02,Industrials,Specialty Industrial Machinery,-0.7834534052488666
TWIN,2026-02-02,Industrials,Specialty Industrial Machinery,-0.7837035478395543
AIT,2026-02-02,Industrials,Industrial Distribution,-0.7842376554894487
BV,2026-02-02,Industrials,Specialty Business Services,-0.7849399325364877
BWEN,2026-02-02,Industrials,Specialty Industrial Machinery,-0.7855775378133528
ITW,2026-02-02,Industrials,Specialty Industrial Machinery,-0.7856832086071751
GWW,2026-02-02,Industrials,Industrial Distribution,-0.7860731457549136
TRIP,2026-02-02,Consumer Cyclical,Travel Services,-0.7866732327605003
AZZ,2026-02-02,Industrials,Specialty Business Services,-0.7868227396021722
ADUR,2026-02-02,Industrials,Pollution & Treatment Controls,-0.788180892255297
SNEX,2026-02-02,Financial Services,Capital Markets,-0.790086031065593
POOL,2026-02-02,Industrials,Industrial Distribution,-0.7901818924384542
MRCY,2026-02-02,Industrials,Aerospace & Defense,-0.7902416774873552
TG,2026-02-02,Industrials,Metal Fabrication,-0.7903248860762633
TEL,2026-02-02,Technology,Electronic Components,-0.7904645864877223
CVV,2026-02-02,Industrials,Specialty Industrial Machinery,-0.7920684559589912
OPTX,2026-02-02,Technology,Electronic Components,-0.7922350725003832
ALTG,2026-02-02,Industrials,Rental & Leasing Services,-0.7924014518893245
MU,2026-02-02,Technology,Semiconductors,-0.7932009326084408
SLND,2026-02-02,Industrials,Engineering & Construction,-0.7935621896786147
HGTY,2026-02-02,Financial Services,Insurance - Property & Casualty,-0.7936021812026365
ONEG,2026-02-02,Industrials,Engineering & Construction,-0.7947735942711577
SAFT,2026-02-02,Financial Services,Insurance - Property & Casualty,-0.7962947563355165
HCI,2026-02-02,Financial Services,Insurance - Property & Casualty,-0.7964288807001556
TCOM,2026-02-02,Consumer Cyclical,Travel Services,-0.796746631692292
OTIS,2026-02-02,Industrials,Specialty Industrial Machinery,-0.8008328447955451
DNOW,2026-02-02,Industrials,Industrial Distribution,-0.8031449125789062
MBI,2026-02-02,Financial Services,Insurance - Specialty,-0.8039825803392155
GIC,2026-02-02,Industrials,Industrial Distribution,-0.8050306866403041
WRB,2026-02-02,Financial Services,Insurance - Property & Casualty,-0.8080809170094304
PC,2026-02-02,Industrials,Specialty Business Services,-0.8111418480903463
CAR,2026-02-02,Industrials,Rental & Leasing Services,-0.811605727823681
ORI,2026-02-02,Financial Services,Insurance - Property & Casualty,-0.8147372426932717
FTAIM,2026-02-02,Industrials,Rental & Leasing Services,-0.814770486928214
FERG,2026-02-02,Industrials,Industrial Distribution,-0.8149466403291427
AIR,2026-02-02,Industrials,Aerospace & Defense,-0.8156530185639326
BHFAM,2026-02-02,Financial Services,Insurance - Life,-0.8157735313014683
NCTY,2026-02-02,Financial Services,Capital Markets,-0.8172308726862122
RTO,2026-02-02,Industrials,Specialty Business Services,-0.8175698778896697
ITT,2026-02-02,Industrials,Specialty Industrial Machinery,-0.8189139180999909
SMR,2026-02-02,Industrials,Specialty Industrial Machinery,-0.8190088644341227
YTRA,2026-02-02,Consumer Cyclical,Travel Services,-0.8201315453449519
UFPI,2026-02-02,Basic Materials,Lumber & Wood Production,-0.8205078170991854
AAME,2026-02-02,Financial Services,Insurance - Life,-0.8222084505751677
AWI,2026-02-02,Industrials,Building Products & Equipment,-0.82253526843411
JOE,2026-02-02,Real Estate,Real Estate - Diversified,-0.8241759148099916
B,2026-02-02,Basic Materials,Gold,-0.8259767589210854
WU,2026-02-02,Financial Services,Credit Services,-0.8269911620246857
RKLB,2026-02-02,Industrials,Aerospace & Defense,-0.8272692424113617
ZIM,2026-02-02,Industrials,Marine Shipping,-0.8285407323167585
MFIN,2026-02-02,Financial Services,Credit Services,-0.8301366014227286
SXC,2026-02-02,Basic Materials,Coking Coal,-0.8310553541635191
VSTS,2026-02-02,Industrials,Rental & Leasing Services,-0.8314877369304475
KMPR,2026-02-02,Financial Services,Insurance - Property & Casualty,-0.8322488621834312
RCAT,2026-02-02,Industrials,Aerospace & Defense,-0.8340641413981204
PZG,2026-02-02,Basic Materials,Gold,-0.8340760257985947
RBA,2026-02-02,Industrials,Specialty Business Services,-0.834152169942811
HUT,2026-02-02,Financial Services,Capital Markets,-0.8344346258312191
MC,2026-02-02,Financial Services,Capital Markets,-0.8346820618803533
GS,2026-02-02,Financial Services,Capital Markets,-0.8356933153496279
ACT,2026-02-02,Financial Services,Insurance - Specialty,-0.8384871264609572
POWWP,2026-02-02,Industrials,Aerospace & Defense,-0.8388479199951387
JELD,2026-02-02,Industrials,Building Products & Equipment,-0.8391283349934161
WULF,2026-02-02,Financial Services,Capital Markets,-0.8402384583802713
GATX,2026-02-02,Industrials,Rental & Leasing Services,-0.8410796530483083
EIG,2026-02-02,Financial Services,Insurance - Specialty,-0.8411111615158923
BCC,2026-02-02,Basic Materials,Lumber & Wood Production,-0.8414842357166956
TISI,2026-02-02,Industrials,Specialty Business Services,-0.8420618446525122
CPSH,2026-02-02,Technology,Electronic Components,-0.8424142324364485
EZPW,2026-02-02,Financial Services,Credit Services,-0.8425219601041004
ASPN,2026-02-02,Industrials,Building Products & Equipment,-0.8446538265923064
RIOT,2026-02-02,Financial Services,Capital Markets,-0.8447597052165013
SARO,2026-02-02,Industrials,Aerospace & Defense,-0.8448322449304223
TRP,2026-02-02,Energy,Oil & Gas Midstream,-0.845227508901441
PLXS,2026-02-02,Technology,Electronic Components,-0.8457478994837673
QXO,2026-02-02,Industrials,Industrial Distribution,-0.845807476881456
BXC,2026-02-02,Industrials,Industrial Distribution,-0.8463154703573893
SYM,2026-02-02,Industrials,Specialty Industrial Machinery,-0.8469303529262827
STNG,2026-02-02,Energy,Oil & Gas Midstream,-0.8480868168879668
KRNT,2026-02-02,Industrials,Specialty Industrial Machinery,-0.8483895483141776
ARMN,2026-02-02,Basic Materials,Gold,-0.8497595763981501
ERII,2026-02-02,Industrials,Pollution & Treatment Controls,-0.8497727205257459
QUAD,2026-02-02,Industrials,Specialty Business Services,-0.8500122437746797
GOLD,2026-02-02,Financial Services,Capital Markets,-0.8526464729249638
IMO,2026-02-02,Energy,Oil & Gas Integrated,-0.8527227317741174
KOF,2026-02-02,Consumer Defensive,Beverages - Non-Alcoholic,-0.8530425275646066
DPRO,2026-02-02,Industrials,Aerospace & Defense,-0.8549601090994642
CNA,2026-02-02,Financial Services,Insurance - Property & Casualty,-0.8560660467213541
CTAS,2026-02-02,Industrials,Specialty Business Services,-0.8563374620712665
JBTM,2026-02-02,Industrials,Specialty Industrial Machinery,-0.8563946272410026
MWA,2026-02-02,Industrials,Specialty Industrial Machinery,-0.8584296375909223
ROK,2026-02-02,Industrials,Specialty Industrial Machinery,-0.8588576712012185
TOUR,2026-02-02,Consumer Cyclical,Travel Services,-0.859377397281384
NSIT,2026-02-02,Technology,Electronics & Computer Distribution,-0.8594934536621406
TIGR,2026-02-02,Financial Services,Capital Markets,-0.8597844170747487
ACHR,2026-02-02,Industrials,Aerospace & Defense,-0.8612520821441104
HUHU,2026-02-02,Industrials,Specialty Industrial Machinery,-0.8613527455321135
AA,2026-02-02,Basic Materials,Aluminum,-0.8618383739789228
TRV,2026-02-02,Financial Services,Insurance - Property & Casualty,-0.8621442073521043
NMR,2026-02-02,Financial Services,Capital Markets,-0.8625320127541511
CSTM,2026-02-02,Basic Materials,Aluminum,-0.8626644583916109
HOOD,2026-02-02,Financial Services,Capital Markets,-0.8629808072286408
FGL,2026-02-02,Industrials,Engineering & Construction,-0.8640299956745049
DQ,2026-02-02,Technology,Semiconductor Equipment & Materials,-0.8651683567621089
FTAI,2026-02-02,Industrials,Rental & Leasing Services,-0.8653285385746122
SOFI,2026-02-02,Financial Services,Credit Services,-0.8657854348392184
ALL,2026-02-02,Financial Services,Insurance - Property & Casualty,-0.8663371829153433
PJT,2026-02-02,Financial Services,Capital Markets,-0.8667314539933579
HMN,2026-02-02,Financial Services,Insurance - Property & Casualty,-0.866834248218452
BOW,2026-02-02,Financial Services,Insurance - Property & Casualty,-0.8668656754214732
MGRC,2026-02-02,Industrials,Rental & Leasing Services,-0.8668715117655694
LHX,2026-02-02,Industrials,Aerospace & Defense,-0.8669551870032813
JBL,2026-02-02,Technology,Electronic Components,-0.8669617283531118
TDG,2026-02-02,Industrials,Aerospace & Defense,-0.86721360805164
APT,2026-02-02,Industrials,Building Products & Equipment,-0.8678957344978421
PKOH,2026-02-02,Industrials,Specialty Industrial Machinery,-0.8681627841441395
OSG,2026-02-02,Financial Services,Insurance - Specialty,-0.8689582191074526
JEF,2026-02-02,Financial Services,Capital Markets,-0.8691585862346903
MPLX,2026-02-02,Energy,Oil & Gas Midstream,-0.8694516172257711
PH,2026-02-02,Industrials,Specialty Industrial Machinery,-0.8697492991062515
FLEX,2026-02-02,Technology,Electronic Components,-0.8698751415001329
THR,2026-02-02,Industrials,Specialty Industrial Machinery,-0.8700866152696874
SPPL,2026-02-02,Industrials,Specialty Industrial Machinery,-0.8715767049232703
LII,2026-02-02,Industrials,Building Products & Equipment,-0.87169237787157
MARA,2026-02-02,Financial Services,Capital Markets,-0.871716585030112
MS,2026-02-02,Financial Services,Capital Markets,-0.8731021728657895
WDC,2026-02-02,Technology,Computer Hardware,-0.8734392802556032
CTS,2026-02-02,Technology,Electronic Components,-0.8764594986556244
OFLX,2026-02-02,Industrials,Specialty Industrial Machinery,-0.880675986934705
TNL,2026-02-02,Consumer Cyclical,Travel Services,-0.8811759217584737
CTRE,2026-02-02,Real Estate,REIT - Healthcare Facilities,-0.8815536159650238
NHPAP,2026-02-02,Real Estate,REIT - Healthcare Facilities,-0.8822060597224939
PGR,2026-02-02,Financial Services,Insurance - Property & Casualty,-0.8823781430180214
BKSY,2026-02-02,Industrials,Specialty Business Services,-0.8823937362709569
XOM,2026-02-02,Energy,Oil & Gas Integrated,-0.8831284091481577
METCB,2026-02-02,Basic Materials,Coking Coal,-0.8832308851103697
MIR,2026-02-02,Industrials,Specialty Industrial Machinery,-0.8838561897460432
DTM,2026-02-02,Energy,Oil & Gas Midstream,-0.8847695646376795
NGL,2026-02-02,Energy,Oil & Gas Midstream,-0.885595511835217
AOS,2026-02-02,Industrials,Specialty Industrial Machinery,-0.8859350477142319
RTX,2026-02-02,Industrials,Aerospace & Defense,-0.8864460356643857
GEL,2026-02-02,Energy,Oil & Gas Midstream,-0.8866254201314374
OPXS,2026-02-02,Industrials,Aerospace & Defense,-0.8873814832245006
GROY,2026-02-02,Basic Materials,Gold,-0.8883569780798418
ISPO,2026-02-02,Consumer Cyclical,Travel Services,-0.8887895954039107
RELL,2026-02-02,Technology,Electronic Components,-0.8892067108289373
E,2026-02-02,Energy,Oil & Gas Integrated,-0.889492867241734
SRL,2026-02-02,Financial Services,Capital Markets,-0.8896864870844571
AXS,2026-02-02,Financial Services,Insurance - Specialty,-0.8912731666362229
XP,2026-02-02,Financial Services,Capital Markets,-0.8912794901870705
DLTR,2026-02-02,Consumer Defensive,Discount Stores,-0.8917028283203824
MATH,2026-02-02,Financial Services,Capital Markets,-0.8922328509354984
GGG,2026-02-02,Industrials,Specialty Industrial Machinery,-0.8926046983269518
IBKR,2026-02-02,Financial Services,Capital Markets,-0.8928765112022901
RLI,2026-02-02,Financial Services,Insurance - Property & Casualty,-0.8937241159002962
HIPO,2026-02-02,Financial Services,Insurance - Property & Casualty,-0.8941573810457643
LFUS,2026-02-02,Technology,Electronic Components,-0.8951250950496136
DCI,2026-02-02,Industrials,Specialty Industrial Machinery,-0.8953845976090842
SU,2026-02-02,Energy,Oil & Gas Integrated,-0.8962710344947525
PRA,2026-02-02,Financial Services,Insurance - Property & Casualty,-0.8963772426328284
AMSF,2026-02-02,Financial Services,Insurance - Specialty,-0.8976994491925929
TGS,2026-02-02,Energy,Oil & Gas Integrated,-0.8978753559852695
HI,2026-02-02,Industrials,Specialty Industrial Machinery,-0.8980394959453258
HIG,2026-02-02,Financial Services,Insurance - Property & Casualty,-0.8981213300446643
POWW,2026-02-02,Industrials,Aerospace & Defense,-0.898401602860356
BWXT,2026-02-02,Industrials,Aerospace & Defense,-0.8990811639942671
PAGP,2026-02-02,Energy,Oil & Gas Midstream,-0.899251817937931
EQNR,2026-02-02,Energy,Oil & Gas Integrated,-0.8999352559929583
BHE,2026-02-02,Technology,Electronic Components,-0.9001433036001713
RITR,2026-02-02,Industrials,Engineering & Construction,-0.9002460822785046
KN,2026-02-02,Technology,Electronic Components,-0.9005358574687004
EC,2026-02-02,Energy,Oil & Gas Integrated,-0.9009075257644026
CAMT,2026-02-02,Technology,Semiconductor Equipment & Materials,-0.9011135264440985
DLHC,2026-02-02,Industrials,Specialty Business Services,-0.9012115816861695
REZI,2026-02-02,Industrials,Industrial Distribution,-0.9022660608622288
ATS,2026-02-02,Industrials,Specialty Industrial Machinery,-0.9032203650199389
SXI,2026-02-02,Industrials,Specialty Industrial Machinery,-0.9033796579945255
LMT,2026-02-02,Industrials,Aerospace & Defense,-0.9038752874719322
ASX,2026-02-02,Technology,Semiconductors,-0.9043675326382224
STC,2026-02-02,Financial Services,Insurance - Property & Casualty,-0.9044350632907234
THG,2026-02-02,Financial Services,Insurance - Property & Casualty,-0.9046506616269006
UPST,2026-02-02,Financial Services,Credit Services,-0.904960551670264
GGAL,2026-02-02,Financial Services,Banks - Regional,-0.9068468604758972
RSG,2026-02-02,Industrials,Waste Management,-0.9069041175425907
GREEL,2026-02-02,Unknown,Unknown,-0.9080052649815483
DAIO,2026-02-02,Technology,Electronic Components,-0.9093594330647189
ESGL,2026-02-02,Industrials,Waste Management,-0.9097403249542746
PRG,2026-02-02,Industrials,Rental & Leasing Services,-0.9107664978335207
CSTE,2026-02-02,Industrials,Building Products & Equipment,-0.911977798391646
FNF,2026-02-02,Financial Services,Insurance - Specialty,-0.9123365540114442
OMF,2026-02-02,Financial Services,Credit Services,-0.9136800524226402
WMB,2026-02-02,Energy,Oil & Gas Midstream,-0.9140766843975489
NOEMU,2026-02-02,Financial Services,Shell Companies,-0.9146934339544003
VSEC,2026-02-02,Industrials,Aerospace & Defense,-0.914815407223975
WCN,2026-02-02,Industrials,Waste Management,-0.9150477958791597
NISN,2026-02-02,Industrials,Specialty Business Services,-0.9151175929047558
TRGP,2026-02-02,Energy,Oil & Gas Midstream,-0.9153736854984623
WMS,2026-02-02,Industrials,Building Products & Equipment,-0.9160044882522645
DG,2026-02-02,Consumer Defensive,Discount Stores,-0.9161025392325953
DHC,2026-02-02,Real Estate,REIT - Healthcare Facilities,-0.9165789993105654
KNSL,2026-02-02,Financial Services,Insurance - Property & Casualty,-0.9168435185846945
NMM,2026-02-02,Industrials,Marine Shipping,-0.917267956110211
DSX,2026-02-02,Industrials,Marine Shipping,-0.9175076995628276
ATLCP,2026-02-02,Financial Services,Credit Services,-0.9175158888715741
AIZ,2026-02-02,Financial Services,Insurance - Property & Casualty,-0.9177152105271872
FTEK,2026-02-02,Industrials,Pollution & Treatment Controls,-0.9179032469412726
ROG,2026-02-02,Technology,Electronic Components,-0.9182615203451712
PWP,2026-02-02,Financial Services,Capital Markets,-0.9183695693542482
FSS,2026-02-02,Industrials,Pollution & Treatment Controls,-0.91875600547172
BLNK,2026-02-02,Industrials,Engineering & Construction,-0.9197198033720593
AMTM,2026-02-02,Industrials,Specialty Business Services,-0.919783178384886
EE,2026-02-02,Energy,Oil & Gas Midstream,-0.9199223405587732
CPSS,2026-02-02,Financial Services,Credit Services,-0.9200681756215112
CSL,2026-02-02,Industrials,Building Products & Equipment,-0.9204472450351908
AXG,2026-02-02,Financial Services,Capital Markets,-0.9206569564266305
PSMT,2026-02-02,Consumer Defensive,Discount Stores,-0.9210373842868453
FAST,2026-02-02,Industrials,Industrial Distribution,-0.922052806575234
NXE,2026-02-02,Energy,Uranium,-0.9225623486782141
AFG,2026-02-02,Financial Services,Insurance - Property & Casualty,-0.9226702372450397
NODK,2026-02-02,Financial Services,Insurance - Property & Casualty,-0.9226920370883325
SEZL,2026-02-02,Financial Services,Credit Services,-0.9227476408734907
FA,2026-02-02,Industrials,Specialty Business Services,-0.922982861742083
FCFS,2026-02-02,Financial Services,Credit Services,-0.9230320020133832
AL,2026-02-02,Industrials,Rental & Leasing Services,-0.9231527876786104
DAKT,2026-02-02,Technology,Electronic Components,-0.9232340327004324
SLMBP,2026-02-02,Financial Services,Credit Services,-0.9233596359645715
VIRT,2026-02-02,Financial Services,Capital Markets,-0.9238326406166818
YPF,2026-02-02,Energy,Oil & Gas Integrated,-0.923912600093345
ATLC,2026-02-02,Financial Services,Credit Services,-0.9245940938120327
MSM,2026-02-02,Industrials,Industrial Distribution,-0.9246992276162118
NMIH,2026-02-02,Financial Services,Insurance - Specialty,-0.924822047351228
STX,2026-02-02,Technology,Computer Hardware,-0.9251355918278934
TGT,2026-02-02,Consumer Defensive,Discount Stores,-0.9259482952952863
JBI,2026-02-02,Industrials,Building Products & Equipment,-0.9260018871112564
XMTR,2026-02-02,Industrials,Industrial Distribution,-0.9262728152009493
PAA,2026-02-02,Energy,Oil & Gas Midstream,-0.9263898296942453
AXTI,2026-02-02,Technology,Semiconductor Equipment & Materials,-0.9266166981907463
FINV,2026-02-02,Financial Services,Credit Services,-0.9267117354994051
OPY,2026-02-02,Financial Services,Capital Markets,-0.9275320669727481
OSIS,2026-02-02,Technology,Electronic Components,-0.927723984590927
AXP,2026-02-02,Financial Services,Credit Services,-0.9277850692095054
PBT,2026-02-02,Energy,Oil & Gas Midstream,-0.9285682321486707
MEI,2026-02-02,Technology,Electronic Components,-0.9299588700409009
STKE,2026-02-02,Financial Services,Capital Markets,-0.9300031633183262
MPW,2026-02-02,Real Estate,REIT - Healthcare Facilities,-0.9306989737690767
IDR,2026-02-02,Basic Materials,Gold,-0.9311248675630928
KOPN,2026-02-02,Technology,Electronic Components,-0.9311362775385089
NHI,2026-02-02,Real Estate,REIT - Healthcare Facilities,-0.9314735717773587
CSW,2026-02-02,Industrials,Specialty Industrial Machinery,-0.9322515200391095
NAT,2026-02-02,Energy,Oil & Gas Midstream,-0.9322763309852599
TEN,2026-02-02,Energy,Oil & Gas Midstream,-0.9333155501061391
CDRE,2026-02-02,Industrials,Aerospace & Defense,-0.9333402275573632
MTG,2026-02-02,Financial Services,Insurance - Specialty,-0.9339170432941265
PEP,2026-02-02,Consumer Defensive,Beverages - Non-Alcoholic,-0.9340743147168838
TSEM,2026-02-02,Technology,Semiconductors,-0.9343964544477485
DGICB,2026-02-02,Financial Services,Insurance - Property & Casualty,-0.9358268893974983
GNK,2026-02-02,Industrials,Marine Shipping,-0.9363982980503313
INSW,2026-02-02,Energy,Oil & Gas Midstream,-0.9365463117015702
ACEL,2026-02-02,Consumer Cyclical,Gambling,-0.9373697835121546
LPLA,2026-02-02,Financial Services,Capital Markets,-0.9375534851955991
TRNS,2026-02-02,Industrials,Specialty Business Services,-0.9375760140023893
DLB,2026-02-02,Industrials,Specialty Business Services,-0.9381267460780308
GFF,2026-02-02,Industrials,Building Products & Equipment,-0.9384473884243281
RDN,2026-02-02,Financial Services,Insurance - Specialty,-0.9398662191615321
GLNG,2026-02-02,Energy,Oil & Gas Midstream,-0.9399531915668881
EPD,2026-02-02,Energy,Oil & Gas Midstream,-0.9419906843712498
TSM,2026-02-02,Technology,Semiconductors,-0.9442858116773002
EDRY,2026-02-02,Industrials,Marine Shipping,-0.9460211372133209
QD,2026-02-02,Financial Services,Credit Services,-0.9473066545136151
VTR,2026-02-02,Real Estate,REIT - Healthcare Facilities,-0.9473170161089876
SHEL,2026-02-02,Energy,Oil & Gas Integrated,-0.9476736570470102
WCC,2026-02-02,Industrials,Industrial Distribution,-0.9488875887395054
SFHG,2026-02-02,Industrials,Specialty Business Services,-0.9490187855928598
NC,2026-02-02,Energy,Thermal Coal,-0.9490356626877746
TER,2026-02-02,Technology,Semiconductor Equipment & Materials,-0.9506125712671382
WWD,2026-02-02,Industrials,Aerospace & Defense,-0.9518316963284925
COHN,2026-02-02,Financial Services,Capital Markets,-0.9529837239029606
CMBT,2026-02-02,Energy,Oil & Gas Midstream,-0.9533415671796721
ROOT,2026-02-02,Financial Services,Insurance - Property & Casualty,-0.9538354251576537
DEFT,2026-02-02,Financial Services,Capital Markets,-0.9549525679795114
LDOS,2026-02-02,Technology,Information Technology Services,-0.955003433716327
BWLP,2026-02-02,Industrials,Marine Shipping,-0.9550047464847742
CMCL,2026-02-02,Basic Materials,Gold,-0.9557591949240887
CVE,2026-02-02,Energy,Oil & Gas Integrated,-0.9571016316083567
HAFN,2026-02-02,Industrials,Marine Shipping,-0.9571373505704414
GDOT,2026-02-02,Financial Services,Credit Services,-0.9573260008373994
INSE,2026-02-02,Consumer Cyclical,Gambling,-0.9576166143278189
DSWL,2026-02-02,Technology,Electronic Components,-0.9582510691152143
SMHI,2026-02-02,Industrials,Marine Shipping,-0.9582760989113673
PPIH,2026-02-02,Industrials,Building Products & Equipment,-0.9587976720982762
QBTS,2026-02-02,Technology,Computer Hardware,-0.9594480034961934
KNOP,2026-02-02,Energy,Oil & Gas Midstream,-0.9604364744892776
BRSL,2026-02-02,Consumer Cyclical,Gambling,-0.9608901600899106
MAR,2026-02-02,Consumer Cyclical,Lodging,-0.9616480156470075
GBLI,2026-02-02,Financial Services,Insurance - Property & Casualty,-0.9618599749471657
HNRG,2026-02-02,Energy,Thermal Coal,-0.9619233620083254
NFG,2026-02-02,Energy,Oil & Gas Integrated,-0.9626292043796982
CARR,2026-02-02,Industrials,Building Products & Equipment,-0.9626345002350204
MATX,2026-02-02,Industrials,Marine Shipping,-0.964802733340952
ABM,2026-02-02,Industrials,Specialty Business Services,-0.9650805927463313
HYAC,2026-02-02,Financial Services,Shell Companies,-0.9659080777814779
CLST,2026-02-02,Financial Services,Banks - Regional,-0.9667228760496757
HIVE,2026-02-02,Financial Services,Capital Markets,-0.9667464699985667
SBR,2026-02-02,Energy,Oil & Gas Midstream,-0.9674647022832977
DXPE,2026-02-02,Industrials,Industrial Distribution,-0.9674767279715312
WRLD,2026-02-02,Financial Services,Credit Services,-0.9677758907424558
XYF,2026-02-02,Financial Services,Credit Services,-0.9679076708985932
SHG,2026-02-02,Financial Services,Banks - Regional,-0.9685901314307533
VALU,2026-02-02,Financial Services,Financial Data & Stock Exchanges,-0.9691539356640811
MIMI,2026-02-02,Industrials,Engineering & Construction,-0.9691695302470006
IZM,2026-02-02,Technology,Electronics & Computer Distribution,-0.9692200102407778
SUPV,2026-02-02,Financial Services,Banks - Regional,-0.9696090176092945
HR,2026-02-02,Real Estate,REIT - Healthcare Facilities,-0.9697729089370719
ASC,2026-02-02,Industrials,Marine Shipping,-0.9702895859321156
APOG,2026-02-02,Industrials,Building Products & Equipment,-0.9704575789074189
CCJ,2026-02-02,Energy,Uranium,-0.9717301472524298
BLDR,2026-02-02,Industrials,Building Products & Equipment,-0.9718061430442776
MPTI,2026-02-02,Technology,Electronic Components,-0.9722778584465521
TBBB,2026-02-02,Consumer Defensive,Discount Stores,-0.9727285495894529
CCEC,2026-02-02,Industrials,Marine Shipping,-0.9730492560134706
BMA,2026-02-02,Financial Services,Banks - Regional,-0.9741271749919748
YRD,2026-02-02,Financial Services,Credit Services,-0.9742075939028231
TRSG,2026-02-02,Industrials,Metal Fabrication,-0.9745896337758911
OPFI,2026-02-02,Financial Services,Credit Services,-0.9765326789225807
CIFR,2026-02-02,Financial Services,Capital Markets,-0.9770925367143233
TNK,2026-02-02,Energy,Oil & Gas Midstream,-0.9785762338279624
LRCX,2026-02-02,Technology,Semiconductor Equipment & Materials,-0.9792936363185523
AKR,2026-02-02,Real Estate,REIT - Retail,-0.9802534383760383
NEM,2026-02-02,Basic Materials,Gold,-0.9802955661284836
KEX,2026-02-02,Industrials,Marine Shipping,-0.9804534383021977
CCL,2026-02-02,Consumer Cyclical,Travel Services,-0.9805280427465833
GPN,2026-02-02,Industrials,Specialty Business Services,-0.980580743612265
AAUC,2026-02-02,Basic Materials,Gold,-0.9806773974142359
CII,2026-02-02,Financial Services,Asset Management,-0.9811589701138841
KO,2026-02-02,Consumer Defensive,Beverages - Non-Alcoholic,-0.9818123761021162
HYMC,2026-02-02,Basic Materials,Gold,-0.9825439080702644
MSCI,2026-02-02,Financial Services,Financial Data & Stock Exchanges,-0.9825768316413727
TGB,2026-02-02,Basic Materials,Copper,-0.9825866644552481
NQP,2026-02-02,Financial Services,Asset Management,-0.9828022977677641
BJ,2026-02-02,Consumer Defensive,Discount Stores,-0.9829560683353102
SBSW,2026-02-02,Basic Materials,Other Precious Metals & Mining,-0.983404876260579
UUU,2026-02-02,Industrials,Building Products & Equipment,-0.9834956316201526
BP,2026-02-02,Energy,Oil & Gas Integrated,-0.9835090863092294
IAUX,2026-02-02,Basic Materials,Gold,-0.9847463104407181
CMRE,2026-02-02,Industrials,Marine Shipping,-0.984946616761964
TTE,2026-02-02,Energy,Oil & Gas Integrated,-0.9849927807507453
DRD,2026-02-02,Basic Materials,Gold,-0.9850396257142207
SHIP,2026-02-02,Industrials,Marine Shipping,-0.9855459472596119
BTU,2026-02-02,Energy,Thermal Coal,-0.9855487148105583
IVT,2026-02-02,Real Estate,REIT - Retail,-0.986639579433314
UE,2026-02-02,Real Estate,REIT - Retail,-0.9866770443159346
PKE,2026-02-02,Industrials,Aerospace & Defense,-0.9867331244346602
ROCK,2026-02-02,Industrials,Building Products & Equipment,-0.9867971089926459
FORTY,2026-02-02,Technology,Information Technology Services,-0.9876242867848221
MMYT,2026-02-02,Consumer Cyclical,Travel Services,-0.9876326838867343
LOAR,2026-02-02,Industrials,Aerospace & Defense,-0.9881657930328157
COIN,2026-02-02,Financial Services,Financial Data & Stock Exchanges,-0.9886357339224977
XTIA,2026-02-02,Industrials,Aerospace & Defense,-0.98904141011982
RR,2026-02-02,Industrials,Specialty Industrial Machinery,-0.9897679841231535
TT,2026-02-02,Industrials,Building Products & Equipment,-0.9907457022066183
LNG,2026-02-02,Energy,Oil & Gas Midstream,-0.990787312353949
MDBH,2026-02-02,Financial Services,Capital Markets,-0.9915392309459476
CQP,2026-02-02,Energy,Oil & Gas Midstream,-0.9931102816179557
WFCF,2026-02-02,Industrials,Specialty Business Services,-0.9941887346255722
KODK,2026-02-02,Industrials,Specialty Business Services,-0.9949356110727365
FUFU,2026-02-02,Financial Services,Capital Markets,-0.9961588475832366
QFIN,2026-02-02,Financial Services,Credit Services,-0.9964137262844535
ZDAI,2026-02-02,Industrials,Engineering & Construction,-0.9964637286648274
TRMD,2026-02-02,Energy,Oil & Gas Midstream,-0.996681201273663
FORM,2026-02-02,Technology,Semiconductor Equipment & Materials,-0.9971543307799524
GTLS,2026-02-02,Industrials,Specialty Industrial Machinery,-0.9972811291911623
MNST,2026-02-02,Consumer Defensive,Beverages - Non-Alcoholic,-0.997582767751922
CR,2026-02-02,Industrials,Specialty Industrial Machinery,-0.9978521937087244
TROO,2026-02-02,Financial Services,Credit Services,-0.997868285120096
ENVA,2026-02-02,Financial Services,Credit Services,-0.9979378411829883
AU,2026-02-02,Basic Materials,Gold,-0.9983325603655108
PYPL,2026-02-02,Financial Services,Credit Services,-0.9984184905590918
VINP,2026-02-02,Financial Services,Asset Management,-0.9993873668825214
SATL,2026-02-02,Industrials,Aerospace & Defense,-0.9995543712315325
JAMF,2026-02-02,Technology,Software - Application,-1.0007201522622413
KULR,2026-02-02,Technology,Electronic Components,-1.001820146361274
CTGO,2026-02-02,Basic Materials,Gold,-1.0021058707643822
APLD,2026-02-02,Technology,Information Technology Services,-1.0021516436095053
ASML,2026-02-02,Technology,Semiconductor Equipment & Materials,-1.0023232037928835
VTMX,2026-02-02,Real Estate,Real Estate - Development,-1.0028114200755303
HRI,2026-02-02,Industrials,Rental & Leasing Services,-1.0029329680743924
LIND,2026-02-02,Consumer Cyclical,Travel Services,-1.0037031097755527
WELL,2026-02-02,Real Estate,REIT - Healthcare Facilities,-1.0037644573703177
NTIP,2026-02-02,Industrials,Specialty Business Services,-1.0038578733939731
NAC,2026-02-02,Financial Services,Asset Management,-1.0045092437754803
TRX,2026-02-02,Basic Materials,Gold,-1.0046245347290697
KALU,2026-02-02,Basic Materials,Aluminum,-1.0046496323814418
CGAU,2026-02-02,Basic Materials,Gold,-1.0046843120483084
LASR,2026-02-02,Technology,Semiconductors,-1.0047054257987296
OHI,2026-02-02,Real Estate,REIT - Healthcare Facilities,-1.0048890323798385
RFAIU,2026-02-02,Financial Services,Shell Companies,-1.0049060434453545
LEU,2026-02-02,Energy,Uranium,-1.004993407859777
VIK,2026-02-02,Consumer Cyclical,Travel Services,-1.0052843879580775
CHCT,2026-02-02,Real Estate,REIT - Healthcare Facilities,-1.0059480361093462
GD,2026-02-02,Industrials,Aerospace & Defense,-1.006009176548691
ULS,2026-02-02,Industrials,Specialty Business Services,-1.00624478805381
NVDA,2026-02-02,Technology,Semiconductors,-1.0075262868619397
ARMK,2026-02-02,Industrials,Specialty Business Services,-1.0081086454343486
FSM,2026-02-02,Basic Materials,Gold,-1.0085509442853677
GE,2026-02-02,Industrials,Aerospace & Defense,-1.0086875125395478
STEX,2026-02-02,Financial Services,Capital Markets,-1.0087471837516602
SBRA,2026-02-02,Real Estate,REIT - Healthcare Facilities,-1.0092188063784644
SPXC,2026-02-02,Industrials,Building Products & Equipment,-1.0092805776349505
BBDO,2026-02-02,Financial Services,Banks - Regional,-1.0095550074006998
AEF,2026-02-02,Financial Services,Asset Management,-1.010055426613308
TK,2026-02-02,Energy,Oil & Gas Midstream,-1.0103735819494124
JCTC,2026-02-02,Basic Materials,Lumber & Wood Production,-1.0114491541928392
MGIC,2026-02-02,Technology,Information Technology Services,-1.0120259691782605
CVX,2026-02-02,Energy,Oil & Gas Integrated,-1.0124725417848766
COCO,2026-02-02,Consumer Defensive,Beverages - Non-Alcoholic,-1.0134494734152444
SPGI,2026-02-02,Financial Services,Financial Data & Stock Exchanges,-1.0151413154511078
NG,2026-02-02,Basic Materials,Gold,-1.015436405869357
KGC,2026-02-02,Basic Materials,Gold,-1.0160345094906946
HBM,2026-02-02,Basic Materials,Copper,-1.0168788329254541
DTI,2026-02-02,Energy,Oil & Gas Equipment & Services,-1.01727691792346
AHR,2026-02-02,Real Estate,REIT - Healthcare Facilities,-1.0173040911397324
BVN,2026-02-02,Basic Materials,Other Precious Metals & Mining,-1.0173461216869066
PSHG,2026-02-02,Industrials,Marine Shipping,-1.0179486801777726
VOXR,2026-02-02,Basic Materials,Other Precious Metals & Mining,-1.0181716346759337
JCI,2026-02-02,Industrials,Building Products & Equipment,-1.0182351257503626
ATAT,2026-02-02,Consumer Cyclical,Lodging,-1.0183175575278047
LTC,2026-02-02,Real Estate,REIT - Healthcare Facilities,-1.0183539420032868
EURKU,2026-02-02,Financial Services,Shell Companies,-1.019552221864755
NPK,2026-02-02,Industrials,Aerospace & Defense,-1.0195892137477007
PRAA,2026-02-02,Financial Services,Credit Services,-1.019915740389851
EOD,2026-02-02,Financial Services,Asset Management,-1.0199578837926502
FLYW,2026-02-02,Technology,Software - Infrastructure,-1.020314144448441
DEC,2026-02-02,Energy,Oil & Gas Integrated,-1.0207528424398167
CIB,2026-02-02,Financial Services,Banks - Regional,-1.0208773218621967
SYF,2026-02-02,Financial Services,Credit Services,-1.0210601887875188
TRI,2026-02-02,Industrials,Specialty Business Services,-1.0220268186093588
SCCO,2026-02-02,Basic Materials,Copper,-1.022276338038412
CBZ,2026-02-02,Industrials,Specialty Business Services,-1.0226558394160057
VTN,2026-02-02,Financial Services,Asset Management,-1.0231636838990525
BBAI,2026-02-02,Technology,Information Technology Services,-1.023270360132819
CAH,2026-02-02,Healthcare,Medical Distribution,-1.023559871237659
FRGE,2026-02-02,Financial Services,Capital Markets,-1.0237164580578924
HXL,2026-02-02,Industrials,Aerospace & Defense,-1.0237309511450747
PSIX,2026-02-02,Industrials,Specialty Industrial Machinery,-1.0238553997443587
AEM,2026-02-02,Basic Materials,Gold,-1.0239159017851285
OLLI,2026-02-02,Consumer Defensive,Discount Stores,-1.0239702628511118
PANL,2026-02-02,Industrials,Marine Shipping,-1.0240060112556428
WF,2026-02-02,Financial Services,Banks - Regional,-1.0242097930053013
HESM,2026-02-02,Energy,Oil & Gas Midstream,-1.024361145522601
TBLD,2026-02-02,Financial Services,Asset Management,-1.0253265149472852
FRO,2026-02-02,Energy,Oil & Gas Midstream,-1.0255829396138345
TRU,2026-02-02,Financial Services,Financial Data & Stock Exchanges,-1.0260673687409707
DAC,2026-02-02,Industrials,Marine Shipping,-1.026368797595581
SERV,2026-02-02,Industrials,Specialty Industrial Machinery,-1.026496892371397
NAVI,2026-02-02,Financial Services,Credit Services,-1.0274848614486063
IDE,2026-02-02,Financial Services,Asset Management,-1.027508083875653
SILA,2026-02-02,Real Estate,REIT - Healthcare Facilities,-1.0276710686325115
EU,2026-02-02,Energy,Uranium,-1.0280330594078066
SSSS,2026-02-02,Financial Services,Asset Management,-1.0282316332762966
RGR,2026-02-02,Industrials,Aerospace & Defense,-1.029954710831353
ONBPO,2026-02-02,Financial Services,Banks - Regional,-1.030352065377629
DCO,2026-02-02,Industrials,Aerospace & Defense,-1.0306476902616653
TXT,2026-02-02,Industrials,Aerospace & Defense,-1.0314267949114826
FCX,2026-02-02,Basic Materials,Copper,-1.0314280319437137
KTOS,2026-02-02,Industrials,Aerospace & Defense,-1.0320008275485473
STRS,2026-02-02,Real Estate,Real Estate - Diversified,-1.0322509831029747
TWN,2026-02-02,Financial Services,Asset Management,-1.0339659365210916
SMC,2026-02-02,Energy,Oil & Gas Midstream,-1.0340542442629497
MBCN,2026-02-02,Financial Services,Banks - Regional,-1.0346334138483415
COKE,2026-02-02,Consumer Defensive,Beverages - Non-Alcoholic,-1.0351194996098299
FMN,2026-02-02,Financial Services,Asset Management,-1.0356181241448905
WMT,2026-02-02,Consumer Defensive,Discount Stores,-1.0358622202255747
MCO,2026-02-02,Financial Services,Financial Data & Stock Exchanges,-1.0362450377625745
WM,2026-02-02,Industrials,Waste Management,-1.036259719898134
LPRO,2026-02-02,Financial Services,Credit Services,-1.0368897211106183
AIRJ,2026-02-02,Industrials,Building Products & Equipment,-1.0372533282513676
MEG,2026-02-02,Industrials,Waste Management,-1.0373777005942684
DTF,2026-02-02,Financial Services,Asset Management,-1.0380962528779163
NWFL,2026-02-02,Financial Services,Banks - Regional,-1.038633107983987
VNOM,2026-02-02,Energy,Oil & Gas Midstream,-1.0390905974287896
DFIN,2026-02-02,Technology,Software - Application,-1.039620649201775
HLI,2026-02-02,Financial Services,Capital Markets,-1.0400271932360732
NUV,2026-02-02,Financial Services,Asset Management,-1.0407232137091371
DHT,2026-02-02,Energy,Oil & Gas Midstream,-1.040785738439505
ECF,2026-02-02,Financial Services,Asset Management,-1.040885561811323
BCH,2026-02-02,Financial Services,Banks - Regional,-1.0412930725470206
OC,2026-02-02,Industrials,Building Products & Equipment,-1.0413936841500109
WH,2026-02-02,Consumer Cyclical,Lodging,-1.0420416479354697
VLTO,2026-02-02,Industrials,Pollution & Treatment Controls,-1.042094637648379
ASM,2026-02-02,Basic Materials,Other Precious Metals & Mining,-1.0421908833277889
BTBT,2026-02-02,Financial Services,Capital Markets,-1.0425430491891001
KRG,2026-02-02,Real Estate,REIT - Retail,-1.042575866944844
GLP,2026-02-02,Energy,Oil & Gas Midstream,-1.0425885562873374
PBR,2026-02-02,Energy,Oil & Gas Integrated,-1.0430064461509934
TITN,2026-02-02,Industrials,Industrial Distribution,-1.0430365459112927
EPAM,2026-02-02,Technology,Information Technology Services,-1.0430373384955982
UEC,2026-02-02,Energy,Uranium,-1.0430418229228893
ITRG,2026-02-02,Basic Materials,Other Precious Metals & Mining,-1.0434396137612028
TRUP,2026-02-02,Financial Services,Insurance - Property & Casualty,-1.0436389629156395
UBER,2026-02-02,Technology,Software - Application,-1.043726423058712
GLBS,2026-02-02,Industrials,Marine Shipping,-1.0439897112569567
BFS,2026-02-02,Real Estate,REIT - Retail,-1.044077534101747
SLNH,2026-02-02,Financial Services,Capital Markets,-1.0447032705324684
FSFG,2026-02-02,Financial Services,Banks - Regional,-1.0448816398035152
WBX,2026-02-02,Technology,Electronic Components,-1.0449504369437086
R,2026-02-02,Industrials,Rental & Leasing Services,-1.0450359162515794
NGD,2026-02-02,Basic Materials,Gold,-1.0461455052960218
NUAI,2026-02-02,Technology,Software - Infrastructure,-1.046659021738521
CTRM,2026-02-02,Industrials,Marine Shipping,-1.0466665999893163
EXPE,2026-02-02,Consumer Cyclical,Travel Services,-1.0469089669827696
PBA,2026-02-02,Energy,Oil & Gas Midstream,-1.0470035380095886
ERO,2026-02-02,Basic Materials,Copper,-1.0471284661621532
FCPT,2026-02-02,Real Estate,REIT - Retail,-1.047240636475509
KMI,2026-02-02,Energy,Oil & Gas Midstream,-1.047244452170065
SBLK,2026-02-02,Industrials,Marine Shipping,-1.0477233435541935
XPER,2026-02-02,Technology,Software - Application,-1.0479488650217894
CPRT,2026-02-02,Industrials,Specialty Business Services,-1.0480956836741848
MPWR,2026-02-02,Technology,Semiconductors,-1.0481892553271188
CLWT,2026-02-02,Industrials,Pollution & Treatment Controls,-1.0487277637299177
EVTL,2026-02-02,Industrials,Aerospace & Defense,-1.0496278089771265
DNN,2026-02-02,Energy,Uranium,-1.0498444547497432
RM,2026-02-02,Financial Services,Credit Services,-1.0499439800663577
MKTX,2026-02-02,Financial Services,Capital Markets,-1.0500284355343799
GFI,2026-02-02,Basic Materials,Gold,-1.0500657318337014
PECO,2026-02-02,Real Estate,REIT - Retail,-1.050538639280158
URI,2026-02-02,Industrials,Rental & Leasing Services,-1.0505568611762013
PUMP,2026-02-02,Energy,Oil & Gas Equipment & Services,-1.050688036541695
TRINI,2026-02-02,Unknown,Unknown,-1.0509806908658286
VLYPO,2026-02-02,Financial Services,Banks - Regional,-1.0511435361784793
RGLD,2026-02-02,Basic Materials,Gold,-1.0512859701497608
UUUU,2026-02-02,Energy,Uranium,-1.051797794981703
SA,2026-02-02,Basic Materials,Gold,-1.0518470769244102
VG,2026-02-02,Energy,Oil & Gas Midstream,-1.0520294124989475
HQL,2026-02-02,Financial Services,Asset Management,-1.052403214063588
CAE,2026-02-02,Industrials,Aerospace & Defense,-1.052807901768107
AGI,2026-02-02,Basic Materials,Gold,-1.0528206498311323
VKI,2026-02-02,Financial Services,Asset Management,-1.0531392041875445
CME,2026-02-02,Financial Services,Financial Data & Stock Exchanges,-1.0535442151487269
GAU,2026-02-02,Basic Materials,Gold,-1.053807149940609
ANSC,2026-02-02,Financial Services,Shell Companies,-1.0539203904152712
TRT,2026-02-02,Technology,Semiconductor Equipment & Materials,-1.0540873813655685
LZ,2026-02-02,Industrials,Specialty Business Services,-1.0542063388694067
ODV,2026-02-02,Basic Materials,Gold,-1.0544318508977009
MMLP,2026-02-02,Energy,Oil & Gas Midstream,-1.0554075702779528
STRW,2026-02-02,Real Estate,REIT - Healthcare Facilities,-1.0556863607984983
BTT,2026-02-02,Financial Services,Asset Management,-1.0563086378255415
ENB,2026-02-02,Energy,Oil & Gas Midstream,-1.05637314014454
ALLY,2026-02-02,Financial Services,Credit Services,-1.056447612144816
AGM,2026-02-02,Financial Services,Credit Services,-1.0569965951424887
AAM,2026-02-02,Financial Services,Shell Companies,-1.0572742418777028
AROC,2026-02-02,Energy,Oil & Gas Equipment & Services,-1.057577025263381
COF,2026-02-02,Financial Services,Credit Services,-1.0576600780787613
SFL,2026-02-02,Industrials,Marine Shipping,-1.0578050222984756
VYX,2026-02-02,Technology,Information Technology Services,-1.0579735915123427
UHT,2026-02-02,Real Estate,REIT - Healthcare Facilities,-1.0580117392338897
SWBI,2026-02-02,Industrials,Aerospace & Defense,-1.0580384902579023
BCAT,2026-02-02,Financial Services,Asset Management,-1.0583174180429735
USEA,2026-02-02,Industrials,Marine Shipping,-1.0584482115645668
WSR,2026-02-02,Real Estate,REIT - Retail,-1.059561425928534
TATT,2026-02-02,Industrials,Aerospace & Defense,-1.0597426662094036
GCV,2026-02-02,Financial Services,Asset Management,-1.059764435494768
NDAQ,2026-02-02,Financial Services,Financial Data & Stock Exchanges,-1.0599388773007612
MSBIP,2026-02-02,Financial Services,Banks - Regional,-1.0600732850519268
AJG,2026-02-02,Financial Services,Insurance Brokers,-1.0606085977588673
BME,2026-02-02,Financial Services,Asset Management,-1.0606183858339806
AMR,2026-02-02,Basic Materials,Coking Coal,-1.0608599031547872
LYG,2026-02-02,Financial Services,Banks - Regional,-1.060974180913284
HOVR,2026-02-02,Industrials,Aerospace & Defense,-1.061152458627362
UNF,2026-02-02,Industrials,Specialty Business Services,-1.061326920767511
NOC,2026-02-02,Industrials,Aerospace & Defense,-1.0619458759431224
LPX,2026-02-02,Industrials,Building Products & Equipment,-1.0622313779556072
ECO,2026-02-02,Industrials,Marine Shipping,-1.0631438825913346
VGZ,2026-02-02,Basic Materials,Gold,-1.0631941505930675
INDI,2026-02-02,Technology,Semiconductor Equipment & Materials,-1.0643226815909717
IBEX,2026-02-02,Technology,Information Technology Services,-1.0644844241204006
SBFG,2026-02-02,Financial Services,Banks - Regional,-1.0647423042268858
ESEA,2026-02-02,Industrials,Marine Shipping,-1.0647783701611384
GAM,2026-02-02,Financial Services,Asset Management,-1.0649754431828107
TPTA,2026-02-02,Unknown,Unknown,-1.0650117348207773
UCTT,2026-02-02,Technology,Semiconductor Equipment & Materials,-1.0658794485068592
TORO,2026-02-02,Energy,Oil & Gas Midstream,-1.0659183049805643
LIQT,2026-02-02,Industrials,Pollution & Treatment Controls,-1.0659319637052782
HUIZ,2026-02-02,Financial Services,Insurance Brokers,-1.066203716119476
PL,2026-02-02,Industrials,Aerospace & Defense,-1.0672659888017002
PXS,2026-02-02,Energy,Oil & Gas Midstream,-1.0674194788040865
WYY,2026-02-02,Technology,Information Technology Services,-1.067420223040211
EPRT,2026-02-02,Real Estate,REIT - Retail,-1.0678687987676716
EICA,2026-02-02,Financial Services,Asset Management,-1.068997181247946
MXE,2026-02-02,Financial Services,Asset Management,-1.0694887395706603
LUNR,2026-02-02,Industrials,Aerospace & Defense,-1.0696507010176537
AEHR,2026-02-02,Technology,Semiconductor Equipment & Materials,-1.0697836667403027
PT,2026-02-02,Financial Services,Credit Services,-1.0699080252598498
IFS,2026-02-02,Financial Services,Banks - Regional,-1.0699563577461106
CHH,2026-02-02,Consumer Cyclical,Lodging,-1.0699608370844504
NUW,2026-02-02,Financial Services,Asset Management,-1.070119512254801
NAD,2026-02-02,Financial Services,Asset Management,-1.0701500091898803
BFH,2026-02-02,Financial Services,Credit Services,-1.0703093724125734
CUK,2026-02-02,Consumer Cyclical,Travel Services,-1.0707467154673627
KDP,2026-02-02,Consumer Defensive,Beverages - Non-Alcoholic,-1.0716805449719784
FNV,2026-02-02,Basic Materials,Gold,-1.0718011164708252
GSHD,2026-02-02,Financial Services,Insurance Brokers,-1.071892704408266
GLQ,2026-02-02,Financial Services,Asset Management,-1.0719577842491317
GDS,2026-02-02,Technology,Information Technology Services,-1.0721183030932089
GMRE,2026-02-02,Real Estate,REIT - Healthcare Facilities,-1.072210875325404
CD,2026-02-02,Financial Services,Capital Markets,-1.0725752684528211
CTOS,2026-02-02,Industrials,Rental & Leasing Services,-1.072833617038415
KF,2026-02-02,Financial Services,Asset Management,-1.0733757153934653
DB,2026-02-02,Financial Services,Banks - Regional,-1.0733864462734715
NWG,2026-02-02,Financial Services,Banks - Regional,-1.0735478199886228
PESI,2026-02-02,Industrials,Waste Management,-1.0740715446006408
HMY,2026-02-02,Basic Materials,Gold,-1.074895513199053
NXJ,2026-02-02,Financial Services,Asset Management,-1.0749322445967961
THM,2026-02-02,Basic Materials,Gold,-1.0751490885435664
LODE,2026-02-02,Basic Materials,Other Precious Metals & Mining,-1.075170118786698
ECPG,2026-02-02,Financial Services,Credit Services,-1.0755881238721374
CRVL,2026-02-02,Financial Services,Insurance Brokers,-1.0756513164000758
RDW,2026-02-02,Industrials,Aerospace & Defense,-1.0757511491674425
GLV,2026-02-02,Financial Services,Asset Management,-1.0759180968331843
QQQX,2026-02-02,Financial Services,Asset Management,-1.0759706243916893
SSRM,2026-02-02,Basic Materials,Gold,-1.0760488936306691
EGO,2026-02-02,Basic Materials,Gold,-1.0760979740299563
GSL,2026-02-02,Industrials,Marine Shipping,-1.0762563246127148
MYD,2026-02-02,Financial Services,Asset Management,-1.076271466729393
INTG,2026-02-02,Consumer Cyclical,Lodging,-1.076359967584916
ONBPP,2026-02-02,Financial Services,Banks - Regional,-1.0767233907856548
MCHB,2026-02-02,Financial Services,Banks - Regional,-1.077044294780907
HEI,2026-02-02,Industrials,Aerospace & Defense,-1.0771240384910337
ANY,2026-02-02,Financial Services,Capital Markets,-1.0772092396958002
CREX,2026-02-02,Technology,Software - Application,-1.0772421763004023
AMAT,2026-02-02,Technology,Semiconductor Equipment & Materials,-1.0779954741064026
IE,2026-02-02,Basic Materials,Copper,-1.0781851213435718
IHD,2026-02-02,Financial Services,Asset Management,-1.078298819109641
NYAX,2026-02-02,Technology,Software - Infrastructure,-1.0785165256926323
NHPBP,2026-02-02,Real Estate,REIT - Healthcare Facilities,-1.0789765499108674
GBX,2026-02-02,Industrials,Railroads,-1.0789841262809448
FOA,2026-02-02,Financial Services,Credit Services,-1.0793796301484053
LOB,2026-02-02,Financial Services,Banks - Regional,-1.079999611163433
SIMO,2026-02-02,Technology,Semiconductors,-1.080036209741318
MAC,2026-02-02,Real Estate,REIT - Retail,-1.0800807880958403
INTR,2026-02-02,Financial Services,Banks - Regional,-1.0805765300609853
MNSB,2026-02-02,Financial Services,Banks - Regional,-1.080750486496993
EDD,2026-02-02,Financial Services,Asset Management,-1.0807624134575702
SN,2026-02-02,Consumer Cyclical,"Furnishings, Fixtures & Appliances",-1.0807929681292965
NRDY,2026-02-02,Technology,Software - Application,-1.0809260487954837
REG,2026-02-02,Real Estate,REIT - Retail,-1.0813665904687593
FUND,2026-02-02,Financial Services,Asset Management,-1.0816743182354596
NMAI,2026-02-02,Financial Services,Asset Management,-1.082097481741438
CORZ,2026-02-02,Technology,Software - Infrastructure,-1.0823070240713346
EMF,2026-02-02,Financial Services,Asset Management,-1.0826461933282485
SOBO,2026-02-02,Energy,Oil & Gas Midstream,-1.082771720187444
TSBK,2026-02-02,Financial Services,Banks - Regional,-1.0827849323338166
CHDN,2026-02-02,Consumer Cyclical,Gambling,-1.0829139356576583
ETG,2026-02-02,Financial Services,Asset Management,-1.0829697003183667
USAU,2026-02-02,Basic Materials,Gold,-1.083031707971273
SITC,2026-02-02,Real Estate,REIT - Retail,-1.0832757270969426
EICC,2026-02-02,Financial Services,Asset Management,-1.0835269512455121
HL,2026-02-02,Basic Materials,Other Precious Metals & Mining,-1.083659576053628
RSI,2026-02-02,Consumer Cyclical,Gambling,-1.0839414137615042
IMMR,2026-02-02,Technology,Software - Application,-1.0840255556929745
CUB,2026-02-02,Financial Services,Shell Companies,-1.0840259091136861
GASS,2026-02-02,Industrials,Marine Shipping,-1.0840974985237994
ALFUU,2026-02-02,Financial Services,Shell Companies,-1.0843468372746485
UHAL,2026-02-02,Industrials,Rental & Leasing Services,-1.0843890267177239
SIDU,2026-02-02,Industrials,Aerospace & Defense,-1.0850352766765812
TH,2026-02-02,Industrials,Specialty Business Services,-1.0850357741483108
AEYE,2026-02-02,Technology,Software - Application,-1.0858062046424894
GLO,2026-02-02,Financial Services,Asset Management,-1.0858709231251664
ONIT,2026-02-02,Financial Services,Mortgage Finance,-1.0859285192237422
IAG,2026-02-02,Basic Materials,Gold,-1.0859553475374226
LBGJ,2026-02-02,Industrials,Specialty Industrial Machinery,-1.086473683818975
FLNG,2026-02-02,Energy,Oil & Gas Midstream,-1.0865351585987268
FHI,2026-02-02,Financial Services,Asset Management,-1.0865888750261068
VMO,2026-02-02,Financial Services,Asset Management,-1.0865897565181082
SPAI,2026-02-02,Industrials,Aerospace & Defense,-1.0866167600203986
IBM,2026-02-02,Technology,Information Technology Services,-1.086767317630996
AREC,2026-02-02,Basic Materials,Coking Coal,-1.0868563284352015
CLSK,2026-02-02,Financial Services,Capital Markets,-1.0874113138856145
DLNG,2026-02-02,Energy,Oil & Gas Midstream,-1.0874527436919241
PPT,2026-02-02,Financial Services,Asset Management,-1.087521365323367
LCNB,2026-02-02,Financial Services,Banks - Regional,-1.0885042082385052
IGD,2026-02-02,Financial Services,Asset Management,-1.0886744614243578
MA,2026-02-02,Financial Services,Credit Services,-1.089240029194457
WPM,2026-02-02,Basic Materials,Gold,-1.0895166124695035
LYTS,2026-02-02,Technology,Electronic Components,-1.089541579495177
RYAN,2026-02-02,Financial Services,Insurance - Specialty,-1.0897842821869121
OXLCN,2026-02-02,Financial Services,Asset Management,-1.089793297092545
ALX,2026-02-02,Real Estate,REIT - Retail,-1.0898233200579936
CNL,2026-02-02,Basic Materials,Gold,-1.0898681585031538
BSAC,2026-02-02,Financial Services,Banks - Regional,-1.089910669689573
VIASP,2026-02-02,Utilities,Utilities - Regulated Electric,-1.0899228584156815
COHU,2026-02-02,Technology,Semiconductor Equipment & Materials,-1.0904530241934802
ONTO,2026-02-02,Technology,Semiconductor Equipment & Materials,-1.0908303126054153
SPIR,2026-02-02,Industrials,Specialty Business Services,-1.0911193424233638
PGY,2026-02-02,Technology,Software - Infrastructure,-1.0911243664687373
SCWO,2026-02-02,Industrials,Pollution & Treatment Controls,-1.0911729271757715
BAP,2026-02-02,Financial Services,Banks - Regional,-1.0915874996926689
LPG,2026-02-02,Energy,Oil & Gas Midstream,-1.0916953900659379
CCS,2026-02-02,Real Estate,Real Estate - Development,-1.0918010545460217
BCAL,2026-02-02,Financial Services,Banks - Regional,-1.0918324778953536
SKWD,2026-02-02,Financial Services,Insurance - Property & Casualty,-1.0925174411666494
PRMB,2026-02-02,Consumer Defensive,Beverages - Non-Alcoholic,-1.0926721012372524
LX,2026-02-02,Financial Services,Credit Services,-1.0926951021013847
CSGS,2026-02-02,Technology,Software - Infrastructure,-1.0930992458601887
O,2026-02-02,Real Estate,REIT - Retail,-1.0935938718717166
ARLP,2026-02-02,Energy,Thermal Coal,-1.0937646872465008
CBL,2026-02-02,Real Estate,REIT - Retail,-1.0939353885565404
CCEP,2026-02-02,Consumer Defensive,Beverages - Non-Alcoholic,-1.0940720659098768
RWAYZ,2026-02-02,Unknown,Unknown,-1.0941843411992729
WD,2026-02-02,Financial Services,Mortgage Finance,-1.094779579699079
GCT,2026-02-02,Technology,Software - Infrastructure,-1.09486914316546
STK,2026-02-02,Financial Services,Asset Management,-1.0958354779236172
DNP,2026-02-02,Financial Services,Asset Management,-1.0959084125711889
UROY,2026-02-02,Energy,Uranium,-1.096168825705499
CFBK,2026-02-02,Financial Services,Banks - Regional,-1.0962113139850245
ZVIA,2026-02-02,Consumer Defensive,Beverages - Non-Alcoholic,-1.0971196127452134
GLDG,2026-02-02,Basic Materials,Gold,-1.0974732405484502
OR,2026-02-02,Basic Materials,Gold,-1.0976234710179982
AVAV,2026-02-02,Industrials,Aerospace & Defense,-1.0976394555740263
BKNG,2026-02-02,Consumer Cyclical,Travel Services,-1.0979307448758504
CDE,2026-02-02,Basic Materials,Gold,-1.0981162937744098
AM,2026-02-02,Energy,Oil & Gas Midstream,-1.0983657535755902
ITUB,2026-02-02,Financial Services,Banks - Regional,-1.098409019325784
IMOS,2026-02-02,Technology,Semiconductors,-1.09841502653809
BOTJ,2026-02-02,Financial Services,Banks - Regional,-1.098875071313124
TEI,2026-02-02,Financial Services,Asset Management,-1.0989074971845465
PRZO,2026-02-02,Industrials,Aerospace & Defense,-1.0991111560447657
PLMR,2026-02-02,Financial Services,Insurance - Property & Casualty,-1.0992152760601315
FNWD,2026-02-02,Financial Services,Banks - Regional,-1.099217973093471
EVT,2026-02-02,Financial Services,Asset Management,-1.0992658450203903
CHY,2026-02-02,Financial Services,Asset Management,-1.0994788668705222
MSBI,2026-02-02,Financial Services,Banks - Regional,-1.0995189670904453
PMTS,2026-02-02,Financial Services,Credit Services,-1.0997732509168183
ACN,2026-02-02,Technology,Information Technology Services,-1.099874189858359
FRT,2026-02-02,Real Estate,REIT - Retail,-1.100287113600947
LU,2026-02-02,Financial Services,Credit Services,-1.1007503228186197
BDJ,2026-02-02,Financial Services,Asset Management,-1.1007952097542002
METC,2026-02-02,Basic Materials,Coking Coal,-1.1012087669665271
GFL,2026-02-02,Industrials,Waste Management,-1.1021393111652975
DOMH,2026-02-02,Financial Services,Capital Markets,-1.1024426409378858
KFFB,2026-02-02,Financial Services,Banks - Regional,-1.1028672327810456
KLIC,2026-02-02,Technology,Semiconductor Equipment & Materials,-1.1034093399547436
V,2026-02-02,Financial Services,Credit Services,-1.103660061533219
VECO,2026-02-02,Technology,Semiconductor Equipment & Materials,-1.1037572523613506
ADX,2026-02-02,Financial Services,Asset Management,-1.104031809442234
WES,2026-02-02,Energy,Oil & Gas Midstream,-1.1044439882849162
VVX,2026-02-02,Industrials,Aerospace & Defense,-1.1044922017480554
TRINZ,2026-02-02,Unknown,Unknown,-1.1050178475768708
BFZ,2026-02-02,Financial Services,Asset Management,-1.1054053825612888
CACI,2026-02-02,Technology,Information Technology Services,-1.1062738185358554
CACC,2026-02-02,Financial Services,Credit Services,-1.1064816022693351
NPFD,2026-02-02,Financial Services,Asset Management,-1.1064855727681784
RWAYL,2026-02-02,Unknown,Unknown,-1.107021240786854
NVRI,2026-02-02,Industrials,Waste Management,-1.1070641385618027
MUX,2026-02-02,Basic Materials,Other Precious Metals & Mining,-1.1074559609938643
GUG,2026-02-02,Financial Services,Asset Management,-1.1075070528533573
ORLA,2026-02-02,Basic Materials,Gold,-1.1077731798031865
ASGI,2026-02-02,Financial Services,Asset Management,-1.1082610199253375
WLY,2026-02-02,Communication Services,Publishing,-1.108402338026879
VABK,2026-02-02,Financial Services,Banks - Regional,-1.1084533863119397
PAAS,2026-02-02,Basic Materials,Gold,-1.1088008751817973
URG,2026-02-02,Energy,Uranium,-1.1092196462689052
SB,2026-02-02,Industrials,Marine Shipping,-1.1101173741547785
BKN,2026-02-02,Financial Services,Asset Management,-1.1107523424053243
XCH,2026-02-02,Industrials,Specialty Industrial Machinery,-1.1108829523188355
NZF,2026-02-02,Financial Services,Asset Management,-1.1121202589037256
NXG,2026-02-02,Financial Services,Asset Management,-1.1122144236828875
NVMI,2026-02-02,Technology,Semiconductor Equipment & Materials,-1.1122648966268764
HSHP,2026-02-02,Industrials,Marine Shipping,-1.1133332570669752
HFBL,2026-02-02,Financial Services,Banks - Regional,-1.1134460063793152
AFB,2026-02-02,Financial Services,Asset Management,-1.1135324887730917
BSBR,2026-02-02,Financial Services,Banks - Regional,-1.1135985445382774
GAIN,2026-02-02,Financial Services,Asset Management,-1.1140889235800937
NIM,2026-02-02,Financial Services,Asset Management,-1.1147053881366542
BKHAU,2026-02-02,Financial Services,Shell Companies,-1.1148434674782879
SGI,2026-02-02,Consumer Cyclical,"Furnishings, Fixtures & Appliances",-1.1175829624383944
MTSI,2026-02-02,Technology,Semiconductors,-1.1176738351220472
PRTH,2026-02-02,Technology,Software - Infrastructure,-1.117674103210257
CRWD,2026-02-02,Technology,Software - Infrastructure,-1.1177566260470728
KB,2026-02-02,Financial Services,Banks - Regional,-1.1178240505333625
EQX,2026-02-02,Basic Materials,Gold,-1.1180630248919003
CENX,2026-02-02,Basic Materials,Aluminum,-1.1182323863474926
LGI,2026-02-02,Financial Services,Asset Management,-1.1185720588104098
CVU,2026-02-02,Industrials,Aerospace & Defense,-1.118595692212048
CHW,2026-02-02,Financial Services,Asset Management,-1.1187789367279242
SSBI,2026-02-02,Financial Services,Banks - Regional,-1.11884807662279
PDLB,2026-02-02,Financial Services,Banks - Regional,-1.1189546359257427
TOMZ,2026-02-02,Industrials,Pollution & Treatment Controls,-1.1192099351895448
TFIN,2026-02-02,Financial Services,Banks - Regional,-1.1192905984291295
AMD,2026-02-02,Technology,Semiconductors,-1.1194541908842746
ISOU,2026-02-02,Energy,Uranium,-1.1194603145450628
SDHC,2026-02-02,Real Estate,Real Estate - Development,-1.1195915066431652
CXE,2026-02-02,Financial Services,Asset Management,-1.1197996856051509
JACS,2026-02-02,Financial Services,Shell Companies,-1.12030157197378
GDO,2026-02-02,Financial Services,Asset Management,-1.1204481887078033
CLH,2026-02-02,Industrials,Waste Management,-1.120925133664786
KIM,2026-02-02,Real Estate,REIT - Retail,-1.1213956702715273
PDT,2026-02-02,Financial Services,Asset Management,-1.1214087831058874
NVGS,2026-02-02,Energy,Oil & Gas Midstream,-1.1216076813808726
IQI,2026-02-02,Financial Services,Asset Management,-1.1216695265623808
HEQ,2026-02-02,Financial Services,Asset Management,-1.1217910881894928
SLSR,2026-02-02,Basic Materials,Other Precious Metals & Mining,-1.1218238873323585
ABAT,2026-02-02,Industrials,Waste Management,-1.1218492752994542
FDBC,2026-02-02,Financial Services,Banks - Regional,-1.1220014702499377
TFPM,2026-02-02,Basic Materials,Other Precious Metals & Mining,-1.1231321701603434
AEC,2026-02-02,Energy,Uranium,-1.123460281018228
JOF,2026-02-02,Financial Services,Asset Management,-1.1235797860892376
UBCP,2026-02-02,Financial Services,Banks - Regional,-1.1236821329264637
PSF,2026-02-02,Financial Services,Asset Management,-1.1238986159331237
BTG,2026-02-02,Basic Materials,Gold,-1.1240926414989239
CLM,2026-02-02,Financial Services,Asset Management,-1.1244823021984682
ENTG,2026-02-02,Technology,Semiconductor Equipment & Materials,-1.1249317136594772
BGY,2026-02-02,Financial Services,Asset Management,-1.1252935129403487
ATLO,2026-02-02,Financial Services,Banks - Regional,-1.12565448776238
TAVI,2026-02-02,Financial Services,Shell Companies,-1.1258024975567915
PMEC,2026-02-02,Industrials,Specialty Business Services,-1.1259231748358411
KNTK,2026-02-02,Energy,Oil & Gas Midstream,-1.126058656310016
ALDF,2026-02-02,Financial Services,Shell Companies,-1.126295511217281
EXG,2026-02-02,Financial Services,Asset Management,-1.126398362592258
IMKTA,2026-02-02,Consumer Defensive,Grocery Stores,-1.1264718036953971
PONY,2026-02-02,Technology,Information Technology Services,-1.1265413198431133
INTT,2026-02-02,Technology,Semiconductor Equipment & Materials,-1.1267145494435065
PSN,2026-02-02,Technology,Information Technology Services,-1.1269584476941061
NFGC,2026-02-02,Basic Materials,Gold,-1.1271531607066696
PEO,2026-02-02,Financial Services,Asset Management,-1.1278813060791475
OII,2026-02-02,Energy,Oil & Gas Equipment & Services,-1.1279621646259714
MQ,2026-02-02,Technology,Software - Infrastructure,-1.1283464586131582
MTA,2026-02-02,Basic Materials,Other Precious Metals & Mining,-1.1284826797093084
EDF,2026-02-02,Financial Services,Asset Management,-1.1293324243804268
SIMA,2026-02-02,Financial Services,Shell Companies,-1.1295122747900936
SLNG,2026-02-02,Energy,Oil & Gas Integrated,-1.1296813812429571
CRF,2026-02-02,Financial Services,Asset Management,-1.1300623685055589
ERIC,2026-02-02,Technology,Communication Equipment,-1.1300684594514585
NIE,2026-02-02,Financial Services,Asset Management,-1.1301919041455073
DDL,2026-02-02,Consumer Defensive,Grocery Stores,-1.1303107802576908
BB,2026-02-02,Technology,Software - Infrastructure,-1.1305889556674353
ALGM,2026-02-02,Technology,Semiconductors,-1.1307634998163452
PDFS,2026-02-02,Technology,Software - Application,-1.1308349350279587
VFL,2026-02-02,Financial Services,Asset Management,-1.1310734143897778
CEE,2026-02-02,Financial Services,Asset Management,-1.1317220667231997
MDB,2026-02-02,Technology,Software - Infrastructure,-1.1319582971712026
OSPN,2026-02-02,Technology,Software - Infrastructure,-1.1323374065912024
GTY,2026-02-02,Real Estate,REIT - Retail,-1.1324105722330426
FFC,2026-02-02,Financial Services,Asset Management,-1.1324546342956592
DOCN,2026-02-02,Technology,Software - Infrastructure,-1.132692419035972
SIF,2026-02-02,Industrials,Aerospace & Defense,-1.1330040701729331
EBAY,2026-02-02,Consumer Cyclical,Internet Retail,-1.1331107938484495
GSIW,2026-02-02,Financial Services,Capital Markets,-1.1333109690556535
NTST,2026-02-02,Real Estate,REIT - Retail,-1.1333342204424424
HIX,2026-02-02,Financial Services,Asset Management,-1.133400911563197
CNR,2026-02-02,Energy,Thermal Coal,-1.1335213650782698
NKSH,2026-02-02,Financial Services,Banks - Regional,-1.133546980150045
SEI,2026-02-02,Energy,Oil & Gas Equipment & Services,-1.1336417894949429
SBI,2026-02-02,Financial Services,Asset Management,-1.1338096785550105
UMAC,2026-02-02,Technology,Computer Hardware,-1.1338295063242187
VGM,2026-02-02,Financial Services,Asset Management,-1.1338320982791246
AMKR,2026-02-02,Technology,Semiconductor Equipment & Materials,-1.1340476150079553
ALRS,2026-02-02,Financial Services,Banks - Regional,-1.1340926871715666
WT,2026-02-02,Financial Services,Asset Management,-1.1344280244399974
MYN,2026-02-02,Financial Services,Asset Management,-1.1347635780171852
ACLS,2026-02-02,Technology,Semiconductor Equipment & Materials,-1.134857429874456
IMPPP,2026-02-02,Energy,Oil & Gas Midstream,-1.1350603211750994
ACV,2026-02-02,Financial Services,Asset Management,-1.1352931623083964
JMIA,2026-02-02,Consumer Cyclical,Internet Retail,-1.1352950809166158
CAAP,2026-02-02,Industrials,Airports & Air Services,-1.1353542287811973
RCL,2026-02-02,Consumer Cyclical,Travel Services,-1.135877669181602
SKYT,2026-02-02,Technology,Semiconductors,-1.1364881229017683
FITBP,2026-02-02,Financial Services,Banks - Regional,-1.1365593266070668
AMSC,2026-02-02,Industrials,Specialty Industrial Machinery,-1.136590012779431
NBH,2026-02-02,Financial Services,Asset Management,-1.1367139592090303
MRVL,2026-02-02,Technology,Semiconductors,-1.1368722631370558
WTW,2026-02-02,Financial Services,Insurance Brokers,-1.1372015251801897
NCV,2026-02-02,Financial Services,Asset Management,-1.1374848520293013
OXLCP,2026-02-02,Financial Services,Asset Management,-1.1376253643606258
ETSY,2026-02-02,Consumer Cyclical,Internet Retail,-1.1377060238465075
SLM,2026-02-02,Financial Services,Credit Services,-1.1381423575013574
PDPA,2026-02-02,Financial Services,Asset Management,-1.1381485977425425
EMD,2026-02-02,Financial Services,Asset Management,-1.1382595548026193
ETO,2026-02-02,Financial Services,Asset Management,-1.1383197457455871
KVACU,2026-02-02,Financial Services,Shell Companies,-1.1388871768944338
CET,2026-02-02,Financial Services,Asset Management,-1.1396455035198298
PSFE,2026-02-02,Technology,Software - Infrastructure,-1.1400122867671998
FLC,2026-02-02,Financial Services,Asset Management,-1.1402743460578233
LSBK,2026-02-02,Financial Services,Banks - Regional,-1.1406394306613346
NFJ,2026-02-02,Financial Services,Asset Management,-1.1415191236554554
RPAY,2026-02-02,Technology,Software - Infrastructure,-1.1416251618304796
KG,2026-02-02,Financial Services,Insurance Brokers,-1.141732793086151
THW,2026-02-02,Financial Services,Asset Management,-1.1417494451516024
GORO,2026-02-02,Basic Materials,Gold,-1.1419028590524598
BRX,2026-02-02,Real Estate,REIT - Retail,-1.1419348341307916
FTS,2026-02-02,Utilities,Utilities - Regulated Electric,-1.1425183974847977
PRHI,2026-02-02,Financial Services,Insurance - Property & Casualty,-1.142680115226161
OVLY,2026-02-02,Financial Services,Banks - Regional,-1.1429343886216585
JFU,2026-02-02,Technology,Information Technology Services,-1.1430197962979538
RIV,2026-02-02,Financial Services,Asset Management,-1.1436975776067229
ECAT,2026-02-02,Financial Services,Asset Management,-1.1441238468807575
DC,2026-02-02,Basic Materials,Gold,-1.1441730530650553
GDL,2026-02-02,Financial Services,Asset Management,-1.144650291958939
HQH,2026-02-02,Financial Services,Asset Management,-1.1453408395957534
BST,2026-02-02,Financial Services,Asset Management,-1.145543737723063
AMPL,2026-02-02,Technology,Software - Application,-1.1457908892004764
GGZ,2026-02-02,Financial Services,Asset Management,-1.1460188866218812
PLAB,2026-02-02,Technology,Semiconductor Equipment & Materials,-1.1460206559110206
GDV,2026-02-02,Financial Services,Asset Management,-1.1460392043182581
PLTR,2026-02-02,Technology,Software - Infrastructure,-1.1464071563763125
MHK,2026-02-02,Consumer Cyclical,"Furnishings, Fixtures & Appliances",-1.1465155975613224
CXH,2026-02-02,Financial Services,Asset Management,-1.146524669255865
GLU,2026-02-02,Financial Services,Asset Management,-1.1465436951454269
TVE,2026-02-02,Unknown,Unknown,-1.1467423182983698
VCTR,2026-02-02,Financial Services,Asset Management,-1.1469655332296296
MXL,2026-02-02,Technology,Semiconductors,-1.147195554404047
BWG,2026-02-02,Financial Services,Asset Management,-1.1473100930554918
VBF,2026-02-02,Financial Services,Asset Management,-1.1473429615583342
HTD,2026-02-02,Financial Services,Asset Management,-1.1473630358586961
LTM,2026-02-02,Industrials,Airlines,-1.1477862504647824
MOBBW,2026-02-02,Industrials,Aerospace & Defense,-1.1481312260945933
SPMA,2026-02-02,Financial Services,Asset Management,-1.1481772581286929
VLT,2026-02-02,Financial Services,Asset Management,-1.1482333237058804
EDN,2026-02-02,Utilities,Utilities - Regulated Electric,-1.148405041815323
RVT,2026-02-02,Financial Services,Asset Management,-1.148687526721962
PCQ,2026-02-02,Financial Services,Asset Management,-1.1486948046009327
POR,2026-02-02,Utilities,Utilities - Regulated Electric,-1.1487785842113154
CIEN,2026-02-02,Technology,Communication Equipment,-1.1488228030165424
BRBS,2026-02-02,Financial Services,Banks - Regional,-1.1488393187131323
CODA,2026-02-02,Industrials,Aerospace & Defense,-1.149033578872367
SCHL,2026-02-02,Communication Services,Publishing,-1.1491405347116252
IMPP,2026-02-02,Energy,Oil & Gas Midstream,-1.1492644585927736
PFD,2026-02-02,Financial Services,Asset Management,-1.1494796408857586
MVF,2026-02-02,Financial Services,Asset Management,-1.149759208295945
MPA,2026-02-02,Financial Services,Asset Management,-1.1499851696373966
ETB,2026-02-02,Financial Services,Asset Management,-1.150049368150365
BBD,2026-02-02,Financial Services,Banks - Regional,-1.1501793744227524
UBFO,2026-02-02,Financial Services,Banks - Regional,-1.1505339020116159
VCV,2026-02-02,Financial Services,Asset Management,-1.1507521804715173
TDAY,2026-02-02,Communication Services,Publishing,-1.1510055902046203
JCE,2026-02-02,Financial Services,Asset Management,-1.1510070877327374
OKE,2026-02-02,Energy,Oil & Gas Midstream,-1.1511482645457793
NBB,2026-02-02,Financial Services,Asset Management,-1.1512001621087216
SPG,2026-02-02,Real Estate,REIT - Retail,-1.1515052490645035
NCZ,2026-02-02,Financial Services,Asset Management,-1.1525703051773242
DPG,2026-02-02,Financial Services,Asset Management,-1.1532538230957499
DAVA,2026-02-02,Technology,Software - Infrastructure,-1.153270585191344
FLUT,2026-02-02,Consumer Cyclical,Gambling,-1.1532984866700904
LITE,2026-02-02,Technology,Communication Equipment,-1.1536371093639595
MMU,2026-02-02,Financial Services,Asset Management,-1.1539363968556484
ETW,2026-02-02,Financial Services,Asset Management,-1.154202511677611
BLW,2026-02-02,Financial Services,Asset Management,-1.1544144483569794
WSC,2026-02-02,Industrials,Rental & Leasing Services,-1.154726748180216
CLB,2026-02-02,Energy,Oil & Gas Equipment & Services,-1.1549363296239925
SITM,2026-02-02,Technology,Semiconductors,-1.155335417334587
NAN,2026-02-02,Financial Services,Asset Management,-1.155756783738959
GPAT,2026-02-02,Financial Services,Shell Companies,-1.1559778705561141
WAB,2026-02-02,Industrials,Railroads,-1.1561660436195944
BYM,2026-02-02,Financial Services,Asset Management,-1.156330611548357
HBB,2026-02-02,Consumer Cyclical,"Furnishings, Fixtures & Appliances",-1.1563701882507937
SRBK,2026-02-02,Financial Services,Banks - Regional,-1.156511232153818
TDC,2026-02-02,Technology,Software - Infrastructure,-1.1570674193470256
AXR,2026-02-02,Real Estate,Real Estate - Development,-1.157510070500004
DRS,2026-02-02,Industrials,Aerospace & Defense,-1.1575237468218942
BSTZ,2026-02-02,Financial Services,Asset Management,-1.1576790088335083
CDRO,2026-02-02,Consumer Cyclical,Gambling,-1.1577407818264696
OSS,2026-02-02,Technology,Computer Hardware,-1.158412387277982
BBAR,2026-02-02,Financial Services,Banks - Regional,-1.159010207105801
RAMP,2026-02-02,Technology,Software - Infrastructure,-1.159257019807159
XPRO,2026-02-02,Energy,Oil & Gas Equipment & Services,-1.1593699895250165
SII,2026-02-02,Financial Services,Asset Management,-1.1594670797954025
MVT,2026-02-02,Financial Services,Asset Management,-1.1596271553064594
FLXS,2026-02-02,Consumer Cyclical,"Furnishings, Fixtures & Appliances",-1.160828917532462
VTOL,2026-02-02,Energy,Oil & Gas Equipment & Services,-1.1611733359336518
ISD,2026-02-02,Financial Services,Asset Management,-1.161234307963175
MXF,2026-02-02,Financial Services,Asset Management,-1.1614908643057875
HASI,2026-02-02,Financial Services,Asset Management,-1.162066259813549
III,2026-02-02,Technology,Information Technology Services,-1.1625473022613595
FUSB,2026-02-02,Financial Services,Banks - Regional,-1.1627874516765353
CAPNU,2026-02-02,Financial Services,Shell Companies,-1.1630316488718397
RQI,2026-02-02,Financial Services,Asset Management,-1.1633955134610026
AFJKU,2026-02-02,Financial Services,Shell Companies,-1.1635656556851408
ISBA,2026-02-02,Financial Services,Banks - Regional,-1.1638119157010367
HCC,2026-02-02,Basic Materials,Coking Coal,-1.163817960926452
NMZ,2026-02-02,Financial Services,Asset Management,-1.1640656278909254
CNP,2026-02-02,Utilities,Utilities - Regulated Electric,-1.1641423739270247
RELY,2026-02-02,Technology,Software - Infrastructure,-1.1641688689694722
DXST,2026-02-02,Industrials,Waste Management,-1.16483323493807
AOD,2026-02-02,Financial Services,Asset Management,-1.1650054997226733
GOCO,2026-02-02,Financial Services,Insurance Brokers,-1.1651303797054824
LPBB,2026-02-02,Financial Services,Shell Companies,-1.16524651296729
PINE,2026-02-02,Real Estate,REIT - Retail,-1.1656345080356074
GPATU,2026-02-02,Financial Services,Shell Companies,-1.1657681962337298
REKR,2026-02-02,Technology,Software - Infrastructure,-1.1660863688095064
JRI,2026-02-02,Financial Services,Asset Management,-1.166235435699115
ACP,2026-02-02,Financial Services,Asset Management,-1.1662691650858918
UTF,2026-02-02,Financial Services,Asset Management,-1.166446340757108
NRP,2026-02-02,Energy,Thermal Coal,-1.1669770869488272
RRBI,2026-02-02,Financial Services,Banks - Regional,-1.1670722587452318
RMBI,2026-02-02,Financial Services,Banks - Regional,-1.1671400781972125
SWKH,2026-02-02,Financial Services,Asset Management,-1.1671741720189295
MBINM,2026-02-02,Financial Services,Banks - Regional,-1.1674113799365518
OTEX,2026-02-02,Technology,Software - Application,-1.1675621995989651
NEA,2026-02-02,Financial Services,Asset Management,-1.1677052248610866
LICN,2026-02-02,Industrials,Specialty Business Services,-1.1677811336642387
IGA,2026-02-02,Financial Services,Asset Management,-1.1681032787195345
TWFG,2026-02-02,Financial Services,Insurance Brokers,-1.1681394873990936
GF,2026-02-02,Financial Services,Asset Management,-1.1682277574942281
AAMI,2026-02-02,Financial Services,Asset Management,-1.1683571032003262
W,2026-02-02,Consumer Cyclical,Internet Retail,-1.1690017227563123
DAY,2026-02-02,Technology,Software - Application,-1.169627833149439
FRMEP,2026-02-02,Financial Services,Banks - Regional,-1.1696388529563553
ATOM,2026-02-02,Technology,Semiconductor Equipment & Materials,-1.1699917538821443
ELE,2026-02-02,Basic Materials,Other Precious Metals & Mining,-1.1701107190671707
PCT,2026-02-02,Industrials,Pollution & Treatment Controls,-1.170384379676826
OCCIO,2026-02-02,Financial Services,Asset Management,-1.170441664763867
FBLA,2026-02-02,Financial Services,Banks - Regional,-1.1704526488489406
RGTI,2026-02-02,Technology,Computer Hardware,-1.1704570147633577
BOE,2026-02-02,Financial Services,Asset Management,-1.1705201228261086
RBBN,2026-02-02,Technology,Software - Application,-1.1707024706484785
AWP,2026-02-02,Financial Services,Asset Management,-1.1709424185994315
ASYS,2026-02-02,Technology,Semiconductor Equipment & Materials,-1.1709697190340218
ETV,2026-02-02,Financial Services,Asset Management,-1.171006399967097
EDU,2026-02-02,Consumer Defensive,Education & Training Services,-1.1711787507724591
GREE,2026-02-02,Financial Services,Capital Markets,-1.1712235675141238
JKHY,2026-02-02,Technology,Information Technology Services,-1.171252350522449
BA,2026-02-02,Industrials,Aerospace & Defense,-1.1714008164734495
PAYS,2026-02-02,Technology,Software - Infrastructure,-1.1715199033145713
OMCC,2026-02-02,Financial Services,Credit Services,-1.1723090437307253
OACC,2026-02-02,Financial Services,Shell Companies,-1.1728179471206248
BLFY,2026-02-02,Financial Services,Banks - Regional,-1.1733934903735987
TIPT,2026-02-02,Financial Services,Insurance - Specialty,-1.1740556659548012
MBIN,2026-02-02,Financial Services,Banks - Regional,-1.174258574304797
KYN,2026-02-02,Financial Services,Asset Management,-1.174353820174923
SOUN,2026-02-02,Technology,Software - Application,-1.174674015624684
WLAC,2026-02-02,Financial Services,Shell Companies,-1.1750548383027972
DHF,2026-02-02,Financial Services,Asset Management,-1.1753362863844254
MORN,2026-02-02,Financial Services,Financial Data & Stock Exchanges,-1.1756569792703733
FPF,2026-02-02,Financial Services,Asset Management,-1.1757035608315045
EFSCP,2026-02-02,Financial Services,Banks - Regional,-1.1758285107077864
EURK,2026-02-02,Financial Services,Shell Companies,-1.1759581524091385
BCX,2026-02-02,Financial Services,Asset Management,-1.175978442729997
WEX,2026-02-02,Technology,Software - Infrastructure,-1.176116053605586
FGNXP,2026-02-02,Financial Services,Asset Management,-1.1763081870550915
IX,2026-02-02,Financial Services,Financial Conglomerates,-1.1764785570261749
ADI,2026-02-02,Technology,Semiconductors,-1.1773018080453221
WWW,2026-02-02,Consumer Cyclical,Footwear & Accessories,-1.1773964531612648
ASA,2026-02-02,Financial Services,Asset Management,-1.1774616092961907
PNI,2026-02-02,Financial Services,Asset Management,-1.1777213657760661
FPH,2026-02-02,Real Estate,Real Estate - Development,-1.177741921951928
SBET,2026-02-02,Consumer Cyclical,Gambling,-1.1777722769612906
ALF,2026-02-02,Financial Services,Shell Companies,-1.1778584141321429
GUT,2026-02-02,Financial Services,Asset Management,-1.1779761192142133
XNET,2026-02-02,Technology,Software - Infrastructure,-1.1781694155521831
EIIA,2026-02-02,Financial Services,Asset Management,-1.1783102050921794
DBL,2026-02-02,Financial Services,Asset Management,-1.1783396953870964
AWX,2026-02-02,Industrials,Waste Management,-1.1784610252861136
BETR,2026-02-02,Financial Services,Mortgage Finance,-1.178766047247884
IHG,2026-02-02,Consumer Cyclical,Lodging,-1.1788595821987549
ACMR,2026-02-02,Technology,Semiconductor Equipment & Materials,-1.1793979817481477
BUI,2026-02-02,Financial Services,Asset Management,-1.1795235104271238
BITF,2026-02-02,Financial Services,Capital Markets,-1.1796919590020802
TRAK,2026-02-02,Technology,Software - Application,-1.1799218765594455
NNN,2026-02-02,Real Estate,REIT - Retail,-1.1802523424876066
PFSI,2026-02-02,Financial Services,Mortgage Finance,-1.1807084706879132
DAVE,2026-02-02,Technology,Software - Application,-1.1808393597895555
EFXT,2026-02-02,Energy,Oil & Gas Equipment & Services,-1.1809848746747336
NGS,2026-02-02,Energy,Oil & Gas Equipment & Services,-1.1810559832109537
ICE,2026-02-02,Financial Services,Financial Data & Stock Exchanges,-1.181261439459736
NVG,2026-02-02,Financial Services,Asset Management,-1.1813147414606016
DHX,2026-02-02,Technology,Software - Application,-1.1813737299938112
ISPOW,2026-02-02,Consumer Cyclical,Travel Services,-1.181703422814109
SPXX,2026-02-02,Financial Services,Asset Management,-1.1819254823394443
FIS,2026-02-02,Technology,Information Technology Services,-1.1819618839251682
SPHR,2026-02-02,Communication Services,Entertainment,-1.1820212804611179
QRHC,2026-02-02,Industrials,Waste Management,-1.1824650385772661
MOFG,2026-02-02,Financial Services,Banks - Regional,-1.1827993931145893
NOM,2026-02-02,Financial Services,Asset Management,-1.1828273690250475
PLBC,2026-02-02,Financial Services,Banks - Regional,-1.1828370851861283
RELX,2026-02-02,Industrials,Specialty Business Services,-1.182848845625903
LPAA,2026-02-02,Financial Services,Shell Companies,-1.1828811203591774
PMAX,2026-02-02,Industrials,Specialty Business Services,-1.183124569483959
EVCM,2026-02-02,Technology,Software - Infrastructure,-1.183524048697803
BMEZ,2026-02-02,Financial Services,Asset Management,-1.1835456261500688
NWE,2026-02-02,Utilities,Utilities - Regulated Electric,-1.1836171337129193
PHUN,2026-02-02,Technology,Software - Application,-1.1836599749322496
RKT,2026-02-02,Financial Services,Mortgage Finance,-1.1837386192861066
DFP,2026-02-02,Financial Services,Asset Management,-1.1842994123735984
CELH,2026-02-02,Consumer Defensive,Beverages - Non-Alcoholic,-1.1845956283593984
ENS,2026-02-02,Industrials,Electrical Equipment & Parts,-1.1846222205932808
FVCB,2026-02-02,Financial Services,Banks - Regional,-1.1850144938043528
DBRG,2026-02-02,Financial Services,Asset Management,-1.1850267240387578
NBIS,2026-02-02,Communication Services,Internet Content & Information,-1.1854693255899393
BLE,2026-02-02,Financial Services,Asset Management,-1.1857177832110792
EOT,2026-02-02,Financial Services,Asset Management,-1.1857889299366513
ALEX,2026-02-02,Real Estate,REIT - Retail,-1.185961086267204
FFA,2026-02-02,Financial Services,Asset Management,-1.1862531661529123
LOGI,2026-02-02,Technology,Computer Hardware,-1.1864268178062611
FTK,2026-02-02,Energy,Oil & Gas Equipment & Services,-1.1868208044554374
VERI,2026-02-02,Technology,Software - Infrastructure,-1.1868792824457923
MMD,2026-02-02,Financial Services,Asset Management,-1.1869444443786572
AMG,2026-02-02,Financial Services,Asset Management,-1.1869730971283603
BLND,2026-02-02,Technology,Software - Application,-1.1871243006581143
SWKHL,2026-02-02,Unknown,Unknown,-1.1872584933603147
SKT,2026-02-02,Real Estate,REIT - Retail,-1.1873706413085847
IGR,2026-02-02,Financial Services,Asset Management,-1.1874491970208467
LDP,2026-02-02,Financial Services,Asset Management,-1.1875598134539707
CSQ,2026-02-02,Financial Services,Asset Management,-1.1877765243272331
OPBK,2026-02-02,Financial Services,Banks - Regional,-1.1880024351050187
SDHY,2026-02-02,Financial Services,Asset Management,-1.188007850950661
MNSBP,2026-02-02,Financial Services,Banks - Regional,-1.1880883818369783
OXLCZ,2026-02-02,Unknown,Unknown,-1.18825291535887
OPTT,2026-02-02,Industrials,Specialty Industrial Machinery,-1.1885747146066938
WMK,2026-02-02,Consumer Defensive,Grocery Stores,-1.1887839383639036
LOVE,2026-02-02,Consumer Cyclical,"Furnishings, Fixtures & Appliances",-1.188789942534068
EH,2026-02-02,Industrials,Aerospace & Defense,-1.1891307806098204
DSM,2026-02-02,Financial Services,Asset Management,-1.1892923787836938
NOTE,2026-02-02,Technology,Information Technology Services,-1.1894259907344542
GRRR,2026-02-02,Technology,Software - Infrastructure,-1.1894789088674333
AWRE,2026-02-02,Technology,Software - Application,-1.1895766482984682
TTGT,2026-02-02,Technology,Information Technology Services,-1.18986327391302
BFK,2026-02-02,Financial Services,Asset Management,-1.1898708850107684
EBMT,2026-02-02,Financial Services,Banks - Regional,-1.1898738233813273
VSTA,2026-02-02,Consumer Defensive,Education & Training Services,-1.1906253281320647
HAFC,2026-02-02,Financial Services,Banks - Regional,-1.190838623283784
IDA,2026-02-02,Utilities,Utilities - Regulated Electric,-1.1910801351849098
SSNC,2026-02-02,Technology,Software - Application,-1.1910950644136027
BNAI,2026-02-02,Technology,Software - Infrastructure,-1.1913873117824187
CTSH,2026-02-02,Technology,Information Technology Services,-1.1914551936752507
MSD,2026-02-02,Financial Services,Asset Management,-1.1918092123088648
MKTW,2026-02-02,Financial Services,Financial Data & Stock Exchanges,-1.191864038537289
PPTA,2026-02-02,Basic Materials,Other Precious Metals & Mining,-1.1922824745818237
BABA,2026-02-02,Consumer Cyclical,Internet Retail,-1.1922879006568188
QETAU,2026-02-02,Financial Services,Shell Companies,-1.1923025534867524
LIDR,2026-02-02,Technology,Software - Infrastructure,-1.192494074452023
ERC,2026-02-02,Financial Services,Asset Management,-1.192606631441244
HOVNP,2026-02-02,Unknown,Unknown,-1.1926368568032188
WK,2026-02-02,Technology,Software - Application,-1.1927006197958663
DIAX,2026-02-02,Financial Services,Asset Management,-1.1928072473175828
RMM,2026-02-02,Financial Services,Asset Management,-1.193239777474345
AKAM,2026-02-02,Technology,Software - Infrastructure,-1.1933283258224558
TOST,2026-02-02,Technology,Software - Infrastructure,-1.1934511758433397
AQMS,2026-02-02,Industrials,Waste Management,-1.1934839428124986
LNZA,2026-02-02,Industrials,Waste Management,-1.193754617483815
ZS,2026-02-02,Technology,Software - Infrastructure,-1.1939437754659588
KEQU,2026-02-02,Consumer Cyclical,"Furnishings, Fixtures & Appliances",-1.1945566993624352
TSSI,2026-02-02,Technology,Information Technology Services,-1.1945865669947857
BVFL,2026-02-02,Financial Services,Banks - Regional,-1.1948365652979922
HUYA,2026-02-02,Communication Services,Entertainment,-1.194953283633175
VHC,2026-02-02,Technology,Software - Infrastructure,-1.1951010656982446
NTWO,2026-02-02,Financial Services,Shell Companies,-1.1952982148591014
RMT,2026-02-02,Financial Services,Asset Management,-1.195400135123156
MIY,2026-02-02,Financial Services,Asset Management,-1.1954999839216527
LBRT,2026-02-02,Energy,Oil & Gas Equipment & Services,-1.1963803131892132
MTLS,2026-02-02,Technology,Software - Application,-1.1964942268911505
HNI,2026-02-02,Consumer Cyclical,"Furnishings, Fixtures & Appliances",-1.1965402403710106
KLAC,2026-02-02,Technology,Semiconductor Equipment & Materials,-1.196584589097015
PHK,2026-02-02,Financial Services,Asset Management,-1.1966760769881823
TCBS,2026-02-02,Financial Services,Banks - Regional,-1.1967186499351314
ADAMM,2026-02-02,Real Estate,REIT - Mortgage,-1.196839463339391
ICFI,2026-02-02,Industrials,Consulting Services,-1.1969317382912683
VIRC,2026-02-02,Consumer Cyclical,"Furnishings, Fixtures & Appliances",-1.1971624235949498
CINT,2026-02-02,Technology,Software - Infrastructure,-1.1972672401754283
MUJ,2026-02-02,Financial Services,Asset Management,-1.1972730903786166
WHR,2026-02-02,Consumer Cyclical,"Furnishings, Fixtures & Appliances",-1.1975116959178662
GAB,2026-02-02,Financial Services,Asset Management,-1.1975869359857778
ATLCZ,2026-02-02,Unknown,Unknown,-1.197748385017521
BCV,2026-02-02,Financial Services,Asset Management,-1.197889417588364
SNFCA,2026-02-02,Financial Services,Mortgage Finance,-1.1981069356799634
GRX,2026-02-02,Financial Services,Asset Management,-1.198220210621969
WEA,2026-02-02,Financial Services,Asset Management,-1.1982807503335096
PCB,2026-02-02,Financial Services,Banks - Regional,-1.198300507338196
BCBP,2026-02-02,Financial Services,Banks - Regional,-1.1985484118970038
FVN,2026-02-02,Financial Services,Shell Companies,-1.1986038633205867
PGAC,2026-02-02,Financial Services,Shell Companies,-1.198773140488426
HWBK,2026-02-02,Financial Services,Banks - Regional,-1.1991214957692993
AON,2026-02-02,Financial Services,Insurance Brokers,-1.1993142446456582
MCR,2026-02-02,Financial Services,Asset Management,-1.1993222856137882
IPGP,2026-02-02,Technology,Semiconductor Equipment & Materials,-1.1996845785304293
MELI,2026-02-02,Consumer Cyclical,Internet Retail,-1.1997346075311481
CCB,2026-02-02,Financial Services,Banks - Regional,-1.1998176471177997
MQT,2026-02-02,Financial Services,Asset Management,-1.2000920122134198
H,2026-02-02,Consumer Cyclical,Lodging,-1.2001970275241205
BEN,2026-02-02,Financial Services,Asset Management,-1.2004110480498122
CAL,2026-02-02,Consumer Cyclical,Apparel Retail,-1.2004296584585308
FOR,2026-02-02,Real Estate,Real Estate - Development,-1.2005855325265282
PCTTU,2026-02-02,Industrials,Pollution & Treatment Controls,-1.2009120812642098
FSHP,2026-02-02,Financial Services,Shell Companies,-1.200912820030158
EAD,2026-02-02,Financial Services,Asset Management,-1.2010335924227997
BBN,2026-02-02,Financial Services,Asset Management,-1.2010900416545511
BYRN,2026-02-02,Industrials,Aerospace & Defense,-1.201671707586617
VTSI,2026-02-02,Technology,Software - Application,-1.2017271370171658
VPV,2026-02-02,Financial Services,Asset Management,-1.2018750815045467
M,2026-02-02,Consumer Cyclical,Department Stores,-1.2019790882711823
GDYN,2026-02-02,Technology,Information Technology Services,-1.202004463792806
NCA,2026-02-02,Financial Services,Asset Management,-1.202101820736326
NPCT,2026-02-02,Financial Services,Asset Management,-1.202225884910391
AEP,2026-02-02,Utilities,Utilities - Regulated Electric,-1.2022990578165773
MGLD,2026-02-02,Financial Services,Asset Management,-1.2024903807289333
MANH,2026-02-02,Technology,Software - Application,-1.202495593725692
FDSB,2026-02-02,Financial Services,Banks - Regional,-1.2026868562340995
HFRO,2026-02-02,Financial Services,Asset Management,-1.202756392933816
CLIR,2026-02-02,Industrials,Pollution & Treatment Controls,-1.203782261429757
ISSC,2026-02-02,Industrials,Aerospace & Defense,-1.203886607612587
MQY,2026-02-02,Financial Services,Asset Management,-1.2043312118499367
ECBK,2026-02-02,Financial Services,Banks - Regional,-1.2044078253508559
LMFA,2026-02-02,Financial Services,Credit Services,-1.2045962781117812
BTZ,2026-02-02,Financial Services,Asset Management,-1.2046982871765335
DUOT,2026-02-02,Technology,Software - Application,-1.2047985203459903
WHD,2026-02-02,Energy,Oil & Gas Equipment & Services,-1.2050356280374803
VOYA,2026-02-02,Financial Services,Financial Conglomerates,-1.2050987919842648
VIAV,2026-02-02,Technology,Communication Equipment,-1.2051946309876336
PAXS,2026-02-02,Financial Services,Asset Management,-1.2054883222341755
GGT,2026-02-02,Financial Services,Asset Management,-1.2057658272723235
ZUMZ,2026-02-02,Consumer Cyclical,Apparel Retail,-1.2062280777774343
EMA,2026-02-02,Utilities,Utilities - Regulated Electric,-1.20623252877416
PROV,2026-02-02,Financial Services,Banks - Regional,-1.206366931750681
CGO,2026-02-02,Financial Services,Asset Management,-1.2067792991898045
AVK,2026-02-02,Financial Services,Asset Management,-1.2067981474482246
LAUR,2026-02-02,Consumer Defensive,Education & Training Services,-1.2068466941255245
SAR,2026-02-02,Financial Services,Asset Management,-1.2069130505310626
WETH,2026-02-02,Technology,Electronic Components,-1.207056606084882
XWIN,2026-02-02,Consumer Cyclical,"Furnishings, Fixtures & Appliances",-1.2072023669640901
CRDO,2026-02-02,Technology,Semiconductors,-1.2076135864476678
NTAP,2026-02-02,Technology,Software - Infrastructure,-1.2077339679913137
CWST,2026-02-02,Industrials,Waste Management,-1.2078406586628418
BKD,2026-02-02,Healthcare,Medical Care Facilities,-1.2079351998329562
HTHT,2026-02-02,Consumer Cyclical,Lodging,-1.2079615352422386
IVZ,2026-02-02,Financial Services,Asset Management,-1.2081745240165005
RSF,2026-02-02,Financial Services,Asset Management,-1.2087578270076291
ASR,2026-02-02,Industrials,Airports & Air Services,-1.2089545241144004
NFE,2026-02-02,Energy,Oil & Gas Midstream,-1.2089621450953585
WHFCL,2026-02-02,Unknown,Unknown,-1.209804913195649
CVEO,2026-02-02,Consumer Cyclical,Lodging,-1.2100934853745515
PENG,2026-02-02,Technology,Information Technology Services,-1.2101783129729418
BKR,2026-02-02,Energy,Oil & Gas Equipment & Services,-1.2101957271586865
ETJ,2026-02-02,Financial Services,Asset Management,-1.2102183941149838
PGP,2026-02-02,Financial Services,Asset Management,-1.2104252021482367
TILE,2026-02-02,Consumer Cyclical,"Furnishings, Fixtures & Appliances",-1.210788615606665
HNVR,2026-02-02,Financial Services,Banks - Regional,-1.2107948887775917
NRK,2026-02-02,Financial Services,Asset Management,-1.2109521443807123
AI,2026-02-02,Technology,Software - Infrastructure,-1.210972299510852
SVCO,2026-02-02,Technology,Software - Application,-1.2110293499134686
BRC,2026-02-02,Industrials,Security & Protection Services,-1.2111346659715327
VKQ,2026-02-02,Financial Services,Asset Management,-1.21127067792317
BRAG,2026-02-02,Consumer Cyclical,Gambling,-1.211289915097523
PAGS,2026-02-02,Technology,Software - Infrastructure,-1.2112955390283315
IAE,2026-02-02,Financial Services,Asset Management,-1.211789701620743
KTCC,2026-02-02,Technology,Computer Hardware,-1.2121744083486026
BWB,2026-02-02,Financial Services,Banks - Regional,-1.212245032359233
OBT,2026-02-02,Financial Services,Banks - Regional,-1.212313608118453
INGM,2026-02-02,Technology,Information Technology Services,-1.2124086496231867
QCOM,2026-02-02,Technology,Semiconductors,-1.212472106027092
PFL,2026-02-02,Financial Services,Asset Management,-1.2126658124629157
VAL,2026-02-02,Energy,Oil & Gas Equipment & Services,-1.212920369434319
HLT,2026-02-02,Consumer Cyclical,Lodging,-1.2129717259862507
AIO,2026-02-02,Financial Services,Asset Management,-1.2132412826078995
FTW,2026-02-02,Financial Services,Shell Companies,-1.2140378377105623
GOOGL,2026-02-02,Communication Services,Internet Content & Information,-1.2143888133728913
PBFS,2026-02-02,Financial Services,Banks - Regional,-1.2147653163567156
ALAB,2026-02-02,Technology,Semiconductors,-1.2148099238344194
SMTK,2026-02-02,Technology,Semiconductor Equipment & Materials,-1.215162530060548
INVX,2026-02-02,Energy,Oil & Gas Equipment & Services,-1.2152939247084726
YSXT,2026-02-02,Industrials,Specialty Business Services,-1.2152996074952616
PFXNZ,2026-02-02,Unknown,Unknown,-1.2153351683995015
HTCO,2026-02-02,Industrials,Marine Shipping,-1.2153534982683627
AMWD,2026-02-02,Consumer Cyclical,"Furnishings, Fixtures & Appliances",-1.215691060400412
PFG,2026-02-02,Financial Services,Asset Management,-1.2157011906157336
MUE,2026-02-02,Financial Services,Asset Management,-1.2157385570247403
CAF,2026-02-02,Financial Services,Asset Management,-1.2157468751062905
PKBK,2026-02-02,Financial Services,Banks - Regional,-1.2157797646977966
TS,2026-02-02,Energy,Oil & Gas Equipment & Services,-1.2158861253190567
LC,2026-02-02,Financial Services,Banks - Regional,-1.2159747363456914
BAND,2026-02-02,Technology,Software - Infrastructure,-1.2160666002359606
MBINL,2026-02-02,Financial Services,Banks - Regional,-1.2163267685015735
FE,2026-02-02,Utilities,Utilities - Regulated Electric,-1.2165379939214283
MMT,2026-02-02,Financial Services,Asset Management,-1.2166542376560563
APAM,2026-02-02,Financial Services,Asset Management,-1.216844333090544
PRCH,2026-02-02,Technology,Software - Application,-1.2171083195715935
APEI,2026-02-02,Consumer Defensive,Education & Training Services,-1.2173455183977333
RMI,2026-02-02,Financial Services,Asset Management,-1.2173697908389214
ASLE,2026-02-02,Industrials,Airports & Air Services,-1.2175143942247815
TDACU,2026-02-02,Financial Services,Shell Companies,-1.2182658027152886
KTF,2026-02-02,Financial Services,Asset Management,-1.2183438446720807
BWIN,2026-02-02,Financial Services,Insurance Brokers,-1.2184817540095334
INTZ,2026-02-02,Technology,Software - Infrastructure,-1.2184845049530453
ICHR,2026-02-02,Technology,Semiconductor Equipment & Materials,-1.218500831415735
SUIG,2026-02-02,Financial Services,Credit Services,-1.2187707170911422
BRFH,2026-02-02,Consumer Defensive,Beverages - Non-Alcoholic,-1.2189390482856755
SAIH,2026-02-02,Technology,Information Technology Services,-1.219037425244
JPC,2026-02-02,Financial Services,Asset Management,-1.2193061859714753
MUC,2026-02-02,Financial Services,Asset Management,-1.2196277967563762
PAX,2026-02-02,Financial Services,Asset Management,-1.2198049167248173
THQ,2026-02-02,Financial Services,Asset Management,-1.2203169237652471
OCCIN,2026-02-02,Financial Services,Asset Management,-1.220346718481064
EVEX,2026-02-02,Industrials,Aerospace & Defense,-1.220551337533271
ETR,2026-02-02,Utilities,Utilities - Regulated Electric,-1.220887819795948
VEL,2026-02-02,Financial Services,Mortgage Finance,-1.2209049614346459
HBANL,2026-02-02,Financial Services,Banks - Regional,-1.2213063790200438
GDDY,2026-02-02,Technology,Software - Infrastructure,-1.22139107488541
EEA,2026-02-02,Financial Services,Asset Management,-1.2214102382586
ERH,2026-02-02,Financial Services,Asset Management,-1.221543430894003
WHLRP,2026-02-02,Real Estate,REIT - Retail,-1.2217083665688435
CHKP,2026-02-02,Technology,Software - Infrastructure,-1.2224185897048014
OLED,2026-02-02,Technology,Electronic Components,-1.2225688728032018
OMAB,2026-02-02,Industrials,Airports & Air Services,-1.222596041961561
NESR,2026-02-02,Energy,Oil & Gas Equipment & Services,-1.2227961241324024
TKO,2026-02-02,Communication Services,Entertainment,-1.2229518502790413
XRX,2026-02-02,Technology,Information Technology Services,-1.2231172603584521
PCG,2026-02-02,Utilities,Utilities - Regulated Electric,-1.2239226319060983
VGI,2026-02-02,Financial Services,Asset Management,-1.22394302566514
ENIC,2026-02-02,Utilities,Utilities - Regulated Electric,-1.2241797943956603
STEW,2026-02-02,Financial Services,Asset Management,-1.2244757997420397
GSIT,2026-02-02,Technology,Semiconductors,-1.2245159356035535
GHY,2026-02-02,Financial Services,Asset Management,-1.224621323701603
IGI,2026-02-02,Financial Services,Asset Management,-1.224793449852523
ECCU,2026-02-02,Unknown,Unknown,-1.2247971976433574
BTI,2026-02-02,Consumer Defensive,Tobacco,-1.2248618753815395
PFO,2026-02-02,Financial Services,Asset Management,-1.2248802467494437
FSBC,2026-02-02,Financial Services,Banks - Regional,-1.2250033131828932
INOD,2026-02-02,Technology,Information Technology Services,-1.2251420090796818
GO,2026-02-02,Consumer Defensive,Grocery Stores,-1.2253292625092986
OS,2026-02-02,Technology,Software - Infrastructure,-1.225366799255354
NKE,2026-02-02,Consumer Cyclical,Footwear & Accessories,-1.225433027353385
WBD,2026-02-02,Communication Services,Entertainment,-1.225449734564221
SOR,2026-02-02,Financial Services,Asset Management,-1.2255429084393925
CURB,2026-02-02,Real Estate,REIT - Retail,-1.22584040176188
SCD,2026-02-02,Financial Services,Asset Management,-1.225855509118253
VIPS,2026-02-02,Consumer Cyclical,Internet Retail,-1.2262514116019931
VTEX,2026-02-02,Technology,Software - Application,-1.2263247719144965
DOC,2026-02-02,Real Estate,REIT - Healthcare Facilities,-1.226603634922789
CMU,2026-02-02,Financial Services,Asset Management,-1.2270197649110073
PAC,2026-02-02,Industrials,Airports & Air Services,-1.227180922132697
FWONK,2026-02-02,Communication Services,Entertainment,-1.2274619556539728
BXMX,2026-02-02,Financial Services,Asset Management,-1.2275393771121361
FSBW,2026-02-02,Financial Services,Banks - Regional,-1.2278065451371576
FITBO,2026-02-02,Financial Services,Banks - Regional,-1.227899301987752
PBHC,2026-02-02,Financial Services,Banks - Regional,-1.227901093510149
RGT,2026-02-02,Financial Services,Asset Management,-1.228398907318446
MHD,2026-02-02,Financial Services,Asset Management,-1.2285187056652795
NNY,2026-02-02,Financial Services,Asset Management,-1.2286671308334756
NGG,2026-02-02,Utilities,Utilities - Regulated Electric,-1.2287254258184497
KR,2026-02-02,Consumer Defensive,Grocery Stores,-1.229159698295505
HUBB,2026-02-02,Industrials,Electrical Equipment & Parts,-1.229209440278668
ARQQ,2026-02-02,Technology,Software - Infrastructure,-1.2293084094416082
AVAL,2026-02-02,Financial Services,Banks - Regional,-1.22932300441655
HLX,2026-02-02,Energy,Oil & Gas Equipment & Services,-1.229485902001405
NVTS,2026-02-02,Technology,Semiconductors,-1.2298014373127812
TRN,2026-02-02,Industrials,Railroads,-1.2298907168364113
RDZN,2026-02-02,Technology,Software - Application,-1.2299637255468803
RDIB,2026-02-02,Communication Services,Entertainment,-1.2304742757190503
GOOG,2026-02-02,Communication Services,Internet Content & Information,-1.2309199106953026
SCCG,2026-02-02,Unknown,Unknown,-1.230929340639533
RVLV,2026-02-02,Consumer Cyclical,Internet Retail,-1.2310908645748029
SNBR,2026-02-02,Consumer Cyclical,"Furnishings, Fixtures & Appliances",-1.2310955489072064
YQ,2026-02-02,Consumer Defensive,Education & Training Services,-1.2311449497309706
PATK,2026-02-02,Consumer Cyclical,"Furnishings, Fixtures & Appliances",-1.231178001502865
PDO,2026-02-02,Financial Services,Asset Management,-1.231389955625752
FIZZ,2026-02-02,Consumer Defensive,Beverages - Non-Alcoholic,-1.2314235901573014
BMRC,2026-02-02,Financial Services,Banks - Regional,-1.2317281518788843
ABEV,2026-02-02,Consumer Defensive,Beverages - Brewers,-1.2318696173584593
TAOX,2026-02-02,Technology,Software - Infrastructure,-1.2321452513480202
MAIN,2026-02-02,Financial Services,Asset Management,-1.2321758519962185
NOV,2026-02-02,Energy,Oil & Gas Equipment & Services,-1.2324742946944114
TE,2026-02-02,Industrials,Electrical Equipment & Parts,-1.2329970173327014
NU,2026-02-02,Financial Services,Banks - Regional,-1.233452434543285
RES,2026-02-02,Energy,Oil & Gas Equipment & Services,-1.2335855027039893
NBBK,2026-02-02,Financial Services,Banks - Regional,-1.2336178811236886
OCCIM,2026-02-02,Financial Services,Asset Management,-1.2338046858152858
PI,2026-02-02,Technology,Semiconductors,-1.2338214833226784
NEXT,2026-02-02,Energy,Oil & Gas Equipment & Services,-1.2339261690925303
DBD,2026-02-02,Technology,Software - Application,-1.2341776822436017
PLG,2026-02-02,Basic Materials,Other Precious Metals & Mining,-1.2342072880083625
ORCL,2026-02-02,Technology,Software - Infrastructure,-1.2344334877252314
ARQ,2026-02-02,Industrials,Pollution & Treatment Controls,-1.2358523906312282
HBCP,2026-02-02,Financial Services,Banks - Regional,-1.2360096348039955
JQC,2026-02-02,Financial Services,Asset Management,-1.2365175122282817
JLS,2026-02-02,Financial Services,Asset Management,-1.236621610280171
UMC,2026-02-02,Technology,Semiconductors,-1.2369843106067835
FCN,2026-02-02,Industrials,Consulting Services,-1.2376453928082765
BLX,2026-02-02,Financial Services,Banks - Regional,-1.2377961940730091
KSPI,2026-02-02,Technology,Software - Infrastructure,-1.2379317327770856
EVRG,2026-02-02,Utilities,Utilities - Regulated Electric,-1.2379883216026926
AGD,2026-02-02,Financial Services,Asset Management,-1.2381161569032544
PGZ,2026-02-02,Financial Services,Asset Management,-1.2381791893123384
MAX,2026-02-02,Communication Services,Internet Content & Information,-1.238371425449554
CROX,2026-02-02,Consumer Cyclical,Footwear & Accessories,-1.2385032823819744
EDTK,2026-02-02,Consumer Defensive,Education & Training Services,-1.238545080226356
VLGEA,2026-02-02,Consumer Defensive,Grocery Stores,-1.2388975157383941
WNEB,2026-02-02,Financial Services,Banks - Regional,-1.2389619797633566
FT,2026-02-02,Financial Services,Asset Management,-1.2392690046264867
OIS,2026-02-02,Energy,Oil & Gas Equipment & Services,-1.2393184395658514
NMT,2026-02-02,Financial Services,Asset Management,-1.239584588015387
DLY,2026-02-02,Financial Services,Asset Management,-1.2396840216202503
MFG,2026-02-02,Financial Services,Banks - Regional,-1.2399739563387495
BZUN,2026-02-02,Consumer Cyclical,Internet Retail,-1.2399802429729332
HOFT,2026-02-02,Consumer Cyclical,"Furnishings, Fixtures & Appliances",-1.2400171442543542
MRBK,2026-02-02,Financial Services,Banks - Regional,-1.2400357195633303
AIOT,2026-02-02,Technology,Software - Infrastructure,-1.24007789711588
GBAB,2026-02-02,Financial Services,Asset Management,-1.240194251131628
ANET,2026-02-02,Technology,Computer Hardware,-1.2403648194221748
CNOBP,2026-02-02,Financial Services,Banks - Regional,-1.240445812851969
CBFV,2026-02-02,Financial Services,Banks - Regional,-1.2404660838797172
IDAI,2026-02-02,Technology,Software - Application,-1.2406002898973967
ISTR,2026-02-02,Financial Services,Banks - Regional,-1.2407194526810035
NMS,2026-02-02,Financial Services,Asset Management,-1.2408229850627976
GLOB,2026-02-02,Technology,Information Technology Services,-1.2409994001774474
SMTC,2026-02-02,Technology,Semiconductors,-1.241027551373346
VRRM,2026-02-02,Technology,Information Technology Services,-1.2412285860724186
STNE,2026-02-02,Technology,Software - Infrastructure,-1.2414456228671171
EHI,2026-02-02,Financial Services,Asset Management,-1.2416774454263217
AENT,2026-02-02,Communication Services,Entertainment,-1.2417253769594567
ASTS,2026-02-02,Technology,Communication Equipment,-1.2418600822486134
TDUP,2026-02-02,Consumer Cyclical,Internet Retail,-1.2424939166823967
KD,2026-02-02,Technology,Information Technology Services,-1.2425584640057963
VACH,2026-02-02,Financial Services,Shell Companies,-1.24277473816889
DLO,2026-02-02,Technology,Software - Infrastructure,-1.2430172913200774
SABR,2026-02-02,Technology,Software - Infrastructure,-1.2430440024300136
SGHC,2026-02-02,Consumer Cyclical,Gambling,-1.2432911980099366
NDMO,2026-02-02,Financial Services,Asset Management,-1.2436302624182118
DXC,2026-02-02,Technology,Information Technology Services,-1.2437779569554592
EXOD,2026-02-02,Technology,Software - Infrastructure,-1.2438028087193402
CRWS,2026-02-02,Consumer Cyclical,"Furnishings, Fixtures & Appliances",-1.244098180451934
KRC,2026-02-02,Real Estate,REIT - Office,-1.2441236052201397
EOI,2026-02-02,Financial Services,Asset Management,-1.244127106134788
VNET,2026-02-02,Technology,Information Technology Services,-1.24450391787086
HPF,2026-02-02,Financial Services,Asset Management,-1.2448902811629121
SCVL,2026-02-02,Consumer Cyclical,Apparel Retail,-1.2450174162518186
MBBC,2026-02-02,Financial Services,Banks - Regional,-1.245088922043977
SST,2026-02-02,Industrials,Specialty Business Services,-1.245248034312131
LEO,2026-02-02,Financial Services,Asset Management,-1.2455021478518655
TDF,2026-02-02,Financial Services,Asset Management,-1.245603210846202
ACI,2026-02-02,Consumer Defensive,Grocery Stores,-1.245683835353761
DHIL,2026-02-02,Financial Services,Asset Management,-1.2462021827053167
MTEN,2026-02-02,Industrials,Metal Fabrication,-1.2464231096746452
SAZ,2026-02-02,Unknown,Unknown,-1.246448085982605
WFRD,2026-02-02,Energy,Oil & Gas Equipment & Services,-1.2466118870127725
PB,2026-02-02,Financial Services,Banks - Regional,-1.2468146812082161
GHC,2026-02-02,Consumer Defensive,Education & Training Services,-1.2470063332871424
VLYPP,2026-02-02,Financial Services,Banks - Regional,-1.2472982651640376
NMI,2026-02-02,Financial Services,Asset Management,-1.2473255265888394
TWLO,2026-02-02,Technology,Software - Infrastructure,-1.247811363232294
TUYA,2026-02-02,Technology,Software - Infrastructure,-1.2478927987891637
FTF,2026-02-02,Financial Services,Asset Management,-1.2487371493787702
SANG,2026-02-02,Technology,Software - Infrastructure,-1.2499539226395664
ADSK,2026-02-02,Technology,Software - Application,-1.2501686255101965
RANGU,2026-02-02,Financial Services,Shell Companies,-1.2501770592619328
IONQ,2026-02-02,Technology,Computer Hardware,-1.2502535078695658
VSH,2026-02-02,Technology,Semiconductors,-1.2505047869247417
FITBI,2026-02-02,Financial Services,Banks - Regional,-1.2505584391745883
LAW,2026-02-02,Technology,Software - Application,-1.2507470073077278
MBINN,2026-02-02,Financial Services,Banks - Regional,-1.2513273096627184
BUD,2026-02-02,Consumer Defensive,Beverages - Brewers,-1.2514026593389134
BPRN,2026-02-02,Financial Services,Banks - Regional,-1.2515100413084832
IAF,2026-02-02,Financial Services,Asset Management,-1.2515868399609449
ESE,2026-02-02,Technology,Scientific & Technical Instruments,-1.2520469660993632
HCKT,2026-02-02,Technology,Information Technology Services,-1.2520704878514994
VBNK,2026-02-02,Financial Services,Banks - Regional,-1.2521043717608322
FAX,2026-02-02,Financial Services,Asset Management,-1.2523074235960174
KGS,2026-02-02,Energy,Oil & Gas Equipment & Services,-1.2524420354818318
DWSN,2026-02-02,Energy,Oil & Gas Equipment & Services,-1.2525560485665306
RA,2026-02-02,Financial Services,Asset Management,-1.252894712968623
OIA,2026-02-02,Financial Services,Asset Management,-1.2530668788676225
GBDC,2026-02-02,Financial Services,Asset Management,-1.2531705180913473
FNLC,2026-02-02,Financial Services,Banks - Regional,-1.2533858667595512
PAY,2026-02-02,Technology,Software - Infrastructure,-1.2536440674137672
CSWC,2026-02-02,Financial Services,Asset Management,-1.2538465423532967
LANDM,2026-02-02,Real Estate,REIT - Specialty,-1.2541781939713668
QUBT,2026-02-02,Technology,Computer Hardware,-1.2544433438563458
LSCC,2026-02-02,Technology,Semiconductors,-1.2545088770621116
LOW,2026-02-02,Consumer Cyclical,Home Improvement Retail,-1.2545276398956036
ADAMI,2026-02-02,Unknown,Unknown,-1.2545993813655578
HPI,2026-02-02,Financial Services,Asset Management,-1.2546507361844863
AROW,2026-02-02,Financial Services,Banks - Regional,-1.2547470869479749
PCSC,2026-02-02,Financial Services,Shell Companies,-1.2548803026854638
ALMU,2026-02-02,Technology,Semiconductors,-1.2548876874974713
MLKN,2026-02-02,Consumer Cyclical,"Furnishings, Fixtures & Appliances",-1.255065760344819
NSC,2026-02-02,Industrials,Railroads,-1.255576243677704
HIO,2026-02-02,Financial Services,Asset Management,-1.2560109968823223
ADC,2026-02-02,Real Estate,REIT - Retail,-1.256111353872444
MCN,2026-02-02,Financial Services,Asset Management,-1.2561453884115883
DELL,2026-02-02,Technology,Computer Hardware,-1.2564112377126797
TCX,2026-02-02,Technology,Software - Infrastructure,-1.2565881051168466
DTSS,2026-02-02,Technology,Software - Infrastructure,-1.2568877686332813
TXNM,2026-02-02,Utilities,Utilities - Regulated Electric,-1.2570175706161641
BTX,2026-02-02,Financial Services,Asset Management,-1.257041379144298
COST,2026-02-02,Consumer Defensive,Discount Stores,-1.2570912645535304
FOSL,2026-02-02,Consumer Cyclical,Footwear & Accessories,-1.2571421531299427
PLUS,2026-02-02,Technology,Software - Application,-1.2575005757583266
PKST,2026-02-02,Real Estate,REIT - Office,-1.2577166311426067
FHN,2026-02-02,Financial Services,Banks - Regional,-1.2579209085883167
NNDM,2026-02-02,Technology,Computer Hardware,-1.257933155343089
RAIL,2026-02-02,Industrials,Railroads,-1.2580461134559264
FET,2026-02-02,Energy,Oil & Gas Equipment & Services,-1.2581315514142417
CIF,2026-02-02,Financial Services,Asset Management,-1.2581421758355829
NHS,2026-02-02,Financial Services,Asset Management,-1.2588562887238062
KEP,2026-02-02,Utilities,Utilities - Regulated Electric,-1.2588645977813129
STKL,2026-02-02,Consumer Defensive,Beverages - Non-Alcoholic,-1.2589948118834748
PSTG,2026-02-02,Technology,Computer Hardware,-1.259258748015056
NECB,2026-02-02,Financial Services,Banks - Regional,-1.2592678368193289
VELO,2026-02-02,Technology,Computer Hardware,-1.2593825287254212
BWFG,2026-02-02,Financial Services,Banks - Regional,-1.259832011717582
BE,2026-02-02,Industrials,Electrical Equipment & Parts,-1.260613396422137
SCCF,2026-02-02,Unknown,Unknown,-1.2609589085207236
RNGR,2026-02-02,Energy,Oil & Gas Equipment & Services,-1.2610427756422058
ELPC,2026-02-02,Utilities,Utilities - Regulated Electric,-1.2611893047630436
CLBK,2026-02-02,Financial Services,Banks - Regional,-1.2614893582617892
CUBB,2026-02-02,Unknown,Unknown,-1.2621228432191922
ACNB,2026-02-02,Financial Services,Banks - Regional,-1.2621651200497424
JRS,2026-02-02,Financial Services,Asset Management,-1.2622347538471972
RPD,2026-02-02,Technology,Software - Infrastructure,-1.262393313804077
MLCI,2026-02-02,Financial Services,Asset Management,-1.2624864047547244
MI,2026-02-02,Consumer Cyclical,Internet Retail,-1.2626078914762313
LAES,2026-02-02,Technology,Semiconductors,-1.2626098555806622
CDNS,2026-02-02,Technology,Software - Application,-1.2626396725254376
UNTY,2026-02-02,Financial Services,Banks - Regional,-1.2626521898601182
GAMB,2026-02-02,Consumer Cyclical,Gambling,-1.2627145663604535
ASGN,2026-02-02,Technology,Information Technology Services,-1.2630971005295846
QUIK,2026-02-02,Technology,Semiconductors,-1.26312020803654
DTSQU,2026-02-02,Financial Services,Shell Companies,-1.2631748180163593
PEBK,2026-02-02,Financial Services,Banks - Regional,-1.2631820249422743
MSFT,2026-02-02,Technology,Software - Infrastructure,-1.2632071356737473
DOX,2026-02-02,Technology,Software - Infrastructure,-1.2633957679354229
IMXI,2026-02-02,Technology,Software - Infrastructure,-1.2635250824849869
LASE,2026-02-02,Industrials,Specialty Industrial Machinery,-1.263701107982798
FROG,2026-02-02,Technology,Software - Application,-1.2637453956120208
COLAU,2026-02-02,Financial Services,Shell Companies,-1.264265896215574
KVAC,2026-02-02,Financial Services,Shell Companies,-1.2644656278110447
NVS,2026-02-02,Healthcare,Drug Manufacturers - General,-1.2646885912366401
USA,2026-02-02,Financial Services,Asset Management,-1.2647906262008988
NEGG,2026-02-02,Consumer Cyclical,Internet Retail,-1.2649038194358477
DMA,2026-02-02,Financial Services,Asset Management,-1.2654392019634948
SCCE,2026-02-02,Unknown,Unknown,-1.2654407486624208
STT,2026-02-02,Financial Services,Asset Management,-1.2655169089133114
WIW,2026-02-02,Financial Services,Asset Management,-1.2655596627041126
POWI,2026-02-02,Technology,Semiconductors,-1.2656146589750126
IQ,2026-02-02,Communication Services,Entertainment,-1.2657141797547873
SPE,2026-02-02,Financial Services,Asset Management,-1.2659091904278137
STEP,2026-02-02,Financial Services,Asset Management,-1.26623838323241
HIHO,2026-02-02,Industrials,Metal Fabrication,-1.266551827298527
TY,2026-02-02,Financial Services,Asset Management,-1.2666791399855688
ALRM,2026-02-02,Technology,Software - Application,-1.266773393145625
BTCS,2026-02-02,Financial Services,Capital Markets,-1.2668355967875942
SND,2026-02-02,Energy,Oil & Gas Equipment & Services,-1.2672026380924852
BSRR,2026-02-02,Financial Services,Banks - Regional,-1.2672094725271013
INTC,2026-02-02,Technology,Semiconductors,-1.2674889735514192
CHI,2026-02-02,Financial Services,Asset Management,-1.2677254487907883
FRAF,2026-02-02,Financial Services,Banks - Regional,-1.2677569055473632
MARPS,2026-02-02,Energy,Oil & Gas Midstream,-1.2677721312473864
RMMZ,2026-02-02,Financial Services,Asset Management,-1.2679047001785033
NINE,2026-02-02,Energy,Oil & Gas Equipment & Services,-1.2679107439007218
MITN,2026-02-02,Unknown,Unknown,-1.2679677513359655
NMCO,2026-02-02,Financial Services,Asset Management,-1.2683696896460577
EIX,2026-02-02,Utilities,Utilities - Regulated Electric,-1.2685673220882734
BBUC,2026-02-02,Financial Services,Asset Management,-1.2689965493861357
JCSE,2026-02-02,Industrials,Specialty Industrial Machinery,-1.2690821976030542
FLD,2026-02-02,Financial Services,Capital Markets,-1.269082480143931
BFC,2026-02-02,Financial Services,Banks - Regional,-1.269149983574589
ACCO,2026-02-02,Industrials,Business Equipment & Supplies,-1.269243414156211
NEE,2026-02-02,Utilities,Utilities - Regulated Electric,-1.2693368691952573
NLY,2026-02-02,Real Estate,REIT - Mortgage,-1.2697058778706654
DMB,2026-02-02,Financial Services,Asset Management,-1.2697171386763724
EIM,2026-02-02,Financial Services,Asset Management,-1.269887325787128
CHAR,2026-02-02,Financial Services,Shell Companies,-1.2702604663820518
EMO,2026-02-02,Financial Services,Asset Management,-1.2702641569242121
GILT,2026-02-02,Technology,Communication Equipment,-1.270281102296718
ATEN,2026-02-02,Technology,Software - Infrastructure,-1.2704982870537727
GSK,2026-02-02,Healthcare,Drug Manufacturers - General,-1.2705819473426163
ZENV,2026-02-02,Technology,Software - Application,-1.2713042344726144
SHOP,2026-02-02,Technology,Software - Application,-1.2714095534412775
JHS,2026-02-02,Financial Services,Asset Management,-1.2717837333649125
YALA,2026-02-02,Technology,Software - Application,-1.2719278567651089
RAIN,2026-02-02,Industrials,Pollution & Treatment Controls,-1.272060435539535
JGH,2026-02-02,Financial Services,Asset Management,-1.2721843595313729
NCNO,2026-02-02,Technology,Software - Application,-1.2722549421708014
EVN,2026-02-02,Financial Services,Asset Management,-1.2722569000861395
UWMC,2026-02-02,Financial Services,Mortgage Finance,-1.2723829302156875
IIM,2026-02-02,Financial Services,Asset Management,-1.2724740916807378
RNG,2026-02-02,Technology,Software - Application,-1.272479218152161
RBB,2026-02-02,Financial Services,Banks - Regional,-1.2725330547366345
FISI,2026-02-02,Financial Services,Banks - Regional,-1.2725386559405836
SGRP,2026-02-02,Industrials,Specialty Business Services,-1.2726603715895615
IBTA,2026-02-02,Technology,Software - Application,-1.2732086043481938
SIRI,2026-02-02,Communication Services,Entertainment,-1.2732658448823142
OXLCI,2026-02-02,Unknown,Unknown,-1.2732810851740561
TTSH,2026-02-02,Consumer Cyclical,Home Improvement Retail,-1.273297226388402
BYFC,2026-02-02,Financial Services,Banks - Regional,-1.273701512595905
EOS,2026-02-02,Financial Services,Asset Management,-1.2737203238139827
STZ,2026-02-02,Consumer Defensive,Beverages - Brewers,-1.273721046175422
RFMZ,2026-02-02,Financial Services,Asset Management,-1.2739189466448435
SMCI,2026-02-02,Technology,Computer Hardware,-1.274516721374216
MT,2026-02-02,Basic Materials,Steel,-1.2746009974842452
HGBL,2026-02-02,Financial Services,Capital Markets,-1.2748361320923869
USIO,2026-02-02,Technology,Software - Infrastructure,-1.2748838531484206
SWVL,2026-02-02,Industrials,Railroads,-1.2749013478164748
NICE,2026-02-02,Technology,Software - Application,-1.2750243347490087
UPBD,2026-02-02,Technology,Software - Application,-1.275093805158417
GWAV,2026-02-02,Industrials,Waste Management,-1.275341002932153
CEPU,2026-02-02,Utilities,Utilities - Regulated Electric,-1.2754585563708103
GECCI,2026-02-02,Unknown,Unknown,-1.2754891599809233
AGNCP,2026-02-02,Real Estate,REIT - Mortgage,-1.2756098921396943
FMAO,2026-02-02,Financial Services,Banks - Regional,-1.2756111315671543
NTWOU,2026-02-02,Financial Services,Shell Companies,-1.2757740881082933
OCSL,2026-02-02,Financial Services,Asset Management,-1.2757981277586363
SCKT,2026-02-02,Technology,Computer Hardware,-1.276514920352031
FWONA,2026-02-02,Communication Services,Entertainment,-1.2766735291858613
TCBK,2026-02-02,Financial Services,Banks - Regional,-1.27696954682978
BTM,2026-02-02,Financial Services,Capital Markets,-1.2770348802368998
MIN,2026-02-02,Financial Services,Asset Management,-1.2770749335621194
POLEU,2026-02-02,Financial Services,Shell Companies,-1.2772166623987882
HTGC,2026-02-02,Financial Services,Asset Management,-1.2774002039763195
OXLCO,2026-02-02,Financial Services,Asset Management,-1.2780926969952215
FINS,2026-02-02,Financial Services,Asset Management,-1.2782595793535945
WASH,2026-02-02,Financial Services,Banks - Regional,-1.2789101499058118
MSA,2026-02-02,Industrials,Security & Protection Services,-1.2791091884075998
SAY,2026-02-02,Unknown,Unknown,-1.279303468172285
REGCO,2026-02-02,Real Estate,REIT - Retail,-1.2795955482891868
DSP,2026-02-02,Technology,Software - Application,-1.2797149445616856
HTH,2026-02-02,Financial Services,Financial Conglomerates,-1.2797228004560093
JOBY,2026-02-02,Industrials,Airports & Air Services,-1.2797317241454895
KBDC,2026-02-02,Financial Services,Asset Management,-1.2799536549681578
CPAY,2026-02-02,Technology,Software - Infrastructure,-1.2800818131982548
WHG,2026-02-02,Financial Services,Asset Management,-1.2803713355379323
SIMAU,2026-02-02,Financial Services,Shell Companies,-1.2803821903473038
CPBI,2026-02-02,Financial Services,Banks - Regional,-1.2806216639800656
GNT,2026-02-02,Financial Services,Asset Management,-1.2806333901824747
STAI,2026-02-02,Industrials,Building Products & Equipment,-1.28073385563128
API,2026-02-02,Technology,Software - Application,-1.2808936936064268
MVBF,2026-02-02,Financial Services,Banks - Regional,-1.2809592636158047
FRST,2026-02-02,Financial Services,Banks - Regional,-1.2812245714230264
BANX,2026-02-02,Financial Services,Asset Management,-1.2813050075294958
NGVC,2026-02-02,Consumer Defensive,Grocery Stores,-1.2816999714841075
CCSI,2026-02-02,Technology,Software - Infrastructure,-1.2818639803399323
LPAAU,2026-02-02,Financial Services,Shell Companies,-1.2819067186203839
MRAM,2026-02-02,Technology,Semiconductors,-1.2819549629954772
HE,2026-02-02,Utilities,Utilities - Regulated Electric,-1.2821478827771868
SVA,2026-02-02,Unknown,Unknown,-1.2822771009058727
DNUT,2026-02-02,Consumer Defensive,Grocery Stores,-1.2823032338302016
ZETA,2026-02-02,Technology,Software - Infrastructure,-1.2823710943504343
RCB,2026-02-02,Unknown,Unknown,-1.2827926225432702
TCBX,2026-02-02,Financial Services,Banks - Regional,-1.2830847340961458
GEN,2026-02-02,Technology,Software - Infrastructure,-1.283110150540742
CZFS,2026-02-02,Financial Services,Banks - Regional,-1.2832346353777786
BTA,2026-02-02,Financial Services,Asset Management,-1.2832708715064702
CAN,2026-02-02,Technology,Computer Hardware,-1.2834302487820795
MEGL,2026-02-02,Financial Services,Capital Markets,-1.2834635478712033
PNC,2026-02-02,Financial Services,Banks - Regional,-1.2835555151985174
MACI,2026-02-02,Financial Services,Shell Companies,-1.2836330487765524
TYG,2026-02-02,Financial Services,Asset Management,-1.2836417423216921
SAH,2026-02-02,Consumer Cyclical,Auto & Truck Dealerships,-1.2842051721064054
OXLCL,2026-02-02,Unknown,Unknown,-1.284281497791343
FTHY,2026-02-02,Financial Services,Asset Management,-1.2843613800464992
OAKUU,2026-02-02,Financial Services,Shell Companies,-1.2844970238848674
TDW,2026-02-02,Energy,Oil & Gas Equipment & Services,-1.2845345210817547
BAYAU,2026-02-02,Financial Services,Shell Companies,-1.2845668803511365
FOXA,2026-02-02,Communication Services,Entertainment,-1.2846406722331074
AMAL,2026-02-02,Financial Services,Banks - Regional,-1.284727496957479
NML,2026-02-02,Financial Services,Asset Management,-1.2853027519362925
HRZN,2026-02-02,Financial Services,Asset Management,-1.2853571293522879
CNC,2026-02-02,Healthcare,Healthcare Plans,-1.285486881701081
ASTL,2026-02-02,Basic Materials,Steel,-1.2855977373109064
LSAK,2026-02-02,Technology,Software - Infrastructure,-1.2862235563272135
INBK,2026-02-02,Financial Services,Banks - Regional,-1.2862493678869562
NMFCZ,2026-02-02,Unknown,Unknown,-1.286351280473141
LNKB,2026-02-02,Financial Services,Banks - Regional,-1.286486632197177
PNFP,2026-02-02,Financial Services,Banks - Regional,-1.286527816756145
AMX,2026-02-02,Communication Services,Telecom Services,-1.2869142048306876
KEY,2026-02-02,Financial Services,Banks - Regional,-1.2872415918131153
APPN,2026-02-02,Technology,Software - Infrastructure,-1.28736461288453
AFBI,2026-02-02,Financial Services,Banks - Regional,-1.2873940703445388
SNTG,2026-02-02,Financial Services,Credit Services,-1.2874064940442356
EVV,2026-02-02,Financial Services,Asset Management,-1.2874472232703604
VRSN,2026-02-02,Technology,Software - Infrastructure,-1.287484893390874
UTG,2026-02-02,Financial Services,Asset Management,-1.2875608630373578
AVNW,2026-02-02,Technology,Communication Equipment,-1.2876521269964503
ONTF,2026-02-02,Technology,Software - Application,-1.2878732491771359
OPRT,2026-02-02,Financial Services,Credit Services,-1.2879344099702
UHS,2026-02-02,Healthcare,Medical Care Facilities,-1.2881623761101002
CRSR,2026-02-02,Technology,Computer Hardware,-1.2881716238816407
FLG,2026-02-02,Financial Services,Banks - Regional,-1.2882230554353373
PNW,2026-02-02,Utilities,Utilities - Regulated Electric,-1.2882689931025375
EFR,2026-02-02,Financial Services,Asset Management,-1.2883607060846625
FICO,2026-02-02,Technology,Software - Application,-1.2887274009243566
PFLT,2026-02-02,Financial Services,Asset Management,-1.2898330588507205
GHG,2026-02-02,Consumer Cyclical,Lodging,-1.290144228381423
MEGI,2026-02-02,Financial Services,Asset Management,-1.2902361673447085
MYI,2026-02-02,Financial Services,Asset Management,-1.29034588621627
PFN,2026-02-02,Financial Services,Asset Management,-1.2903529909774951
FCNCO,2026-02-02,Financial Services,Banks - Regional,-1.2905589690609836
FCRX,2026-02-02,Unknown,Unknown,-1.290658663308729
SCCD,2026-02-02,Unknown,Unknown,-1.2907768321619957
IMAX,2026-02-02,Communication Services,Entertainment,-1.2908783750466268
JFR,2026-02-02,Financial Services,Asset Management,-1.2908810867510272
RMBS,2026-02-02,Technology,Semiconductors,-1.290897358022787
POLE,2026-02-02,Financial Services,Shell Companies,-1.2909010074913476
FFIC,2026-02-02,Financial Services,Banks - Regional,-1.2909649026676102
BLKB,2026-02-02,Technology,Software - Application,-1.2910848835216826
VSAT,2026-02-02,Technology,Communication Equipment,-1.2911468768816439
BIDU,2026-02-02,Communication Services,Internet Content & Information,-1.2911629178760182
NYT,2026-02-02,Communication Services,Publishing,-1.2912575260514272
ALAR,2026-02-02,Technology,Software - Infrastructure,-1.291454381641468
CWBC,2026-02-02,Financial Services,Banks - Regional,-1.291548892488124
EARN,2026-02-02,Financial Services,Asset Management,-1.2916366601235647
PMO,2026-02-02,Financial Services,Asset Management,-1.2916652573656402
DX,2026-02-02,Real Estate,REIT - Mortgage,-1.2917156049769543
ARM,2026-02-02,Technology,Semiconductors,-1.2918530665175887
AGNCL,2026-02-02,Real Estate,REIT - Mortgage,-1.2920910218404553
NRIM,2026-02-02,Financial Services,Banks - Regional,-1.2921655080573382
MAPS,2026-02-02,Technology,Software - Application,-1.292253740325373
RANG,2026-02-02,Financial Services,Shell Companies,-1.2923051883889365
RILYN,2026-02-02,Unknown,Unknown,-1.2923387056024471
CSCO,2026-02-02,Technology,Communication Equipment,-1.2925366946898764
WAFDP,2026-02-02,Financial Services,Banks - Regional,-1.2932080519808014
MED,2026-02-02,Consumer Cyclical,Personal Services,-1.2932191440713232
BAR,2026-02-02,Unknown,Unknown,-1.293328797524131
CEV,2026-02-02,Financial Services,Asset Management,-1.2933602384963458
DKNG,2026-02-02,Consumer Cyclical,Gambling,-1.2934282261102628
FDS,2026-02-02,Financial Services,Financial Data & Stock Exchanges,-1.2941336763747286
HPS,2026-02-02,Financial Services,Asset Management,-1.2946778582863874
TPG,2026-02-02,Financial Services,Asset Management,-1.2950171032197104
RSSS,2026-02-02,Technology,Software - Application,-1.2950448117788897
MHN,2026-02-02,Financial Services,Asset Management,-1.2950857182523372
BOX,2026-02-02,Technology,Software - Infrastructure,-1.295353635387903
HD,2026-02-02,Consumer Cyclical,Home Improvement Retail,-1.295516247321433
YMM,2026-02-02,Technology,Software - Application,-1.2957570070928035
DHY,2026-02-02,Financial Services,Asset Management,-1.2960674197549
ELWS,2026-02-02,Technology,Software - Application,-1.2963920039262637
IOR,2026-02-02,Financial Services,Mortgage Finance,-1.296546103604527
CCD,2026-02-02,Financial Services,Asset Management,-1.2965818943274876
BL,2026-02-02,Technology,Software - Application,-1.2968305778481004
STBA,2026-02-02,Financial Services,Banks - Regional,-1.2972223539903642
BTO,2026-02-02,Financial Services,Asset Management,-1.2974141774299326
CARG,2026-02-02,Consumer Cyclical,Auto & Truck Dealerships,-1.2976465997819846
AMPX,2026-02-02,Industrials,Electrical Equipment & Parts,-1.2978153576368705
OVBC,2026-02-02,Financial Services,Banks - Regional,-1.2978578596374557
QMCO,2026-02-02,Technology,Computer Hardware,-1.2978833274182355
BURU,2026-02-02,Industrials,Specialty Industrial Machinery,-1.2980132437621994
HSIC,2026-02-02,Healthcare,Medical Distribution,-1.298097028090023
SEM,2026-02-02,Healthcare,Medical Care Facilities,-1.2982109432640354
FCCO,2026-02-02,Financial Services,Banks - Regional,-1.2983137835933474
NFBK,2026-02-02,Financial Services,Banks - Regional,-1.2986678117445247
SNCR,2026-02-02,Technology,Software - Infrastructure,-1.2986969842198637
SAM,2026-02-02,Consumer Defensive,Beverages - Brewers,-1.2989405717181792
NBXG,2026-02-02,Financial Services,Asset Management,-1.2990290056562859
TFC,2026-02-02,Financial Services,Banks - Regional,-1.2991980227130038
NOEM,2026-02-02,Financial Services,Shell Companies,-1.2994601085686774
BEAG,2026-02-02,Financial Services,Shell Companies,-1.2995362375882755
WIA,2026-02-02,Financial Services,Asset Management,-1.2996320424207015
BLNE,2026-02-02,Financial Services,Mortgage Finance,-1.2996489995840184
CAT,2026-02-02,Industrials,Farm & Heavy Construction Machinery,-1.2996560078691726
LINC,2026-02-02,Consumer Defensive,Education & Training Services,-1.2996784428448067
NPV,2026-02-02,Financial Services,Asset Management,-1.2996877477045081
HBANP,2026-02-02,Financial Services,Banks - Regional,-1.2997423498086444
GHI,2026-02-02,Financial Services,Mortgage Finance,-1.2997856638752496
TOON,2026-02-02,Communication Services,Entertainment,-1.2998372887134886
ASG,2026-02-02,Financial Services,Asset Management,-1.299986744965571
AVBH,2026-02-02,Financial Services,Banks - Regional,-1.3000812239302193
BNY,2026-02-02,Financial Services,Asset Management,-1.300125431445697
CNI,2026-02-02,Industrials,Railroads,-1.3010517226167093
MCW,2026-02-02,Consumer Cyclical,Auto & Truck Dealerships,-1.3010755580430093
HVT,2026-02-02,Consumer Cyclical,Home Improvement Retail,-1.3013805788278145
ED,2026-02-02,Utilities,Utilities - Regulated Electric,-1.3016048889095115
FGBIP,2026-02-02,Financial Services,Banks - Regional,-1.301635852875473
SIEB,2026-02-02,Financial Services,Capital Markets,-1.3016791536622128
DTST,2026-02-02,Technology,Information Technology Services,-1.301777277052846
AUR,2026-02-02,Technology,Information Technology Services,-1.302031801778902
GAINI,2026-02-02,Unknown,Unknown,-1.3020452681121435
PCN,2026-02-02,Financial Services,Asset Management,-1.302633549775995
RMCO,2026-02-02,Financial Services,Asset Management,-1.3030198158718722
BXMT,2026-02-02,Real Estate,REIT - Mortgage,-1.3031577733476298
RF,2026-02-02,Financial Services,Banks - Regional,-1.3032093646180691
APO,2026-02-02,Financial Services,Asset Management,-1.3034257866640964
AIP,2026-02-02,Technology,Semiconductors,-1.3038365184899865
FOF,2026-02-02,Financial Services,Asset Management,-1.303851694440414
MTB,2026-02-02,Financial Services,Banks - Regional,-1.3040969089620846
NTNX,2026-02-02,Technology,Software - Infrastructure,-1.3042111906356213
EBC,2026-02-02,Financial Services,Banks - Regional,-1.3042395723473994
SPCB,2026-02-02,Industrials,Security & Protection Services,-1.3044323319032185
GAINZ,2026-02-02,Unknown,Unknown,-1.3044602388305386
SVM,2026-02-02,Basic Materials,Silver,-1.304658081669819
FCAP,2026-02-02,Financial Services,Banks - Regional,-1.3049523591793026
AG,2026-02-02,Basic Materials,Silver,-1.3049680216298842
RJF,2026-02-02,Financial Services,Asset Management,-1.3049708703877891
CBNA,2026-02-02,Financial Services,Banks - Regional,-1.3050869616183836
BKHA,2026-02-02,Financial Services,Shell Companies,-1.3051320350934965
TRIN,2026-02-02,Financial Services,Asset Management,-1.3051352739926319
ABCB,2026-02-02,Financial Services,Banks - Regional,-1.3051364729966104
BFAM,2026-02-02,Consumer Cyclical,Personal Services,-1.305437513490542
FRHC,2026-02-02,Financial Services,Financial Conglomerates,-1.305453798361165
PSO,2026-02-02,Communication Services,Publishing,-1.3054658749545305
NOA,2026-02-02,Energy,Oil & Gas Equipment & Services,-1.3054819940184235
WSBF,2026-02-02,Financial Services,Banks - Regional,-1.3055798448143807
SPKLU,2026-02-02,Financial Services,Shell Companies,-1.3060074500337147
MITT,2026-02-02,Real Estate,REIT - Mortgage,-1.3065568216854266
TJX,2026-02-02,Consumer Cyclical,Apparel Retail,-1.3066080667932718
LYFT,2026-02-02,Technology,Software - Application,-1.3067913711873411
DRVN,2026-02-02,Consumer Cyclical,Auto & Truck Dealerships,-1.306969863268967
WILC,2026-02-02,Consumer Defensive,Food Distribution,-1.3072019593841
WTBA,2026-02-02,Financial Services,Banks - Regional,-1.3073441057900534
RSVR,2026-02-02,Communication Services,Entertainment,-1.3075683822369235
BSBK,2026-02-02,Financial Services,Banks - Regional,-1.307587450350674
ABTS,2026-02-02,Financial Services,Capital Markets,-1.307696373048139
GRND,2026-02-02,Technology,Software - Application,-1.308764628841342
NRO,2026-02-02,Financial Services,Asset Management,-1.308943388534487
PATH,2026-02-02,Technology,Software - Infrastructure,-1.3091977535974642
ICG,2026-02-02,Technology,Semiconductors,-1.3094515410167638
FTNT,2026-02-02,Technology,Software - Infrastructure,-1.3095653953104736
CLBT,2026-02-02,Technology,Software - Infrastructure,-1.3096794462815364
CAPN,2026-02-02,Financial Services,Shell Companies,-1.3097449175907216
CGBD,2026-02-02,Financial Services,Asset Management,-1.3097688309414062
IBCP,2026-02-02,Financial Services,Banks - Regional,-1.3097773209668155
DCOMP,2026-02-02,Financial Services,Banks - Regional,-1.3098567305694093
ARR,2026-02-02,Real Estate,REIT - Mortgage,-1.3099592715100954
RVSN,2026-02-02,Industrials,Railroads,-1.3102551734553798
BCO,2026-02-02,Industrials,Security & Protection Services,-1.3102683856222446
HURN,2026-02-02,Industrials,Consulting Services,-1.3102836047030888
DAO,2026-02-02,Consumer Defensive,Education & Training Services,-1.3104382079094297
CRI,2026-02-02,Consumer Cyclical,Apparel Retail,-1.3105133215202676
MFM,2026-02-02,Financial Services,Asset Management,-1.3107644029925287
DIBS,2026-02-02,Consumer Cyclical,Internet Retail,-1.310937602880571
SFST,2026-02-02,Financial Services,Banks - Regional,-1.3109404063258177
CAC,2026-02-02,Financial Services,Banks - Regional,-1.3113391740957319
PMTU,2026-02-02,Unknown,Unknown,-1.311782259706696
GFS,2026-02-02,Technology,Semiconductors,-1.3117940719790362
WSFS,2026-02-02,Financial Services,Banks - Regional,-1.3119559463934856
SPCE,2026-02-02,Industrials,Aerospace & Defense,-1.3120514055625605
ELTK,2026-02-02,Technology,Electronic Components,-1.3122331011894948
BULLW,2026-02-02,Technology,Software - Application,-1.312328120408042
MBC,2026-02-02,Consumer Cyclical,"Furnishings, Fixtures & Appliances",-1.3125488128986524
GABC,2026-02-02,Financial Services,Banks - Regional,-1.3126553559146081
PIM,2026-02-02,Financial Services,Asset Management,-1.3127351527699034
FBIZ,2026-02-02,Financial Services,Banks - Regional,-1.3131062475010167
MPV,2026-02-02,Financial Services,Asset Management,-1.3132312549409715
ECCC,2026-02-02,Financial Services,Asset Management,-1.3137863901164757
CMTL,2026-02-02,Technology,Communication Equipment,-1.3138626031762215
ADEA,2026-02-02,Technology,Software - Application,-1.3139290183722938
FBK,2026-02-02,Financial Services,Banks - Regional,-1.3145306327029347
CALX,2026-02-02,Technology,Software - Infrastructure,-1.3145968588790884
ETY,2026-02-02,Financial Services,Asset Management,-1.3146127345093295
RLTY,2026-02-02,Financial Services,Asset Management,-1.314775447503461
AX,2026-02-02,Financial Services,Banks - Regional,-1.3148366478897222
BY,2026-02-02,Financial Services,Banks - Regional,-1.314867924589401
MCK,2026-02-02,Healthcare,Medical Distribution,-1.3149840215433148
FOX,2026-02-02,Communication Services,Entertainment,-1.315032389460246
LYV,2026-02-02,Communication Services,Entertainment,-1.3153634778773065
OZ,2026-02-02,Real Estate,Real Estate - Development,-1.315453129209901
IROQ,2026-02-02,Financial Services,Banks - Regional,-1.3156373038042037
TCBIO,2026-02-02,Financial Services,Banks - Regional,-1.3158264284084409
LEG,2026-02-02,Consumer Cyclical,"Furnishings, Fixtures & Appliances",-1.3158916096429596
DECK,2026-02-02,Consumer Cyclical,Footwear & Accessories,-1.3158964812902925
CISS,2026-02-02,Industrials,Marine Shipping,-1.3159221441924056
EVLV,2026-02-02,Industrials,Security & Protection Services,-1.3159433310325515
BSVN,2026-02-02,Financial Services,Banks - Regional,-1.3160150153410366
LAD,2026-02-02,Consumer Cyclical,Auto & Truck Dealerships,-1.316034663265533
HTZ,2026-02-02,Industrials,Rental & Leasing Services,-1.3163425267453874
GGN,2026-02-02,Financial Services,Asset Management,-1.316382493064049
SSYS,2026-02-02,Technology,Computer Hardware,-1.3164387453319049
CURV,2026-02-02,Consumer Cyclical,Apparel Retail,-1.3165945829305146
LKFN,2026-02-02,Financial Services,Banks - Regional,-1.3168439149529283
CCNE,2026-02-02,Financial Services,Banks - Regional,-1.3169227345855037
SRV,2026-02-02,Financial Services,Asset Management,-1.3169386437903599
HIT,2026-02-02,Technology,Software - Application,-1.3169842303307735
BCIC,2026-02-02,Financial Services,Asset Management,-1.3171975938243063
TLK,2026-02-02,Communication Services,Telecom Services,-1.3172816192597894
IOT,2026-02-02,Technology,Software - Infrastructure,-1.3172842207250275
RGS,2026-02-02,Consumer Cyclical,Personal Services,-1.3173696739310068
QCRH,2026-02-02,Financial Services,Banks - Regional,-1.3177657305209896
EBF,2026-02-02,Industrials,Business Equipment & Supplies,-1.3178114808173476
EVG,2026-02-02,Financial Services,Asset Management,-1.3178322527863797
CCU,2026-02-02,Consumer Defensive,Beverages - Brewers,-1.3178753769929528
NEXA,2026-02-02,Basic Materials,Other Industrial Metals & Mining,-1.3180557694984547
CFFN,2026-02-02,Financial Services,Banks - Regional,-1.3180695042440478
CG,2026-02-02,Financial Services,Asset Management,-1.3185098620706484
PAYC,2026-02-02,Technology,Software - Application,-1.318605589655492
GSAT,2026-02-02,Communication Services,Telecom Services,-1.3186881090365496
CIMO,2026-02-02,Unknown,Unknown,-1.318819113205892
BIRK,2026-02-02,Consumer Cyclical,Footwear & Accessories,-1.3190826575722596
PNFPP,2026-02-02,Financial Services,Banks - Regional,-1.3192108706769619
BWAY,2026-02-02,Healthcare,Medical Devices,-1.3192479088375848
OZKAP,2026-02-02,Financial Services,Banks - Regional,-1.3192595872104609
SLRC,2026-02-02,Financial Services,Asset Management,-1.3193345642673826
VRSK,2026-02-02,Industrials,Consulting Services,-1.319410042541099
BTOG,2026-02-02,Financial Services,Financial Data & Stock Exchanges,-1.319522478351243
RCG,2026-02-02,Financial Services,Asset Management,-1.3200200741023824
DCBO,2026-02-02,Technology,Software - Application,-1.3200611695048219
QRVO,2026-02-02,Technology,Semiconductors,-1.3201407063188164
AVGO,2026-02-02,Technology,Semiconductors,-1.320311553714978
PANW,2026-02-02,Technology,Software - Infrastructure,-1.3205768721013948
STEL,2026-02-02,Financial Services,Banks - Regional,-1.3206268541584316
OXSQ,2026-02-02,Financial Services,Asset Management,-1.3208918919862702
ILAG,2026-02-02,Industrials,Building Products & Equipment,-1.3210541707910444
SUNS,2026-02-02,Real Estate,REIT - Mortgage,-1.3210716306181385
PEBO,2026-02-02,Financial Services,Banks - Regional,-1.3211028479690343
VRT,2026-02-02,Industrials,Electrical Equipment & Parts,-1.3212649164975132
DOMO,2026-02-02,Technology,Software - Application,-1.321310655175659
HIW,2026-02-02,Real Estate,REIT - Office,-1.3215687080263243
DUOL,2026-02-02,Technology,Software - Application,-1.3220531608294699
TFSL,2026-02-02,Financial Services,Banks - Regional,-1.3221962562441294
PML,2026-02-02,Financial Services,Asset Management,-1.3222598509022145
INDV,2026-02-02,Healthcare,Drug Manufacturers - Specialty & Generic,-1.322288332123894
ZIP,2026-02-02,Communication Services,Internet Content & Information,-1.322496166478343
BANC,2026-02-02,Financial Services,Banks - Regional,-1.3225599311934122
DSU,2026-02-02,Financial Services,Asset Management,-1.3225858939105872
SBCF,2026-02-02,Financial Services,Banks - Regional,-1.3226002416106368
CSX,2026-02-02,Industrials,Railroads,-1.3227367939948171
LQDT,2026-02-02,Consumer Cyclical,Internet Retail,-1.3232585896489681
TXN,2026-02-02,Technology,Semiconductors,-1.3234254296375507
DCOM,2026-02-02,Financial Services,Banks - Regional,-1.32346354524854
MFAO,2026-02-02,Unknown,Unknown,-1.323586602737659
TROW,2026-02-02,Financial Services,Asset Management,-1.3236701001973217
MCHP,2026-02-02,Technology,Semiconductors,-1.324612473520337
KLXE,2026-02-02,Energy,Oil & Gas Equipment & Services,-1.3250688521579823
VEEA,2026-02-02,Technology,Information Technology Services,-1.3250999663440486
ADAML,2026-02-02,Real Estate,REIT - Mortgage,-1.3251567430158457
REGCP,2026-02-02,Real Estate,REIT - Retail,-1.3251897365888277
JNJ,2026-02-02,Healthcare,Drug Manufacturers - General,-1.3252132620542458
KTN,2026-02-02,Unknown,Unknown,-1.3252774558677733
NET,2026-02-02,Technology,Software - Infrastructure,-1.3253838786710535
VVV,2026-02-02,Consumer Cyclical,Auto & Truck Dealerships,-1.3254075686087858
ALLT,2026-02-02,Technology,Software - Infrastructure,-1.325525930130668
PAI,2026-02-02,Financial Services,Asset Management,-1.3255547682125006
BHV,2026-02-02,Financial Services,Asset Management,-1.325799406806461
RCKY,2026-02-02,Consumer Cyclical,Footwear & Accessories,-1.325980088610182
SABA,2026-02-02,Financial Services,Asset Management,-1.3261779691411528
JHG,2026-02-02,Financial Services,Asset Management,-1.326222560295083
ELVA,2026-02-02,Industrials,Electrical Equipment & Parts,-1.3262581808943017
EA,2026-02-02,Communication Services,Electronic Gaming & Multimedia,-1.326326459951491
TECTP,2026-02-02,Financial Services,Banks - Regional,-1.3263596074913377
BOKF,2026-02-02,Financial Services,Banks - Regional,-1.3267828860604998
ZJK,2026-02-02,Industrials,Specialty Industrial Machinery,-1.326795555293971
CIVB,2026-02-02,Financial Services,Banks - Regional,-1.3269598291146731
WHLRD,2026-02-02,Real Estate,REIT - Retail,-1.3269945809587038
BBT,2026-02-02,Financial Services,Banks - Regional,-1.3271476772041455
LIDRW,2026-02-02,Technology,Software - Infrastructure,-1.3273500571032333
FIEE,2026-02-02,Technology,Communication Equipment,-1.3274303151076214
WAL,2026-02-02,Financial Services,Banks - Regional,-1.3276468928860607
BRO,2026-02-02,Financial Services,Insurance Brokers,-1.3278569548419252
CP,2026-02-02,Industrials,Railroads,-1.3279302386692364
EDAP,2026-02-02,Healthcare,Medical Distribution,-1.3279587995620294
MCS,2026-02-02,Communication Services,Entertainment,-1.3280359633802397
BAYA,2026-02-02,Financial Services,Shell Companies,-1.3280757025339227
ERIE,2026-02-02,Financial Services,Insurance Brokers,-1.328097410073205
NFLX,2026-02-02,Communication Services,Entertainment,-1.3282796103795378
AIRI,2026-02-02,Industrials,Aerospace & Defense,-1.3284278681554549
HPQ,2026-02-02,Technology,Computer Hardware,-1.3284771558407589
SYNA,2026-02-02,Technology,Semiconductors,-1.328523984250743
NPKI,2026-02-02,Energy,Oil & Gas Equipment & Services,-1.3285267975921844
GRAB,2026-02-02,Technology,Software - Application,-1.3285404439736603
FMBH,2026-02-02,Financial Services,Banks - Regional,-1.3286068416526604
TCBI,2026-02-02,Financial Services,Banks - Regional,-1.3287940451361857
NTZ,2026-02-02,Consumer Cyclical,"Furnishings, Fixtures & Appliances",-1.3290642233509364
TSI,2026-02-02,Financial Services,Asset Management,-1.3292999510068182
CTM,2026-02-02,Technology,Information Technology Services,-1.3293080878362609
IZEA,2026-02-02,Communication Services,Internet Content & Information,-1.3293373939239304
MYFW,2026-02-02,Financial Services,Banks - Regional,-1.329363974915913
FCNCP,2026-02-02,Financial Services,Banks - Regional,-1.3294061751243862
ZM,2026-02-02,Technology,Software - Application,-1.3295663133570554
NEWTG,2026-02-02,Unknown,Unknown,-1.3298115456763044
KMX,2026-02-02,Consumer Cyclical,Auto & Truck Dealerships,-1.329871694271219
DRDBU,2026-02-02,Financial Services,Shell Companies,-1.3300464921088158
LGCY,2026-02-02,Consumer Defensive,Education & Training Services,-1.3302867869091126
THFF,2026-02-02,Financial Services,Banks - Regional,-1.3303411525945907
TBBK,2026-02-02,Financial Services,Banks - Regional,-1.3304489630509153
ETX,2026-02-02,Financial Services,Asset Management,-1.3307378670325758
BOOT,2026-02-02,Consumer Cyclical,Apparel Retail,-1.3307995888609414
AMTB,2026-02-02,Financial Services,Banks - Regional,-1.3308914449919012
SYY,2026-02-02,Consumer Defensive,Food Distribution,-1.3309059762552893
SSTK,2026-02-02,Communication Services,Internet Content & Information,-1.3313183698034243
NIC,2026-02-02,Financial Services,Banks - Regional,-1.3313436747863898
VVR,2026-02-02,Financial Services,Asset Management,-1.3313491667330362
HTBK,2026-02-02,Financial Services,Banks - Regional,-1.3314832373421448
NXPL,2026-02-02,Technology,Software - Application,-1.3315284495453874
FFWM,2026-02-02,Financial Services,Banks - Regional,-1.3315556928642678
DXF,2026-02-02,Financial Services,Credit Services,-1.3317228790615643
BHFAL,2026-02-02,Unknown,Unknown,-1.3319542851778747
ANGI,2026-02-02,Communication Services,Internet Content & Information,-1.3319991294065163
CBU,2026-02-02,Financial Services,Banks - Regional,-1.3320194405917873
CHMG,2026-02-02,Financial Services,Banks - Regional,-1.3322059564457434
MGF,2026-02-02,Financial Services,Asset Management,-1.3322172378444728
TPB,2026-02-02,Consumer Defensive,Tobacco,-1.3322963410548951
ACIW,2026-02-02,Technology,Software - Infrastructure,-1.3323802004592022
MUA,2026-02-02,Financial Services,Asset Management,-1.3324075523143426
EVF,2026-02-02,Financial Services,Asset Management,-1.3330952117940866
AXON,2026-02-02,Industrials,Aerospace & Defense,-1.333124115020671
ZONE,2026-02-02,Industrials,Pollution & Treatment Controls,-1.3331695572177396
HOLO,2026-02-02,Technology,Electronic Components,-1.3331752979593805
VLY,2026-02-02,Financial Services,Banks - Regional,-1.3332999632935354
CYBR,2026-02-02,Technology,Software - Infrastructure,-1.333980244593813
KRNY,2026-02-02,Financial Services,Banks - Regional,-1.3340227439723058
RELI,2026-02-02,Financial Services,Insurance Brokers,-1.3341511237262396
SAT,2026-02-02,Unknown,Unknown,-1.3341710342072735
FHB,2026-02-02,Financial Services,Banks - Regional,-1.3342470635134043
AMBA,2026-02-02,Technology,Semiconductor Equipment & Materials,-1.3342674136231303
NTRSO,2026-02-02,Financial Services,Asset Management,-1.3343662014159288
PLMK,2026-02-02,Financial Services,Shell Companies,-1.3346033989991257
SID,2026-02-02,Basic Materials,Steel,-1.3346184439735493
SUPX,2026-02-02,Technology,Software - Infrastructure,-1.3346541318059701
AGNCO,2026-02-02,Real Estate,REIT - Mortgage,-1.3347112596206556
GRABW,2026-02-02,Technology,Software - Application,-1.3347273671218858
DGP,2026-02-02,Unknown,Unknown,-1.3350754015310338
NSSC,2026-02-02,Industrials,Security & Protection Services,-1.3350998134273129
DJCO,2026-02-02,Technology,Software - Application,-1.3353912231011194
ARCC,2026-02-02,Financial Services,Asset Management,-1.335464062179118
BTDR,2026-02-02,Technology,Software - Application,-1.3356155572629338
FTDR,2026-02-02,Consumer Cyclical,Personal Services,-1.3357334137771182
SKYH,2026-02-02,Real Estate,Real Estate - Development,-1.3358397323707834
CUBI,2026-02-02,Financial Services,Banks - Regional,-1.3358668123964346
MTEK,2026-02-02,Technology,Electronic Components,-1.3363868679295314
MFAN,2026-02-02,Unknown,Unknown,-1.3365726615735032
CRNC,2026-02-02,Technology,Software - Application,-1.3370799024525455
NTRS,2026-02-02,Financial Services,Asset Management,-1.3373301587023587
SGRY,2026-02-02,Healthcare,Medical Care Facilities,-1.3377536365779907
FNB,2026-02-02,Financial Services,Banks - Regional,-1.3377709842694543
ETD,2026-02-02,Consumer Cyclical,"Furnishings, Fixtures & Appliances",-1.3377820809063525
RILYP,2026-02-02,Financial Services,Financial Conglomerates,-1.3380207913156692
BN,2026-02-02,Financial Services,Asset Management,-1.3381720848278316
ANDE,2026-02-02,Consumer Defensive,Food Distribution,-1.3383605257877824
PEGA,2026-02-02,Technology,Software - Application,-1.33838096763767
EFSI,2026-02-02,Financial Services,Banks - Regional,-1.3383859396704552
FCNCA,2026-02-02,Financial Services,Banks - Regional,-1.3384041828450026
NUE,2026-02-02,Basic Materials,Steel,-1.3385207595092126
AISP,2026-02-02,Technology,Software - Infrastructure,-1.3385772309538921
PX,2026-02-02,Financial Services,Asset Management,-1.3386654228173056
BGX,2026-02-02,Financial Services,Asset Management,-1.338708638220624
EDUC,2026-02-02,Communication Services,Publishing,-1.33878958732275
XYZ,2026-02-02,Technology,Software - Infrastructure,-1.3388248325246417
DDD,2026-02-02,Technology,Computer Hardware,-1.3388702121266334
FBNC,2026-02-02,Financial Services,Banks - Regional,-1.3390264861009904
SHBI,2026-02-02,Financial Services,Banks - Regional,-1.3391192499987248
NMFC,2026-02-02,Financial Services,Asset Management,-1.3391595637133253
RCI,2026-02-02,Communication Services,Telecom Services,-1.3391855519841054
AMP,2026-02-02,Financial Services,Asset Management,-1.3392301082481812
TLS,2026-02-02,Technology,Software - Infrastructure,-1.3396143560854776
EFOI,2026-02-02,Consumer Cyclical,"Furnishings, Fixtures & Appliances",-1.3398770658523165
KIO,2026-02-02,Financial Services,Asset Management,-1.3400750198948985
EGBN,2026-02-02,Financial Services,Banks - Regional,-1.340144751869808
BATRA,2026-02-02,Communication Services,Entertainment,-1.340329889750689
FRA,2026-02-02,Financial Services,Asset Management,-1.340540983337587
ZIONP,2026-02-02,Financial Services,Banks - Regional,-1.340815910886627
UBSI,2026-02-02,Financial Services,Banks - Regional,-1.3410369630427772
DK,2026-02-02,Energy,Oil & Gas Refining & Marketing,-1.341211695192797
HWC,2026-02-02,Financial Services,Banks - Regional,-1.341270001745413
NXP,2026-02-02,Financial Services,Asset Management,-1.3413869102109377
BGR,2026-02-02,Financial Services,Asset Management,-1.3417011125348883
REFR,2026-02-02,Technology,Electronic Components,-1.3417904404295145
BCSF,2026-02-02,Financial Services,Asset Management,-1.3419287683958387
TPVG,2026-02-02,Financial Services,Asset Management,-1.3424007834499043
HDB,2026-02-02,Financial Services,Banks - Regional,-1.342406547523661
BLK,2026-02-02,Financial Services,Asset Management,-1.3424988857477518
RDVT,2026-02-02,Technology,Software - Application,-1.3426425419115913
PMM,2026-02-02,Financial Services,Asset Management,-1.3426681410508237
PUBM,2026-02-02,Technology,Software - Application,-1.3427691493110387
FXNC,2026-02-02,Financial Services,Banks - Regional,-1.3428706095332144
ICMB,2026-02-02,Financial Services,Asset Management,-1.3430162036111322
ONDS,2026-02-02,Technology,Communication Equipment,-1.3430215005224893
CFLT,2026-02-02,Technology,Software - Infrastructure,-1.343080229525103
DDT,2026-02-02,Unknown,Unknown,-1.3433407491712273
DDS,2026-02-02,Consumer Cyclical,Department Stores,-1.3434521072692387
UNP,2026-02-02,Industrials,Railroads,-1.3434980391550326
VLYPN,2026-02-02,Financial Services,Banks - Regional,-1.3439605769916934
HTB,2026-02-02,Financial Services,Banks - Regional,-1.3442550936292164
AEE,2026-02-02,Utilities,Utilities - Regulated Electric,-1.3442839527354475
NXPI,2026-02-02,Technology,Semiconductors,-1.344649755344387
FTI,2026-02-02,Energy,Oil & Gas Equipment & Services,-1.3446504348618866
SKYQ,2026-02-02,Energy,Oil & Gas Integrated,-1.3448213004625988
BIT,2026-02-02,Financial Services,Asset Management,-1.3450588302437112
ZTR,2026-02-02,Unknown,Unknown,-1.3454654722462553
BXP,2026-02-02,Real Estate,REIT - Office,-1.3457177940151555
JHI,2026-02-02,Financial Services,Asset Management,-1.345865681675858
PFS,2026-02-02,Financial Services,Banks - Regional,-1.3458927813268557
FND,2026-02-02,Consumer Cyclical,Home Improvement Retail,-1.3459534021218706
TOP,2026-02-02,Financial Services,Capital Markets,-1.346056032727244
GCBC,2026-02-02,Financial Services,Banks - Regional,-1.3460674056697186
HAL,2026-02-02,Energy,Oil & Gas Equipment & Services,-1.3461725211579276
INSG,2026-02-02,Technology,Communication Equipment,-1.3462981207664058
CNF,2026-02-02,Financial Services,Mortgage Finance,-1.3463031165157266
NKX,2026-02-02,Financial Services,Asset Management,-1.3463965091413772
BKU,2026-02-02,Financial Services,Banks - Regional,-1.3466541578976772
BACQU,2026-02-02,Financial Services,Shell Companies,-1.3468350413099859
YHNAU,2026-02-02,Financial Services,Shell Companies,-1.3469603032194823
MGYR,2026-02-02,Financial Services,Banks - Regional,-1.3470275558030256
ROL,2026-02-02,Consumer Cyclical,Personal Services,-1.3470627260260426
AUST,2026-02-02,Basic Materials,Gold,-1.3472757480851985
MG,2026-02-02,Industrials,Security & Protection Services,-1.3472807152693458
SMBK,2026-02-02,Financial Services,Banks - Regional,-1.3472969506500438
HVIIU,2026-02-02,Financial Services,Shell Companies,-1.3473530290960982
KC,2026-02-02,Technology,Software - Application,-1.3473820515461112
RBKB,2026-02-02,Financial Services,Banks - Regional,-1.3476666684863507
BEAGU,2026-02-02,Financial Services,Shell Companies,-1.3477675350156844
UTI,2026-02-02,Consumer Defensive,Education & Training Services,-1.3482350416129103
DBI,2026-02-02,Consumer Cyclical,Footwear & Accessories,-1.348482699734943
WTTR,2026-02-02,Energy,Oil & Gas Equipment & Services,-1.348483248567152
EFT,2026-02-02,Financial Services,Asset Management,-1.348706227404764
ALKT,2026-02-02,Technology,Software - Application,-1.3489778820483689
GRNQ,2026-02-02,Industrials,Consulting Services,-1.3490001306103654
TTI,2026-02-02,Industrials,Conglomerates,-1.3490914274821904
CBSH,2026-02-02,Financial Services,Banks - Regional,-1.3491784458778386
CFG,2026-02-02,Financial Services,Banks - Regional,-1.3493001963288602
LTRX,2026-02-02,Technology,Communication Equipment,-1.3493493963395464
RDACU,2026-02-02,Financial Services,Shell Companies,-1.3494041913657795
AGNC,2026-02-02,Real Estate,REIT - Mortgage,-1.3494728603552273
ZBAO,2026-02-02,Financial Services,Insurance Brokers,-1.3495648775613345
USFD,2026-02-02,Consumer Defensive,Food Distribution,-1.3495666359804472
EFC,2026-02-02,Real Estate,REIT - Mortgage,-1.349945675637693
HBT,2026-02-02,Financial Services,Banks - Regional,-1.3500843705802457
AIXI,2026-02-02,Technology,Software - Application,-1.3501981586027425
FULTP,2026-02-02,Financial Services,Banks - Regional,-1.3502162853747028
STLD,2026-02-02,Basic Materials,Steel,-1.3502786485531821
BLBX,2026-02-02,Technology,Software - Application,-1.3503698295030324
FITB,2026-02-02,Financial Services,Banks - Regional,-1.3509002769533907
BKT,2026-02-02,Financial Services,Asset Management,-1.3510158766971974
TMP,2026-02-02,Financial Services,Banks - Regional,-1.3510867583818484
CCNEP,2026-02-02,Financial Services,Banks - Regional,-1.35110050412866
ALCYU,2026-02-02,Financial Services,Shell Companies,-1.3511405662005922
WB,2026-02-02,Communication Services,Internet Content & Information,-1.3513131523892656
QTWO,2026-02-02,Technology,Software - Application,-1.351399019766101
SPFI,2026-02-02,Financial Services,Banks - Regional,-1.3515101906234757
EVTC,2026-02-02,Technology,Software - Infrastructure,-1.3516022735900646
MCB,2026-02-02,Financial Services,Banks - Regional,-1.3516250580479368
CCBG,2026-02-02,Financial Services,Banks - Regional,-1.351647853572647
EGAN,2026-02-02,Technology,Software - Application,-1.3517338449293723
IVR,2026-02-02,Real Estate,REIT - Mortgage,-1.3526803508706278
CHARU,2026-02-02,Financial Services,Shell Companies,-1.3526825329582777
SMX,2026-02-02,Industrials,Specialty Business Services,-1.353092201550534
UTHR,2026-02-02,Healthcare,Drug Manufacturers - Specialty & Generic,-1.3532384938390936
HGLB,2026-02-02,Financial Services,Asset Management,-1.3532866730751476
TW,2026-02-02,Financial Services,Capital Markets,-1.3532996421947538
QVCGP,2026-02-02,Consumer Cyclical,Internet Retail,-1.3534237807016931
CRM,2026-02-02,Technology,Software - Application,-1.3535546751494836
WERN,2026-02-02,Industrials,Trucking,-1.353673069409403
MSGS,2026-02-02,Communication Services,Entertainment,-1.3539724416222236
NOK,2026-02-02,Technology,Communication Equipment,-1.3541901726062133
BBDC,2026-02-02,Financial Services,Asset Management,-1.354613785590332
SMBC,2026-02-02,Financial Services,Banks - Regional,-1.354616203640161
ALLE,2026-02-02,Industrials,Security & Protection Services,-1.3546179411088162
RFAI,2026-02-02,Financial Services,Shell Companies,-1.354805118950609
VRAR,2026-02-02,Technology,Software - Infrastructure,-1.3552849554472426
SMRT,2026-02-02,Technology,Software - Application,-1.355351282525162
HCA,2026-02-02,Healthcare,Medical Care Facilities,-1.3554289338513954
APPF,2026-02-02,Technology,Software - Application,-1.3555002485193612
RILYL,2026-02-02,Financial Services,Financial Conglomerates,-1.3555648570147802
CFR,2026-02-02,Financial Services,Banks - Regional,-1.3556765672647582
BAM,2026-02-02,Financial Services,Asset Management,-1.3560566155935616
ARES,2026-02-02,Financial Services,Asset Management,-1.3561060386642594
MHF,2026-02-02,Financial Services,Asset Management,-1.3563180900240088
RNP,2026-02-02,Financial Services,Asset Management,-1.3563927054514764
PGC,2026-02-02,Financial Services,Banks - Regional,-1.356647454607838
GTM,2026-02-02,Technology,Software - Application,-1.3567810141569077
FSCO,2026-02-02,Financial Services,Asset Management,-1.3567921240399474
HSPTU,2026-02-02,Financial Services,Shell Companies,-1.3570041991791095
FSTR,2026-02-02,Industrials,Railroads,-1.357160498054074
FUNC,2026-02-02,Financial Services,Banks - Regional,-1.3571923018471366
PMT,2026-02-02,Real Estate,REIT - Mortgage,-1.357282446697659
FNWB,2026-02-02,Financial Services,Banks - Regional,-1.3575272898598307
OPP,2026-02-02,Financial Services,Asset Management,-1.3575398956511529
CZWI,2026-02-02,Financial Services,Banks - Regional,-1.3576773421551498
RZB,2026-02-02,Unknown,Unknown,-1.3577469607232273
OMI,2026-02-02,Healthcare,Medical Distribution,-1.3578656859401652
FULT,2026-02-02,Financial Services,Banks - Regional,-1.3578681273047701
AIXC,2026-02-02,Technology,Software - Infrastructure,-1.3579299626279155
LEE,2026-02-02,Communication Services,Publishing,-1.3580906124926406
BMN,2026-02-02,Financial Services,Asset Management,-1.3581877524590151
WIT,2026-02-02,Technology,Information Technology Services,-1.3583737860417588
LB,2026-02-02,Energy,Oil & Gas Equipment & Services,-1.3584503368228396
CUZ,2026-02-02,Real Estate,REIT - Office,-1.3589015054679439
OPHC,2026-02-02,Financial Services,Banks - Regional,-1.359048624988204
GJT,2026-02-02,Unknown,Unknown,-1.3590779255997423
PSTL,2026-02-02,Real Estate,REIT - Office,-1.3591757618784062
FORR,2026-02-02,Industrials,Consulting Services,-1.3594769736891759
CCC,2026-02-02,Technology,Software - Application,-1.3595096970367817
SHOO,2026-02-02,Consumer Cyclical,Footwear & Accessories,-1.359543175052582
COFS,2026-02-02,Financial Services,Banks - Regional,-1.3595550464671313
KNSA,2026-02-02,Healthcare,Drug Manufacturers - Specialty & Generic,-1.3597088775827308
TRST,2026-02-02,Financial Services,Banks - Regional,-1.3598143254376034
CMC,2026-02-02,Basic Materials,Steel,-1.359819174483377
ARI,2026-02-02,Real Estate,REIT - Mortgage,-1.3598732086433836
BPOP,2026-02-02,Financial Services,Banks - Regional,-1.3599788589709534
SAIC,2026-02-02,Technology,Information Technology Services,-1.3600024499526864
NVT,2026-02-02,Industrials,Electrical Equipment & Parts,-1.3601813646692793
MTC,2026-02-02,Technology,Software - Application,-1.3602896189858007
OFSSH,2026-02-02,Unknown,Unknown,-1.360391467312933
ATNI,2026-02-02,Communication Services,Telecom Services,-1.3606067924261405
EB,2026-02-02,Communication Services,Internet Content & Information,-1.3609048282932363
JD,2026-02-02,Consumer Cyclical,Internet Retail,-1.3609500477781222
RFM,2026-02-02,Financial Services,Asset Management,-1.3609915842961031
WMG,2026-02-02,Communication Services,Entertainment,-1.361080791721888
VIVK,2026-02-02,Energy,Oil & Gas Integrated,-1.3618349365306182
COMM,2026-02-02,Technology,Communication Equipment,-1.3619198051307089
SEB,2026-02-02,Industrials,Conglomerates,-1.362108191263443
ASRV,2026-02-02,Financial Services,Banks - Regional,-1.3621093167395721
AOSL,2026-02-02,Technology,Semiconductors,-1.362127090040466
CASH,2026-02-02,Financial Services,Banks - Regional,-1.3622181162378273
LARK,2026-02-02,Financial Services,Banks - Regional,-1.3623122142566535
FVNNU,2026-02-02,Financial Services,Shell Companies,-1.3625046818602806
OBK,2026-02-02,Financial Services,Banks - Regional,-1.3625175771911173
JMM,2026-02-02,Financial Services,Asset Management,-1.3625312429297256
PAG,2026-02-02,Consumer Cyclical,Auto & Truck Dealerships,-1.3628824811883484
WAFD,2026-02-02,Financial Services,Banks - Regional,-1.3631176465966364
QETA,2026-02-02,Financial Services,Shell Companies,-1.363590998526783
USAC,2026-02-02,Energy,Oil & Gas Equipment & Services,-1.3643714148360246
MSI,2026-02-02,Technology,Communication Equipment,-1.3645597874247704
FFIN,2026-02-02,Financial Services,Banks - Regional,-1.364695942349473
FFBC,2026-02-02,Financial Services,Banks - Regional,-1.3647152700187413
AIZN,2026-02-02,Unknown,Unknown,-1.3649194301429508
HIFS,2026-02-02,Financial Services,Banks - Regional,-1.3650139072085374
CNXC,2026-02-02,Technology,Information Technology Services,-1.365359387124952
DIS,2026-02-02,Communication Services,Entertainment,-1.3654378811654582
PCF,2026-02-02,Financial Services,Asset Management,-1.3655340231465696
YXT,2026-02-02,Technology,Software - Application,-1.3658253785369328
RXT,2026-02-02,Technology,Software - Infrastructure,-1.3658746868356888
TFII,2026-02-02,Industrials,Trucking,-1.366339931957676
ITRN,2026-02-02,Technology,Scientific & Technical Instruments,-1.3667782015147252
GBFH,2026-02-02,Financial Services,Banks - Regional,-1.3667931181042012
USB,2026-02-02,Financial Services,Banks - Regional,-1.3668000811463021
PODC,2026-02-02,Communication Services,Internet Content & Information,-1.3670275586163374
CARE,2026-02-02,Financial Services,Banks - Regional,-1.3670838577383566
LDI,2026-02-02,Financial Services,Mortgage Finance,-1.3671347228062125
NSTS,2026-02-02,Financial Services,Banks - Regional,-1.3672143092559412
TSLX,2026-02-02,Financial Services,Asset Management,-1.3673266925412946
SRCE,2026-02-02,Financial Services,Banks - Regional,-1.367518074524769
DVLT,2026-02-02,Technology,Software - Infrastructure,-1.3675340017060726
JBGS,2026-02-02,Real Estate,REIT - Office,-1.3676194727076254
BMR,2026-02-02,Technology,Software - Application,-1.3676437820040388
CLF,2026-02-02,Basic Materials,Steel,-1.367682683650739
SEMR,2026-02-02,Technology,Software - Application,-1.3682110589754177
SACH,2026-02-02,Real Estate,REIT - Mortgage,-1.3682393553188859
UPLD,2026-02-02,Technology,Software - Application,-1.368375679204023
FEIM,2026-02-02,Technology,Communication Equipment,-1.3684973420206599
AOMR,2026-02-02,Real Estate,REIT - Mortgage,-1.3685177953145837
ONON,2026-02-02,Consumer Cyclical,Footwear & Accessories,-1.3686219834797324
PDYNW,2026-02-02,Technology,Software - Infrastructure,-1.3687658921944257
INFY,2026-02-02,Technology,Information Technology Services,-1.369362342317566
PCM,2026-02-02,Financial Services,Asset Management,-1.3695962649761617
OPEN,2026-02-02,Real Estate,Real Estate Services,-1.369925395704351
SBSI,2026-02-02,Financial Services,Banks - Regional,-1.3700521719173928
UVSP,2026-02-02,Financial Services,Banks - Regional,-1.3703939729194488
SUN,2026-02-02,Energy,Oil & Gas Refining & Marketing,-1.3706318840423226
PFBC,2026-02-02,Financial Services,Banks - Regional,-1.3706389393580631
FBRT,2026-02-02,Real Estate,REIT - Mortgage,-1.370649448135937
NATL,2026-02-02,Technology,Software - Application,-1.3707174023465551
BR,2026-02-02,Technology,Information Technology Services,-1.370819093182723
FCT,2026-02-02,Financial Services,Asset Management,-1.3712167490328766
BRW,2026-02-02,Financial Services,Asset Management,-1.3712415003164027
HLN,2026-02-02,Healthcare,Drug Manufacturers - Specialty & Generic,-1.3712782817305693
AUB,2026-02-02,Financial Services,Banks - Regional,-1.3712841330618315
ORRF,2026-02-02,Financial Services,Banks - Regional,-1.371392639895042
CRMT,2026-02-02,Consumer Cyclical,Auto & Truck Dealerships,-1.3715157331056165
BZAI,2026-02-02,Technology,Software - Application,-1.3716279028881933
BFST,2026-02-02,Financial Services,Banks - Regional,-1.3717351831121487
KKR,2026-02-02,Financial Services,Asset Management,-1.3717491304727123
WAI,2026-02-02,Financial Services,Capital Markets,-1.3720341575568353
NEWP,2026-02-02,Basic Materials,Silver,-1.372140415203477
PNBK,2026-02-02,Financial Services,Banks - Regional,-1.3721581977920145
ASUR,2026-02-02,Technology,Software - Application,-1.3722056128889506
TX,2026-02-02,Basic Materials,Steel,-1.3722524902998119
AAL,2026-02-02,Industrials,Airlines,-1.37232487989923
UI,2026-02-02,Technology,Communication Equipment,-1.3723426153493785
PACS,2026-02-02,Healthcare,Medical Care Facilities,-1.3724760144209818
DFDV,2026-02-02,Technology,Software - Infrastructure,-1.3727586346550598
ON,2026-02-02,Technology,Semiconductors,-1.3728551562725262
ZBAI,2026-02-02,Financial Services,Capital Markets,-1.3728613740974411
ZKH,2026-02-02,Consumer Cyclical,Internet Retail,-1.3729621826166836
RBCAA,2026-02-02,Financial Services,Banks - Regional,-1.3729867841740504
MMC,2026-02-02,Financial Services,Insurance Brokers,-1.3730408028981471
WBS,2026-02-02,Financial Services,Banks - Regional,-1.3730444210979122
BWBBP,2026-02-02,Financial Services,Banks - Regional,-1.3731437197689573
LIEN,2026-02-02,Financial Services,Asset Management,-1.3731548100260635
BANR,2026-02-02,Financial Services,Banks - Regional,-1.3734567102494137
VCICU,2026-02-02,Financial Services,Shell Companies,-1.373574773326327
KSCP,2026-02-02,Industrials,Security & Protection Services,-1.3736503214416773
LINK,2026-02-02,Technology,Electronic Components,-1.373804125796673
HYI,2026-02-02,Financial Services,Asset Management,-1.374027037033241
RVSB,2026-02-02,Financial Services,Banks - Regional,-1.3745627056126373
LANDO,2026-02-02,Real Estate,REIT - Specialty,-1.374611279573223
COR,2026-02-02,Healthcare,Medical Distribution,-1.374908010313788
DFSC,2026-02-02,Industrials,Aerospace & Defense,-1.3750968715974972
MTUS,2026-02-02,Basic Materials,Steel,-1.3752069595993925
CPA,2026-02-02,Industrials,Airlines,-1.375222196577222
CISO,2026-02-02,Technology,Software - Infrastructure,-1.3755390013518378
KSS,2026-02-02,Consumer Cyclical,Department Stores,-1.3756072490323845
DEI,2026-02-02,Real Estate,REIT - Office,-1.3756106338448952
ROLR,2026-02-02,Consumer Cyclical,Gambling,-1.3756176757420104
LEGT,2026-02-02,Financial Services,Shell Companies,-1.3758181612266058
HHH,2026-02-02,Real Estate,Real Estate - Development,-1.3758194804662218
MSDL,2026-02-02,Financial Services,Asset Management,-1.3758757955235124
INDB,2026-02-02,Financial Services,Banks - Regional,-1.375916818442271
PRSO,2026-02-02,Technology,Semiconductors,-1.3760083008727386
BHB,2026-02-02,Financial Services,Banks - Regional,-1.3760388056266064
HOPE,2026-02-02,Financial Services,Banks - Regional,-1.3761912183588974
AEVA,2026-02-02,Technology,Software - Infrastructure,-1.3761935874769784
YOU,2026-02-02,Technology,Software - Application,-1.3764057274817325
CBAN,2026-02-02,Financial Services,Banks - Regional,-1.376467234422246
CTLP,2026-02-02,Technology,Software - Infrastructure,-1.3764914327389122
TRMK,2026-02-02,Financial Services,Banks - Regional,-1.3769229656937108
FIGS,2026-02-02,Consumer Cyclical,Apparel Manufacturing,-1.3769481583968841
CTBI,2026-02-02,Financial Services,Banks - Regional,-1.377153294360836
CNH,2026-02-02,Industrials,Farm & Heavy Construction Machinery,-1.3773734690783983
APPS,2026-02-02,Technology,Software - Application,-1.377696246145318
RFI,2026-02-02,Financial Services,Asset Management,-1.3782764836838184
MACIU,2026-02-02,Financial Services,Shell Companies,-1.3783838124083099
SCM,2026-02-02,Financial Services,Asset Management,-1.3788575427443162
DMO,2026-02-02,Financial Services,Asset Management,-1.378933372368802
JBLU,2026-02-02,Industrials,Airlines,-1.3790302686971614
ARDC,2026-02-02,Financial Services,Asset Management,-1.3791385933619376
GSBD,2026-02-02,Financial Services,Asset Management,-1.3792045690671042
CPF,2026-02-02,Financial Services,Banks - Regional,-1.3792846561282655
ESP,2026-02-02,Industrials,Electrical Equipment & Parts,-1.379290985185655
ESQ,2026-02-02,Financial Services,Banks - Regional,-1.3792926114567017
TOI,2026-02-02,Healthcare,Medical Care Facilities,-1.3795227988327146
VRA,2026-02-02,Consumer Cyclical,Footwear & Accessories,-1.380013840170895
LPA,2026-02-02,Real Estate,Real Estate - Development,-1.380540670370461
GECCH,2026-02-02,Unknown,Unknown,-1.3805813971975955
AMCX,2026-02-02,Communication Services,Entertainment,-1.3807693459780828
BRSP,2026-02-02,Real Estate,REIT - Mortgage,-1.3809153214298988
BUSE,2026-02-02,Financial Services,Banks - Regional,-1.3813248032101784
CDP,2026-02-02,Real Estate,REIT - Office,-1.381408636232808
EBS,2026-02-02,Healthcare,Drug Manufacturers - Specialty & Generic,-1.381421422866908
GWRE,2026-02-02,Technology,Software - Application,-1.3814511752077547
FCBC,2026-02-02,Financial Services,Banks - Regional,-1.3814765572435126
AGYS,2026-02-02,Technology,Software - Application,-1.3819515198847077
LUV,2026-02-02,Industrials,Airlines,-1.383064210661014
THRY,2026-02-02,Communication Services,Internet Content & Information,-1.3830957965553676
IDN,2026-02-02,Technology,Software - Application,-1.3831185577130414
FSK,2026-02-02,Financial Services,Asset Management,-1.3831250902521692
FGMCU,2026-02-02,Financial Services,Shell Companies,-1.3831482775907595
LNT,2026-02-02,Utilities,Utilities - Regulated Electric,-1.3832489104567325
U,2026-02-02,Technology,Software - Application,-1.3833544139621035
FCF,2026-02-02,Financial Services,Banks - Regional,-1.383580232565513
BATRK,2026-02-02,Communication Services,Entertainment,-1.383681798279552
ANF,2026-02-02,Consumer Cyclical,Apparel Retail,-1.3839174894990889
NBTB,2026-02-02,Financial Services,Banks - Regional,-1.3839267237883233
EQH,2026-02-02,Financial Services,Asset Management,-1.3840494953634868
INV,2026-02-02,Financial Services,Asset Management,-1.384158802720369
UNH,2026-02-02,Healthcare,Healthcare Plans,-1.38416642030948
GLBE,2026-02-02,Consumer Cyclical,Internet Retail,-1.3843777775022328
DJT,2026-02-02,Communication Services,Internet Content & Information,-1.3844435426852733
QLYS,2026-02-02,Technology,Software - Infrastructure,-1.3845459674153653
MFIC,2026-02-02,Financial Services,Asset Management,-1.384578467675438
OZK,2026-02-02,Financial Services,Banks - Regional,-1.3846242607839472
HITI,2026-02-02,Healthcare,Pharmaceutical Retailers,-1.3847378877348002
CICB,2026-02-02,Unknown,Unknown,-1.384796448193339
NWGL,2026-02-02,Basic Materials,Lumber & Wood Production,-1.3849142168505437
EQS,2026-02-02,Financial Services,Asset Management,-1.3849215522994633
CDW,2026-02-02,Technology,Information Technology Services,-1.3850431778160794
BOH,2026-02-02,Financial Services,Banks - Regional,-1.3851305673522125
UNFI,2026-02-02,Consumer Defensive,Food Distribution,-1.3851396941527527
DASH,2026-02-02,Consumer Cyclical,Internet Retail,-1.3860954729407264
SCI,2026-02-02,Consumer Cyclical,Personal Services,-1.3861731310486292
BURL,2026-02-02,Consumer Cyclical,Apparel Retail,-1.3864228957285034
SBC,2026-02-02,Industrials,Consulting Services,-1.3865920118123343
BSET,2026-02-02,Consumer Cyclical,"Furnishings, Fixtures & Appliances",-1.3867231388409382
KREF,2026-02-02,Real Estate,REIT - Mortgage,-1.386833982856425
GILD,2026-02-02,Healthcare,Drug Manufacturers - General,-1.3870024794465152
SMWB,2026-02-02,Technology,Software - Application,-1.3870864919596073
XFLT,2026-02-02,Financial Services,Asset Management,-1.3870908717243124
RWAY,2026-02-02,Financial Services,Asset Management,-1.3876354303207235
WLACU,2026-02-02,Financial Services,Shell Companies,-1.3878563235868124
CARS,2026-02-02,Communication Services,Internet Content & Information,-1.387903279072211
ALK,2026-02-02,Industrials,Airlines,-1.3880858623855608
LLY,2026-02-02,Healthcare,Drug Manufacturers - General,-1.3881877346292988
ADBE,2026-02-02,Technology,Software - Application,-1.3882017922392946
SIG,2026-02-02,Consumer Cyclical,Luxury Goods,-1.3882393607416614
CNVS,2026-02-02,Communication Services,Entertainment,-1.3884718125633932
GEO,2026-02-02,Industrials,Security & Protection Services,-1.388642864485724
GBCI,2026-02-02,Financial Services,Banks - Regional,-1.3886638544250158
AB,2026-02-02,Financial Services,Asset Management,-1.3888054409742032
SLAB,2026-02-02,Technology,Semiconductors,-1.3889416965423353
SBXD,2026-02-02,Financial Services,Shell Companies,-1.3893372759784517
RILY,2026-02-02,Financial Services,Financial Conglomerates,-1.3894231263861139
CIMN,2026-02-02,Unknown,Unknown,-1.3896637504585097
FIBK,2026-02-02,Financial Services,Banks - Regional,-1.389665254527786
BHK,2026-02-02,Financial Services,Asset Management,-1.3896684861490756
HBAN,2026-02-02,Financial Services,Banks - Regional,-1.3897879120877528
CRUS,2026-02-02,Technology,Semiconductors,-1.390191241701367
STM,2026-02-02,Technology,Semiconductors,-1.3902064057619303
FGBI,2026-02-02,Financial Services,Banks - Regional,-1.3903128580679696
FGI,2026-02-02,Consumer Cyclical,"Furnishings, Fixtures & Appliances",-1.3904733933344327
BGH,2026-02-02,Financial Services,Asset Management,-1.3906625809452864
MANU,2026-02-02,Communication Services,Entertainment,-1.3909985488403342
PSKY,2026-02-02,Communication Services,Entertainment,-1.3912086950693445
EPR,2026-02-02,Real Estate,REIT - Specialty,-1.39127816972641
WDI,2026-02-02,Financial Services,Asset Management,-1.391467850047245
AEIS,2026-02-02,Industrials,Electrical Equipment & Parts,-1.391501229059033
OACCU,2026-02-02,Financial Services,Shell Companies,-1.3915984456970165
BLDP,2026-02-02,Industrials,Electrical Equipment & Parts,-1.39162340829342
FACT,2026-02-02,Unknown,Unknown,-1.3917701102428977
KNX,2026-02-02,Industrials,Trucking,-1.3918680344671575
WTFC,2026-02-02,Financial Services,Banks - Regional,-1.3920682892301082
CMCM,2026-02-02,Communication Services,Internet Content & Information,-1.3922161407373637
AESI,2026-02-02,Energy,Oil & Gas Equipment & Services,-1.3925289207090954
NN,2026-02-02,Technology,Software - Infrastructure,-1.3925378767244805
CLVT,2026-02-02,Technology,Information Technology Services,-1.3926230065429197
FMY,2026-02-02,Financial Services,Asset Management,-1.3927602899499405
BJRI,2026-02-02,Consumer Cyclical,Restaurants,-1.3928752836446334
GIB,2026-02-02,Technology,Information Technology Services,-1.3929222578146734
CCAP,2026-02-02,Financial Services,Asset Management,-1.3929249723882398
BLIN,2026-02-02,Technology,Software - Infrastructure,-1.3929741243310083
HTLD,2026-02-02,Industrials,Trucking,-1.3936261805115118
CZNC,2026-02-02,Financial Services,Banks - Regional,-1.3939317163644576
CCIX,2026-02-02,Financial Services,Shell Companies,-1.3942279447190737
WKC,2026-02-02,Energy,Oil & Gas Refining & Marketing,-1.3942701484757936
CION,2026-02-02,Financial Services,Asset Management,-1.3942703245949213
IBAC,2026-02-02,Financial Services,Shell Companies,-1.3944737810944048
EXC,2026-02-02,Utilities,Utilities - Regulated Electric,-1.3945970239266208
EXK,2026-02-02,Basic Materials,Silver,-1.3946085095058665
NWBI,2026-02-02,Financial Services,Banks - Regional,-1.3946539903772817
NBN,2026-02-02,Financial Services,Banks - Regional,-1.395058193708034
GRPN,2026-02-02,Communication Services,Internet Content & Information,-1.395061611455559
ELV,2026-02-02,Healthcare,Healthcare Plans,-1.3951754939391487
AEI,2026-02-02,Real Estate,Real Estate - Development,-1.3951861927377276
DVS,2026-02-02,Basic Materials,Silver,-1.3952532748678013
NUKKW,2026-02-02,Technology,Software - Application,-1.3952588472835608
CNK,2026-02-02,Communication Services,Entertainment,-1.3952748014437848
CIX,2026-02-02,Industrials,Security & Protection Services,-1.3954751067739646
COLB,2026-02-02,Financial Services,Banks - Regional,-1.395562956430917
FINW,2026-02-02,Financial Services,Banks - Regional,-1.3956435027717118
LXP,2026-02-02,Real Estate,REIT - Industrial,-1.3956559388833705
PGYWW,2026-02-02,Technology,Software - Infrastructure,-1.3960139063609727
MITP,2026-02-02,Unknown,Unknown,-1.3961491624151634
RERE,2026-02-02,Consumer Cyclical,Internet Retail,-1.3962856641554666
AGNCN,2026-02-02,Real Estate,REIT - Mortgage,-1.3963278360772378
TCPC,2026-02-02,Financial Services,Asset Management,-1.3963810086259199
CANG,2026-02-02,Financial Services,Capital Markets,-1.3966655341891572
WDAY,2026-02-02,Technology,Software - Application,-1.396777046093229
ASTE,2026-02-02,Industrials,Farm & Heavy Construction Machinery,-1.396905263827586
EQBK,2026-02-02,Financial Services,Banks - Regional,-1.3973802364294934
EW,2026-02-02,Healthcare,Medical Devices,-1.3976726789481337
OAKU,2026-02-02,Financial Services,Shell Companies,-1.397736184227294
MITK,2026-02-02,Technology,Software - Application,-1.3980441199897835
PGNY,2026-02-02,Healthcare,Healthcare Plans,-1.3984763364648787
OXLC,2026-02-02,Financial Services,Asset Management,-1.3985341840930772
PAYO,2026-02-02,Technology,Software - Infrastructure,-1.3985887568168271
NREF,2026-02-02,Real Estate,REIT - Mortgage,-1.3986245580755192
DGII,2026-02-02,Technology,Communication Equipment,-1.399121093240072
CVI,2026-02-02,Energy,Oil & Gas Refining & Marketing,-1.3993465532318106
ADP,2026-02-02,Technology,Software - Application,-1.3995603828190473
PNNT,2026-02-02,Financial Services,Asset Management,-1.3996391780805992
AFJK,2026-02-02,Financial Services,Shell Companies,-1.3996482840499629
OCCI,2026-02-02,Financial Services,Asset Management,-1.3999708882798672
RS,2026-02-02,Basic Materials,Steel,-1.3999814256005296
HP,2026-02-02,Energy,Oil & Gas Drilling,-1.400026393765293
FACTU,2026-02-02,Financial Services,Shell Companies,-1.400116547237524
FMX,2026-02-02,Consumer Defensive,Beverages - Brewers,-1.4001387131554988
PLAY,2026-02-02,Communication Services,Entertainment,-1.4002569941273444
MRT,2026-02-02,Technology,Software - Application,-1.4002584430468181
TREE,2026-02-02,Financial Services,Financial Conglomerates,-1.4004780503913432
TTC,2026-02-02,Industrials,Tools & Accessories,-1.4004985569994237
SAJ,2026-02-02,Unknown,Unknown,-1.4005411625921511
MCBS,2026-02-02,Financial Services,Banks - Regional,-1.4005725664916013
ALM,2026-02-02,Basic Materials,Other Industrial Metals & Mining,-1.400654630950916
DBX,2026-02-02,Technology,Software - Infrastructure,-1.400753644477562
RXO,2026-02-02,Industrials,Trucking,-1.4007579391581397
PLMKU,2026-02-02,Financial Services,Shell Companies,-1.400897073433055
IT,2026-02-02,Technology,Information Technology Services,-1.4009318602853578
RWTN,2026-02-02,Unknown,Unknown,-1.400945473671869
PM,2026-02-02,Consumer Defensive,Tobacco,-1.401097060525224
IIF,2026-02-02,Financial Services,Asset Management,-1.4011910125215499
CRCT,2026-02-02,Technology,Computer Hardware,-1.4012184372724799
CWAN,2026-02-02,Technology,Software - Application,-1.4013495135377678
CIK,2026-02-02,Financial Services,Asset Management,-1.4013831579134315
PLPC,2026-02-02,Industrials,Electrical Equipment & Parts,-1.4014461918001242
WKEY,2026-02-02,Technology,Semiconductors,-1.4016880995576435
PTC,2026-02-02,Technology,Software - Application,-1.4017814950917467
TMDX,2026-02-02,Healthcare,Medical Devices,-1.4021519802752733
GRF,2026-02-02,Financial Services,Asset Management,-1.40218608393735
FSLY,2026-02-02,Technology,Software - Application,-1.4022833419945795
PBF,2026-02-02,Energy,Oil & Gas Refining & Marketing,-1.4026361468845625
EEFT,2026-02-02,Technology,Software - Infrastructure,-1.4028524996384062
EXLS,2026-02-02,Technology,Information Technology Services,-1.4028863704622825
UBXG,2026-02-02,Technology,Software - Infrastructure,-1.403197830272099
CETY,2026-02-02,Industrials,Specialty Industrial Machinery,-1.403203273038598
AUBN,2026-02-02,Financial Services,Banks - Regional,-1.4032901667019726
EWBC,2026-02-02,Financial Services,Banks - Regional,-1.4033059187700092
GAIA,2026-02-02,Communication Services,Entertainment,-1.4033855256711238
YJ,2026-02-02,Consumer Cyclical,Internet Retail,-1.403453065334012
BSL,2026-02-02,Financial Services,Asset Management,-1.4035256078602958
ATCH,2026-02-02,Financial Services,Capital Markets,-1.4036360760215811
AEHL,2026-02-02,Industrials,Building Products & Equipment,-1.4036808381322203
JMSB,2026-02-02,Financial Services,Banks - Regional,-1.4038146273970322
FFIV,2026-02-02,Technology,Software - Infrastructure,-1.404071446206221
VRTS,2026-02-02,Financial Services,Asset Management,-1.40410071245043
PDCC,2026-02-02,Financial Services,Asset Management,-1.4041181044685538
PCAR,2026-02-02,Industrials,Farm & Heavy Construction Machinery,-1.4044101035438075
CMCO,2026-02-02,Industrials,Farm & Heavy Construction Machinery,-1.4045501967773646
GCMG,2026-02-02,Financial Services,Asset Management,-1.404697518955963
MRCC,2026-02-02,Financial Services,Asset Management,-1.4047469185613013
ESPR,2026-02-02,Healthcare,Drug Manufacturers - Specialty & Generic,-1.404957417625659
YEXT,2026-02-02,Technology,Software - Infrastructure,-1.4051964437534417
BCE,2026-02-02,Communication Services,Telecom Services,-1.4053173048347425
PFIS,2026-02-02,Financial Services,Banks - Regional,-1.4054325114434494
TOWN,2026-02-02,Financial Services,Banks - Regional,-1.4055589012184655
BHRB,2026-02-02,Financial Services,Banks - Regional,-1.4055830390112538
CHCO,2026-02-02,Financial Services,Banks - Regional,-1.405745837865352
AFRM,2026-02-02,Technology,Software - Infrastructure,-1.4058044400263425
SEIC,2026-02-02,Financial Services,Asset Management,-1.4063790701464818
RILYZ,2026-02-02,Unknown,Unknown,-1.4071585063337244
CVS,2026-02-02,Healthcare,Healthcare Plans,-1.4072343580714342
DUKB,2026-02-02,Unknown,Unknown,-1.4073240969990737
HNNAZ,2026-02-02,Unknown,Unknown,-1.4073718790425362
ATHM,2026-02-02,Communication Services,Internet Content & Information,-1.4074934404066717
NRC,2026-02-02,Healthcare,Health Information Services,-1.4075673630040286
LILAK,2026-02-02,Communication Services,Telecom Services,-1.4078040340755495
RYDE,2026-02-02,Technology,Software - Application,-1.407807823786126
CYH,2026-02-02,Healthcare,Medical Care Facilities,-1.4081396334053202
NOAH,2026-02-02,Financial Services,Asset Management,-1.4087890658989402
OCFC,2026-02-02,Financial Services,Banks - Regional,-1.4088964430133104
NEWT,2026-02-02,Financial Services,Banks - Regional,-1.4089466565551756
GAINN,2026-02-02,Unknown,Unknown,-1.408970118538436
SWKS,2026-02-02,Technology,Semiconductors,-1.409058003767754
ANSCU,2026-02-02,Financial Services,Shell Companies,-1.4090908644907836
DVAX,2026-02-02,Healthcare,Drug Manufacturers - Specialty & Generic,-1.4092669855054585
ICON,2026-02-02,Industrials,Marine Shipping,-1.4093228179568016
AWF,2026-02-02,Financial Services,Asset Management,-1.4096174666670063
HNNA,2026-02-02,Financial Services,Asset Management,-1.4096986293641152
INLF,2026-02-02,Industrials,Specialty Industrial Machinery,-1.4097012605297308
FRBA,2026-02-02,Financial Services,Banks - Regional,-1.4097071925055766
TKR,2026-02-02,Industrials,Tools & Accessories,-1.4098472642039084
PGACU,2026-02-02,Financial Services,Shell Companies,-1.4099921742132147
BGT,2026-02-02,Financial Services,Asset Management,-1.4101057304644908
OWL,2026-02-02,Financial Services,Asset Management,-1.4103706071348112
CRBG,2026-02-02,Financial Services,Asset Management,-1.4104015947508164
JACK,2026-02-02,Consumer Cyclical,Restaurants,-1.4105687959135305
WSBC,2026-02-02,Financial Services,Banks - Regional,-1.4106466755294813
GEGGL,2026-02-02,Unknown,Unknown,-1.4107355445363345
CPK,2026-02-02,Utilities,Utilities - Regulated Gas,-1.410760197731535
ACTG,2026-02-02,Industrials,Business Equipment & Supplies,-1.4107646529677558
CFFI,2026-02-02,Financial Services,Banks - Regional,-1.4108114284638147
PSQH,2026-02-02,Technology,Software - Application,-1.410921092361164
EFSC,2026-02-02,Financial Services,Banks - Regional,-1.410991669917329
AVDL,2026-02-02,Healthcare,Drug Manufacturers - Specialty & Generic,-1.4112186860487037
ZION,2026-02-02,Financial Services,Banks - Regional,-1.4112693724042413
MGEE,2026-02-02,Utilities,Utilities - Regulated Electric,-1.411990191728972
ALTI,2026-02-02,Financial Services,Asset Management,-1.412018931883664
TTEC,2026-02-02,Technology,Information Technology Services,-1.4121153589799698
MPB,2026-02-02,Financial Services,Banks - Regional,-1.4121172525197967
ADAM,2026-02-02,Real Estate,REIT - Mortgage,-1.4122808323159735
HY,2026-02-02,Industrials,Farm & Heavy Construction Machinery,-1.412414452507851
KTH,2026-02-02,Unknown,Unknown,-1.4125620880333267
DXYZ,2026-02-02,Financial Services,Asset Management,-1.4126352189884095
LIVE,2026-02-02,Consumer Cyclical,Home Improvement Retail,-1.4126540839394253
CXW,2026-02-02,Industrials,Security & Protection Services,-1.4127585643559395
GNE,2026-02-02,Utilities,Utilities - Regulated Electric,-1.4128033946714216
ISPR,2026-02-02,Consumer Defensive,Tobacco,-1.4131157989986562
PARR,2026-02-02,Energy,Oil & Gas Refining & Marketing,-1.4132545890014379
UCFI,2026-02-02,Financial Services,Shell Companies,-1.4134117524068879
ASB,2026-02-02,Financial Services,Banks - Regional,-1.413458372538676
HYT,2026-02-02,Financial Services,Asset Management,-1.413471720905363
OUT,2026-02-02,Real Estate,REIT - Specialty,-1.4135872098736493
DZZ,2026-02-02,Unknown,Unknown,-1.4136629401740421
IHS,2026-02-02,Real Estate,Real Estate Services,-1.4137452856547668
USCB,2026-02-02,Financial Services,Banks - Regional,-1.4137514315785833
NEWTI,2026-02-02,Unknown,Unknown,-1.4139137324795998
ACRE,2026-02-02,Real Estate,REIT - Mortgage,-1.413917688693251
HPAI,2026-02-02,Technology,Software - Infrastructure,-1.4139895381308818
RSKD,2026-02-02,Technology,Software - Application,-1.414113344475952
XEL,2026-02-02,Utilities,Utilities - Regulated Electric,-1.4144001214500477
UCB,2026-02-02,Financial Services,Banks - Regional,-1.4144014894444352
PSBD,2026-02-02,Financial Services,Asset Management,-1.4144312082998673
ADAMG,2026-02-02,Unknown,Unknown,-1.4145798769181042
AREN,2026-02-02,Communication Services,Internet Content & Information,-1.414678411983895
STRA,2026-02-02,Consumer Defensive,Education & Training Services,-1.4147290867546414
OBDC,2026-02-02,Financial Services,Asset Management,-1.4147659615825414
PEG,2026-02-02,Utilities,Utilities - Regulated Electric,-1.4148696686553137
SELX,2026-02-02,Technology,Electronic Components,-1.4149209225593287
DTE,2026-02-02,Utilities,Utilities - Regulated Electric,-1.415332241705131
AIFU,2026-02-02,Financial Services,Insurance Brokers,-1.4155592807798825
CCIF,2026-02-02,Financial Services,Asset Management,-1.4157333784378652
RDWR,2026-02-02,Technology,Software - Infrastructure,-1.4157639435155827
BPYPM,2026-02-02,Financial Services,Asset Management,-1.415773112662732
UTSI,2026-02-02,Technology,Communication Equipment,-1.4158964573553756
CVBF,2026-02-02,Financial Services,Banks - Regional,-1.4161239308905536
NBHC,2026-02-02,Financial Services,Banks - Regional,-1.4162508385256283
BAH,2026-02-02,Industrials,Consulting Services,-1.4163019012387676
LZB,2026-02-02,Consumer Cyclical,"Furnishings, Fixtures & Appliances",-1.4163418798625815
CBAT,2026-02-02,Industrials,Electrical Equipment & Parts,-1.4163501341641107
MKSI,2026-02-02,Technology,Scientific & Technical Instruments,-1.4163777793974401
ROIV,2026-02-02,Healthcare,Biotechnology,-1.4164178180454914
OSBC,2026-02-02,Financial Services,Banks - Regional,-1.416476518808116
NTCT,2026-02-02,Technology,Software - Infrastructure,-1.4164948056543107
RNST,2026-02-02,Financial Services,Banks - Regional,-1.4166222973883886
BXSL,2026-02-02,Financial Services,Asset Management,-1.4166604183638607
YELP,2026-02-02,Communication Services,Internet Content & Information,-1.4167459229775963
CSPI,2026-02-02,Technology,Information Technology Services,-1.4168916013371393
TASK,2026-02-02,Technology,Information Technology Services,-1.416995134611018
EHTH,2026-02-02,Financial Services,Insurance Brokers,-1.4173947785694603
INTA,2026-02-02,Technology,Software - Application,-1.4174474093717269
BIOA,2026-02-02,Healthcare,Drug Manufacturers - Specialty & Generic,-1.4175416189806025
RC,2026-02-02,Real Estate,REIT - Mortgage,-1.4176861998925596
BDN,2026-02-02,Real Estate,REIT - Office,-1.4178448765322522
CNOB,2026-02-02,Financial Services,Banks - Regional,-1.417962767051707
IDCC,2026-02-02,Technology,Software - Application,-1.418388079472864
JILL,2026-02-02,Consumer Cyclical,Apparel Retail,-1.4184469284699908
TBLA,2026-02-02,Communication Services,Internet Content & Information,-1.4188787302375034
CNDT,2026-02-02,Technology,Information Technology Services,-1.4189281552087112
PCH,2026-02-02,Real Estate,REIT - Specialty,-1.418930116159867
LOPE,2026-02-02,Consumer Defensive,Education & Training Services,-1.4192162102986654
G,2026-02-02,Technology,Information Technology Services,-1.4194870354067093
HTFC,2026-02-02,Unknown,Unknown,-1.4196555187680404
GCTS,2026-02-02,Technology,Semiconductors,-1.4198358472905999
SFBS,2026-02-02,Financial Services,Banks - Regional,-1.4200245747510323
XHG,2026-02-02,Financial Services,Insurance Brokers,-1.4200389685383006
FKWL,2026-02-02,Technology,Communication Equipment,-1.4200819875613324
S,2026-02-02,Technology,Software - Infrastructure,-1.4200924338559116
SVRN,2026-02-02,Industrials,Marine Shipping,-1.4201410849402587
SSB,2026-02-02,Financial Services,Banks - Regional,-1.42025807400816
DMRC,2026-02-02,Technology,Software - Application,-1.420769512757851
SFNC,2026-02-02,Financial Services,Banks - Regional,-1.4208247212327023
CLNE,2026-02-02,Energy,Oil & Gas Refining & Marketing,-1.4208523202666303
GRFS,2026-02-02,Healthcare,Drug Manufacturers - General,-1.4208890905387168
KT,2026-02-02,Communication Services,Telecom Services,-1.4211012553741238
MSTR,2026-02-02,Technology,Software - Application,-1.4211477748399723
CART,2026-02-02,Consumer Cyclical,Internet Retail,-1.4213227209377899
ATLCL,2026-02-02,Unknown,Unknown,-1.421461596006077
PCTY,2026-02-02,Technology,Software - Application,-1.4216822734490073
IIIV,2026-02-02,Technology,Software - Infrastructure,-1.4218496672705805
ORC,2026-02-02,Real Estate,REIT - Mortgage,-1.4219675431970251
SNPS,2026-02-02,Technology,Software - Infrastructure,-1.4220320911380724
SNDA,2026-02-02,Healthcare,Medical Care Facilities,-1.4220854501908038
LE,2026-02-02,Consumer Cyclical,Apparel Retail,-1.4224714294448664
SYBT,2026-02-02,Financial Services,Banks - Regional,-1.4225786196413555
BNR,2026-02-02,Healthcare,Diagnostics & Research,-1.422607502273617
FRME,2026-02-02,Financial Services,Banks - Regional,-1.4226355226329945
CATY,2026-02-02,Financial Services,Banks - Regional,-1.4228693266772985
SATS,2026-02-02,Communication Services,Telecom Services,-1.4229195030937116
PDI,2026-02-02,Financial Services,Asset Management,-1.4232400021744165
ADUS,2026-02-02,Healthcare,Medical Care Facilities,-1.4233961452184736
ZEUS,2026-02-02,Basic Materials,Steel,-1.4234060807010045
MOGO,2026-02-02,Technology,Software - Infrastructure,-1.4236435499193776
ACR,2026-02-02,Real Estate,REIT - Mortgage,-1.4237168157397129
REED,2026-02-02,Consumer Defensive,Beverages - Non-Alcoholic,-1.4237523343240446
SPSC,2026-02-02,Technology,Software - Application,-1.4238831619725116
NCDL,2026-02-02,Financial Services,Asset Management,-1.4239427464297434
ONB,2026-02-02,Financial Services,Banks - Regional,-1.4240698260026723
UMBF,2026-02-02,Financial Services,Banks - Regional,-1.4241835464467836
INLX,2026-02-02,Technology,Software - Application,-1.4246817028978516
LSPD,2026-02-02,Technology,Software - Application,-1.424724591332977
AMZN,2026-02-02,Consumer Cyclical,Internet Retail,-1.4248056117724213
IBOC,2026-02-02,Financial Services,Banks - Regional,-1.4248242883458397
RIBBU,2026-02-02,Financial Services,Shell Companies,-1.4250736143294402
PRK,2026-02-02,Financial Services,Banks - Regional,-1.425201039023104
CSR,2026-02-02,Real Estate,REIT - Residential,-1.4253237195504884
CHEF,2026-02-02,Consumer Defensive,Food Distribution,-1.4255190952074168
TACT,2026-02-02,Technology,Computer Hardware,-1.425714528573273
SPKL,2026-02-02,Financial Services,Shell Companies,-1.4257218634764472
PCOR,2026-02-02,Technology,Software - Application,-1.4261944982288712
HBNC,2026-02-02,Financial Services,Banks - Regional,-1.4262281334134792
MRNO,2026-02-02,Real Estate,Real Estate - Development,-1.4263849669817903
BWNB,2026-02-02,Unknown,Unknown,-1.4267054035180404
GSBC,2026-02-02,Financial Services,Banks - Regional,-1.4267388201705673
MTCH,2026-02-02,Communication Services,Internet Content & Information,-1.4268323836045849
OOMA,2026-02-02,Technology,Software - Application,-1.4275006863465145
GROW,2026-02-02,Financial Services,Asset Management,-1.4275057884552238
OKTA,2026-02-02,Technology,Software - Infrastructure,-1.4275821207291244
HBANM,2026-02-02,Financial Services,Banks - Regional,-1.4276325763775186
VZ,2026-02-02,Communication Services,Telecom Services,-1.4277519192710615
MBWM,2026-02-02,Financial Services,Banks - Regional,-1.4277699979996568
HOMB,2026-02-02,Financial Services,Banks - Regional,-1.4278505910887176
RGEN,2026-02-02,Healthcare,Medical Instruments & Supplies,-1.428211924316395
BACQ,2026-02-02,Financial Services,Shell Companies,-1.4283608541095338
DSL,2026-02-02,Financial Services,Asset Management,-1.428402796718028
WEYS,2026-02-02,Consumer Cyclical,Footwear & Accessories,-1.4286622886719453
PDX,2026-02-02,Financial Services,Asset Management,-1.428797692354273
DT,2026-02-02,Technology,Software - Application,-1.429245816908521
SSSSL,2026-02-02,Unknown,Unknown,-1.429247123357974
ARQQW,2026-02-02,Technology,Software - Infrastructure,-1.4293448006245404
ENLT,2026-02-02,Utilities,Utilities - Renewable,-1.4293737759958351
ROKU,2026-02-02,Communication Services,Entertainment,-1.4296417360178117
AEO,2026-02-02,Consumer Cyclical,Apparel Retail,-1.4298897051595554
VCIC,2026-02-02,Financial Services,Shell Companies,-1.430121615296384
TEAM,2026-02-02,Technology,Software - Application,-1.4304516947855783
INTU,2026-02-02,Technology,Software - Application,-1.4306601874142058
CNS,2026-02-02,Financial Services,Asset Management,-1.4307958948651407
FSUN,2026-02-02,Financial Services,Banks - Regional,-1.4310832968295482
AXGN,2026-02-02,Healthcare,Medical Devices,-1.431153888101315
CGNT,2026-02-02,Technology,Software - Infrastructure,-1.4311760945576184
ES,2026-02-02,Utilities,Utilities - Regulated Electric,-1.431257159256163
RYAAY,2026-02-02,Industrials,Airlines,-1.43128172785532
OPCH,2026-02-02,Healthcare,Medical Care Facilities,-1.4313012033823131
IPWR,2026-02-02,Technology,Semiconductors,-1.431316385279179
AGL,2026-02-02,Healthcare,Medical Care Facilities,-1.4316734591990299
IONS,2026-02-02,Healthcare,Biotechnology,-1.431795139062469
SLB,2026-02-02,Energy,Oil & Gas Equipment & Services,-1.4318888618849392
HIMX,2026-02-02,Technology,Semiconductors,-1.4320307344850025
SILC,2026-02-02,Technology,Communication Equipment,-1.4321959775873645
VIV,2026-02-02,Communication Services,Telecom Services,-1.4326343430052169
BIPC,2026-02-02,Utilities,Utilities - Regulated Gas,-1.4327948021576886
SNA,2026-02-02,Industrials,Tools & Accessories,-1.4329490229655881
WY,2026-02-02,Real Estate,REIT - Specialty,-1.4330282613554783
DIOD,2026-02-02,Technology,Semiconductors,-1.4330637594322173
BX,2026-02-02,Financial Services,Asset Management,-1.4336797655867248
LADR,2026-02-02,Real Estate,REIT - Mortgage,-1.43375352064138
POET,2026-02-02,Technology,Semiconductors,-1.4338984041899467
TVC,2026-02-02,Unknown,Unknown,-1.4339310223370267
INBX,2026-02-02,Healthcare,Biotechnology,-1.434036267053319
EBON,2026-02-02,Technology,Computer Hardware,-1.4343725316502691
AMBR,2026-02-02,Technology,Software - Infrastructure,-1.434430684734478
HLP,2026-02-02,Basic Materials,Steel,-1.4346331356087223
GRAF,2026-02-02,Financial Services,Shell Companies,-1.4349463649284147
RZLV,2026-02-02,Technology,Software - Infrastructure,-1.4349518496178515
OXSQG,2026-02-02,Unknown,Unknown,-1.434982653351728
HFWA,2026-02-02,Financial Services,Banks - Regional,-1.4351010047902424
CMCSA,2026-02-02,Communication Services,Telecom Services,-1.4351911212955963
RILYG,2026-02-02,Unknown,Unknown,-1.4352548667496143
ADT,2026-02-02,Industrials,Security & Protection Services,-1.4352715063465316
COOK,2026-02-02,Consumer Cyclical,"Furnishings, Fixtures & Appliances",-1.4354061367677549
ADTN,2026-02-02,Technology,Communication Equipment,-1.4360762242471121
SLI,2026-02-02,Basic Materials,Other Industrial Metals & Mining,-1.4361310777861782
CHMI,2026-02-02,Real Estate,REIT - Mortgage,-1.4361689906162078
RAND,2026-02-02,Financial Services,Asset Management,-1.4363161395865052
WLYB,2026-02-02,Communication Services,Publishing,-1.437272535332414
SEAT,2026-02-02,Communication Services,Internet Content & Information,-1.4372878312235111
AMPH,2026-02-02,Healthcare,Drug Manufacturers - Specialty & Generic,-1.4377480246910164
UOKA,2026-02-02,Consumer Cyclical,Lodging,-1.4384038028207144
ENSG,2026-02-02,Healthcare,Medical Care Facilities,-1.4384822561006665
COHR,2026-02-02,Technology,Scientific & Technical Instruments,-1.438493338494969
ORA,2026-02-02,Utilities,Utilities - Renewable,-1.4385062266063464
CRBD,2026-02-02,Unknown,Unknown,-1.438542126290722
WHF,2026-02-02,Financial Services,Asset Management,-1.4387771942484182
FDUS,2026-02-02,Financial Services,Asset Management,-1.4389628330309459
BZFD,2026-02-02,Communication Services,Internet Content & Information,-1.4391872661964409
MSAI,2026-02-02,Technology,Software - Infrastructure,-1.4391921266869672
UIS,2026-02-02,Technology,Information Technology Services,-1.439282927489413
GLBZ,2026-02-02,Financial Services,Banks - Regional,-1.4396951277766021
AGNCM,2026-02-02,Real Estate,REIT - Mortgage,-1.4398607830626289
MBAV,2026-02-02,Financial Services,Shell Companies,-1.4401516645441363
DSGN,2026-02-02,Healthcare,Biotechnology,-1.4404401210026483
STAG,2026-02-02,Real Estate,REIT - Industrial,-1.4406542562610893
BLZE,2026-02-02,Technology,Software - Infrastructure,-1.4408552371317025
LBTYK,2026-02-02,Communication Services,Telecom Services,-1.440870576436743
ROP,2026-02-02,Technology,Software - Application,-1.4408720822798442
SOJE,2026-02-02,Unknown,Unknown,-1.4409053438466897
REGN,2026-02-02,Healthcare,Biotechnology,-1.441308634988869
BANL,2026-02-02,Energy,Oil & Gas Midstream,-1.4413540401915395
BKTI,2026-02-02,Technology,Communication Equipment,-1.4415509624278497
ALDFU,2026-02-02,Financial Services,Shell Companies,-1.4415831432514405
THCH,2026-02-02,Consumer Cyclical,Restaurants,-1.4416371886573118
BBBY,2026-02-02,Unknown,Unknown,-1.441831798582347
MSB,2026-02-02,Basic Materials,Steel,-1.4418793547183941
SOTK,2026-02-02,Technology,Scientific & Technical Instruments,-1.4418883203652986
FCO,2026-02-02,Financial Services,Asset Management,-1.44227406640442
TOPS,2026-02-02,Energy,Oil & Gas Midstream,-1.442421778152268
ALCY,2026-02-02,Financial Services,Shell Companies,-1.4426869142070362
SNY,2026-02-02,Healthcare,Drug Manufacturers - General,-1.442706225764685
DGZ,2026-02-02,Unknown,Unknown,-1.4428785867899712
CAKE,2026-02-02,Consumer Cyclical,Restaurants,-1.4428941810428049
AMN,2026-02-02,Healthcare,Medical Care Facilities,-1.4429381619178083
RDI,2026-02-02,Communication Services,Entertainment,-1.443048635737712
RBC,2026-02-02,Industrials,Tools & Accessories,-1.4433326803269224
ULH,2026-02-02,Industrials,Trucking,-1.4435374878567866
IMVT,2026-02-02,Healthcare,Biotechnology,-1.444259650454637
NVEC,2026-02-02,Technology,Semiconductors,-1.4442787895677895
WABC,2026-02-02,Financial Services,Banks - Regional,-1.4443721541930288
LAND,2026-02-02,Real Estate,REIT - Specialty,-1.4444125178839455
EAF,2026-02-02,Industrials,Electrical Equipment & Parts,-1.444419102736749
NTWK,2026-02-02,Technology,Software - Application,-1.44463005109732
NAZ,2026-02-02,Financial Services,Asset Management,-1.4448285463969834
AIHS,2026-02-02,Industrials,Rental & Leasing Services,-1.4451082167689164
DLPN,2026-02-02,Communication Services,Advertising Agencies,-1.4451432309667285
GOF,2026-02-02,Financial Services,Asset Management,-1.4453650373673346
PLD,2026-02-02,Real Estate,REIT - Industrial,-1.4454075474842576
CDZIP,2026-02-02,Utilities,Utilities - Regulated Water,-1.4454664111817082
AAOI,2026-02-02,Technology,Communication Equipment,-1.4455373776900071
INUV,2026-02-02,Technology,Software - Application,-1.4455508525521108
SELF,2026-02-02,Real Estate,REIT - Specialty,-1.4456384093101604
GITS,2026-02-02,Communication Services,Internet Content & Information,-1.4457693408497834
ECCV,2026-02-02,Unknown,Unknown,-1.4458848389960244
KORE,2026-02-02,Communication Services,Telecom Services,-1.446767295218998
PSA,2026-02-02,Real Estate,REIT - Industrial,-1.447154361215381
IAC,2026-02-02,Communication Services,Internet Content & Information,-1.4473822069941034
PEW,2026-02-02,Industrials,Aerospace & Defense,-1.4474680342701385
VRME,2026-02-02,Industrials,Security & Protection Services,-1.448066393181154
FBP,2026-02-02,Financial Services,Banks - Regional,-1.4482312540605857
TEF,2026-02-02,Communication Services,Telecom Services,-1.4482427287585167
ECCW,2026-02-02,Unknown,Unknown,-1.4483688970534903
FLOC,2026-02-02,Energy,Oil & Gas Equipment & Services,-1.4484202687547998
BORR,2026-02-02,Energy,Oil & Gas Drilling,-1.4484304076341552
TEO,2026-02-02,Communication Services,Telecom Services,-1.4488471759151378
SAP,2026-02-02,Technology,Software - Application,-1.4492906296981627
YHNA,2026-02-02,Financial Services,Shell Companies,-1.4494152612960094
UFG,2026-02-02,Industrials,Marine Shipping,-1.4494847157952588
FRD,2026-02-02,Basic Materials,Steel,-1.4496228401262699
BAER,2026-02-02,Industrials,Security & Protection Services,-1.4497458128632879
DUK,2026-02-02,Utilities,Utilities - Regulated Electric,-1.4498114753514255
PTA,2026-02-02,Financial Services,Asset Management,-1.4498903853918022
GRN,2026-02-02,Unknown,Unknown,-1.4502953539584196
DHCNI,2026-02-02,Unknown,Unknown,-1.4504037481974532
CDTG,2026-02-02,Industrials,Waste Management,-1.4505540867818678
CEVA,2026-02-02,Technology,Semiconductors,-1.4509547084525956
PDYN,2026-02-02,Technology,Software - Infrastructure,-1.4511561131552448
MX,2026-02-02,Technology,Semiconductors,-1.4511641297892337
VOD,2026-02-02,Communication Services,Telecom Services,-1.4513718576725734
GJP,2026-02-02,Unknown,Unknown,-1.4514771085816849
SBUX,2026-02-02,Consumer Cyclical,Restaurants,-1.4518915294031185
TIGO,2026-02-02,Communication Services,Telecom Services,-1.4519600595474151
DLR,2026-02-02,Real Estate,REIT - Specialty,-1.452082614958779
HSY,2026-02-02,Consumer Defensive,Confectioners,-1.4524246812112676
BLTE,2026-02-02,Healthcare,Biotechnology,-1.4525567791294935
PFGC,2026-02-02,Consumer Defensive,Food Distribution,-1.4527067352135927
SNOW,2026-02-02,Technology,Software - Application,-1.4527092200118825
RWTO,2026-02-02,Unknown,Unknown,-1.452749793589105
TAK,2026-02-02,Healthcare,Drug Manufacturers - Specialty & Generic,-1.4528627713005624
SIFY,2026-02-02,Communication Services,Telecom Services,-1.4529868631156375
MIGI,2026-02-02,Financial Services,Capital Markets,-1.4531257162059874
CVGW,2026-02-02,Consumer Defensive,Food Distribution,-1.4531524369983397
MCD,2026-02-02,Consumer Cyclical,Restaurants,-1.4531842995666682
FMNB,2026-02-02,Financial Services,Banks - Regional,-1.4537866300172915
CCOI,2026-02-02,Communication Services,Telecom Services,-1.4540722371991404
BRKR,2026-02-02,Healthcare,Medical Devices,-1.4541762360302244
RL,2026-02-02,Consumer Cyclical,Apparel Manufacturing,-1.4542395547275377
RIG,2026-02-02,Energy,Oil & Gas Drilling,-1.4543983057765633
NOW,2026-02-02,Technology,Software - Application,-1.4545801296043408
HCXY,2026-02-02,Unknown,Unknown,-1.4546671405008906
AVNS,2026-02-02,Healthcare,Medical Devices,-1.4547701608357555
CHT,2026-02-02,Communication Services,Telecom Services,-1.4549606345769233
BDC,2026-02-02,Technology,Communication Equipment,-1.455044785632975
CMPS,2026-02-02,Healthcare,Medical Care Facilities,-1.4555488744991212
ESTA,2026-02-02,Healthcare,Medical Devices,-1.455646512758255
FOUR,2026-02-02,Technology,Software - Infrastructure,-1.4556887589378147
BCML,2026-02-02,Financial Services,Banks - Regional,-1.456038393738914
MOH,2026-02-02,Healthcare,Healthcare Plans,-1.4560964308408735
LION,2026-02-02,Unknown,Unknown,-1.456164380418967
DEVS,2026-02-02,Industrials,Pollution & Treatment Controls,-1.456175866023115
AFYA,2026-02-02,Consumer Defensive,Education & Training Services,-1.4562294137189344
QVCD,2026-02-02,Unknown,Unknown,-1.4563156165547693
HSPO,2026-02-02,Financial Services,Shell Companies,-1.4563497364217857
UAL,2026-02-02,Industrials,Airlines,-1.4570710880808342
WIX,2026-02-02,Technology,Software - Infrastructure,-1.4570890782977257
SO,2026-02-02,Utilities,Utilities - Regulated Electric,-1.4571988341769615
NABL,2026-02-02,Technology,Information Technology Services,-1.4573266035151236
MTW,2026-02-02,Industrials,Farm & Heavy Construction Machinery,-1.4575998187751438
WRD,2026-02-02,Technology,Software - Application,-1.4576114852458277
ECCX,2026-02-02,Unknown,Unknown,-1.457699982898738
CLPS,2026-02-02,Technology,Information Technology Services,-1.4577110871630723
HROW,2026-02-02,Healthcare,Drug Manufacturers - Specialty & Generic,-1.4579087614280755
LAKE,2026-02-02,Consumer Cyclical,Apparel Manufacturing,-1.4579463336615233
ABG,2026-02-02,Consumer Cyclical,Auto & Truck Dealerships,-1.4581051855867395
BILL,2026-02-02,Technology,Software - Application,-1.4584098257560025
PTY,2026-02-02,Financial Services,Asset Management,-1.4584304464751998
OMEX,2026-02-02,Basic Materials,Other Industrial Metals & Mining,-1.4584334758215003
JFIN,2026-02-02,Communication Services,Internet Content & Information,-1.4584713314008444
DEA,2026-02-02,Real Estate,REIT - Office,-1.4584812713958986
PAMT,2026-02-02,Industrials,Trucking,-1.4586150371238107
BANF,2026-02-02,Financial Services,Banks - Regional,-1.4586512037270662
OGE,2026-02-02,Utilities,Utilities - Regulated Electric,-1.4589768348033143
SAMG,2026-02-02,Financial Services,Asset Management,-1.45898273741032
PSX,2026-02-02,Energy,Oil & Gas Refining & Marketing,-1.458988570639547
IRWD,2026-02-02,Healthcare,Drug Manufacturers - Specialty & Generic,-1.4590392720720031
HERZ,2026-02-02,Unknown,Unknown,-1.4591096741603062
GMM,2026-02-02,Technology,Information Technology Services,-1.459903184325004
CXAI,2026-02-02,Technology,Software - Application,-1.460078523355857
ASAN,2026-02-02,Technology,Software - Application,-1.460160450178048
CSAN,2026-02-02,Energy,Oil & Gas Refining & Marketing,-1.4604843691157121
IRM,2026-02-02,Real Estate,REIT - Specialty,-1.4607503963581965
MRM,2026-02-02,Consumer Cyclical,Personal Services,-1.4609128418799824
GEOS,2026-02-02,Energy,Oil & Gas Equipment & Services,-1.4609732972293752
SCNX,2026-02-02,Healthcare,Pharmaceutical Retailers,-1.461074313178973
RUSHA,2026-02-02,Consumer Cyclical,Auto & Truck Dealerships,-1.461217814068422
LAMR,2026-02-02,Real Estate,REIT - Specialty,-1.4615907719890096
REXR,2026-02-02,Real Estate,REIT - Industrial,-1.4616852229519626
CBNK,2026-02-02,Financial Services,Banks - Regional,-1.4618153137189325
ANGO,2026-02-02,Healthcare,Medical Instruments & Supplies,-1.4618359999550923
ALGT,2026-02-02,Industrials,Airlines,-1.4619423662799615
CRAI,2026-02-02,Industrials,Consulting Services,-1.4621344267262433
OSK,2026-02-02,Industrials,Farm & Heavy Construction Machinery,-1.4623058523151333
UXIN,2026-02-02,Consumer Cyclical,Auto & Truck Dealerships,-1.4630839233757442
PVLA,2026-02-02,Healthcare,Biotechnology,-1.4631204418420216
SKYW,2026-02-02,Industrials,Airlines,-1.4632248279520246
UAMY,2026-02-02,Basic Materials,Other Industrial Metals & Mining,-1.4632361519177293
MRTN,2026-02-02,Industrials,Trucking,-1.4632720408149542
ALOT,2026-02-02,Technology,Computer Hardware,-1.4635541454530645
BGB,2026-02-02,Financial Services,Asset Management,-1.4635888812123343
BIRD,2026-02-02,Consumer Cyclical,Apparel Retail,-1.4636367078859163
ELAN,2026-02-02,Healthcare,Drug Manufacturers - Specialty & Generic,-1.4638272322250143
ARBB,2026-02-02,Technology,Information Technology Services,-1.464084390162443
DXCM,2026-02-02,Healthcare,Medical Devices,-1.4640861751432381
MGR,2026-02-02,Unknown,Unknown,-1.4643672951869389
PINS,2026-02-02,Communication Services,Internet Content & Information,-1.4644654654380262
YUMC,2026-02-02,Consumer Cyclical,Restaurants,-1.4648816711939852
XNCR,2026-02-02,Healthcare,Biotechnology,-1.4650671422918948
JWEL,2026-02-02,Consumer Cyclical,Internet Retail,-1.465291744895455
TENB,2026-02-02,Technology,Software - Infrastructure,-1.4653694650129534
ABTC,2026-02-02,Financial Services,Capital Markets,-1.4654862564975513
UTMD,2026-02-02,Healthcare,Medical Instruments & Supplies,-1.4655020688444367
CUBE,2026-02-02,Real Estate,REIT - Industrial,-1.4655034387834411
WING,2026-02-02,Consumer Cyclical,Restaurants,-1.4655187101933138
OWLT,2026-02-02,Healthcare,Medical Devices,-1.4658573511246802
ZG,2026-02-02,Communication Services,Internet Content & Information,-1.466257848239698
TIMB,2026-02-02,Communication Services,Telecom Services,-1.466629290281953
RIO,2026-02-02,Basic Materials,Other Industrial Metals & Mining,-1.4668160647989372
TDTH,2026-02-02,Technology,Information Technology Services,-1.4670851380259031
HLIT,2026-02-02,Technology,Communication Equipment,-1.4674901862116112
EHAB,2026-02-02,Healthcare,Medical Care Facilities,-1.4677069109267071
KITT,2026-02-02,Industrials,Aerospace & Defense,-1.4677923865765037
AACG,2026-02-02,Consumer Defensive,Education & Training Services,-1.4679935374243225
LCTX,2026-02-02,Healthcare,Biotechnology,-1.468385399478188
LECO,2026-02-02,Industrials,Tools & Accessories,-1.468419879035071
CAVA,2026-02-02,Consumer Cyclical,Restaurants,-1.4684547911224983
RUSHB,2026-02-02,Consumer Cyclical,Auto & Truck Dealerships,-1.4684981845363403
ANAB,2026-02-02,Healthcare,Biotechnology,-1.468761432752228
DAL,2026-02-02,Industrials,Airlines,-1.468792550102729
GECC,2026-02-02,Financial Services,Asset Management,-1.4687948158426114
LND,2026-02-02,Consumer Defensive,Farm Products,-1.468803504611094
NIPG,2026-02-02,Communication Services,Entertainment,-1.4695722350569957
REYN,2026-02-02,Consumer Cyclical,Packaging & Containers,-1.469574988604564
FSEA,2026-02-02,Financial Services,Banks - Regional,-1.4695960649558457
MRVI,2026-02-02,Healthcare,Biotechnology,-1.469598597687271
LFCR,2026-02-02,Healthcare,Drug Manufacturers - Specialty & Generic,-1.469641185771862
IIPR,2026-02-02,Real Estate,REIT - Industrial,-1.4696582359236319
ST,2026-02-02,Technology,Scientific & Technical Instruments,-1.4698546796518932
JTAI,2026-02-02,Technology,Software - Application,-1.4698939144034582
TRTX,2026-02-02,Real Estate,REIT - Mortgage,-1.4701179620492935
BIO,2026-02-02,Healthcare,Medical Devices,-1.470123918756895
PDS,2026-02-02,Energy,Oil & Gas Drilling,-1.4702929756379013
DCOMG,2026-02-02,Unknown,Unknown,-1.4703349933103376
WPC,2026-02-02,Real Estate,REIT - Diversified,-1.470555007254514
AMC,2026-02-02,Communication Services,Entertainment,-1.4707989391029488
GOGO,2026-02-02,Communication Services,Telecom Services,-1.4708082458621894
RMR,2026-02-02,Real Estate,Real Estate Services,-1.4708353462775876
KURA,2026-02-02,Healthcare,Biotechnology,-1.471109354975849
BIPJ,2026-02-02,Unknown,Unknown,-1.4716064434203873
MSS,2026-02-02,Consumer Defensive,Grocery Stores,-1.4716830876703306
CMRC,2026-02-02,Technology,Software - Application,-1.4717279992106966
CLFD,2026-02-02,Technology,Communication Equipment,-1.471792927455233
ORKA,2026-02-02,Healthcare,Biotechnology,-1.4718659945557788
SGHT,2026-02-02,Healthcare,Medical Devices,-1.471890377485303
BENF,2026-02-02,Financial Services,Asset Management,-1.4722591767815596
UFI,2026-02-02,Consumer Cyclical,Textile Manufacturing,-1.4723055845909534
SFBC,2026-02-02,Financial Services,Banks - Regional,-1.472894892984574
CVLG,2026-02-02,Industrials,Trucking,-1.472975311855803
ABLLL,2026-02-02,Unknown,Unknown,-1.4731110418510733
MWG,2026-02-02,Industrials,Rental & Leasing Services,-1.4731762465193738
ASPCU,2026-02-02,Financial Services,Shell Companies,-1.4735158690006624
D,2026-02-02,Utilities,Utilities - Regulated Electric,-1.4735623696173255
BAX,2026-02-02,Healthcare,Medical Instruments & Supplies,-1.4738092960714317
KARO,2026-02-02,Technology,Software - Application,-1.4741108568713357
SJ,2026-02-02,Communication Services,Internet Content & Information,-1.474455720324381
ALVO,2026-02-02,Healthcare,Drug Manufacturers - Specialty & Generic,-1.474690116695172
VLN,2026-02-02,Technology,Semiconductors,-1.474904741405551
SLVM,2026-02-02,Basic Materials,Paper & Paper Products,-1.4750821633691908
LVLU,2026-02-02,Consumer Cyclical,Apparel Retail,-1.475429208526842
DTG,2026-02-02,Unknown,Unknown,-1.4754421044954869
EIC,2026-02-02,Financial Services,Asset Management,-1.4756465647659667
HCSG,2026-02-02,Healthcare,Medical Care Facilities,-1.4761089580719282
PTLO,2026-02-02,Consumer Cyclical,Restaurants,-1.4762090393211593
WATT,2026-02-02,Technology,Scientific & Technical Instruments,-1.4763801235257712
Z,2026-02-02,Communication Services,Internet Content & Information,-1.4764277171669369
GENC,2026-02-02,Industrials,Farm & Heavy Construction Machinery,-1.4764757421002497
CXM,2026-02-02,Technology,Software - Application,-1.4766579066032728
HLNE,2026-02-02,Financial Services,Asset Management,-1.4766902764285068
DINO,2026-02-02,Energy,Oil & Gas Refining & Marketing,-1.4767038142213018
GPMT,2026-02-02,Real Estate,REIT - Mortgage,-1.476773844804739
MCI,2026-02-02,Financial Services,Asset Management,-1.4769538621849558
MGRE,2026-02-02,Unknown,Unknown,-1.4771021619236482
PRGO,2026-02-02,Healthcare,Drug Manufacturers - Specialty & Generic,-1.4771709211168682
KMPB,2026-02-02,Unknown,Unknown,-1.4771980541885854
LAR,2026-02-02,Basic Materials,Other Industrial Metals & Mining,-1.477259407926494
INBKZ,2026-02-02,Unknown,Unknown,-1.4774967193910264
CCM,2026-02-02,Healthcare,Medical Care Facilities,-1.4781524932680212
JYNT,2026-02-02,Healthcare,Medical Care Facilities,-1.4783046218668046
KE,2026-02-02,Industrials,Electrical Equipment & Parts,-1.4787122857458326
AZ,2026-02-02,Technology,Software - Application,-1.4787871363801233
XPO,2026-02-02,Industrials,Trucking,-1.47886609106144
GGB,2026-02-02,Basic Materials,Steel,-1.4792277973535304
TLSA,2026-02-02,Healthcare,Biotechnology,-1.4793881404883347
MNDY,2026-02-02,Technology,Software - Application,-1.4798954544947183
BUR,2026-02-02,Financial Services,Asset Management,-1.4799409073252379
BILI,2026-02-02,Communication Services,Internet Content & Information,-1.4804077947660044
BDCZ,2026-02-02,Unknown,Unknown,-1.4804354983003978
FNGO,2026-02-02,Unknown,Unknown,-1.4804896311404563
TKC,2026-02-02,Communication Services,Telecom Services,-1.4805343424787858
VRNS,2026-02-02,Technology,Software - Infrastructure,-1.4806339375745234
RYN,2026-02-02,Real Estate,REIT - Specialty,-1.4809542440618133
TCI,2026-02-02,Real Estate,Real Estate Services,-1.481153763284763
DOCU,2026-02-02,Technology,Software - Application,-1.481158779389712
UPB,2026-02-02,Healthcare,Biotechnology,-1.4816801867458747
TPGXL,2026-02-02,Unknown,Unknown,-1.4817041275743779
CHRW,2026-02-02,Industrials,Integrated Freight & Logistics,-1.4819609182274929
TEX,2026-02-02,Industrials,Farm & Heavy Construction Machinery,-1.481992264691433
SKM,2026-02-02,Communication Services,Telecom Services,-1.482076867960176
NMRK,2026-02-02,Real Estate,Real Estate Services,-1.482311298499435
USAS,2026-02-02,Basic Materials,Other Industrial Metals & Mining,-1.4823305645588816
ROMA,2026-02-02,Industrials,Consulting Services,-1.4824631467175278
EQIX,2026-02-02,Real Estate,REIT - Specialty,-1.4826733464550788
GEG,2026-02-02,Financial Services,Asset Management,-1.482726889706633
EAT,2026-02-02,Consumer Cyclical,Restaurants,-1.4829087522968503
OFG,2026-02-02,Financial Services,Banks - Regional,-1.482940374361592
HLMN,2026-02-02,Industrials,Tools & Accessories,-1.4830857417728232
ARCB,2026-02-02,Industrials,Trucking,-1.483142988827757
GTLB,2026-02-02,Technology,Software - Infrastructure,-1.483164710863545
HTCR,2026-02-02,Technology,Software - Application,-1.483504779195869
RITM,2026-02-02,Real Estate,REIT - Mortgage,-1.4839840631280694
NEON,2026-02-02,Technology,Electronic Components,-1.484237761360355
OST,2026-02-02,Technology,Electronic Components,-1.4842897603290828
JBHT,2026-02-02,Industrials,Integrated Freight & Logistics,-1.4843040084587809
AIN,2026-02-02,Consumer Cyclical,Textile Manufacturing,-1.4846451735128263
DPZ,2026-02-02,Consumer Cyclical,Restaurants,-1.4846992891429893
NUTX,2026-02-02,Healthcare,Medical Care Facilities,-1.4849362049500612
LCUT,2026-02-02,Consumer Cyclical,"Furnishings, Fixtures & Appliances",-1.4852823262120562
ODFL,2026-02-02,Industrials,Trucking,-1.4852873796073127
SPT,2026-02-02,Technology,Software - Application,-1.4854930973863616
CAPL,2026-02-02,Energy,Oil & Gas Refining & Marketing,-1.4856027099166182
IFN,2026-02-02,Financial Services,Asset Management,-1.485604834902051
RCS,2026-02-02,Financial Services,Asset Management,-1.485762483365883
SKIL,2026-02-02,Consumer Defensive,Education & Training Services,-1.4858814421397404
GIG,2026-02-02,Financial Services,Shell Companies,-1.4858823671342238
SE,2026-02-02,Consumer Cyclical,Internet Retail,-1.4858928108929186
CUBWU,2026-02-02,Financial Services,Shell Companies,-1.486012521855173
AVO,2026-02-02,Consumer Defensive,Food Distribution,-1.4860624137877791
TV,2026-02-02,Communication Services,Telecom Services,-1.4861719528050998
KW,2026-02-02,Real Estate,Real Estate Services,-1.4862505591470192
RJET,2026-02-02,Industrials,Airlines,-1.4863128721555035
KROS,2026-02-02,Healthcare,Biotechnology,-1.4863307988822212
PLAG,2026-02-02,Industrials,Conglomerates,-1.4867627562959218
IBN,2026-02-02,Financial Services,Banks - Regional,-1.4876991184794268
PERF,2026-02-02,Technology,Software - Application,-1.4878311634808896
SGBX,2026-02-02,Industrials,Metal Fabrication,-1.4878380886863831
ANIK,2026-02-02,Healthcare,Drug Manufacturers - Specialty & Generic,-1.4879045126281996
RBRK,2026-02-02,Technology,Software - Infrastructure,-1.4879066536903904
HPE,2026-02-02,Technology,Communication Equipment,-1.4879455954539749
LNN,2026-02-02,Industrials,Farm & Heavy Construction Machinery,-1.4880670347275915
HOLX,2026-02-02,Healthcare,Medical Instruments & Supplies,-1.4882392244324913
LMAT,2026-02-02,Healthcare,Medical Instruments & Supplies,-1.488510867225705
PAPL,2026-02-02,Financial Services,Mortgage Finance,-1.4894643999210857
GIFT,2026-02-02,Communication Services,Internet Content & Information,-1.4896705941038613
NB,2026-02-02,Basic Materials,Other Industrial Metals & Mining,-1.4901631065056844
SFM,2026-02-02,Consumer Defensive,Grocery Stores,-1.4903548405024571
SOGP,2026-02-02,Communication Services,Internet Content & Information,-1.4903927233794638
KPLT,2026-02-02,Technology,Software - Infrastructure,-1.4907423560711817
RILYT,2026-02-02,Unknown,Unknown,-1.490942759801546
BIPH,2026-02-02,Unknown,Unknown,-1.4912457924144162
BIPI,2026-02-02,Unknown,Unknown,-1.4913337930987147
AEFC,2026-02-02,Unknown,Unknown,-1.4913976265083004
CPZ,2026-02-02,Financial Services,Asset Management,-1.4914048331712166
UNIT,2026-02-02,Real Estate,REIT - Specialty,-1.4916895769039091
TGEN,2026-02-02,Industrials,Electrical Equipment & Parts,-1.4918807985379294
RGP,2026-02-02,Industrials,Consulting Services,-1.4923998626000887
SHAK,2026-02-02,Consumer Cyclical,Restaurants,-1.492426765079419
LANDP,2026-02-02,Real Estate,REIT - Specialty,-1.492553736272564
LFST,2026-02-02,Healthcare,Medical Care Facilities,-1.492699396662817
IPW,2026-02-02,Consumer Cyclical,Internet Retail,-1.4927196719539704
ALIT,2026-02-02,Technology,Software - Application,-1.493388857717112
DTSQ,2026-02-02,Financial Services,Shell Companies,-1.4940933595547075
PD,2026-02-02,Technology,Software - Application,-1.4943395932374348
VACHU,2026-02-02,Financial Services,Shell Companies,-1.4943772134901732
XPL,2026-02-02,Basic Materials,Other Industrial Metals & Mining,-1.494399202456694
KVYO,2026-02-02,Technology,Software - Application,-1.4944084270505382
SRTA,2026-02-02,Healthcare,Medical Care Facilities,-1.4950085922289025
PLCE,2026-02-02,Consumer Cyclical,Apparel Manufacturing,-1.4951731671094255
VRE,2026-02-02,Real Estate,REIT - Residential,-1.4952478719550553
NGNE,2026-02-02,Healthcare,Biotechnology,-1.4952871422847545
NAK,2026-02-02,Basic Materials,Other Industrial Metals & Mining,-1.4955171681873463
RZC,2026-02-02,Unknown,Unknown,-1.495532449046085
HUM,2026-02-02,Healthcare,Healthcare Plans,-1.4956320219046972
ADAMZ,2026-02-02,Real Estate,REIT - Mortgage,-1.4957722492035666
TAL,2026-02-02,Consumer Defensive,Education & Training Services,-1.4958275036745412
CRDL,2026-02-02,Healthcare,Drug Manufacturers - Specialty & Generic,-1.495897967901717
SMHB,2026-02-02,Unknown,Unknown,-1.4961429816079024
DJP,2026-02-02,Unknown,Unknown,-1.4966045460534259
EML,2026-02-02,Industrials,Tools & Accessories,-1.4968355509714832
NEO,2026-02-02,Healthcare,Diagnostics & Research,-1.4969568771421173
GIII,2026-02-02,Consumer Cyclical,Apparel Manufacturing,-1.4971394962902838
KMT,2026-02-02,Industrials,Tools & Accessories,-1.49717995989457
DKL,2026-02-02,Energy,Oil & Gas Refining & Marketing,-1.497189635138009
BHP,2026-02-02,Basic Materials,Other Industrial Metals & Mining,-1.497562013222741
CATO,2026-02-02,Consumer Cyclical,Apparel Retail,-1.4978300988032807
SBS,2026-02-02,Utilities,Utilities - Regulated Water,-1.498091900529858
PDD,2026-02-02,Consumer Cyclical,Internet Retail,-1.498112505222436
LBRDP,2026-02-02,Communication Services,Telecom Services,-1.498134883528456
ONL,2026-02-02,Real Estate,REIT - Office,-1.4985324869418695
GOODO,2026-02-02,Unknown,Unknown,-1.49854059787084
ADAMN,2026-02-02,Real Estate,REIT - Mortgage,-1.4986512152304012
JDZG,2026-02-02,Technology,Information Technology Services,-1.498785639208262
MO,2026-02-02,Consumer Defensive,Tobacco,-1.49891886049893
RMCF,2026-02-02,Consumer Defensive,Confectioners,-1.499121724449332
PRH,2026-02-02,Unknown,Unknown,-1.4992158350133482
SAIA,2026-02-02,Industrials,Trucking,-1.4993256671656507
LLYVK,2026-02-02,Communication Services,Entertainment,-1.4994478385606822
ESHA,2026-02-02,Financial Services,Shell Companies,-1.4995136159921416
COE,2026-02-02,Consumer Defensive,Education & Training Services,-1.4995136416614958
IRT,2026-02-02,Real Estate,REIT - Residential,-1.4998071302248075
FPI,2026-02-02,Real Estate,REIT - Specialty,-1.499913259321883
RDNW,2026-02-02,Consumer Cyclical,Auto & Truck Dealerships,-1.4999497304296663
ZENA,2026-02-02,Technology,Software - Infrastructure,-1.5000992160453668
VNO,2026-02-02,Real Estate,REIT - Office,-1.5006349931311445
MTD,2026-02-02,Healthcare,Diagnostics & Research,-1.500641546640618
KFS,2026-02-02,Consumer Cyclical,Auto & Truck Dealerships,-1.5007710363195947
FTV,2026-02-02,Technology,Scientific & Technical Instruments,-1.5007937083410332
TBB,2026-02-02,Unknown,Unknown,-1.5010067051863594
TLPH,2026-02-02,Healthcare,Drug Manufacturers - Specialty & Generic,-1.5010603610062045
SSTI,2026-02-02,Technology,Software - Application,-1.5013296395491582
MFI,2026-02-02,Technology,Software - Application,-1.5013375747119824
ATHS,2026-02-02,Unknown,Unknown,-1.5015410509809402
SWK,2026-02-02,Industrials,Tools & Accessories,-1.5016187605420541
VMI,2026-02-02,Industrials,Conglomerates,-1.5016319056495255
MYSE,2026-02-02,Technology,Software - Application,-1.501682090270659
GLE,2026-02-02,Technology,Information Technology Services,-1.5017083534034465
FGSN,2026-02-02,Unknown,Unknown,-1.5018310146155307
SOJD,2026-02-02,Unknown,Unknown,-1.5019468265088949
HIMS,2026-02-02,Healthcare,Drug Manufacturers - Specialty & Generic,-1.5021514831823208
MFA,2026-02-02,Real Estate,REIT - Mortgage,-1.50236897009616
KTB,2026-02-02,Consumer Cyclical,Apparel Manufacturing,-1.5023719861552418
VALE,2026-02-02,Basic Materials,Other Industrial Metals & Mining,-1.5024118553405574
TAP,2026-02-02,Consumer Defensive,Beverages - Brewers,-1.5024587746882143
MNTS,2026-02-02,Industrials,Aerospace & Defense,-1.5030190336168847
OLB,2026-02-02,Technology,Software - Infrastructure,-1.5030422125528813
PRPL,2026-02-02,Consumer Cyclical,"Furnishings, Fixtures & Appliances",-1.5031605680912363
DDOG,2026-02-02,Technology,Software - Application,-1.5032376851961107
EL,2026-02-02,Consumer Defensive,Household & Personal Products,-1.5035799769866702
IH,2026-02-02,Consumer Defensive,Education & Training Services,-1.5036645185148934
OXM,2026-02-02,Consumer Cyclical,Apparel Manufacturing,-1.5037144338140507
VLRS,2026-02-02,Industrials,Airlines,-1.5037910247150987
BAFN,2026-02-02,Financial Services,Banks - Regional,-1.503808247354678
SPOT,2026-02-02,Communication Services,Internet Content & Information,-1.5038280853196482
PXLW,2026-02-02,Technology,Semiconductors,-1.5038627992482825
IRS,2026-02-02,Real Estate,Real Estate Services,-1.503881279634696
FSP,2026-02-02,Real Estate,REIT - Office,-1.504028019411314
LEDS,2026-02-02,Technology,Semiconductors,-1.5042028885477399
SHLS,2026-02-02,Technology,Solar,-1.5046179653801117
PFFL,2026-02-02,Unknown,Unknown,-1.5046425963951349
EOSE,2026-02-02,Industrials,Electrical Equipment & Parts,-1.5047110372058619
ACDC,2026-02-02,Energy,Oil & Gas Equipment & Services,-1.5050100476171955
MGRB,2026-02-02,Unknown,Unknown,-1.5050503919030869
CRNT,2026-02-02,Technology,Communication Equipment,-1.505080349848573
IFBD,2026-02-02,Technology,Software - Application,-1.5051622711513577
SG,2026-02-02,Consumer Cyclical,Restaurants,-1.5052125929172968
HAYW,2026-02-02,Industrials,Electrical Equipment & Parts,-1.505347858498752
COO,2026-02-02,Healthcare,Medical Instruments & Supplies,-1.5058628088721242
SGC,2026-02-02,Consumer Cyclical,Apparel Manufacturing,-1.5060359845195825
TII,2026-02-02,Basic Materials,Other Industrial Metals & Mining,-1.5060418707532526
GNS,2026-02-02,Consumer Defensive,Education & Training Services,-1.5060548091462462
RMNI,2026-02-02,Technology,Software - Application,-1.5061009924997382
MAMA,2026-02-02,Consumer Defensive,Packaged Foods,-1.5061518855010103
PSIG,2026-02-02,Industrials,Integrated Freight & Logistics,-1.5062148100855348
AMGN,2026-02-02,Healthcare,Drug Manufacturers - General,-1.506447385460054
ASBA,2026-02-02,Unknown,Unknown,-1.5065849474771622
THC,2026-02-02,Healthcare,Medical Care Facilities,-1.5068745514455226
QMMM,2026-02-02,Communication Services,Advertising Agencies,-1.5069552447326005
EXAS,2026-02-02,Healthcare,Diagnostics & Research,-1.5071761160319335
SR,2026-02-02,Utilities,Utilities - Regulated Gas,-1.5072320923874662
AMPG,2026-02-02,Technology,Communication Equipment,-1.5072356193075331
CCRN,2026-02-02,Healthcare,Medical Care Facilities,-1.5074102986621236
NRUC,2026-02-02,Unknown,Unknown,-1.5074399376068026
LNTH,2026-02-02,Healthcare,Drug Manufacturers - Specialty & Generic,-1.507547476148089
RDAC,2026-02-02,Financial Services,Shell Companies,-1.5078792150103293
NWPX,2026-02-02,Basic Materials,Steel,-1.5080338460219476
CDZI,2026-02-02,Utilities,Utilities - Regulated Water,-1.5080604133365596
FIVN,2026-02-02,Technology,Software - Infrastructure,-1.5081055892106598
KAR,2026-02-02,Consumer Cyclical,Auto & Truck Dealerships,-1.5081731743542697
BDX,2026-02-02,Healthcare,Medical Instruments & Supplies,-1.5081879599838908
ECC,2026-02-02,Financial Services,Asset Management,-1.5084635180351447
TRDA,2026-02-02,Healthcare,Biotechnology,-1.5085034759649045
AMOD,2026-02-02,Technology,Software - Application,-1.5085413030027546
YIBO,2026-02-02,Technology,Computer Hardware,-1.5086229369834447
AKA,2026-02-02,Consumer Cyclical,Apparel Retail,-1.5089068463293098
BEPI,2026-02-02,Unknown,Unknown,-1.5089120973684305
MRK,2026-02-02,Healthcare,Drug Manufacturers - General,-1.5096165975493399
EGP,2026-02-02,Real Estate,REIT - Industrial,-1.5099357371105004
WEC,2026-02-02,Utilities,Utilities - Regulated Electric,-1.5099651019282514
CPRI,2026-02-02,Consumer Cyclical,Luxury Goods,-1.5102560647901861
RCC,2026-02-02,Unknown,Unknown,-1.5104380328169973
TTAN,2026-02-02,Technology,Software - Application,-1.5105278779256328
SOS,2026-02-02,Financial Services,Capital Markets,-1.5105349685851968
SQNS,2026-02-02,Technology,Semiconductors,-1.5110424361724648
TXRH,2026-02-02,Consumer Cyclical,Restaurants,-1.5110838859747646
CABO,2026-02-02,Communication Services,Telecom Services,-1.5114819129626786
TMCWW,2026-02-02,Basic Materials,Other Industrial Metals & Mining,-1.5114953133944606
MSIF,2026-02-02,Financial Services,Asset Management,-1.5119388776690386
BTMD,2026-02-02,Healthcare,Medical Care Facilities,-1.511948778060768
EGHT,2026-02-02,Technology,Software - Application,-1.5119617126936888
CTRN,2026-02-02,Consumer Cyclical,Apparel Retail,-1.5119688884372096
MIRA,2026-02-02,Healthcare,Drug Manufacturers - General,-1.5122382442188476
MAZE,2026-02-02,Healthcare,Biotechnology,-1.5123244147584112
REFI,2026-02-02,Real Estate,REIT - Mortgage,-1.512327353793034
MAAS,2026-02-02,Financial Services,Asset Management,-1.5125081236850437
ATGL,2026-02-02,Technology,Software - Infrastructure,-1.512535731472208
AZN,2026-02-02,Healthcare,Drug Manufacturers - General,-1.5127705340182895
TBHC,2026-02-02,Consumer Cyclical,Home Improvement Retail,-1.5129585274833106
TOYO,2026-02-02,Technology,Solar,-1.5132475222258257
LILA,2026-02-02,Communication Services,Telecom Services,-1.5135430756379877
KOD,2026-02-02,Healthcare,Biotechnology,-1.5135614089576341
OGI,2026-02-02,Healthcare,Drug Manufacturers - Specialty & Generic,-1.5136658832915375
TDS,2026-02-02,Communication Services,Telecom Services,-1.5138699280961232
AFGC,2026-02-02,Unknown,Unknown,-1.514025285303073
CRTO,2026-02-02,Communication Services,Advertising Agencies,-1.5141739932875389
MLPB,2026-02-02,Unknown,Unknown,-1.5141962304311738
PBH,2026-02-02,Healthcare,Drug Manufacturers - Specialty & Generic,-1.5147288523593867
CYPH,2026-02-02,Financial Services,Asset Management,-1.5148447220679366
BOSC,2026-02-02,Technology,Communication Equipment,-1.5152374045935593
AUID,2026-02-02,Technology,Software - Infrastructure,-1.5152929001051878
IMDX,2026-02-02,Healthcare,Diagnostics & Research,-1.5152955263543637
CBRE,2026-02-02,Real Estate,Real Estate Services,-1.5155587634190562
EHGO,2026-02-02,Industrials,Business Equipment & Supplies,-1.5156167405130092
DTB,2026-02-02,Unknown,Unknown,-1.5156565167227591
RUM,2026-02-02,Communication Services,Internet Content & Information,-1.5158808363534986
SOJF,2026-02-02,Unknown,Unknown,-1.5159276972361575
HUBG,2026-02-02,Industrials,Integrated Freight & Logistics,-1.5161319385118193
BKKT,2026-02-02,Technology,Software - Infrastructure,-1.5161729206289614
JOYY,2026-02-02,Communication Services,Internet Content & Information,-1.5161886439810126
BMBL,2026-02-02,Communication Services,Internet Content & Information,-1.5163234282320033
CWK,2026-02-02,Real Estate,Real Estate Services,-1.5164407575711556
BEPH,2026-02-02,Unknown,Unknown,-1.5164798264450488
AQNB,2026-02-02,Unknown,Unknown,-1.5165873881288774
LUMN,2026-02-02,Communication Services,Telecom Services,-1.5166258836616495
PSEC,2026-02-02,Financial Services,Asset Management,-1.516633727808237
FTFT,2026-02-02,Technology,Software - Application,-1.5169724392885862
BMY,2026-02-02,Healthcare,Drug Manufacturers - General,-1.5170445565839783
TMO,2026-02-02,Healthcare,Diagnostics & Research,-1.517104976608836
NHTC,2026-02-02,Consumer Cyclical,Internet Retail,-1.5173202378012647
AIRG,2026-02-02,Technology,Communication Equipment,-1.5173937631355807
HON,2026-02-02,Industrials,Conglomerates,-1.517514285693728
PFH,2026-02-02,Unknown,Unknown,-1.517529075832347
ARL,2026-02-02,Real Estate,Real Estate Services,-1.5175640295264305
OFS,2026-02-02,Financial Services,Asset Management,-1.5176780248526123
BDL,2026-02-02,Consumer Cyclical,Restaurants,-1.5178211716117171
MNMD,2026-02-02,Healthcare,Biotechnology,-1.5180619009055436
CNCK,2026-02-02,Financial Services,Capital Markets,-1.5181034697135756
ZBRA,2026-02-02,Technology,Communication Equipment,-1.518552534947088
TWI,2026-02-02,Industrials,Farm & Heavy Construction Machinery,-1.5186679079672554
EXTR,2026-02-02,Technology,Communication Equipment,-1.5190426777783135
VPG,2026-02-02,Technology,Scientific & Technical Instruments,-1.5190750218404883
ARE,2026-02-02,Real Estate,REIT - Office,-1.519153402098993
GLPI,2026-02-02,Real Estate,REIT - Specialty,-1.519478250053041
PRGS,2026-02-02,Technology,Software - Infrastructure,-1.519503902418852
TAVIU,2026-02-02,Financial Services,Shell Companies,-1.5195935450316387
OBLG,2026-02-02,Technology,Software - Application,-1.5196043880786652
GLSI,2026-02-02,Healthcare,Biotechnology,-1.5196743283353944
AFGB,2026-02-02,Unknown,Unknown,-1.5199030153875717
SNDR,2026-02-02,Industrials,Trucking,-1.519955635543486
SKE,2026-02-02,Basic Materials,Other Industrial Metals & Mining,-1.5199922961488113
ULCC,2026-02-02,Industrials,Airlines,-1.5202174538418507
CMS,2026-02-02,Utilities,Utilities - Regulated Electric,-1.5202403177301556
SFIX,2026-02-02,Consumer Cyclical,Apparel Retail,-1.520833869759891
RDGT,2026-02-02,Healthcare,Pharmaceutical Retailers,-1.5210045143992863
ASRT,2026-02-02,Healthcare,Drug Manufacturers - Specialty & Generic,-1.5210416264194508
RVYL,2026-02-02,Technology,Software - Infrastructure,-1.5212294131185438
REX,2026-02-02,Basic Materials,Chemicals,-1.5215770786709022
IPX,2026-02-02,Basic Materials,Other Industrial Metals & Mining,-1.5221108508967407
SNT,2026-02-02,Industrials,Security & Protection Services,-1.5229748214644585
CGABL,2026-02-02,Unknown,Unknown,-1.5229913593612496
JZ,2026-02-02,Technology,Information Technology Services,-1.523020550262719
FR,2026-02-02,Real Estate,REIT - Industrial,-1.5231031921031346
SNCY,2026-02-02,Industrials,Airlines,-1.5232173855541975
BG,2026-02-02,Consumer Defensive,Farm Products,-1.52329988942039
FEDU,2026-02-02,Consumer Defensive,Education & Training Services,-1.523432526442501
PETZ,2026-02-02,Consumer Cyclical,Restaurants,-1.5235301597620308
NCSM,2026-02-02,Energy,Oil & Gas Equipment & Services,-1.5236607642918008
WS,2026-02-02,Basic Materials,Steel,-1.5237436910435138
NL,2026-02-02,Industrials,Security & Protection Services,-1.5237956592474513
KVHI,2026-02-02,Communication Services,Telecom Services,-1.5239951687089048
STWD,2026-02-02,Real Estate,REIT - Mortgage,-1.5243399259225638
IRMD,2026-02-02,Healthcare,Medical Devices,-1.5243810241712148
BLMN,2026-02-02,Consumer Cyclical,Restaurants,-1.524840387213496
GLAD,2026-02-02,Financial Services,Asset Management,-1.5250798854929035
AVAH,2026-02-02,Healthcare,Medical Care Facilities,-1.5251816402363125
IQV,2026-02-02,Healthcare,Diagnostics & Research,-1.5254329652663041
ASTH,2026-02-02,Healthcare,Medical Care Facilities,-1.525972229853535
RRGB,2026-02-02,Consumer Cyclical,Restaurants,-1.52611787412647
GPC,2026-02-02,Consumer Cyclical,Auto Parts,-1.5263714535059176
UMH,2026-02-02,Real Estate,REIT - Residential,-1.5266535405263535
CHWY,2026-02-02,Consumer Cyclical,Internet Retail,-1.526775660005763
POWL,2026-02-02,Industrials,Electrical Equipment & Parts,-1.5269054525000414
HEPS,2026-02-02,Consumer Cyclical,Internet Retail,-1.526970169547379
LVO,2026-02-02,Communication Services,Entertainment,-1.5269934588603569
ARDT,2026-02-02,Healthcare,Medical Care Facilities,-1.527353510313173
OSCR,2026-02-02,Healthcare,Healthcare Plans,-1.5275019510587964
AVPT,2026-02-02,Technology,Software - Infrastructure,-1.5275663967621709
NRDS,2026-02-02,Communication Services,Internet Content & Information,-1.5281013031153161
MP,2026-02-02,Basic Materials,Other Industrial Metals & Mining,-1.5281770336699005
MAGN,2026-02-02,Basic Materials,Paper & Paper Products,-1.5281961900765888
ACHC,2026-02-02,Healthcare,Medical Care Facilities,-1.5284301912146976
RCON,2026-02-02,Energy,Oil & Gas Equipment & Services,-1.5285785808654688
NE,2026-02-02,Energy,Oil & Gas Drilling,-1.5285880053926517
WRN,2026-02-02,Basic Materials,Other Industrial Metals & Mining,-1.5287811506046107
UZD,2026-02-02,Unknown,Unknown,-1.5287939584648471
SLN,2026-02-02,Healthcare,Biotechnology,-1.528973933371908
BRZE,2026-02-02,Technology,Software - Application,-1.5291660369393876
EXR,2026-02-02,Real Estate,REIT - Industrial,-1.529282594920074
PETS,2026-02-02,Healthcare,Pharmaceutical Retailers,-1.5294161946870195
CHCI,2026-02-02,Real Estate,Real Estate Services,-1.5294564986567705
FWDI,2026-02-02,Consumer Cyclical,Footwear & Accessories,-1.5294752224019832
MYND,2026-02-02,Consumer Defensive,Education & Training Services,-1.529652941436727
RILYK,2026-02-02,Unknown,Unknown,-1.5297559688864384
BGSF,2026-02-02,Industrials,Staffing & Employment Services,-1.529788664504238
LTBR,2026-02-02,Industrials,Electrical Equipment & Parts,-1.5301723848208573
SPMC,2026-02-02,Unknown,Unknown,-1.5302966491999308
ERAS,2026-02-02,Healthcare,Biotechnology,-1.5306054126927386
TIRX,2026-02-02,Financial Services,Insurance Brokers,-1.5307464321874704
BCYC,2026-02-02,Healthcare,Biotechnology,-1.5308049437898177
AYTU,2026-02-02,Healthcare,Drug Manufacturers - Specialty & Generic,-1.5311429044880907
MDAI,2026-02-02,Healthcare,Medical Devices,-1.5313643090382605
AVA,2026-02-02,Utilities,Utilities - Diversified,-1.531672443517096
PTEN,2026-02-02,Energy,Oil & Gas Drilling,-1.5316742476406944
UNMA,2026-02-02,Unknown,Unknown,-1.5319326763042058
DSGX,2026-02-02,Technology,Software - Application,-1.5319888488579174
PTGX,2026-02-02,Healthcare,Biotechnology,-1.5320149507064127
ZSPC,2026-02-02,Technology,Computer Hardware,-1.5321361218642615
VMD,2026-02-02,Healthcare,Medical Devices,-1.5322155723020319
TLYS,2026-02-02,Consumer Cyclical,Apparel Retail,-1.53234418666737
LBTYA,2026-02-02,Communication Services,Telecom Services,-1.5324008701143397
KEYS,2026-02-02,Technology,Scientific & Technical Instruments,-1.5324545380923902
UNB,2026-02-02,Financial Services,Banks - Regional,-1.5328331602399174
PLOW,2026-02-02,Consumer Cyclical,Auto Parts,-1.532998387626778
IDYA,2026-02-02,Healthcare,Biotechnology,-1.5331285992014974
KLC,2026-02-02,Consumer Defensive,Education & Training Services,-1.533245478332989
MIRM,2026-02-02,Healthcare,Biotechnology,-1.5336198380993373
ASPC,2026-02-02,Financial Services,Shell Companies,-1.5337154231625234
CTO,2026-02-02,Real Estate,REIT - Diversified,-1.533894433390319
TBMCR,2026-02-02,Unknown,Unknown,-1.534067774652758
MLGO,2026-02-02,Technology,Software - Infrastructure,-1.5341886168951717
GOTU,2026-02-02,Consumer Defensive,Education & Training Services,-1.5345608723817918
APYX,2026-02-02,Healthcare,Medical Devices,-1.534636825433968
GPJA,2026-02-02,Unknown,Unknown,-1.535132935439623
BPYPN,2026-02-02,Real Estate,Real Estate Services,-1.5354678308341954
FSHPU,2026-02-02,Financial Services,Shell Companies,-1.5356431309733123
LOCO,2026-02-02,Consumer Cyclical,Restaurants,-1.5357244176907197
CMBM,2026-02-02,Technology,Communication Equipment,-1.5360481628072649
LPBBU,2026-02-02,Financial Services,Shell Companies,-1.536097753069365
ARKR,2026-02-02,Consumer Cyclical,Restaurants,-1.5364368273272435
CSV,2026-02-02,Consumer Cyclical,Personal Services,-1.5366555359500078
ENVX,2026-02-02,Industrials,Electrical Equipment & Parts,-1.5367695265883665
CTDD,2026-02-02,Unknown,Unknown,-1.5368321147465318
MOMO,2026-02-02,Communication Services,Internet Content & Information,-1.536879660319499
UZE,2026-02-02,Unknown,Unknown,-1.5369373525917132
COLD,2026-02-02,Real Estate,REIT - Industrial,-1.537463146949991
ETHMU,2026-02-02,Financial Services,Shell Companies,-1.5376186413598019
PFE,2026-02-02,Healthcare,Drug Manufacturers - General,-1.537676956466361
JSM,2026-02-02,Unknown,Unknown,-1.5377148499919435
GTX,2026-02-02,Consumer Cyclical,Auto Parts,-1.537724641958684
AVTX,2026-02-02,Healthcare,Biotechnology,-1.5378000551432767
VEON,2026-02-02,Communication Services,Telecom Services,-1.537948717130318
TSAT,2026-02-02,Technology,Communication Equipment,-1.5380050505910836
QIPT,2026-02-02,Healthcare,Medical Distribution,-1.5381427949172164
EM,2026-02-02,Consumer Cyclical,Personal Services,-1.5383469185568925
LBTYB,2026-02-02,Communication Services,Telecom Services,-1.5383821663605162
HWCPZ,2026-02-02,Unknown,Unknown,-1.5384530900431512
INTJ,2026-02-02,Industrials,Consulting Services,-1.5386306715995317
TBMC,2026-02-02,Financial Services,Shell Companies,-1.5386543345395565
BTCT,2026-02-02,Technology,Computer Hardware,-1.5389192271677699
PDM,2026-02-02,Real Estate,REIT - Office,-1.5389670143937344
NAMS,2026-02-02,Healthcare,Biotechnology,-1.5393263100872114
CHSCL,2026-02-02,Consumer Defensive,Farm Products,-1.5394321396131827
COMP,2026-02-02,Real Estate,Real Estate Services,-1.5394575163693995
ZEPP,2026-02-02,Technology,Consumer Electronics,-1.539897094719721
CIG,2026-02-02,Utilities,Utilities - Diversified,-1.540482071501784
BULL,2026-02-02,Technology,Software - Application,-1.540542709336502
FRSH,2026-02-02,Technology,Software - Application,-1.540936644626425
CMG,2026-02-02,Consumer Cyclical,Restaurants,-1.5412373136051143
DRI,2026-02-02,Consumer Cyclical,Restaurants,-1.5413349024430691
RPT,2026-02-02,Real Estate,REIT - Mortgage,-1.541488687168021
TWO,2026-02-02,Real Estate,REIT - Mortgage,-1.5415673132565917
APLMW,2026-02-02,Unknown,Unknown,-1.541624059049623
MMSI,2026-02-02,Healthcare,Medical Instruments & Supplies,-1.5416993601040807
STI,2026-02-02,Industrials,Electrical Equipment & Parts,-1.5417806503467926
JBSS,2026-02-02,Consumer Defensive,Packaged Foods,-1.5418786759877698
CURR,2026-02-02,Technology,Software - Application,-1.541882078185591
PACB,2026-02-02,Healthcare,Medical Devices,-1.541914852203903
ORKT,2026-02-02,Technology,Software - Application,-1.5420252109528936
UZF,2026-02-02,Unknown,Unknown,-1.542053905420096
AUDC,2026-02-02,Technology,Communication Equipment,-1.5420889872574004
TRNO,2026-02-02,Real Estate,REIT - Industrial,-1.542111162211338
BEPJ,2026-02-02,Unknown,Unknown,-1.5421866149127224
TME,2026-02-02,Communication Services,Internet Content & Information,-1.54224684908845
LQDA,2026-02-02,Healthcare,Biotechnology,-1.5422806145245247
HCM,2026-02-02,Healthcare,Drug Manufacturers - Specialty & Generic,-1.5425466072478224
TYL,2026-02-02,Technology,Software - Application,-1.5427334752066304
CVR,2026-02-02,Industrials,Tools & Accessories,-1.5430123061722276
HRB,2026-02-02,Consumer Cyclical,Personal Services,-1.5432528931800873
TMC,2026-02-02,Basic Materials,Other Industrial Metals & Mining,-1.5433714023285585
LLYVA,2026-02-02,Communication Services,Entertainment,-1.5435845259353784
PAYX,2026-02-02,Technology,Software - Application,-1.5438867199665385
SGU,2026-02-02,Energy,Oil & Gas Refining & Marketing,-1.543894614627997
MNYWW,2026-02-02,Communication Services,Internet Content & Information,-1.5445018601468417
ACVA,2026-02-02,Consumer Cyclical,Auto & Truck Dealerships,-1.5446908760794786
TECK,2026-02-02,Basic Materials,Other Industrial Metals & Mining,-1.544721475141998
BLFS,2026-02-02,Healthcare,Medical Instruments & Supplies,-1.5449007158648012
CPNG,2026-02-02,Consumer Cyclical,Internet Retail,-1.5449033168454167
SEVN,2026-02-02,Real Estate,REIT - Mortgage,-1.545302254744762
UP,2026-02-02,Industrials,Airports & Air Services,-1.5453697973009561
UAVS,2026-02-02,Technology,Computer Hardware,-1.5453702546878154
NAII,2026-02-02,Consumer Defensive,Packaged Foods,-1.5458837964827519
NXDR,2026-02-02,Communication Services,Internet Content & Information,-1.5460395474989
BIIB,2026-02-02,Healthcare,Drug Manufacturers - General,-1.5463073103739267
DLX,2026-02-02,Industrials,Conglomerates,-1.5463188200734408
SREA,2026-02-02,Unknown,Unknown,-1.5465849821639852
IPM,2026-02-02,Technology,Software - Application,-1.546627103446984
UGP,2026-02-02,Energy,Oil & Gas Refining & Marketing,-1.5466480749454947
NHC,2026-02-02,Healthcare,Medical Care Facilities,-1.5469285137564681
SUI,2026-02-02,Real Estate,REIT - Residential,-1.5469398705608373
PRTA,2026-02-02,Healthcare,Biotechnology,-1.5469653080793664
DAR,2026-02-02,Consumer Defensive,Packaged Foods,-1.5469845439998218
PALI,2026-02-02,Healthcare,Biotechnology,-1.5470816433396315
NBR,2026-02-02,Energy,Oil & Gas Drilling,-1.5471198631227698
NRT,2026-02-02,Energy,Oil & Gas E&P,-1.547134108640477
PNTG,2026-02-02,Healthcare,Medical Care Facilities,-1.5472523404595184
FDP,2026-02-02,Consumer Defensive,Farm Products,-1.5474405705618357
ALHC,2026-02-02,Healthcare,Healthcare Plans,-1.5475001967080275
SNYR,2026-02-02,Healthcare,Medical Distribution,-1.54786644802638
SUPN,2026-02-02,Healthcare,Drug Manufacturers - Specialty & Generic,-1.5479241715713792
LGCB,2026-02-02,Consumer Cyclical,Internet Retail,-1.548108479941184
GRAL,2026-02-02,Healthcare,Diagnostics & Research,-1.5484203193632327
ILPT,2026-02-02,Real Estate,REIT - Industrial,-1.548481023673972
A,2026-02-02,Healthcare,Diagnostics & Research,-1.5487420103326748
QVCC,2026-02-02,Unknown,Unknown,-1.5488353396132193
GMAB,2026-02-02,Healthcare,Biotechnology,-1.5489010932145157
CRESY,2026-02-02,Industrials,Conglomerates,-1.548908748805644
LFT,2026-02-02,Real Estate,REIT - Mortgage,-1.5491382834914138
NTGR,2026-02-02,Technology,Communication Equipment,-1.549438251865422
AN,2026-02-02,Consumer Cyclical,Auto & Truck Dealerships,-1.5494828975519783
SLAI,2026-02-02,Technology,Information Technology Services,-1.549843428015054
JOUT,2026-02-02,Consumer Cyclical,Leisure,-1.5500346006698853
MGRD,2026-02-02,Unknown,Unknown,-1.5504859022212556
CXDO,2026-02-02,Communication Services,Telecom Services,-1.550658998552987
GAUZ,2026-02-02,Technology,Electronic Components,-1.5507030776102064
OFIX,2026-02-02,Healthcare,Medical Devices,-1.5512145815929677
MNDO,2026-02-02,Technology,Software - Application,-1.5512736606007027
CMSD,2026-02-02,Unknown,Unknown,-1.5516581291280438
KKRS,2026-02-02,Unknown,Unknown,-1.551726913827527
STKS,2026-02-02,Consumer Cyclical,Restaurants,-1.5520546437733018
KIDS,2026-02-02,Healthcare,Medical Devices,-1.5522485559265895
LITB,2026-02-02,Consumer Cyclical,Apparel Manufacturing,-1.5523476770765836
UCAR,2026-02-02,Consumer Cyclical,Auto & Truck Dealerships,-1.5525980497818153
LEVI,2026-02-02,Consumer Cyclical,Apparel Manufacturing,-1.5526744249505549
JLL,2026-02-02,Real Estate,Real Estate Services,-1.5527030971176117
BLCO,2026-02-02,Healthcare,Medical Instruments & Supplies,-1.5528874076429766
BOF,2026-02-02,Consumer Defensive,Packaged Foods,-1.5531114701321216
PROF,2026-02-02,Healthcare,Medical Devices,-1.5531295203229694
METCZ,2026-02-02,Unknown,Unknown,-1.5533045679775324
CMPX,2026-02-02,Healthcare,Biotechnology,-1.5533969528863294
CVNA,2026-02-02,Consumer Cyclical,Auto & Truck Dealerships,-1.5536524203975868
AMS,2026-02-02,Healthcare,Medical Care Facilities,-1.553792571628636
SDRL,2026-02-02,Energy,Oil & Gas Drilling,-1.5539594007319586
PEPG,2026-02-02,Healthcare,Biotechnology,-1.554093607002868
LIF,2026-02-02,Technology,Software - Application,-1.554765250609582
ABT,2026-02-02,Healthcare,Medical Devices,-1.5552390582536622
BCG,2026-02-02,Financial Services,Asset Management,-1.555248196109339
TMUS,2026-02-02,Communication Services,Telecom Services,-1.5553760788205622
AOMN,2026-02-02,Unknown,Unknown,-1.5556970641946373
BBU,2026-02-02,Industrials,Conglomerates,-1.5558638889799452
DOLE,2026-02-02,Consumer Defensive,Farm Products,-1.5558678347316848
GIL,2026-02-02,Consumer Cyclical,Apparel Manufacturing,-1.5559512064202472
ARCO,2026-02-02,Consumer Cyclical,Restaurants,-1.5560397146914084
GCO,2026-02-02,Consumer Cyclical,Apparel Retail,-1.5561346128255538
NEOV,2026-02-02,Industrials,Electrical Equipment & Parts,-1.5566888736888014
GMED,2026-02-02,Healthcare,Medical Devices,-1.5567507267560539
IVDA,2026-02-02,Industrials,Security & Protection Services,-1.5569708842186225
SHEN,2026-02-02,Communication Services,Telecom Services,-1.5570292260771381
AMST,2026-02-02,Technology,Software - Application,-1.557393209991437
NVO,2026-02-02,Healthcare,Drug Manufacturers - General,-1.557415709483556
ADSE,2026-02-02,Industrials,Electrical Equipment & Parts,-1.5574710781121797
SWZ,2026-02-02,Unknown,Unknown,-1.5576335327236353
BNZI,2026-02-02,Technology,Software - Application,-1.55771575594606
PAR,2026-02-02,Technology,Software - Application,-1.557752352343105
CBRL,2026-02-02,Consumer Cyclical,Restaurants,-1.5579338271630718
AIRTP,2026-02-02,Industrials,Conglomerates,-1.5581040001397002
HLF,2026-02-02,Consumer Defensive,Packaged Foods,-1.5581613337730373
WNC,2026-02-02,Industrials,Farm & Heavy Construction Machinery,-1.5584004513278906
OESX,2026-02-02,Industrials,Electrical Equipment & Parts,-1.5585063161204766
IDXX,2026-02-02,Healthcare,Diagnostics & Research,-1.5587359741241895
QSI,2026-02-02,Healthcare,Medical Devices,-1.5588266929688073
RFIL,2026-02-02,Industrials,Electrical Equipment & Parts,-1.5590801468574624
CMSA,2026-02-02,Unknown,Unknown,-1.5592953580573898
RGCO,2026-02-02,Utilities,Utilities - Regulated Gas,-1.5595020414891054
IMCR,2026-02-02,Healthcare,Biotechnology,-1.5598541600237377
VZLA,2026-02-02,Basic Materials,Other Industrial Metals & Mining,-1.56037144191836
IMTE,2026-02-02,Technology,Electronic Components,-1.5605341139938087
STRRP,2026-02-02,Industrials,Conglomerates,-1.5605767728712756
CYN,2026-02-02,Technology,Software - Application,-1.5608303378133068
PRDO,2026-02-02,Consumer Defensive,Education & Training Services,-1.5611359770326756
CMTG,2026-02-02,Real Estate,REIT - Mortgage,-1.5611850279157635
FISV,2026-02-02,Unknown,Unknown,-1.5622005525849327
RWT,2026-02-02,Real Estate,REIT - Mortgage,-1.5622485635643077
IEP,2026-02-02,Energy,Oil & Gas Refining & Marketing,-1.5624419569444858
JG,2026-02-02,Technology,Software - Infrastructure,-1.5624840173703127
OSUR,2026-02-02,Healthcare,Medical Instruments & Supplies,-1.5625242460736872
BZ,2026-02-02,Communication Services,Internet Content & Information,-1.5625524383392329
OPTU,2026-02-02,Communication Services,Telecom Services,-1.5626597911505893
TNDM,2026-02-02,Healthcare,Medical Devices,-1.562754759664509
ANGH,2026-02-02,Communication Services,Entertainment,-1.562963918648936
OAKUR,2026-02-02,Unknown,Unknown,-1.5630897310937844
FDX,2026-02-02,Industrials,Integrated Freight & Logistics,-1.5632546225642578
ALCO,2026-02-02,Consumer Defensive,Farm Products,-1.5632821386662863
AVBP,2026-02-02,Healthcare,Biotechnology,-1.5633983081106437
CELC,2026-02-02,Healthcare,Biotechnology,-1.5634245249928531
SEGG,2026-02-02,Consumer Cyclical,Gambling,-1.5636790250943648
ROST,2026-02-02,Consumer Cyclical,Apparel Retail,-1.5640967102553887
NLOP,2026-02-02,Real Estate,REIT - Office,-1.5649044903347706
TONX,2026-02-02,Technology,Software - Application,-1.5649046912755025
TR,2026-02-02,Consumer Defensive,Confectioners,-1.5649522702659013
TEVA,2026-02-02,Healthcare,Drug Manufacturers - Specialty & Generic,-1.565013109352443
STAA,2026-02-02,Healthcare,Medical Instruments & Supplies,-1.5652141547568135
GJS,2026-02-02,Unknown,Unknown,-1.5652564955145003
CMSC,2026-02-02,Unknown,Unknown,-1.5654268594753855
GXO,2026-02-02,Industrials,Integrated Freight & Logistics,-1.5654318798208129
SOLV,2026-02-02,Healthcare,Medical Instruments & Supplies,-1.5654486065289308
NI,2026-02-02,Utilities,Utilities - Regulated Gas,-1.565817340193072
NEWTH,2026-02-02,Unknown,Unknown,-1.565935725688928
LUXE,2026-02-02,Consumer Cyclical,Luxury Goods,-1.5659544506041407
CON,2026-02-02,Healthcare,Medical Care Facilities,-1.5659697232615797
GIGGU,2026-02-02,Financial Services,Shell Companies,-1.566295114909878
BODI,2026-02-02,Communication Services,Internet Content & Information,-1.5663335402396157
AD,2026-02-02,Communication Services,Telecom Services,-1.5664616820822375
CIM,2026-02-02,Real Estate,REIT - Mortgage,-1.5664933080053973
ARQT,2026-02-02,Healthcare,Biotechnology,-1.5665276432612896
AMUB,2026-02-02,Unknown,Unknown,-1.5666100406734282
DGNX,2026-02-02,Industrials,Consulting Services,-1.5666479201387957
PRE,2026-02-02,Healthcare,Diagnostics & Research,-1.5667115834431182
AFRI,2026-02-02,Consumer Defensive,Farm Products,-1.5669290919664793
RMSG,2026-02-02,Unknown,Unknown,-1.56721962360297
VIOT,2026-02-02,Consumer Cyclical,"Furnishings, Fixtures & Appliances",-1.567500687903896
CSAI,2026-02-02,Technology,Software - Infrastructure,-1.5676191282306657
DTW,2026-02-02,Unknown,Unknown,-1.5676928578437466
PHI,2026-02-02,Communication Services,Telecom Services,-1.5677968506208897
IDT,2026-02-02,Communication Services,Telecom Services,-1.5678887212485875
ESTC,2026-02-02,Technology,Software - Application,-1.568172656540471
PLUG,2026-02-02,Industrials,Electrical Equipment & Parts,-1.5683515105908248
PYPD,2026-02-02,Healthcare,Biotechnology,-1.568561010509564
SIBN,2026-02-02,Healthcare,Medical Devices,-1.5686155758656324
CNX,2026-02-02,Energy,Oil & Gas E&P,-1.568918938486072
ENTA,2026-02-02,Healthcare,Biotechnology,-1.5691071595759842
DBGI,2026-02-02,Consumer Cyclical,Apparel Retail,-1.5692279915925036
GJH,2026-02-02,Unknown,Unknown,-1.5697046676344704
TNMG,2026-02-02,Communication Services,Publishing,-1.5697795340502396
HFFG,2026-02-02,Consumer Defensive,Food Distribution,-1.5697967579902077
EEX,2026-02-02,Communication Services,Advertising Agencies,-1.5699846273770226
GFAI,2026-02-02,Industrials,Security & Protection Services,-1.5701032528667886
STVN,2026-02-02,Healthcare,Medical Instruments & Supplies,-1.5701227471601809
BBIO,2026-02-02,Healthcare,Biotechnology,-1.5702436855354223
MYO,2026-02-02,Healthcare,Medical Devices,-1.570314255137344
PPL,2026-02-02,Utilities,Utilities - Regulated Electric,-1.5705543416256667
MLAB,2026-02-02,Technology,Scientific & Technical Instruments,-1.5705547021356479
APOS,2026-02-02,Unknown,Unknown,-1.5707660355817166
OSW,2026-02-02,Consumer Cyclical,Leisure,-1.5709831709902586
VSCO,2026-02-02,Consumer Cyclical,Apparel Retail,-1.5710152285123475
ELS,2026-02-02,Real Estate,REIT - Residential,-1.5710648170600898
LNKS,2026-02-02,Industrials,Electrical Equipment & Parts,-1.5711261324624262
TSHA,2026-02-02,Healthcare,Biotechnology,-1.5712625686652917
STOK,2026-02-02,Healthcare,Biotechnology,-1.5714491095213305
JBK,2026-02-02,Unknown,Unknown,-1.5714995286716058
MPC,2026-02-02,Energy,Oil & Gas Refining & Marketing,-1.571539660670623
FIP,2026-02-02,Industrials,Conglomerates,-1.571609029818819
ISRG,2026-02-02,Healthcare,Medical Instruments & Supplies,-1.5718218970171396
UPS,2026-02-02,Industrials,Integrated Freight & Logistics,-1.5718471468472541
GKOS,2026-02-02,Healthcare,Medical Devices,-1.5718645676037315
GNSS,2026-02-02,Technology,Scientific & Technical Instruments,-1.5723235240115865
BKH,2026-02-02,Utilities,Utilities - Regulated Gas,-1.5726664061342295
DVA,2026-02-02,Healthcare,Medical Care Facilities,-1.572694765357685
HUBC,2026-02-02,Technology,Software - Infrastructure,-1.573010003644782
PEN,2026-02-02,Healthcare,Medical Devices,-1.5733037894014368
ABBV,2026-02-02,Healthcare,Drug Manufacturers - General,-1.5733069061110778
CYTK,2026-02-02,Healthcare,Biotechnology,-1.573473536646587
MD,2026-02-02,Healthcare,Medical Care Facilities,-1.5734800143345877
SHFS,2026-02-02,Financial Services,Banks - Regional,-1.5735834342235182
SEG,2026-02-02,Real Estate,Real Estate Services,-1.5736882724091394
ZGN,2026-02-02,Consumer Cyclical,Apparel Manufacturing,-1.573688438617843
SEDG,2026-02-02,Technology,Solar,-1.5738891780305515
TPR,2026-02-02,Consumer Cyclical,Luxury Goods,-1.5739263689872698
CHSCP,2026-02-02,Consumer Defensive,Farm Products,-1.574067322356496
SRAD,2026-02-02,Technology,Software - Application,-1.57421836147097
ASST,2026-02-02,Financial Services,Asset Management,-1.5746984529413095
IRTC,2026-02-02,Healthcare,Medical Devices,-1.5749900682161169
WBTN,2026-02-02,Communication Services,Internet Content & Information,-1.5751925389987724
BSY,2026-02-02,Technology,Software - Application,-1.5752320784431908
XBP,2026-02-02,Technology,Software - Infrastructure,-1.5752734979182192
BNJ,2026-02-02,Unknown,Unknown,-1.57533789127065
LSE,2026-02-02,Energy,Oil & Gas Equipment & Services,-1.5753439012926072
HSDT,2026-02-02,Financial Services,Asset Management,-1.5755104568360478
ILMN,2026-02-02,Healthcare,Diagnostics & Research,-1.5755708823497097
HDL,2026-02-02,Consumer Cyclical,Restaurants,-1.575842553648336
CLMT,2026-02-02,Basic Materials,Specialty Chemicals,-1.5762419815512767
POCI,2026-02-02,Healthcare,Medical Instruments & Supplies,-1.576270247869041
LRE,2026-02-02,Real Estate,Real Estate - Development,-1.5768878544537077
CWH,2026-02-02,Consumer Cyclical,Auto & Truck Dealerships,-1.5772920185332968
CCIXU,2026-02-02,Financial Services,Shell Companies,-1.5775606293812066
AQN,2026-02-02,Utilities,Utilities - Diversified,-1.5781552397443919
ENO,2026-02-02,Unknown,Unknown,-1.578748415548186
EYE,2026-02-02,Consumer Cyclical,Specialty Retail,-1.5791788623856806
RSVRW,2026-02-02,Communication Services,Entertainment,-1.5792641365884497
RDCM,2026-02-02,Communication Services,Telecom Services,-1.5795074319647182
CCG,2026-02-02,Communication Services,Internet Content & Information,-1.5796958733430617
MHNC,2026-02-02,Unknown,Unknown,-1.579909867506467
HYPR,2026-02-02,Healthcare,Medical Devices,-1.5801679940121784
NVA,2026-02-02,Basic Materials,Other Industrial Metals & Mining,-1.5804600161822915
AVY,2026-02-02,Consumer Cyclical,Packaging & Containers,-1.5805035889924164
GWRS,2026-02-02,Utilities,Utilities - Regulated Water,-1.5805615108317834
CCO,2026-02-02,Communication Services,Advertising Agencies,-1.581061170497589
PKG,2026-02-02,Consumer Cyclical,Packaging & Containers,-1.5810920938888569
AVX,2026-02-02,Financial Services,Asset Management,-1.5816584736970571
DE,2026-02-02,Industrials,Farm & Heavy Construction Machinery,-1.581704858318371
UAA,2026-02-02,Consumer Cyclical,Apparel Manufacturing,-1.5820103816326225
HUBS,2026-02-02,Technology,Software - Application,-1.5821394391514865
NBP,2026-02-02,Healthcare,Biotechnology,-1.58227000629208
DXR,2026-02-02,Healthcare,Medical Instruments & Supplies,-1.5827585611899377
SOAR,2026-02-02,Industrials,Airports & Air Services,-1.5827933096568358
ESS,2026-02-02,Real Estate,REIT - Residential,-1.5830701234472557
ELC,2026-02-02,Unknown,Unknown,-1.5832429857583263
NVCT,2026-02-02,Healthcare,Biotechnology,-1.583412983563978
USPH,2026-02-02,Healthcare,Medical Care Facilities,-1.5836409521405075
SONM,2026-02-02,Technology,Communication Equipment,-1.58374315806975
SABS,2026-02-02,Healthcare,Biotechnology,-1.5840324782789639
CE,2026-02-02,Basic Materials,Chemicals,-1.584376733132568
ALTS,2026-02-02,Technology,Software - Application,-1.5845816087337068
NSA,2026-02-02,Real Estate,REIT - Industrial,-1.5847069065632542
MBAVU,2026-02-02,Financial Services,Shell Companies,-1.584755001725762
CETX,2026-02-02,Technology,Software - Infrastructure,-1.5848168264158626
NWSA,2026-02-02,Communication Services,Entertainment,-1.5850949989236256
CSIQ,2026-02-02,Technology,Solar,-1.5854132847738
GM,2026-02-02,Consumer Cyclical,Auto Manufacturers,-1.5857857949862746
MDCX,2026-02-02,Healthcare,Drug Manufacturers - General,-1.5861431397570822
SSII,2026-02-02,Healthcare,Medical Devices,-1.5862429516425958
PAHC,2026-02-02,Healthcare,Drug Manufacturers - Specialty & Generic,-1.5863479877786588
AFGE,2026-02-02,Unknown,Unknown,-1.5863508335918273
AGAE,2026-02-02,Communication Services,Entertainment,-1.5865248339849243
IRBT,2026-02-02,Consumer Cyclical,"Furnishings, Fixtures & Appliances",-1.5866399162697442
ENJ,2026-02-02,Unknown,Unknown,-1.5866566035942022
LPSN,2026-02-02,Technology,Software - Application,-1.5866629498444147
SOHO,2026-02-02,Real Estate,REIT - Hotel & Motel,-1.5867262198503245
HUDI,2026-02-02,Basic Materials,Steel,-1.5867429769551746
BPYPP,2026-02-02,Real Estate,Real Estate Services,-1.5870075430849144
WST,2026-02-02,Healthcare,Medical Instruments & Supplies,-1.5870607518668967
GJR,2026-02-02,Unknown,Unknown,-1.587225414592524
GJO,2026-02-02,Unknown,Unknown,-1.5873522263201856
STE,2026-02-02,Healthcare,Medical Devices,-1.5874608716352276
ELMD,2026-02-02,Healthcare,Medical Devices,-1.5880498888601102
FLGT,2026-02-02,Healthcare,Diagnostics & Research,-1.588367232773755
ATER,2026-02-02,Consumer Cyclical,"Furnishings, Fixtures & Appliances",-1.5887535253660172
VS,2026-02-02,Technology,Software - Application,-1.589067241972292
KFY,2026-02-02,Industrials,Staffing & Employment Services,-1.5893616540666284
QVCGA,2026-02-02,Consumer Cyclical,Internet Retail,-1.5894811857934215
FATBP,2026-02-02,Consumer Cyclical,Restaurants,-1.5896120219713583
ALXO,2026-02-02,Healthcare,Biotechnology,-1.589983444442044
GNL,2026-02-02,Real Estate,REIT - Diversified,-1.5904476296600687
UVV,2026-02-02,Consumer Defensive,Tobacco,-1.590719553774685
MBX,2026-02-02,Healthcare,Biotechnology,-1.591122730586771
SMTI,2026-02-02,Healthcare,Medical Instruments & Supplies,-1.591392404554311
DOUG,2026-02-02,Real Estate,Real Estate Services,-1.5917156337232075
AGCO,2026-02-02,Industrials,Farm & Heavy Construction Machinery,-1.5920364299422411
SDST,2026-02-02,Industrials,Electrical Equipment & Parts,-1.592067639191139
META,2026-02-02,Communication Services,Internet Content & Information,-1.5921136350144782
CLOV,2026-02-02,Healthcare,Healthcare Plans,-1.5921795755719428
AVTR,2026-02-02,Healthcare,Medical Instruments & Supplies,-1.5921828485449754
ETON,2026-02-02,Healthcare,Drug Manufacturers - Specialty & Generic,-1.5925811371184957
BSX,2026-02-02,Healthcare,Medical Devices,-1.5928483000303573
OLN,2026-02-02,Basic Materials,Chemicals,-1.5928836259088264
AWK,2026-02-02,Utilities,Utilities - Regulated Water,-1.593070055505205
NKTR,2026-02-02,Healthcare,Biotechnology,-1.5933017250125394
GSUN,2026-02-02,Consumer Defensive,Education & Training Services,-1.5933253060498775
FRPH,2026-02-02,Real Estate,Real Estate Services,-1.5936937782109533
LIVN,2026-02-02,Healthcare,Medical Devices,-1.5939293151958454
ALC,2026-02-02,Healthcare,Medical Instruments & Supplies,-1.5946431761812427
PHG,2026-02-02,Healthcare,Medical Devices,-1.594690054732486
ATEC,2026-02-02,Healthcare,Medical Devices,-1.5946953441687413
USAR,2026-02-02,Basic Materials,Other Industrial Metals & Mining,-1.594758232755039
F,2026-02-02,Consumer Cyclical,Auto Manufacturers,-1.5949014167071076
CHTR,2026-02-02,Communication Services,Telecom Services,-1.5949070060805035
BH,2026-02-02,Consumer Cyclical,Restaurants,-1.5950063249353938
DJTWW,2026-02-02,Communication Services,Internet Content & Information,-1.5951059408410795
KLTR,2026-02-02,Technology,Software - Application,-1.5955189759610375
CBLL,2026-02-02,Healthcare,Medical Devices,-1.5960085036407172
AREB,2026-02-02,Consumer Cyclical,Footwear & Accessories,-1.5961214847653347
COSM,2026-02-02,Healthcare,Medical Distribution,-1.5961965603123773
VFF,2026-02-02,Consumer Defensive,Farm Products,-1.5962461584595318
BNH,2026-02-02,Unknown,Unknown,-1.5964261378242461
CWCO,2026-02-02,Utilities,Utilities - Regulated Water,-1.5964862139493876
TRMB,2026-02-02,Technology,Scientific & Technical Instruments,-1.5967675916313047
RWTP,2026-02-02,Unknown,Unknown,-1.5968564984681097
RAPP,2026-02-02,Healthcare,Biotechnology,-1.5970745063629455
FENG,2026-02-02,Communication Services,Internet Content & Information,-1.5970763014155418
ARTW,2026-02-02,Industrials,Farm & Heavy Construction Machinery,-1.5978062693249693
SGD,2026-02-02,Real Estate,Real Estate - Development,-1.5980935871681834
EXPI,2026-02-02,Real Estate,Real Estate Services,-1.5980948228056193
KPTI,2026-02-02,Healthcare,Biotechnology,-1.5981194836764552
ASND,2026-02-02,Healthcare,Biotechnology,-1.5984512894398482
SIGA,2026-02-02,Healthcare,Drug Manufacturers - Specialty & Generic,-1.5986028089415265
WNW,2026-02-02,Consumer Cyclical,Internet Retail,-1.59907737394218
SOJC,2026-02-02,Unknown,Unknown,-1.5990943063569387
PKX,2026-02-02,Basic Materials,Steel,-1.5994764231183656
PCRX,2026-02-02,Healthcare,Drug Manufacturers - Specialty & Generic,-1.5997396257482352
DERM,2026-02-02,Healthcare,Drug Manufacturers - Specialty & Generic,-1.6000285714407396
NSYS,2026-02-02,Healthcare,Medical Devices,-1.6000308278616542
BLBD,2026-02-02,Industrials,Farm & Heavy Construction Machinery,-1.600107520702806
SLQT,2026-02-02,Financial Services,Insurance Brokers,-1.600580496074159
MMM,2026-02-02,Industrials,Conglomerates,-1.600645281989832
AMLX,2026-02-02,Healthcare,Biotechnology,-1.600746473161184
RAPT,2026-02-02,Healthcare,Biotechnology,-1.600821995085787
RLX,2026-02-02,Consumer Defensive,Tobacco,-1.6009664444260145
CMP,2026-02-02,Basic Materials,Other Industrial Metals & Mining,-1.600967463186455
SLG,2026-02-02,Real Estate,REIT - Office,-1.6010171493365375
SVCCU,2026-02-02,Financial Services,Shell Companies,-1.6010583493945394
TEAD,2026-02-02,Communication Services,Internet Content & Information,-1.6013454625758325
NWS,2026-02-02,Communication Services,Entertainment,-1.6017154970115195
CLDX,2026-02-02,Healthcare,Biotechnology,-1.603029967099979
SBAC,2026-02-02,Real Estate,REIT - Specialty,-1.6031300343852268
CCEL,2026-02-02,Healthcare,Medical Care Facilities,-1.603207872589055
LGHL,2026-02-02,Financial Services,Capital Markets,-1.6032338244453403
CCLDO,2026-02-02,Healthcare,Health Information Services,-1.6033039398643274
ZTO,2026-02-02,Industrials,Integrated Freight & Logistics,-1.6034250036329067
PRS,2026-02-02,Unknown,Unknown,-1.6034254470578135
BEAM,2026-02-02,Healthcare,Biotechnology,-1.6035495807200058
FNGD,2026-02-02,Unknown,Unknown,-1.6038522740972097
RLMD,2026-02-02,Healthcare,Biotechnology,-1.6039448899893032
EXFY,2026-02-02,Technology,Software - Application,-1.604466580690921
ACFN,2026-02-02,Technology,Scientific & Technical Instruments,-1.6044713882158086
PYT,2026-02-02,Unknown,Unknown,-1.6046759217068556
CRML,2026-02-02,Basic Materials,Other Industrial Metals & Mining,-1.6051024792706743
BFLY,2026-02-02,Healthcare,Medical Devices,-1.6051950449627188
SLGL,2026-02-02,Healthcare,Biotechnology,-1.6055729307261741
CATX,2026-02-02,Healthcare,Medical Devices,-1.605582918374144
NEXN,2026-02-02,Communication Services,Advertising Agencies,-1.6058479015559783
DHR,2026-02-02,Healthcare,Diagnostics & Research,-1.6059940188459534
ZYXI,2026-02-02,Healthcare,Medical Distribution,-1.6060616031109183
MASK,2026-02-02,Technology,Software - Application,-1.6061655383534374
OGCP,2026-02-02,Real Estate,REIT - Office,-1.6063605852740521
PRPO,2026-02-02,Healthcare,Diagnostics & Research,-1.6065547969366403
LNSR,2026-02-02,Healthcare,Medical Devices,-1.6068585592808133
BPYPO,2026-02-02,Real Estate,Real Estate Services,-1.6070119828280465
HUN,2026-02-02,Basic Materials,Chemicals,-1.6071151504233698
FC,2026-02-02,Consumer Defensive,Education & Training Services,-1.6071222062527684
WEN,2026-02-02,Consumer Cyclical,Restaurants,-1.607198582097868
ARBK,2026-02-02,Financial Services,Capital Markets,-1.607290965011236
EFX,2026-02-02,Industrials,Consulting Services,-1.6073576772332676
COLM,2026-02-02,Consumer Cyclical,Apparel Manufacturing,-1.6075903975266004
JANX,2026-02-02,Healthcare,Biotechnology,-1.6077685992642745
AMRX,2026-02-02,Healthcare,Drug Manufacturers - Specialty & Generic,-1.6078344726510514
NVCR,2026-02-02,Healthcare,Medical Devices,-1.6082342104121155
COLL,2026-02-02,Healthcare,Drug Manufacturers - Specialty & Generic,-1.6083274149601081
KRUS,2026-02-02,Consumer Cyclical,Restaurants,-1.6085193924205368
SENS,2026-02-02,Healthcare,Medical Devices,-1.6086682462554318
JKS,2026-02-02,Technology,Solar,-1.6094028254405521
ANIP,2026-02-02,Healthcare,Drug Manufacturers - Specialty & Generic,-1.609531148908944
AMBO,2026-02-02,Consumer Defensive,Education & Training Services,-1.609671761164949
ZH,2026-02-02,Communication Services,Internet Content & Information,-1.6098332582221742
ALKS,2026-02-02,Healthcare,Drug Manufacturers - Specialty & Generic,-1.6101538872498182
BTSG,2026-02-02,Healthcare,Health Information Services,-1.6104989221157537
BCAX,2026-02-02,Healthcare,Biotechnology,-1.6106210875113287
OPRA,2026-02-02,Communication Services,Internet Content & Information,-1.6106939552571007
NEPH,2026-02-02,Healthcare,Medical Instruments & Supplies,-1.6108058485924315
BKE,2026-02-02,Consumer Cyclical,Apparel Retail,-1.610905938308941
AGMH,2026-02-02,Technology,Computer Hardware,-1.610907507180417
CHE,2026-02-02,Healthcare,Medical Care Facilities,-1.6109419112768677
ETHM,2026-02-02,Financial Services,Shell Companies,-1.6110212814275378
EXPD,2026-02-02,Industrials,Integrated Freight & Logistics,-1.6112915869474171
ADM,2026-02-02,Consumer Defensive,Farm Products,-1.611314177714484
INMD,2026-02-02,Healthcare,Medical Devices,-1.611510484995373
SLGN,2026-02-02,Consumer Cyclical,Packaging & Containers,-1.611514966310181
HKPD,2026-02-02,Healthcare,Pharmaceutical Retailers,-1.6118412105769577
AUNA,2026-02-02,Healthcare,Medical Care Facilities,-1.6119146163532068
CEPO,2026-02-02,Financial Services,Shell Companies,-1.6123737440130912
BPOPM,2026-02-02,Unknown,Unknown,-1.6123903297094941
MEDP,2026-02-02,Healthcare,Diagnostics & Research,-1.6125764254496717
DIT,2026-02-02,Consumer Defensive,Food Distribution,-1.6126474440424046
AKBA,2026-02-02,Healthcare,Drug Manufacturers - Specialty & Generic,-1.612821424476241
WCT,2026-02-02,Technology,Software - Application,-1.6129009494956519
QDEL,2026-02-02,Healthcare,Medical Devices,-1.6129823126426264
IMMX,2026-02-02,Healthcare,Biotechnology,-1.6130332212097418
SYNX,2026-02-02,Technology,Communication Equipment,-1.6138509883094891
TDY,2026-02-02,Technology,Scientific & Technical Instruments,-1.6139363361756487
FCEL,2026-02-02,Industrials,Electrical Equipment & Parts,-1.6139504791306913
ATGE,2026-02-02,Consumer Defensive,Education & Training Services,-1.6139551663625122
GH,2026-02-02,Healthcare,Diagnostics & Research,-1.6140658069105405
VERX,2026-02-02,Technology,Software - Application,-1.6142014260795516
RUN,2026-02-02,Technology,Solar,-1.6142458390953744
AMRN,2026-02-02,Healthcare,Drug Manufacturers - General,-1.614441731513249
GECCO,2026-02-02,Unknown,Unknown,-1.6145322639276476
KMDA,2026-02-02,Healthcare,Drug Manufacturers - Specialty & Generic,-1.6147054189121062
PRCT,2026-02-02,Healthcare,Medical Devices,-1.614828763542523
VHI,2026-02-02,Basic Materials,Chemicals,-1.614842937934194
LAC,2026-02-02,Basic Materials,Other Industrial Metals & Mining,-1.6150447033461066
ATR,2026-02-02,Healthcare,Medical Instruments & Supplies,-1.6151006563685433
ZYBT,2026-02-02,Healthcare,Drug Manufacturers - Specialty & Generic,-1.6151545881152813
CTBB,2026-02-02,Unknown,Unknown,-1.6153513906740522
CHGG,2026-02-02,Consumer Defensive,Education & Training Services,-1.6153880560211535
EHC,2026-02-02,Healthcare,Medical Care Facilities,-1.6155975123751458
SOPH,2026-02-02,Healthcare,Health Information Services,-1.6156094102964753
TCMD,2026-02-02,Healthcare,Medical Devices,-1.615617550337616
FUN,2026-02-02,Consumer Cyclical,Leisure,-1.6157533001566526
TYRA,2026-02-02,Healthcare,Biotechnology,-1.6158058067301326
FMST,2026-02-02,Basic Materials,Other Industrial Metals & Mining,-1.616099142608939
LBRDA,2026-02-02,Communication Services,Telecom Services,-1.6161274020841625
SRPT,2026-02-02,Healthcare,Biotechnology,-1.6161348016657544
FUSE,2026-02-02,Technology,Software - Application,-1.6162490563691256
TLRY,2026-02-02,Healthcare,Drug Manufacturers - Specialty & Generic,-1.616398033716729
CVRX,2026-02-02,Healthcare,Medical Devices,-1.61649209935634
CNTX,2026-02-02,Healthcare,Biotechnology,-1.6166520972088614
DOYU,2026-02-02,Communication Services,Internet Content & Information,-1.616701187985454
CNNE,2026-02-02,Consumer Cyclical,Restaurants,-1.6168685973381678
KYIV,2026-02-02,Communication Services,Telecom Services,-1.6169142104703913
AZTA,2026-02-02,Healthcare,Medical Instruments & Supplies,-1.6169340974676834
ABR,2026-02-02,Real Estate,REIT - Mortgage,-1.6171882023097397
INFU,2026-02-02,Healthcare,Medical Instruments & Supplies,-1.6175507047518245
RMD,2026-02-02,Healthcare,Medical Instruments & Supplies,-1.6175997945608156
CSTL,2026-02-02,Healthcare,Diagnostics & Research,-1.617623521346907
MTEX,2026-02-02,Consumer Defensive,Food Distribution,-1.6176529984151051
RNA,2026-02-02,Healthcare,Biotechnology,-1.6178491595945401
MOD,2026-02-02,Consumer Cyclical,Auto Parts,-1.61785013420492
WAT,2026-02-02,Healthcare,Diagnostics & Research,-1.6179468652475257
SEER,2026-02-02,Healthcare,Biotechnology,-1.6179761839346851
TECH,2026-02-02,Healthcare,Biotechnology,-1.6180316571878033
BGI,2026-02-02,Consumer Cyclical,Luxury Goods,-1.6182168622023732
ZTS,2026-02-02,Healthcare,Drug Manufacturers - Specialty & Generic,-1.6183603330165286
CULP,2026-02-02,Consumer Cyclical,Textile Manufacturing,-1.618694116206697
FBYD,2026-02-02,Industrials,Conglomerates,-1.6187222275105542
ILLR,2026-02-02,Technology,Software - Application,-1.6188572368412306
FIVE,2026-02-02,Consumer Cyclical,Specialty Retail,-1.6188909190306677
BROS,2026-02-02,Consumer Cyclical,Restaurants,-1.6189194706485175
TERN,2026-02-02,Healthcare,Biotechnology,-1.6189898804261305
XELB,2026-02-02,Consumer Cyclical,Apparel Manufacturing,-1.6190035059718138
GAP,2026-02-02,Consumer Cyclical,Apparel Retail,-1.6192003210451023
MHUA,2026-02-02,Healthcare,Medical Instruments & Supplies,-1.6194210420028172
IRD,2026-02-02,Healthcare,Biotechnology,-1.6194216895475115
GEVO,2026-02-02,Basic Materials,Specialty Chemicals,-1.6196257532332103
AES,2026-02-02,Utilities,Utilities - Diversified,-1.6197117473990057
INNV,2026-02-02,Healthcare,Medical Care Facilities,-1.6200465502534267
YUM,2026-02-02,Consumer Cyclical,Restaurants,-1.6202013438867318
OTTR,2026-02-02,Industrials,Conglomerates,-1.6202387279555543
RMTI,2026-02-02,Healthcare,Drug Manufacturers - Specialty & Generic,-1.6206804822679999
FGN,2026-02-02,Unknown,Unknown,-1.6208544927358361
TFSA,2026-02-02,Unknown,Unknown,-1.6210481385359243
URBN,2026-02-02,Consumer Cyclical,Apparel Retail,-1.6214277132074284
VLO,2026-02-02,Energy,Oil & Gas Refining & Marketing,-1.6215721539701036
LSTR,2026-02-02,Industrials,Integrated Freight & Logistics,-1.6215926548090065
RDY,2026-02-02,Healthcare,Drug Manufacturers - Specialty & Generic,-1.6216424459557006
YI,2026-02-02,Healthcare,Medical Distribution,-1.6216709785677557
ZKIN,2026-02-02,Basic Materials,Steel,-1.6217974025967603
MOBX,2026-02-02,Technology,Semiconductors,-1.6218137771858512
NNVC,2026-02-02,Healthcare,Biotechnology,-1.6218408340543977
LOAN,2026-02-02,Real Estate,REIT - Mortgage,-1.6219399443891314
FVRR,2026-02-02,Communication Services,Internet Content & Information,-1.6223095150359328
ELA,2026-02-02,Consumer Cyclical,Luxury Goods,-1.6224519218320022
CRVO,2026-02-02,Healthcare,Biotechnology,-1.6224796673167639
NCL,2026-02-02,Consumer Cyclical,"Furnishings, Fixtures & Appliances",-1.6228403900833934
VNCE,2026-02-02,Consumer Cyclical,Apparel Manufacturing,-1.6231464988761228
XTKG,2026-02-02,Technology,Software - Application,-1.6231748657518785
BLRX,2026-02-02,Healthcare,Biotechnology,-1.623198068001207
SUGP,2026-02-02,Industrials,Security & Protection Services,-1.6234052483733559
GRMN,2026-02-02,Technology,Scientific & Technical Instruments,-1.6234700323845077
UCL,2026-02-02,Communication Services,Telecom Services,-1.6235403307374336
GOSS,2026-02-02,Healthcare,Biotechnology,-1.6239724484260591
GNLX,2026-02-02,Healthcare,Biotechnology,-1.6240299694522407
OMC,2026-02-02,Communication Services,Advertising Agencies,-1.6242046635287468
VTRS,2026-02-02,Healthcare,Drug Manufacturers - Specialty & Generic,-1.624234674940804
TIL,2026-02-02,Healthcare,Biotechnology,-1.624266463983216
AHG,2026-02-02,Healthcare,Medical Distribution,-1.6243517853718832
DCTH,2026-02-02,Healthcare,Medical Devices,-1.6247205011954824
BANFP,2026-02-02,Unknown,Unknown,-1.624985720141437
CARV,2026-02-02,Financial Services,Banks - Regional,-1.6252397536257595
DIN,2026-02-02,Consumer Cyclical,Restaurants,-1.6254796107675502
UPWK,2026-02-02,Communication Services,Internet Content & Information,-1.6257284782649983
ESBA,2026-02-02,Real Estate,REIT - Office,-1.6258921937490165
FWRG,2026-02-02,Consumer Cyclical,Restaurants,-1.6259569720031932
XOMAP,2026-02-02,Healthcare,Biotechnology,-1.6260246531766167
ATKR,2026-02-02,Industrials,Electrical Equipment & Parts,-1.6261565557035347
AERT,2026-02-02,Industrials,Consulting Services,-1.6262798481702665
FONR,2026-02-02,Healthcare,Diagnostics & Research,-1.6263098714317321
ADAG,2026-02-02,Healthcare,Biotechnology,-1.6263301452378762
HKIT,2026-02-02,Technology,Software - Application,-1.6266776746018092
BEKE,2026-02-02,Real Estate,Real Estate Services,-1.6267487350451244
AGRO,2026-02-02,Consumer Defensive,Farm Products,-1.6268253843586047
NATR,2026-02-02,Consumer Defensive,Packaged Foods,-1.6268467950417203
SUZ,2026-02-02,Basic Materials,Paper & Paper Products,-1.6268794062036083
VKTX,2026-02-02,Healthcare,Biotechnology,-1.6269454188009136
PERI,2026-02-02,Communication Services,Internet Content & Information,-1.6269467597390297
ORGN,2026-02-02,Basic Materials,Chemicals,-1.6272414750946995
TARS,2026-02-02,Healthcare,Biotechnology,-1.627920185967326
FNGR,2026-02-02,Communication Services,Telecom Services,-1.6281846461659129
SON,2026-02-02,Consumer Cyclical,Packaging & Containers,-1.6282582796705003
CHSCO,2026-02-02,Consumer Defensive,Farm Products,-1.6284675986117652
IRDM,2026-02-02,Communication Services,Telecom Services,-1.62847779005867
OGS,2026-02-02,Utilities,Utilities - Regulated Gas,-1.6284789527384058
PPSI,2026-02-02,Industrials,Electrical Equipment & Parts,-1.628584501649974
BHC,2026-02-02,Healthcare,Drug Manufacturers - Specialty & Generic,-1.6286738171566657
LBRDK,2026-02-02,Communication Services,Telecom Services,-1.6289231086124767
GENK,2026-02-02,Consumer Cyclical,Restaurants,-1.6290296437937934
AFGD,2026-02-02,Unknown,Unknown,-1.6292691040663778
WHLR,2026-02-02,Real Estate,REIT - Retail,-1.6293209698112432
ECL,2026-02-02,Basic Materials,Specialty Chemicals,-1.6293775781292366
NXDT,2026-02-02,Real Estate,REIT - Diversified,-1.6294305277307186
QCLS,2026-02-02,Technology,Computer Hardware,-1.62950176164421
ALG,2026-02-02,Industrials,Farm & Heavy Construction Machinery,-1.6295597187442878
PRAX,2026-02-02,Healthcare,Biotechnology,-1.6297855122453229
SIM,2026-02-02,Basic Materials,Steel,-1.6299740100156934
VOC,2026-02-02,Energy,Oil & Gas E&P,-1.6302767165894236
AURE,2026-02-02,Financial Services,Asset Management,-1.6303538190541462
MATV,2026-02-02,Basic Materials,Specialty Chemicals,-1.630369868399796
SLMT,2026-02-02,Communication Services,Entertainment,-1.6305255945873018
ESCA,2026-02-02,Consumer Cyclical,Leisure,-1.6312485378258106
NBIX,2026-02-02,Healthcare,Drug Manufacturers - Specialty & Generic,-1.6318553044939834
PVH,2026-02-02,Consumer Cyclical,Apparel Manufacturing,-1.632477794537047
TLSI,2026-02-02,Healthcare,Medical Devices,-1.632485323482774
AIFF,2026-02-02,Technology,Software - Application,-1.6328997911314829
GLPG,2026-02-02,Healthcare,Biotechnology,-1.6329012894305903
ICLR,2026-02-02,Healthcare,Diagnostics & Research,-1.633492931295241
T,2026-02-02,Communication Services,Telecom Services,-1.6336489046211558
MASI,2026-02-02,Healthcare,Medical Devices,-1.6337865435510603
UDR,2026-02-02,Real Estate,REIT - Residential,-1.6341063911204006
PFX,2026-02-02,Financial Services,Asset Management,-1.634125278394687
BTSGU,2026-02-02,Healthcare,Health Information Services,-1.6343712694147832
GRO,2026-02-02,Basic Materials,Other Industrial Metals & Mining,-1.6344157350772308
ATLX,2026-02-02,Basic Materials,Other Industrial Metals & Mining,-1.6346673833846046
ELME,2026-02-02,Real Estate,REIT - Residential,-1.6348822543337873
XRAY,2026-02-02,Healthcare,Medical Instruments & Supplies,-1.6349893186637963
LITM,2026-02-02,Basic Materials,Other Industrial Metals & Mining,-1.6350291757340687
GPCR,2026-02-02,Healthcare,Biotechnology,-1.635068829952481
SKYX,2026-02-02,Industrials,Electrical Equipment & Parts,-1.6352148482438966
MRNA,2026-02-02,Healthcare,Biotechnology,-1.6357285405475497
RLGT,2026-02-02,Industrials,Integrated Freight & Logistics,-1.6357419729134839
TRS,2026-02-02,Consumer Cyclical,Packaging & Containers,-1.6361446581256092
RCD,2026-02-02,Unknown,Unknown,-1.6364009634087884
ARWR,2026-02-02,Healthcare,Biotechnology,-1.636666053321904
BKYI,2026-02-02,Industrials,Security & Protection Services,-1.6368577271163043
OPAL,2026-02-02,Utilities,Utilities - Regulated Gas,-1.6368857326783721
NXT,2026-02-02,Technology,Solar,-1.6369937583976817
INGN,2026-02-02,Healthcare,Medical Devices,-1.6370172547831108
CCI,2026-02-02,Real Estate,REIT - Specialty,-1.637122834085104
IART,2026-02-02,Healthcare,Medical Devices,-1.637128246696311
EQR,2026-02-02,Real Estate,REIT - Residential,-1.6372350994742062
SMSI,2026-02-02,Technology,Software - Application,-1.6374130598864083
GEHC,2026-02-02,Healthcare,Health Information Services,-1.637546149075288
SNN,2026-02-02,Healthcare,Medical Devices,-1.6376886420081915
VFC,2026-02-02,Consumer Cyclical,Apparel Manufacturing,-1.6379624605024716
ANRO,2026-02-02,Healthcare,Biotechnology,-1.6381242429347482
MYSZ,2026-02-02,Technology,Software - Application,-1.6382467662855875
HRMY,2026-02-02,Healthcare,Biotechnology,-1.6391553732531423
BEEP,2026-02-02,Industrials,Infrastructure Operations,-1.6392829366305082
AVB,2026-02-02,Real Estate,REIT - Residential,-1.6393213085186817
AMT,2026-02-02,Real Estate,REIT - Specialty,-1.6395882829097463
ATEX,2026-02-02,Communication Services,Telecom Services,-1.6396483680334377
WAFU,2026-02-02,Consumer Defensive,Education & Training Services,-1.6397338872170477
TRC,2026-02-02,Industrials,Conglomerates,-1.6399092253824386
STRR,2026-02-02,Industrials,Conglomerates,-1.6399107645871598
BBWI,2026-02-02,Consumer Cyclical,Specialty Retail,-1.6399583845503343
MEOH,2026-02-02,Basic Materials,Chemicals,-1.6400356383372552
GRDN,2026-02-02,Healthcare,Medical Care Facilities,-1.6412165329591901
RAVE,2026-02-02,Consumer Cyclical,Restaurants,-1.6415983726864871
DD,2026-02-02,Basic Materials,Specialty Chemicals,-1.6416961009778155
WPP,2026-02-02,Communication Services,Advertising Agencies,-1.6417227104349925
UA,2026-02-02,Consumer Cyclical,Apparel Manufacturing,-1.6418183534726976
APWC,2026-02-02,Industrials,Electrical Equipment & Parts,-1.6419983363869544
DYN,2026-02-02,Healthcare,Biotechnology,-1.642143011515187
NXRT,2026-02-02,Real Estate,REIT - Residential,-1.6426398941602154
MAA,2026-02-02,Real Estate,REIT - Residential,-1.64273705129542
CVLT,2026-02-02,Technology,Software - Application,-1.6429628416186743
ARRY,2026-02-02,Technology,Solar,-1.6433004746159257
KXIN,2026-02-02,Consumer Cyclical,Auto & Truck Dealerships,-1.6435015860571223
MLACU,2026-02-02,Unknown,Unknown,-1.6447334232214976
IMSR,2026-02-02,Utilities,Utilities - Regulated Electric,-1.64491381093874
HSPOU,2026-02-02,Financial Services,Shell Companies,-1.6450217757900836
PBI,2026-02-02,Industrials,Integrated Freight & Logistics,-1.6450758920512198
CLAR,2026-02-02,Consumer Cyclical,Leisure,-1.6454837898112011
ARAY,2026-02-02,Healthcare,Medical Devices,-1.6455004923613346
MOV,2026-02-02,Consumer Cyclical,Luxury Goods,-1.6455292974820976
BWMX,2026-02-02,Consumer Cyclical,Specialty Retail,-1.645558102969673
CLRO,2026-02-02,Technology,Communication Equipment,-1.6457154828746323
CERS,2026-02-02,Healthcare,Medical Devices,-1.6458143936622098
LTH,2026-02-02,Consumer Cyclical,Leisure,-1.6458624498796008
FBRX,2026-02-02,Healthcare,Biotechnology,-1.6459444897147248
WLK,2026-02-02,Basic Materials,Specialty Chemicals,-1.646259285316488
IFF,2026-02-02,Basic Materials,Specialty Chemicals,-1.6462654092792093
BNBX,2026-02-02,Financial Services,Asset Management,-1.6467276670093594
TWNP,2026-02-02,Consumer Cyclical,Restaurants,-1.6468471374616425
ULBI,2026-02-02,Industrials,Electrical Equipment & Parts,-1.6469811214806485
NDLS,2026-02-02,Consumer Cyclical,Restaurants,-1.647052627195882
CI,2026-02-02,Healthcare,Healthcare Plans,-1.6471566799134185
NAMMW,2026-02-02,Basic Materials,Gold,-1.647887673258742
PRM,2026-02-02,Basic Materials,Specialty Chemicals,-1.6479207804515914
BBNX,2026-02-02,Healthcare,Medical Devices,-1.648148078847491
TAOP,2026-02-02,Technology,Software - Infrastructure,-1.6487763741429338
FATE,2026-02-02,Healthcare,Biotechnology,-1.648823824098417
BCPC,2026-02-02,Basic Materials,Specialty Chemicals,-1.6488286761231203
NWN,2026-02-02,Utilities,Utilities - Regulated Gas,-1.6489252116021607
RVTY,2026-02-02,Healthcare,Diagnostics & Research,-1.6495736522341597
AORT,2026-02-02,Healthcare,Medical Devices,-1.6495935428484907
LGCL,2026-02-02,Technology,Software - Application,-1.6497134403170102
AWR,2026-02-02,Utilities,Utilities - Regulated Water,-1.6497542708552027
UNCY,2026-02-02,Healthcare,Biotechnology,-1.6498420041190747
MSGE,2026-02-02,Consumer Cyclical,Leisure,-1.649959728724099
RXRX,2026-02-02,Healthcare,Biotechnology,-1.6503283181964876
VREX,2026-02-02,Healthcare,Medical Devices,-1.6506153290587389
GPUS,2026-02-02,Industrials,Aerospace & Defense,-1.6507471354934724
JL,2026-02-02,Consumer Cyclical,Apparel Manufacturing,-1.6508539690600164
INSM,2026-02-02,Healthcare,Biotechnology,-1.6509451871687515
ZNB,2026-02-02,Communication Services,Entertainment,-1.6513126294902485
BBSI,2026-02-02,Industrials,Staffing & Employment Services,-1.6515900490169415
NUKK,2026-02-02,Technology,Software - Application,-1.6517152422174848
FLNC,2026-02-02,Utilities,Utilities - Renewable,-1.6517604981708613
SCOR,2026-02-02,Communication Services,Internet Content & Information,-1.6519720163334808
ZD,2026-02-02,Communication Services,Advertising Agencies,-1.6519934975142343
FISK,2026-02-02,Real Estate,REIT - Office,-1.6520538429767917
RPID,2026-02-02,Healthcare,Medical Devices,-1.652259257553055
FURY,2026-02-02,Basic Materials,Other Industrial Metals & Mining,-1.6522916836499424
MDLZ,2026-02-02,Consumer Defensive,Confectioners,-1.6523772902936666
NXST,2026-02-02,Communication Services,Broadcasting,-1.652573405417343
BCRX,2026-02-02,Healthcare,Drug Manufacturers - Specialty & Generic,-1.6528575195925896
RDDT,2026-02-02,Communication Services,Internet Content & Information,-1.6531825141716896
CALM,2026-02-02,Consumer Defensive,Farm Products,-1.6532100425148315
OABI,2026-02-02,Healthcare,Biotechnology,-1.6534427749541938
SQM,2026-02-02,Basic Materials,Specialty Chemicals,-1.653557718141214
GOLF,2026-02-02,Consumer Cyclical,Leisure,-1.6536918611366964
SDA,2026-02-02,Consumer Cyclical,Auto & Truck Dealerships,-1.6537930431327201
SYRE,2026-02-02,Healthcare,Biotechnology,-1.6537999140772437
ZDGE,2026-02-02,Communication Services,Internet Content & Information,-1.65383961200801
SLE,2026-02-02,Communication Services,Internet Content & Information,-1.6540876460619813
SVV,2026-02-02,Consumer Cyclical,Specialty Retail,-1.6542952990365676
EVC,2026-02-02,Communication Services,Advertising Agencies,-1.6544241159523556
NXTT,2026-02-02,Technology,Software - Application,-1.6544951855440904
ARGX,2026-02-02,Healthcare,Biotechnology,-1.6546272310188783
OCC,2026-02-02,Technology,Communication Equipment,-1.6546286454949937
UCIB,2026-02-02,Unknown,Unknown,-1.655116592601228
EKSO,2026-02-02,Healthcare,Medical Instruments & Supplies,-1.655558867404158
ATMU,2026-02-02,Consumer Cyclical,Auto Parts,-1.6562252139271831
NJR,2026-02-02,Utilities,Utilities - Regulated Gas,-1.6563234719297357
MKDW,2026-02-02,Unknown,Unknown,-1.6563542196802956
CTMX,2026-02-02,Healthcare,Biotechnology,-1.6564170632210191
DLTH,2026-02-02,Consumer Cyclical,Apparel Retail,-1.656419450000557
NCPL,2026-02-02,Financial Services,Capital Markets,-1.6567882277954185
TXMD,2026-02-02,Healthcare,Drug Manufacturers - Specialty & Generic,-1.6570333520662934
SCLX,2026-02-02,Healthcare,Drug Manufacturers - General,-1.6573642963602595
CCCC,2026-02-02,Healthcare,Biotechnology,-1.6575373274006553
FLYX,2026-02-02,Industrials,Airlines,-1.6576143229877394
NVST,2026-02-02,Healthcare,Medical Instruments & Supplies,-1.657919762871193
LPCN,2026-02-02,Healthcare,Biotechnology,-1.6579699108208006
GRDX,2026-02-02,Healthcare,Biotechnology,-1.6579850071153837
RXST,2026-02-02,Healthcare,Medical Devices,-1.658353635830384
MYGN,2026-02-02,Healthcare,Diagnostics & Research,-1.6586345678890113
VCYT,2026-02-02,Healthcare,Diagnostics & Research,-1.658676908139129
LULU,2026-02-02,Consumer Cyclical,Apparel Retail,-1.658883164178355
NBTX,2026-02-02,Healthcare,Biotechnology,-1.6589518661999711
HYFT,2026-02-02,Healthcare,Biotechnology,-1.6590227344969761
XXII,2026-02-02,Consumer Defensive,Tobacco,-1.6594016583124414
NWL,2026-02-02,Consumer Defensive,Household & Personal Products,-1.6599159602440943
BOOM,2026-02-02,Industrials,Conglomerates,-1.6599460311764973
ABVC,2026-02-02,Healthcare,Biotechnology,-1.6600167724744037
PIII,2026-02-02,Healthcare,Medical Care Facilities,-1.6600962433539654
DOW,2026-02-02,Basic Materials,Chemicals,-1.6604073454517643
TU,2026-02-02,Communication Services,Telecom Services,-1.6611557522706806
VTYX,2026-02-02,Healthcare,Biotechnology,-1.6612808561110366
ALLR,2026-02-02,Healthcare,Biotechnology,-1.6614831418652625
ONC,2026-02-02,Healthcare,Biotechnology,-1.66161908117505
DRH,2026-02-02,Real Estate,REIT - Hotel & Motel,-1.6616618980453701
BALY,2026-02-02,Consumer Cyclical,Resorts & Casinos,-1.6618146309772737
HCAT,2026-02-02,Healthcare,Health Information Services,-1.6618560032473348
ATON,2026-02-02,Financial Services,Asset Management,-1.661918412369895
BIP,2026-02-02,Utilities,Utilities - Diversified,-1.6619254085775266
VNT,2026-02-02,Technology,Scientific & Technical Instruments,-1.6623076154376428
PW,2026-02-02,Real Estate,REIT - Specialty,-1.6623449970351987
IMNM,2026-02-02,Healthcare,Biotechnology,-1.6623760183655623
FNKO,2026-02-02,Consumer Cyclical,Leisure,-1.6624252431845146
ASTI,2026-02-02,Technology,Solar,-1.6626270440696
MHLA,2026-02-02,Unknown,Unknown,-1.663311231345452
GIS,2026-02-02,Consumer Defensive,Packaged Foods,-1.6633495637476476
DNLI,2026-02-02,Healthcare,Biotechnology,-1.6634295527805172
PCVX,2026-02-02,Healthcare,Biotechnology,-1.6634829605873085
OBIO,2026-02-02,Healthcare,Biotechnology,-1.6635234898225697
FATBB,2026-02-02,Consumer Cyclical,Restaurants,-1.6639952471763644
QTRX,2026-02-02,Healthcare,Medical Devices,-1.6641208398207845
XTNT,2026-02-02,Healthcare,Medical Devices,-1.6645213487286057
AMTD,2026-02-02,Financial Services,Asset Management,-1.6645608514724324
GPI,2026-02-02,Consumer Cyclical,Auto & Truck Dealerships,-1.6645924278664193
LGO,2026-02-02,Basic Materials,Other Industrial Metals & Mining,-1.664750757956671
TMQ,2026-02-02,Basic Materials,Other Industrial Metals & Mining,-1.6647557483236581
SENEA,2026-02-02,Consumer Defensive,Packaged Foods,-1.664764055433297
ZBH,2026-02-02,Healthcare,Medical Devices,-1.6648099449194917
DNTH,2026-02-02,Healthcare,Biotechnology,-1.6648358660248939
CGNX,2026-02-02,Technology,Scientific & Technical Instruments,-1.6648536052421983
PLNT,2026-02-02,Consumer Cyclical,Leisure,-1.6652214585333807
VIST,2026-02-02,Energy,Oil & Gas E&P,-1.6652357607718196
VRTX,2026-02-02,Healthcare,Biotechnology,-1.665337523310953
NATH,2026-02-02,Consumer Cyclical,Restaurants,-1.6656781852730442
WLKP,2026-02-02,Basic Materials,Chemicals,-1.6657879003798497
CHPT,2026-02-02,Consumer Cyclical,Specialty Retail,-1.6659047667777847
EGY,2026-02-02,Energy,Oil & Gas E&P,-1.6660440165060388
QSR,2026-02-02,Consumer Cyclical,Restaurants,-1.6662479786509266
SGML,2026-02-02,Basic Materials,Other Industrial Metals & Mining,-1.6665460563025873
AYI,2026-02-02,Industrials,Electrical Equipment & Parts,-1.6665554751313219
SEE,2026-02-02,Consumer Cyclical,Packaging & Containers,-1.6674060574198477
WAY,2026-02-02,Healthcare,Health Information Services,-1.6676241042184965
NXGL,2026-02-02,Healthcare,Medical Instruments & Supplies,-1.667918642539438
NOVT,2026-02-02,Technology,Scientific & Technical Instruments,-1.6683401422029596
REAX,2026-02-02,Real Estate,Real Estate Services,-1.668768013732493
VCEL,2026-02-02,Healthcare,Biotechnology,-1.6688837106260452
ALMS,2026-02-02,Healthcare,Biotechnology,-1.669341621584127
BBLG,2026-02-02,Healthcare,Medical Devices,-1.6694459832501582
WTRG,2026-02-02,Utilities,Utilities - Regulated Water,-1.6694912844781107
NSP,2026-02-02,Industrials,Staffing & Employment Services,-1.6696029215931971
WSM,2026-02-02,Consumer Cyclical,Specialty Retail,-1.6698247720963553
RIGL,2026-02-02,Healthcare,Biotechnology,-1.6699051629380606
CHSCM,2026-02-02,Consumer Defensive,Farm Products,-1.669995671727424
XERS,2026-02-02,Healthcare,Biotechnology,-1.670034313267782
GRCE,2026-02-02,Healthcare,Biotechnology,-1.670107123670434
LMNR,2026-02-02,Consumer Defensive,Farm Products,-1.6701724048505158
CCZ,2026-02-02,Unknown,Unknown,-1.6703262457957315
SPRY,2026-02-02,Healthcare,Biotechnology,-1.6704632254987055
DVN,2026-02-02,Energy,Oil & Gas E&P,-1.6707130361112859
SRXH,2026-02-02,Healthcare,Medical Care Facilities,-1.671187660174286
UGI,2026-02-02,Utilities,Utilities - Regulated Gas,-1.6714649483232478
IVP,2026-02-02,Consumer Cyclical,Personal Services,-1.6715930128147503
ALSN,2026-02-02,Consumer Cyclical,Auto Parts,-1.6717226625844008
MLP,2026-02-02,Real Estate,Real Estate Services,-1.671754370297995
ASPI,2026-02-02,Basic Materials,Chemicals,-1.6719336613582394
ALB,2026-02-02,Basic Materials,Specialty Chemicals,-1.6720607547665813
CGEN,2026-02-02,Healthcare,Biotechnology,-1.672239770719631
FOLD,2026-02-02,Healthcare,Biotechnology,-1.672330983296428
MYE,2026-02-02,Consumer Cyclical,Packaging & Containers,-1.67237447797124
GOOS,2026-02-02,Consumer Cyclical,Apparel Manufacturing,-1.6723767787673076
ANL,2026-02-02,Healthcare,Biotechnology,-1.672563418748956
PG,2026-02-02,Consumer Defensive,Household & Personal Products,-1.672617407848975
LRN,2026-02-02,Consumer Defensive,Education & Training Services,-1.6728100517788935
NEOG,2026-02-02,Healthcare,Diagnostics & Research,-1.6728903067041418
AIRT,2026-02-02,Industrials,Conglomerates,-1.6730286965935843
CBUS,2026-02-02,Healthcare,Biotechnology,-1.6730323122956927
EVER,2026-02-02,Communication Services,Internet Content & Information,-1.6732997438074015
ALGN,2026-02-02,Healthcare,Medical Instruments & Supplies,-1.6735753588059987
CL,2026-02-02,Consumer Defensive,Household & Personal Products,-1.6736323529218016
HNST,2026-02-02,Consumer Defensive,Household & Personal Products,-1.6736992359268714
GOODN,2026-02-02,Real Estate,REIT - Diversified,-1.673744465004385
URGN,2026-02-02,Healthcare,Biotechnology,-1.674139462706832
RVP,2026-02-02,Healthcare,Medical Instruments & Supplies,-1.6741543596693356
FLGC,2026-02-02,Healthcare,Drug Manufacturers - Specialty & Generic,-1.6741899383564218
CLYM,2026-02-02,Healthcare,Biotechnology,-1.674684770475261
LANV,2026-02-02,Consumer Cyclical,Luxury Goods,-1.6748060524989903
PZZA,2026-02-02,Consumer Cyclical,Restaurants,-1.6750909583788869
TBCH,2026-02-02,Technology,Consumer Electronics,-1.675094908681921
SPB,2026-02-02,Consumer Defensive,Household & Personal Products,-1.6753156740631896
SPRU,2026-02-02,Technology,Solar,-1.675361720418896
PODD,2026-02-02,Healthcare,Medical Devices,-1.6756569730619255
CRL,2026-02-02,Healthcare,Diagnostics & Research,-1.6759431756690648
JAKK,2026-02-02,Consumer Cyclical,Leisure,-1.6759800223768948
AQST,2026-02-02,Healthcare,Drug Manufacturers - Specialty & Generic,-1.6759854988675016
HDSN,2026-02-02,Basic Materials,Specialty Chemicals,-1.6760422727403836
MDXH,2026-02-02,Healthcare,Diagnostics & Research,-1.6760501855053396
NNOX,2026-02-02,Healthcare,Medical Devices,-1.6761317374853864
ATO,2026-02-02,Utilities,Utilities - Regulated Gas,-1.6761322993073104
TUSK,2026-02-02,Industrials,Conglomerates,-1.6761590550333851
RENT,2026-02-02,Consumer Cyclical,Apparel Retail,-1.676261043049984
OMCL,2026-02-02,Healthcare,Health Information Services,-1.6763855883588088
TYGO,2026-02-02,Technology,Solar,-1.6765451353338496
TSN,2026-02-02,Consumer Defensive,Farm Products,-1.6765521995736865
ACOG,2026-02-02,Healthcare,Biotechnology,-1.6769003790960553
WWR,2026-02-02,Basic Materials,Other Industrial Metals & Mining,-1.6769976818816394
CHSCN,2026-02-02,Consumer Defensive,Farm Products,-1.6771706943423748
SHC,2026-02-02,Healthcare,Diagnostics & Research,-1.6773745725448805
ENR,2026-02-02,Industrials,Electrical Equipment & Parts,-1.6776373870749497
RCKT,2026-02-02,Healthcare,Biotechnology,-1.6777431278019106
VRDN,2026-02-02,Healthcare,Biotechnology,-1.6787514754463366
TBRG,2026-02-02,Healthcare,Health Information Services,-1.6790835055691218
HPP,2026-02-02,Real Estate,REIT - Office,-1.6791000167297856
FLO,2026-02-02,Consumer Defensive,Packaged Foods,-1.6793131262187067
AUUD,2026-02-02,Technology,Software - Application,-1.6793471746567223
WHWK,2026-02-02,Healthcare,Biotechnology,-1.6796159495032932
CCK,2026-02-02,Consumer Cyclical,Packaging & Containers,-1.679622121219537
REAL,2026-02-02,Consumer Cyclical,Luxury Goods,-1.6796502652406406
JOB,2026-02-02,Industrials,Staffing & Employment Services,-1.6800450379700598
SBGI,2026-02-02,Communication Services,Broadcasting,-1.6803567073633618
EVO,2026-02-02,Healthcare,Drug Manufacturers - Specialty & Generic,-1.6804679543465308
YYAI,2026-02-02,Technology,Software - Infrastructure,-1.6807589000012857
RICK,2026-02-02,Consumer Cyclical,Restaurants,-1.6808444483220812
NYC,2026-02-02,Real Estate,Real Estate Services,-1.6811911193862201
NCMI,2026-02-02,Communication Services,Advertising Agencies,-1.6815463851962
BVS,2026-02-02,Healthcare,Medical Devices,-1.6816374900998012
IVA,2026-02-02,Healthcare,Biotechnology,-1.6816919647947142
GEF,2026-02-02,Consumer Cyclical,Packaging & Containers,-1.6818014685124139
ARCT,2026-02-02,Healthcare,Biotechnology,-1.6818123011914583
VERU,2026-02-02,Healthcare,Biotechnology,-1.6819010026666685
SDGR,2026-02-02,Healthcare,Health Information Services,-1.6819635571850848
TBPH,2026-02-02,Healthcare,Biotechnology,-1.682018579047888
DV,2026-02-02,Communication Services,Advertising Agencies,-1.6820833466896568
AHH,2026-02-02,Real Estate,REIT - Diversified,-1.6823319840045816
ELPW,2026-02-02,Industrials,Electrical Equipment & Parts,-1.6826762548642176
VAC,2026-02-02,Consumer Cyclical,Resorts & Casinos,-1.6827510098659366
BRIA,2026-02-02,Consumer Cyclical,Apparel Retail,-1.684324135413479
SLS,2026-02-02,Healthcare,Biotechnology,-1.6844664954453996
LUCD,2026-02-02,Healthcare,Medical Devices,-1.6845941512695375
MDV,2026-02-02,Real Estate,REIT - Industrial,-1.6851913898873703
GETY,2026-02-02,Communication Services,Internet Content & Information,-1.6852029420817087
TRNR,2026-02-02,Consumer Cyclical,Personal Services,-1.685207464654946
MYSEW,2026-02-02,Technology,Software - Application,-1.6853178455719913
IMRX,2026-02-02,Healthcare,Biotechnology,-1.6853490047119135
NVNI,2026-02-02,Technology,Software - Application,-1.6855657432422286
RLYB,2026-02-02,Healthcare,Biotechnology,-1.6855971303418564
ORMP,2026-02-02,Healthcare,Biotechnology,-1.6857785755625279
AIV,2026-02-02,Real Estate,REIT - Residential,-1.686106318347345
NEXM,2026-02-02,Basic Materials,Other Industrial Metals & Mining,-1.68615314528346
REPL,2026-02-02,Healthcare,Biotechnology,-1.6862484265597641
YETI,2026-02-02,Consumer Cyclical,Leisure,-1.6863988317828191
SKLZ,2026-02-02,Communication Services,Electronic Gaming & Multimedia,-1.6865644087081992
RCMT,2026-02-02,Industrials,Conglomerates,-1.6866525167549538
TXG,2026-02-02,Healthcare,Health Information Services,-1.6868794762200003
WRAP,2026-02-02,Technology,Scientific & Technical Instruments,-1.6869548228528222
SERA,2026-02-02,Healthcare,Medical Devices,-1.6872579102423282
STHO,2026-02-02,Real Estate,Real Estate Services,-1.6872788064915423
TGL,2026-02-02,Technology,Software - Application,-1.687842203440054
SBDS,2026-02-02,Consumer Cyclical,Internet Retail,-1.6879016744267115
SOHOB,2026-02-02,Real Estate,REIT - Hotel & Motel,-1.6879048537976726
CPT,2026-02-02,Real Estate,REIT - Residential,-1.6879627169286555
FLNT,2026-02-02,Communication Services,Advertising Agencies,-1.688150730843926
LXU,2026-02-02,Basic Materials,Chemicals,-1.6883946539141552
TPL,2026-02-02,Energy,Oil & Gas E&P,-1.6885530187523834
SENEB,2026-02-02,Consumer Defensive,Packaged Foods,-1.6886123875917245
NYXH,2026-02-02,Healthcare,Medical Instruments & Supplies,-1.6887701399496617
AVIR,2026-02-02,Healthcare,Biotechnology,-1.6888418305232324
VTVT,2026-02-02,Healthcare,Biotechnology,-1.6891507365457865
CWT,2026-02-02,Utilities,Utilities - Regulated Water,-1.6891922091208134
PRTC,2026-02-02,Healthcare,Biotechnology,-1.6892231099516177
MNY,2026-02-02,Communication Services,Internet Content & Information,-1.6892393406304798
KELYA,2026-02-02,Industrials,Staffing & Employment Services,-1.6892826861927048
IONR,2026-02-02,Basic Materials,Other Industrial Metals & Mining,-1.6899471204349923
RCUS,2026-02-02,Healthcare,Biotechnology,-1.6900411640431694
MERC,2026-02-02,Basic Materials,Paper & Paper Products,-1.690158098524227
ARHS,2026-02-02,Consumer Cyclical,Specialty Retail,-1.6903264080876892
CWD,2026-02-02,Financial Services,Asset Management,-1.690365926737808
CNMD,2026-02-02,Healthcare,Medical Devices,-1.6904302822943296
TLSIW,2026-02-02,Healthcare,Medical Devices,-1.690437916418217
FTCI,2026-02-02,Technology,Solar,-1.690494805093264
LGND,2026-02-02,Healthcare,Biotechnology,-1.69061333363618
ALDX,2026-02-02,Healthcare,Biotechnology,-1.690828365320961
ALNY,2026-02-02,Healthcare,Biotechnology,-1.6909681170647202
LZM,2026-02-02,Basic Materials,Other Industrial Metals & Mining,-1.6910371183245012
FAT,2026-02-02,Consumer Cyclical,Restaurants,-1.691037834210858
NRIX,2026-02-02,Healthcare,Biotechnology,-1.6910698551105081
HALO,2026-02-02,Healthcare,Biotechnology,-1.6911222225245992
STIM,2026-02-02,Healthcare,Medical Devices,-1.691200919585374
CIGI,2026-02-02,Real Estate,Real Estate Services,-1.6913949364395844
TCRT,2026-02-02,Healthcare,Biotechnology,-1.6914320752103198
XENE,2026-02-02,Healthcare,Biotechnology,-1.691485659512399
FOXF,2026-02-02,Consumer Cyclical,Auto Parts,-1.6916529764558337
AAPG,2026-02-02,Healthcare,Biotechnology,-1.691668996589948
MATW,2026-02-02,Industrials,Conglomerates,-1.6919657488607516
CGEM,2026-02-02,Healthcare,Biotechnology,-1.6919771149805936
CRSP,2026-02-02,Healthcare,Biotechnology,-1.691979438894724
KLRS,2026-02-02,Healthcare,Biotechnology,-1.6920843826999854
WGO,2026-02-02,Consumer Cyclical,Recreational Vehicles,-1.6921057696065587
RLAY,2026-02-02,Healthcare,Biotechnology,-1.692243777652341
TOPP,2026-02-02,Industrials,Trucking,-1.6926001014533394
CPHI,2026-02-02,Healthcare,Drug Manufacturers - Specialty & Generic,-1.6930765795372171
PAL,2026-02-02,Industrials,Integrated Freight & Logistics,-1.6932325785819697
PR,2026-02-02,Energy,Oil & Gas E&P,-1.6932598490220103
MDU,2026-02-02,Utilities,Utilities - Regulated Gas,-1.6932862005419602
MTRN,2026-02-02,Basic Materials,Other Industrial Metals & Mining,-1.6933186459837788
ACAD,2026-02-02,Healthcare,Biotechnology,-1.69346190901086
NTIC,2026-02-02,Basic Materials,Specialty Chemicals,-1.6935605098209918
VTS,2026-02-02,Energy,Oil & Gas E&P,-1.6937837391505015
HTO,2026-02-02,Utilities,Utilities - Regulated Water,-1.6937937509563021
RVMD,2026-02-02,Healthcare,Biotechnology,-1.6938181302291
SD,2026-02-02,Energy,Oil & Gas E&P,-1.693841132348439
AFCG,2026-02-02,Real Estate,REIT - Mortgage,-1.6938972767682972
TNGX,2026-02-02,Healthcare,Biotechnology,-1.694112372390392
NPCE,2026-02-02,Healthcare,Medical Devices,-1.6944321661210728
CRGO,2026-02-02,Industrials,Integrated Freight & Logistics,-1.6945112556785673
TDOC,2026-02-02,Healthcare,Health Information Services,-1.694832419180505
ACU,2026-02-02,Consumer Defensive,Household & Personal Products,-1.694860003294643
SOHOO,2026-02-02,Real Estate,REIT - Hotel & Motel,-1.6949408854733319
UG,2026-02-02,Consumer Defensive,Household & Personal Products,-1.6952458211405461
BNL,2026-02-02,Real Estate,REIT - Diversified,-1.6952460542534873
PHIN,2026-02-02,Consumer Cyclical,Auto Parts,-1.695408756998894
CGON,2026-02-02,Healthcare,Biotechnology,-1.6954377696926013
CPIX,2026-02-02,Healthcare,Drug Manufacturers - Specialty & Generic,-1.6956279292326424
EMBC,2026-02-02,Healthcare,Medical Instruments & Supplies,-1.695643285546324
LEGN,2026-02-02,Healthcare,Biotechnology,-1.6958403730645204
TZOO,2026-02-02,Communication Services,Internet Content & Information,-1.6959260458021381
SRG,2026-02-02,Real Estate,Real Estate Services,-1.6961872202840644
BLMZ,2026-02-02,Communication Services,Entertainment,-1.6966127927300574
APGE,2026-02-02,Healthcare,Biotechnology,-1.6967462868634817
MNPR,2026-02-02,Healthcare,Biotechnology,-1.696842618370792
IXHL,2026-02-02,Healthcare,Drug Manufacturers - Specialty & Generic,-1.6972520889438465
OKUR,2026-02-02,Healthcare,Biotechnology,-1.6974223951333482
CGC,2026-02-02,Healthcare,Drug Manufacturers - Specialty & Generic,-1.6976812204520266
HERE,2026-02-02,Consumer Cyclical,Leisure,-1.6976997341691662
ASNS,2026-02-02,Technology,Communication Equipment,-1.697840681134604
FGNX,2026-02-02,Financial Services,Asset Management,-1.6979146291855043
NGVT,2026-02-02,Basic Materials,Specialty Chemicals,-1.6982069909156243
SOHU,2026-02-02,Communication Services,Electronic Gaming & Multimedia,-1.6982132925103246
GTIM,2026-02-02,Consumer Cyclical,Restaurants,-1.6982393894287178
ADXN,2026-02-02,Healthcare,Biotechnology,-1.6983995182700142
ESRT,2026-02-02,Real Estate,REIT - Diversified,-1.6985883676605358
AIRS,2026-02-02,Healthcare,Medical Care Facilities,-1.6989893116281893
YYGH,2026-02-02,Consumer Cyclical,Personal Services,-1.69912389950456
NMG,2026-02-02,Basic Materials,Other Industrial Metals & Mining,-1.6991551846766175
WGS,2026-02-02,Healthcare,Diagnostics & Research,-1.6997791572083343
CPOP,2026-02-02,Communication Services,Entertainment,-1.699824770314685
FMS,2026-02-02,Healthcare,Medical Care Facilities,-1.6999033040226263
JRSH,2026-02-02,Consumer Cyclical,Apparel Manufacturing,-1.6999560472485016
INCY,2026-02-02,Healthcare,Biotechnology,-1.7001560644593097
HAE,2026-02-02,Healthcare,Medical Devices,-1.7003356770397842
BALL,2026-02-02,Consumer Cyclical,Packaging & Containers,-1.7003980043187024
SRE,2026-02-02,Utilities,Utilities - Diversified,-1.7004929471078811
VENU,2026-02-02,Consumer Cyclical,Restaurants,-1.7007525736937326
AMH,2026-02-02,Real Estate,REIT - Residential,-1.7008151787053325
VITL,2026-02-02,Consumer Defensive,Farm Products,-1.7011801714751578
NUS,2026-02-02,Consumer Defensive,Household & Personal Products,-1.701246068039101
BHVN,2026-02-02,Healthcare,Biotechnology,-1.7018384252635794
ZYME,2026-02-02,Healthcare,Biotechnology,-1.7019349979746126
MUSA,2026-02-02,Consumer Cyclical,Specialty Retail,-1.702031224932299
MAT,2026-02-02,Consumer Cyclical,Leisure,-1.702211349372516
CRON,2026-02-02,Healthcare,Drug Manufacturers - Specialty & Generic,-1.70232431364758
OPRX,2026-02-02,Healthcare,Health Information Services,-1.7023320166828282
PMNT,2026-02-02,Consumer Cyclical,Apparel Manufacturing,-1.7023461653064176
SOC,2026-02-02,Energy,Oil & Gas Drilling,-1.702442311604781
CTRI,2026-02-02,Utilities,Utilities - Regulated Gas,-1.7027661626778363
RBOT,2026-02-02,Healthcare,Medical Devices,-1.702792638377961
LUNG,2026-02-02,Healthcare,Medical Devices,-1.702987828024639
ABSI,2026-02-02,Healthcare,Biotechnology,-1.7030749813033705
HQI,2026-02-02,Industrials,Staffing & Employment Services,-1.7031725454619726
LESL,2026-02-02,Consumer Cyclical,Specialty Retail,-1.7035313806208705
PCYO,2026-02-02,Utilities,Utilities - Regulated Water,-1.703614586303868
ENOV,2026-02-02,Healthcare,Medical Devices,-1.7037484552335869
BNKK,2026-02-02,Financial Services,Asset Management,-1.7037518662546678
SPH,2026-02-02,Utilities,Utilities - Regulated Gas,-1.703802585448158
PLSE,2026-02-02,Healthcare,Medical Instruments & Supplies,-1.703879979775976
SDOT,2026-02-02,Consumer Defensive,Farm Products,-1.7039317240707101
FSV,2026-02-02,Real Estate,Real Estate Services,-1.7039692421773742
BKV,2026-02-02,Energy,Oil & Gas E&P,-1.7040399986913162
LIXT,2026-02-02,Healthcare,Biotechnology,-1.7040501467410794
NTRA,2026-02-02,Healthcare,Diagnostics & Research,-1.7040572858806355
COGT,2026-02-02,Healthcare,Biotechnology,-1.7040655492562824
CAG,2026-02-02,Consumer Defensive,Packaged Foods,-1.7042082787307011
CMCT,2026-02-02,Real Estate,REIT - Office,-1.7042928313946046
ODYS,2026-02-02,Technology,Scientific & Technical Instruments,-1.7045997171629512
CRNX,2026-02-02,Healthcare,Biotechnology,-1.7047758320925677
RH,2026-02-02,Consumer Cyclical,Specialty Retail,-1.7048426348953551
AVR,2026-02-02,Healthcare,Medical Instruments & Supplies,-1.704860683459762
ASMB,2026-02-02,Healthcare,Biotechnology,-1.704928990194727
KRYS,2026-02-02,Healthcare,Biotechnology,-1.7050196962755761
MPU,2026-02-02,Communication Services,Entertainment,-1.705225828443152
FTHM,2026-02-02,Real Estate,Real Estate Services,-1.7052624887717713
SANA,2026-02-02,Healthcare,Biotechnology,-1.7053720787255702
NMTC,2026-02-02,Healthcare,Medical Devices,-1.7055765409744263
LAB,2026-02-02,Healthcare,Medical Devices,-1.7056004781972443
CDNA,2026-02-02,Healthcare,Diagnostics & Research,-1.7057079584616432
HBIO,2026-02-02,Healthcare,Medical Instruments & Supplies,-1.7058479298430904
VCIG,2026-02-02,Industrials,Consulting Services,-1.7059045772017951
INCR,2026-02-02,Healthcare,Drug Manufacturers - Specialty & Generic,-1.70612726381081
MIND,2026-02-02,Technology,Scientific & Technical Instruments,-1.7061344147725246
SPRO,2026-02-02,Healthcare,Biotechnology,-1.7064079702533288
ICUI,2026-02-02,Healthcare,Medical Instruments & Supplies,-1.7070724812477174
RNAC,2026-02-02,Healthcare,Biotechnology,-1.7070794602680104
MTX,2026-02-02,Basic Materials,Specialty Chemicals,-1.7073741398273479
NNBR,2026-02-02,Industrials,Conglomerates,-1.7074026396944222
LH,2026-02-02,Healthcare,Diagnostics & Research,-1.7076043126629017
GTN,2026-02-02,Communication Services,Broadcasting,-1.707630176866368
NMRA,2026-02-02,Healthcare,Biotechnology,-1.7076807838708559
AVXL,2026-02-02,Healthcare,Biotechnology,-1.707981905873662
CTKB,2026-02-02,Healthcare,Medical Devices,-1.7081141732923057
BMI,2026-02-02,Technology,Scientific & Technical Instruments,-1.7081619843953098
SNDX,2026-02-02,Healthcare,Biotechnology,-1.7089495117488045
ESI,2026-02-02,Basic Materials,Specialty Chemicals,-1.7092312606733953
DOGZ,2026-02-02,Consumer Cyclical,Leisure,-1.7095839885104163
SURG,2026-02-02,Communication Services,Telecom Services,-1.7098728557904945
RGC,2026-02-02,Healthcare,Drug Manufacturers - Specialty & Generic,-1.709916219106786
HKD,2026-02-02,Technology,Software - Application,-1.7100446897444403
NERV,2026-02-02,Healthcare,Biotechnology,-1.7100900687745484
AZI,2026-02-02,Consumer Cyclical,Auto & Truck Dealerships,-1.7106609248509002
BOLT,2026-02-02,Healthcare,Biotechnology,-1.7108953979042032
ZBIO,2026-02-02,Healthcare,Biotechnology,-1.711010403801996
YORW,2026-02-02,Utilities,Utilities - Regulated Water,-1.7114903146266436
RARE,2026-02-02,Healthcare,Biotechnology,-1.7119888535758276
SOWG,2026-02-02,Consumer Defensive,Confectioners,-1.712066912589169
OBE,2026-02-02,Energy,Oil & Gas E&P,-1.712140963925415
PRME,2026-02-02,Healthcare,Biotechnology,-1.71225623034991
ATRC,2026-02-02,Healthcare,Medical Instruments & Supplies,-1.7123996993103106
PK,2026-02-02,Real Estate,REIT - Hotel & Motel,-1.7124282409247622
MCHX,2026-02-02,Communication Services,Advertising Agencies,-1.7125252485021212
LGL,2026-02-02,Technology,Scientific & Technical Instruments,-1.7125925257417445
ELVN,2026-02-02,Healthcare,Biotechnology,-1.71313987018762
USGO,2026-02-02,Basic Materials,Other Industrial Metals & Mining,-1.7131945913178621
KRMD,2026-02-02,Healthcare,Medical Instruments & Supplies,-1.7134910059732011
KRO,2026-02-02,Basic Materials,Specialty Chemicals,-1.7144045777573858
PHAT,2026-02-02,Healthcare,Biotechnology,-1.7144204526450328
AIRE,2026-02-02,Real Estate,Real Estate Services,-1.7145141535443857
OLMA,2026-02-02,Healthcare,Biotechnology,-1.7148151381389383
CYBN,2026-02-02,Healthcare,Biotechnology,-1.715333089369169
PRKS,2026-02-02,Consumer Cyclical,Leisure,-1.7154399113041106
MXCT,2026-02-02,Healthcare,Medical Devices,-1.7154660957477421
MDT,2026-02-02,Healthcare,Medical Devices,-1.7155845216518233
WRBY,2026-02-02,Healthcare,Medical Instruments & Supplies,-1.716016441435645
GYRO,2026-02-02,Real Estate,Real Estate Services,-1.7161081636340512
MITQ,2026-02-02,Technology,Communication Equipment,-1.7165334119985853
BRT,2026-02-02,Real Estate,REIT - Residential,-1.7168558879746254
MGPI,2026-02-02,Consumer Defensive,Beverages - Wineries & Distilleries,-1.7171843506527855
JZXN,2026-02-02,Consumer Cyclical,Auto & Truck Dealerships,-1.7181199759787855
MASS,2026-02-02,Healthcare,Medical Devices,-1.7184600629779312
GSM,2026-02-02,Basic Materials,Other Industrial Metals & Mining,-1.7184963283267864
MRKR,2026-02-02,Healthcare,Biotechnology,-1.7189823799720112
NOG,2026-02-02,Energy,Oil & Gas E&P,-1.7191269441329908
APA,2026-02-02,Energy,Oil & Gas E&P,-1.71928875788411
LCII,2026-02-02,Consumer Cyclical,Recreational Vehicles,-1.7193372410912946
EPC,2026-02-02,Consumer Defensive,Household & Personal Products,-1.7193957580205534
EXOZ,2026-02-02,Healthcare,Biotechnology,-1.719781165880577
WTI,2026-02-02,Energy,Oil & Gas E&P,-1.7198853379210601
TSLA,2026-02-02,Consumer Cyclical,Auto Manufacturers,-1.7199439163877945
RPM,2026-02-02,Basic Materials,Specialty Chemicals,-1.7201883296892124
PPG,2026-02-02,Basic Materials,Specialty Chemicals,-1.7204256146725094
BDMD,2026-02-02,Healthcare,Medical Devices,-1.7205717356781067
BFRI,2026-02-02,Healthcare,Drug Manufacturers - Specialty & Generic,-1.7206170039210011
LPBBW,2026-02-02,Financial Services,Shell Companies,-1.72077733704053
ARVN,2026-02-02,Healthcare,Biotechnology,-1.7209177990974145
SCL,2026-02-02,Basic Materials,Specialty Chemicals,-1.7210054656692124
KELYB,2026-02-02,Industrials,Staffing & Employment Services,-1.7212178078087361
HYPD,2026-02-02,Healthcare,Biotechnology,-1.7214207879425594
OVID,2026-02-02,Healthcare,Biotechnology,-1.7217470980631289
ARTNA,2026-02-02,Utilities,Utilities - Regulated Water,-1.7220844270893303
MGTX,2026-02-02,Healthcare,Biotechnology,-1.7221721908894532
FRGT,2026-02-02,Technology,Software - Application,-1.7225835067176607
TALK,2026-02-02,Healthcare,Health Information Services,-1.7230249999937282
ITP,2026-02-02,Basic Materials,Paper & Paper Products,-1.7237924843479329
ITGR,2026-02-02,Healthcare,Medical Devices,-1.7240893325006308
IBRX,2026-02-02,Healthcare,Biotechnology,-1.7241648140535628
NEN,2026-02-02,Real Estate,Real Estate Services,-1.724180533965366
NTCL,2026-02-02,Technology,Software - Application,-1.724577741829143
COP,2026-02-02,Energy,Oil & Gas E&P,-1.7245784591271431
LINE,2026-02-02,Real Estate,REIT - Industrial,-1.7246677950483316
DNA,2026-02-02,Healthcare,Biotechnology,-1.7249971543718998
SW,2026-02-02,Consumer Cyclical,Packaging & Containers,-1.7252747782724962
RMAX,2026-02-02,Real Estate,Real Estate Services,-1.7254040327864928
DXLG,2026-02-02,Consumer Cyclical,Apparel Retail,-1.7255694852763785
AAPL,2026-02-02,Technology,Consumer Electronics,-1.7256218396914556
RCEL,2026-02-02,Healthcare,Medical Devices,-1.725661499968735
MLYS,2026-02-02,Healthcare,Biotechnology,-1.7258647915158796
KRT,2026-02-02,Consumer Cyclical,Packaging & Containers,-1.7266621475130788
SVRA,2026-02-02,Healthcare,Biotechnology,-1.7269133829148011
ELSE,2026-02-02,Technology,Scientific & Technical Instruments,-1.7271563390189981
SHW,2026-02-02,Basic Materials,Specialty Chemicals,-1.727264788032959
KZR,2026-02-02,Healthcare,Biotechnology,-1.7273634213811577
SMG,2026-02-02,Basic Materials,Agricultural Inputs,-1.7276560237285812
HRL,2026-02-02,Consumer Defensive,Packaged Foods,-1.7277608182174464
BBY,2026-02-02,Consumer Cyclical,Specialty Retail,-1.727793949609148
IPAR,2026-02-02,Consumer Defensive,Household & Personal Products,-1.728020939751507
CGTX,2026-02-02,Healthcare,Biotechnology,-1.7281819802882494
CURI,2026-02-02,Communication Services,Broadcasting,-1.7282469016364148
FEMY,2026-02-02,Healthcare,Medical Instruments & Supplies,-1.7283050069421864
SINT,2026-02-02,Healthcare,Medical Devices,-1.7283323297912432
VERA,2026-02-02,Healthcare,Biotechnology,-1.729171395366034
VSTM,2026-02-02,Healthcare,Biotechnology,-1.729202051827985
RLJ,2026-02-02,Real Estate,REIT - Hotel & Motel,-1.729233336113419
IOSP,2026-02-02,Basic Materials,Specialty Chemicals,-1.729308319968113
THAR,2026-02-02,Healthcare,Biotechnology,-1.729474898522844
EVH,2026-02-02,Healthcare,Health Information Services,-1.7295570490377281
AMWL,2026-02-02,Healthcare,Health Information Services,-1.7295591060147824
HAS,2026-02-02,Consumer Cyclical,Leisure,-1.7296414616397755
XHR,2026-02-02,Real Estate,REIT - Hotel & Motel,-1.7301666828682183
CLW,2026-02-02,Basic Materials,Paper & Paper Products,-1.7301974549420271
MPX,2026-02-02,Consumer Cyclical,Recreational Vehicles,-1.7304040599759734
ECOR,2026-02-02,Healthcare,Medical Devices,-1.7304679874383337
UTL,2026-02-02,Utilities,Utilities - Diversified,-1.7305024910203826
AXL,2026-02-02,Consumer Cyclical,Auto Parts,-1.7309376022076548
MBOT,2026-02-02,Healthcare,Medical Instruments & Supplies,-1.7309501933657583
PTCT,2026-02-02,Healthcare,Biotechnology,-1.7309853617843813
HSTM,2026-02-02,Healthcare,Health Information Services,-1.731547597275883
HAO,2026-02-02,Communication Services,Advertising Agencies,-1.7315600707076253
RPRX,2026-02-02,Healthcare,Biotechnology,-1.7316635552594386
ORIC,2026-02-02,Healthcare,Biotechnology,-1.7317832868500056
STRO,2026-02-02,Healthcare,Biotechnology,-1.7319369306119188
SWX,2026-02-02,Utilities,Utilities - Regulated Gas,-1.7321014174876128
ONFO,2026-02-02,Communication Services,Internet Content & Information,-1.7322234433355663
HOUR,2026-02-02,Consumer Cyclical,Internet Retail,-1.7323038625764475
XOMAO,2026-02-02,Healthcare,Biotechnology,-1.7326811952395529
TRVI,2026-02-02,Healthcare,Biotechnology,-1.7326860144434169
DGX,2026-02-02,Healthcare,Diagnostics & Research,-1.7329615240002616
DCGO,2026-02-02,Healthcare,Medical Care Facilities,-1.7333318381901663
ITRI,2026-02-02,Technology,Scientific & Technical Instruments,-1.733365017317381
TALO,2026-02-02,Energy,Oil & Gas E&P,-1.7336435537032435
MDRR,2026-02-02,Real Estate,REIT - Diversified,-1.7352695443189063
BJDX,2026-02-02,Healthcare,Medical Devices,-1.7353761030011785
PACK,2026-02-02,Consumer Cyclical,Packaging & Containers,-1.7355053327604781
MNR,2026-02-02,Energy,Oil & Gas E&P,-1.7356779743237813
ASO,2026-02-02,Consumer Cyclical,Specialty Retail,-1.7356951431489118
OSTX,2026-02-02,Healthcare,Biotechnology,-1.7359091299990463
AMBP,2026-02-02,Consumer Cyclical,Packaging & Containers,-1.7360542310883256
KMB,2026-02-02,Consumer Defensive,Household & Personal Products,-1.7363754708706813
PDSB,2026-02-02,Healthcare,Biotechnology,-1.7368073881600996
OLPX,2026-02-02,Consumer Cyclical,Specialty Retail,-1.7368368571405663
BWA,2026-02-02,Consumer Cyclical,Auto Parts,-1.7368399078893229
LYB,2026-02-02,Basic Materials,Specialty Chemicals,-1.7369263534230692
MGM,2026-02-02,Consumer Cyclical,Resorts & Casinos,-1.737024250704348
EXEL,2026-02-02,Healthcare,Biotechnology,-1.7378363712574028
VANI,2026-02-02,Healthcare,Biotechnology,-1.7380428134354335
OGN,2026-02-02,Healthcare,Drug Manufacturers - General,-1.738123405443677
SBH,2026-02-02,Consumer Cyclical,Specialty Retail,-1.7381765378822391
LSTA,2026-02-02,Healthcare,Biotechnology,-1.7382216668488597
FLX,2026-02-02,Industrials,Integrated Freight & Logistics,-1.7385618197843995
ASH,2026-02-02,Basic Materials,Specialty Chemicals,-1.738580225286572
HRTX,2026-02-02,Healthcare,Biotechnology,-1.7386244030215885
ADMA,2026-02-02,Healthcare,Biotechnology,-1.7389126099122478
VET,2026-02-02,Energy,Oil & Gas E&P,-1.7391033930425948
DAWN,2026-02-02,Healthcare,Biotechnology,-1.7392277018079514
ABOS,2026-02-02,Healthcare,Biotechnology,-1.7393772114494563
FTLF,2026-02-02,Consumer Defensive,Packaged Foods,-1.7394502288383846
SNAP,2026-02-02,Communication Services,Internet Content & Information,-1.7398632013897624
CYRX,2026-02-02,Industrials,Integrated Freight & Logistics,-1.7398794198175782
GFR,2026-02-02,Energy,Oil & Gas E&P,-1.7400372931251777
SRFM,2026-02-02,Industrials,Airlines,-1.74025205592299
VUZI,2026-02-02,Technology,Consumer Electronics,-1.7403190788494318
UFPT,2026-02-02,Healthcare,Medical Devices,-1.7406743097758626
DBVT,2026-02-02,Healthcare,Biotechnology,-1.74075820838052
SAVA,2026-02-02,Healthcare,Biotechnology,-1.740829975023516
IP,2026-02-02,Consumer Cyclical,Packaging & Containers,-1.7411829424588658
MTN,2026-02-02,Consumer Cyclical,Resorts & Casinos,-1.7413975047540886
THS,2026-02-02,Consumer Defensive,Packaged Foods,-1.7414018966128668
GERN,2026-02-02,Healthcare,Biotechnology,-1.7414508393608148
HSCS,2026-02-02,Healthcare,Medical Devices,-1.7415538451633312
PPC,2026-02-02,Consumer Defensive,Packaged Foods,-1.7418197913563922
ANNX,2026-02-02,Healthcare,Biotechnology,-1.7419502231094288
IMUX,2026-02-02,Healthcare,Biotechnology,-1.7420898588776215
DSS,2026-02-02,Consumer Cyclical,Packaging & Containers,-1.7424085552425754
CRVS,2026-02-02,Healthcare,Biotechnology,-1.742454459075884
OCS,2026-02-02,Healthcare,Biotechnology,-1.742568770897785
CODI,2026-02-02,Industrials,Conglomerates,-1.742681036451196
PGEN,2026-02-02,Healthcare,Biotechnology,-1.7427626209407736
LEA,2026-02-02,Consumer Cyclical,Auto Parts,-1.7429956488336924
VSME,2026-02-02,Communication Services,Advertising Agencies,-1.7430561713943993
RDHL,2026-02-02,Healthcare,Drug Manufacturers - Specialty & Generic,-1.743130358480984
SONO,2026-02-02,Technology,Consumer Electronics,-1.7433064980064914
AAT,2026-02-02,Real Estate,REIT - Diversified,-1.7437992431898688
PRVA,2026-02-02,Healthcare,Health Information Services,-1.743802522643653
ITRM,2026-02-02,Healthcare,Biotechnology,-1.7439414933694626
BOC,2026-02-02,Industrials,Conglomerates,-1.7441779326038183
IPSC,2026-02-02,Healthcare,Biotechnology,-1.744340018588596
NRXP,2026-02-02,Healthcare,Biotechnology,-1.7443550033711936
NIVF,2026-02-02,Healthcare,Medical Care Facilities,-1.744820386850542
ULY,2026-02-02,Technology,Software - Application,-1.7448657990580547
MGNI,2026-02-02,Communication Services,Advertising Agencies,-1.744999515568642
TWG,2026-02-02,Consumer Defensive,Food Distribution,-1.7451892276159013
AXIA,2026-02-02,Utilities,Utilities - Renewable,-1.7455738292210006
HHS,2026-02-02,Industrials,Conglomerates,-1.7459136648768139
IQST,2026-02-02,Communication Services,Telecom Services,-1.7459664533282515
ELUT,2026-02-02,Healthcare,Medical Devices,-1.7462096213278486
ASPS,2026-02-02,Real Estate,Real Estate Services,-1.7466181856576402
AXSM,2026-02-02,Healthcare,Biotechnology,-1.7466848100997892
NOTV,2026-02-02,Healthcare,Diagnostics & Research,-1.7467430360063805
SPWR,2026-02-02,Technology,Solar,-1.7474016825972258
OM,2026-02-02,Healthcare,Medical Devices,-1.747463836767935
CLLS,2026-02-02,Healthcare,Biotechnology,-1.747593503060306
MAYS,2026-02-02,Real Estate,Real Estate Services,-1.7476309465005135
BGS,2026-02-02,Consumer Defensive,Packaged Foods,-1.7484248051279891
HUMA,2026-02-02,Healthcare,Biotechnology,-1.7485690451276668
QGEN,2026-02-02,Healthcare,Diagnostics & Research,-1.748688662397445
SMMT,2026-02-02,Healthcare,Biotechnology,-1.7487730912549935
RIVN,2026-02-02,Consumer Cyclical,Auto Manufacturers,-1.7489105189825112
OLP,2026-02-02,Real Estate,REIT - Diversified,-1.7489498049798462
TKNO,2026-02-02,Healthcare,Drug Manufacturers - Specialty & Generic,-1.7492322132779219
KFRC,2026-02-02,Industrials,Staffing & Employment Services,-1.7493853344474508
SNOA,2026-02-02,Healthcare,Drug Manufacturers - Specialty & Generic,-1.7493908616891953
FSLR,2026-02-02,Technology,Solar,-1.7494031146156892
YGMZ,2026-02-02,Industrials,Trucking,-1.749438353996315
TWST,2026-02-02,Healthcare,Diagnostics & Research,-1.7497006237279902
DH,2026-02-02,Healthcare,Health Information Services,-1.750156332248094
HGV,2026-02-02,Consumer Cyclical,Resorts & Casinos,-1.7502342623253582
FUL,2026-02-02,Basic Materials,Specialty Chemicals,-1.75032885585097
NAUT,2026-02-02,Healthcare,Biotechnology,-1.7505031483241837
ADCT,2026-02-02,Healthcare,Biotechnology,-1.7505779025918238
CSBR,2026-02-02,Healthcare,Biotechnology,-1.7505826490012575
PROK,2026-02-02,Healthcare,Biotechnology,-1.7509237984674528
KBSX,2026-02-02,Basic Materials,Steel,-1.751498309019845
OTLY,2026-02-02,Consumer Defensive,Packaged Foods,-1.7518486276454877
NAMSW,2026-02-02,Healthcare,Biotechnology,-1.7524097615437966
EOLS,2026-02-02,Healthcare,Drug Manufacturers - Specialty & Generic,-1.752787142802945
SXTC,2026-02-02,Healthcare,Drug Manufacturers - Specialty & Generic,-1.7533366924399816
CRDF,2026-02-02,Healthcare,Biotechnology,-1.7535140152367314
MREO,2026-02-02,Healthcare,Biotechnology,-1.7536410903062987
CHNR,2026-02-02,Basic Materials,Other Industrial Metals & Mining,-1.753771102235402
OMH,2026-02-02,Real Estate,Real Estate Services,-1.7537944156176606
INVH,2026-02-02,Real Estate,REIT - Residential,-1.7539626594412643
ARMP,2026-02-02,Healthcare,Biotechnology,-1.7539810417536374
PTHS,2026-02-02,Healthcare,Biotechnology,-1.7541233486176744
PVL,2026-02-02,Energy,Oil & Gas E&P,-1.7542296133313398
NUVB,2026-02-02,Healthcare,Biotechnology,-1.7542661751951185
AMPGW,2026-02-02,Technology,Communication Equipment,-1.754320284058796
ACHV,2026-02-02,Healthcare,Biotechnology,-1.7545285874938281
REBN,2026-02-02,Consumer Cyclical,Restaurants,-1.7545329432162897
DRTS,2026-02-02,Healthcare,Biotechnology,-1.754695029728997
MNKD,2026-02-02,Healthcare,Biotechnology,-1.7547088665097668
MOGU,2026-02-02,Consumer Cyclical,Internet Retail,-1.7548105382563155
ACET,2026-02-02,Healthcare,Biotechnology,-1.754943320522999
ECX,2026-02-02,Consumer Cyclical,Auto Parts,-1.7552369252275624
PRQR,2026-02-02,Healthcare,Biotechnology,-1.7553714326320844
AUTL,2026-02-02,Healthcare,Biotechnology,-1.755541078469957
TTWO,2026-02-02,Communication Services,Electronic Gaming & Multimedia,-1.755589081356394
BHM,2026-02-02,Real Estate,REIT - Residential,-1.7557065421474096
FHTX,2026-02-02,Healthcare,Biotechnology,-1.7558316370175548
FRPT,2026-02-02,Consumer Defensive,Packaged Foods,-1.7560830723327103
MNSO,2026-02-02,Consumer Cyclical,Specialty Retail,-1.7563169446417493
GRVY,2026-02-02,Communication Services,Electronic Gaming & Multimedia,-1.7563777140854588
COUR,2026-02-02,Consumer Defensive,Education & Training Services,-1.7565643296765792
RDNT,2026-02-02,Healthcare,Diagnostics & Research,-1.7565873302219346
COCP,2026-02-02,Healthcare,Biotechnology,-1.7568102488534714
SYBX,2026-02-02,Healthcare,Biotechnology,-1.7568959277238352
UGRO,2026-02-02,Industrials,Farm & Heavy Construction Machinery,-1.7571471554250855
SYK,2026-02-02,Healthcare,Medical Devices,-1.7573050745506378
VICI,2026-02-02,Real Estate,REIT - Diversified,-1.7573597514553578
BTBD,2026-02-02,Consumer Cyclical,Restaurants,-1.7574802018513787
EOG,2026-02-02,Energy,Oil & Gas E&P,-1.7574889267188882
STXS,2026-02-02,Healthcare,Medical Instruments & Supplies,-1.7575714920004046
CORT,2026-02-02,Healthcare,Biotechnology,-1.7575752161900162
OEC,2026-02-02,Basic Materials,Specialty Chemicals,-1.7579004144840278
GELS,2026-02-02,Healthcare,Drug Manufacturers - Specialty & Generic,-1.7580901284381467
YCBD,2026-02-02,Healthcare,Drug Manufacturers - Specialty & Generic,-1.7585338455950612
SOPA,2026-02-02,Communication Services,Advertising Agencies,-1.7586608686366234
CASY,2026-02-02,Consumer Cyclical,Specialty Retail,-1.758690345440688
BBOT,2026-02-02,Healthcare,Biotechnology,-1.7589979620979266
FWRD,2026-02-02,Industrials,Integrated Freight & Logistics,-1.7597065402382484
INHD,2026-02-02,Basic Materials,Steel,-1.7598041400736777
VNRX,2026-02-02,Healthcare,Medical Devices,-1.7600431182720486
VBIX,2026-02-02,Communication Services,Internet Content & Information,-1.760064698810429
GDEN,2026-02-02,Consumer Cyclical,Resorts & Casinos,-1.760389388827108
APP,2026-02-02,Communication Services,Advertising Agencies,-1.7604897256017575
LVS,2026-02-02,Consumer Cyclical,Resorts & Casinos,-1.7607014221394817
ADV,2026-02-02,Communication Services,Advertising Agencies,-1.7610370784007616
CRBU,2026-02-02,Healthcare,Biotechnology,-1.7610440066933577
CYD,2026-02-02,Consumer Cyclical,Auto Manufacturers,-1.7610990419285681
QURE,2026-02-02,Healthcare,Biotechnology,-1.761103924196623
NOMD,2026-02-02,Consumer Defensive,Packaged Foods,-1.7611163252812483
CHSN,2026-02-02,Consumer Cyclical,Restaurants,-1.7613069245595658
AHCO,2026-02-02,Healthcare,Medical Devices,-1.7615084769834677
SGN,2026-02-02,Technology,Software - Application,-1.761542288219421
ELDN,2026-02-02,Healthcare,Biotechnology,-1.7615746687395601
BYD,2026-02-02,Consumer Cyclical,Resorts & Casinos,-1.7616286341232883
COEP,2026-02-02,Healthcare,Biotechnology,-1.7616286736805804
EYPT,2026-02-02,Healthcare,Biotechnology,-1.7618434405530146
TNON,2026-02-02,Healthcare,Medical Devices,-1.76204466000939
LUCK,2026-02-02,Consumer Cyclical,Leisure,-1.7620684667902733
LYEL,2026-02-02,Healthcare,Biotechnology,-1.7627662632963224
CSGP,2026-02-02,Real Estate,Real Estate Services,-1.762940083429811
PEB,2026-02-02,Real Estate,REIT - Hotel & Motel,-1.762966260802552
RGNX,2026-02-02,Healthcare,Biotechnology,-1.7634848308794748
MESO,2026-02-02,Healthcare,Biotechnology,-1.7635966158837122
ACTU,2026-02-02,Healthcare,Biotechnology,-1.7637429779738127
BBLGW,2026-02-02,Healthcare,Medical Devices,-1.7637917626624093
GALT,2026-02-02,Healthcare,Biotechnology,-1.7639715770694984
OVV,2026-02-02,Energy,Oil & Gas E&P,-1.764063118604966
IRIX,2026-02-02,Healthcare,Medical Devices,-1.764106866138565
SAFE,2026-02-02,Real Estate,REIT - Diversified,-1.764247119052716
MSEX,2026-02-02,Utilities,Utilities - Regulated Water,-1.7642549052757286
FDMT,2026-02-02,Healthcare,Biotechnology,-1.7643179078017928
ELLO,2026-02-02,Utilities,Utilities - Renewable,-1.7644816326282295
NCI,2026-02-02,Consumer Cyclical,Apparel Manufacturing,-1.7646603475431841
UK,2026-02-02,Real Estate,Real Estate Services,-1.7649759130107223
PULM,2026-02-02,Healthcare,Biotechnology,-1.7653954491202177
MLR,2026-02-02,Consumer Cyclical,Auto Parts,-1.7656059341622432
IBG,2026-02-02,Consumer Defensive,Beverages - Wineries & Distilleries,-1.765676691797365
CNQ,2026-02-02,Energy,Oil & Gas E&P,-1.7658615422458595
BAK,2026-02-02,Basic Materials,Chemicals,-1.7662469260644837
MLSS,2026-02-02,Healthcare,Medical Instruments & Supplies,-1.7662736828719554
CCGWW,2026-02-02,Communication Services,Internet Content & Information,-1.7662917084211995
HQY,2026-02-02,Healthcare,Health Information Services,-1.766445338781174
USBC,2026-02-02,Technology,Scientific & Technical Instruments,-1.766659566548412
ALGS,2026-02-02,Healthcare,Biotechnology,-1.7667327526559706
SY,2026-02-02,Healthcare,Health Information Services,-1.7668045754962909
GNLN,2026-02-02,Consumer Defensive,Tobacco,-1.7670837420170262
XWEL,2026-02-02,Healthcare,Diagnostics & Research,-1.7672551878962748
NXTC,2026-02-02,Healthcare,Biotechnology,-1.7678296502577462
EPRX,2026-02-02,Healthcare,Biotechnology,-1.7678843512839686
STFS,2026-02-02,Communication Services,Advertising Agencies,-1.7682497487119067
NVAX,2026-02-02,Healthcare,Biotechnology,-1.7682605934303413
FANG,2026-02-02,Energy,Oil & Gas E&P,-1.7683594498511963
GLUE,2026-02-02,Healthcare,Biotechnology,-1.7684505332321157
KAVL,2026-02-02,Consumer Defensive,Tobacco,-1.7687697733540402
NAGE,2026-02-02,Healthcare,Biotechnology,-1.7689095865237376
OKYO,2026-02-02,Healthcare,Biotechnology,-1.7689752509389212
PCLA,2026-02-02,Communication Services,Telecom Services,-1.7692215654931966
SCYX,2026-02-02,Healthcare,Drug Manufacturers - Specialty & Generic,-1.7694841222587399
MSPRW,2026-02-02,Healthcare,Health Information Services,-1.7695126122755245
GPRO,2026-02-02,Technology,Consumer Electronics,-1.769690244304471
THRM,2026-02-02,Consumer Cyclical,Auto Parts,-1.7697142833277053
CADL,2026-02-02,Healthcare,Biotechnology,-1.7698102475858848
HELE,2026-02-02,Consumer Defensive,Household & Personal Products,-1.7698221780594687
TENX,2026-02-02,Healthcare,Biotechnology,-1.770130479811768
ODC,2026-02-02,Basic Materials,Specialty Chemicals,-1.770233262192671
PBYI,2026-02-02,Healthcare,Biotechnology,-1.7702948774945992
IINNW,2026-02-02,Healthcare,Medical Devices,-1.7704907058189483
QH,2026-02-02,Technology,Software - Application,-1.7705416825934455
TNXP,2026-02-02,Healthcare,Biotechnology,-1.7705424114567383
CTEV,2026-02-02,Healthcare,Health Information Services,-1.770621414614728
DOOO,2026-02-02,Consumer Cyclical,Recreational Vehicles,-1.7706704924463494
SQFTP,2026-02-02,Real Estate,REIT - Diversified,-1.770782503785031
IRON,2026-02-02,Healthcare,Biotechnology,-1.7708213495107712
USNA,2026-02-02,Consumer Defensive,Packaged Foods,-1.7711173928068555
TNET,2026-02-02,Industrials,Staffing & Employment Services,-1.7713988102817992
ARDX,2026-02-02,Healthcare,Biotechnology,-1.7715201164927117
ATOS,2026-02-02,Healthcare,Biotechnology,-1.7717324871774944
MDGL,2026-02-02,Healthcare,Biotechnology,-1.7718179422195492
AUPH,2026-02-02,Healthcare,Biotechnology,-1.7718664924761736
STLA,2026-02-02,Consumer Cyclical,Auto Manufacturers,-1.7720521446122586
ACNT,2026-02-02,Basic Materials,Chemicals,-1.7721119911177516
INGR,2026-02-02,Consumer Defensive,Packaged Foods,-1.7725122217098903
BEPC,2026-02-02,Utilities,Utilities - Renewable,-1.7729705516199925
KHC,2026-02-02,Consumer Defensive,Packaged Foods,-1.7730338992275512
GCTK,2026-02-02,Healthcare,Medical Instruments & Supplies,-1.7731231698202021
CLX,2026-02-02,Consumer Defensive,Household & Personal Products,-1.7731917735757918
SLDB,2026-02-02,Healthcare,Biotechnology,-1.7732044400948273
TSQ,2026-02-02,Communication Services,Advertising Agencies,-1.7732935149911884
APTV,2026-02-02,Consumer Cyclical,Auto Parts,-1.7734529540223427
LRMR,2026-02-02,Healthcare,Biotechnology,-1.773607357762333
CNTB,2026-02-02,Healthcare,Biotechnology,-1.7739229996363877
ABUS,2026-02-02,Healthcare,Biotechnology,-1.7742515910273877
ALTO,2026-02-02,Basic Materials,Specialty Chemicals,-1.7744731645985812
PSNL,2026-02-02,Healthcare,Diagnostics & Research,-1.7744930066675773
MMI,2026-02-02,Real Estate,Real Estate Services,-1.774668143986029
MOVE,2026-02-02,Healthcare,Medical Devices,-1.7747053382199895
LPL,2026-02-02,Technology,Consumer Electronics,-1.7747436915393242
ORGO,2026-02-02,Healthcare,Drug Manufacturers - Specialty & Generic,-1.7747600943101731
KOS,2026-02-02,Energy,Oil & Gas E&P,-1.7748604655025488
REI,2026-02-02,Energy,Oil & Gas E&P,-1.775013523470746
CRMD,2026-02-02,Healthcare,Biotechnology,-1.775105504780614
RYTM,2026-02-02,Healthcare,Biotechnology,-1.7753541374822752
ATLN,2026-02-02,Industrials,Staffing & Employment Services,-1.7757169969089854
CTNM,2026-02-02,Healthcare,Biotechnology,-1.7757911386722274
DRUG,2026-02-02,Healthcare,Biotechnology,-1.77630811696713
UTZ,2026-02-02,Consumer Defensive,Packaged Foods,-1.7763551177951216
EQ,2026-02-02,Healthcare,Biotechnology,-1.7766060690607663
NKTX,2026-02-02,Healthcare,Biotechnology,-1.7766748939914874
CABA,2026-02-02,Healthcare,Biotechnology,-1.7767839000207128
REPX,2026-02-02,Energy,Oil & Gas E&P,-1.7768077927182677
RZLT,2026-02-02,Healthcare,Biotechnology,-1.7768196410918473
KYTX,2026-02-02,Healthcare,Biotechnology,-1.776896473797397
STRT,2026-02-02,Consumer Cyclical,Auto Parts,-1.777250349829793
PNRG,2026-02-02,Energy,Oil & Gas E&P,-1.7773796906366988
SSKN,2026-02-02,Healthcare,Medical Devices,-1.777495389610745
CRGY,2026-02-02,Energy,Oil & Gas E&P,-1.7776902794971563
TROX,2026-02-02,Basic Materials,Chemicals,-1.7777606258331942
APLE,2026-02-02,Real Estate,REIT - Hotel & Motel,-1.7778576472081145
FVR,2026-02-02,Real Estate,REIT - Diversified,-1.7780586393248403
TEM,2026-02-02,Healthcare,Health Information Services,-1.7781422659535295
CLDT,2026-02-02,Real Estate,REIT - Hotel & Motel,-1.7781727226701565
RYAM,2026-02-02,Basic Materials,Chemicals,-1.7781773316725564
WDFC,2026-02-02,Basic Materials,Specialty Chemicals,-1.7784791130762054
GPOR,2026-02-02,Energy,Oil & Gas E&P,-1.778832331654279
CTRA,2026-02-02,Energy,Oil & Gas E&P,-1.7789821152775083
WYNN,2026-02-02,Consumer Cyclical,Resorts & Casinos,-1.7794657256786013
GPRE,2026-02-02,Basic Materials,Chemicals,-1.7794809582028004
SHO,2026-02-02,Real Estate,REIT - Hotel & Motel,-1.7797516755253164
XPOF,2026-02-02,Consumer Cyclical,Leisure,-1.7799169464763807
YAAS,2026-02-02,Technology,Software - Application,-1.7800543077094493
CELZ,2026-02-02,Healthcare,Biotechnology,-1.7804045525197572
DGLY,2026-02-02,Communication Services,Internet Content & Information,-1.7805194470823684
CF,2026-02-02,Basic Materials,Agricultural Inputs,-1.7806064316599022
MGX,2026-02-02,Healthcare,Biotechnology,-1.7806852195129896
PHAR,2026-02-02,Healthcare,Biotechnology,-1.7808184528103863
INVA,2026-02-02,Healthcare,Biotechnology,-1.7809134807775404
CRC,2026-02-02,Energy,Oil & Gas E&P,-1.7812039285062848
BOLD,2026-02-02,Healthcare,Biotechnology,-1.7812539456876855
COTY,2026-02-02,Consumer Defensive,Household & Personal Products,-1.781548311484217
NUVL,2026-02-02,Healthcare,Biotechnology,-1.7817848870163984
LW,2026-02-02,Consumer Defensive,Packaged Foods,-1.781860736286855
ELF,2026-02-02,Consumer Defensive,Household & Personal Products,-1.7818713461101385
FULC,2026-02-02,Healthcare,Biotechnology,-1.7819602546122093
CC,2026-02-02,Basic Materials,Specialty Chemicals,-1.7820645125198669
BGM,2026-02-02,Healthcare,Drug Manufacturers - Specialty & Generic,-1.7820828648854556
CRK,2026-02-02,Energy,Oil & Gas E&P,-1.7823013069530853
MTDR,2026-02-02,Energy,Oil & Gas E&P,-1.782301373067909
MCRI,2026-02-02,Consumer Cyclical,Resorts & Casinos,-1.782330369702794
VIR,2026-02-02,Healthcare,Biotechnology,-1.7827006547536788
TFX,2026-02-02,Healthcare,Medical Instruments & Supplies,-1.7831072207769878
SMP,2026-02-02,Consumer Cyclical,Auto Parts,-1.7831411921432925
VFS,2026-02-02,Consumer Cyclical,Auto Manufacturers,-1.7833470368307491
EWCZ,2026-02-02,Consumer Defensive,Household & Personal Products,-1.7836524875749755
EMN,2026-02-02,Basic Materials,Specialty Chemicals,-1.7844762325082457
BTE,2026-02-02,Energy,Oil & Gas E&P,-1.7844990514650747
GOVX,2026-02-02,Healthcare,Biotechnology,-1.784561403424827
IINN,2026-02-02,Healthcare,Medical Devices,-1.7846464903662649
DRIO,2026-02-02,Healthcare,Health Information Services,-1.7846516976141056
GRWG,2026-02-02,Consumer Cyclical,Specialty Retail,-1.7850823478085276
CING,2026-02-02,Healthcare,Biotechnology,-1.7851210973190184
BHAT,2026-02-02,Communication Services,Electronic Gaming & Multimedia,-1.7851700200549556
VALN,2026-02-02,Healthcare,Biotechnology,-1.7853858451884197
ADPT,2026-02-02,Healthcare,Biotechnology,-1.7854998500097128
SRTS,2026-02-02,Healthcare,Medical Devices,-1.785710622630106
GENI,2026-02-02,Communication Services,Internet Content & Information,-1.7858284809090095
CHD,2026-02-02,Consumer Defensive,Household & Personal Products,-1.7860945705675455
VSA,2026-02-02,Consumer Defensive,Education & Training Services,-1.7861620994145562
CHRD,2026-02-02,Energy,Oil & Gas E&P,-1.786268894663594
ZLAB,2026-02-02,Healthcare,Biotechnology,-1.7863055785252506
SJM,2026-02-02,Consumer Defensive,Packaged Foods,-1.7865119460869527
PENN,2026-02-02,Consumer Cyclical,Resorts & Casinos,-1.786589597513058
GBIO,2026-02-02,Healthcare,Biotechnology,-1.7869526635157715
TM,2026-02-02,Consumer Cyclical,Auto Manufacturers,-1.7871887263386732
ATAI,2026-02-02,Healthcare,Biotechnology,-1.7872712281017427
ACIU,2026-02-02,Healthcare,Biotechnology,-1.787333265338132
VSTD,2026-02-02,Consumer Cyclical,Restaurants,-1.7875300274868178
IMTX,2026-02-02,Healthcare,Biotechnology,-1.7881766546296216
BDSX,2026-02-02,Healthcare,Diagnostics & Research,-1.7888266584354562
AGIO,2026-02-02,Healthcare,Biotechnology,-1.789003417718821
ZJYL,2026-02-02,Healthcare,Medical Instruments & Supplies,-1.7891753399959012
ALLO,2026-02-02,Healthcare,Biotechnology,-1.7896067012592738
MAN,2026-02-02,Industrials,Staffing & Employment Services,-1.789676111994964
AOUT,2026-02-02,Consumer Cyclical,Leisure,-1.7897161050368446
JFBR,2026-02-02,Consumer Cyclical,Internet Retail,-1.7899507786902227
OI,2026-02-02,Consumer Cyclical,Packaging & Containers,-1.789987528947593
MODG,2026-02-02,Consumer Cyclical,Leisure,-1.7901287842944678
GBR,2026-02-02,Real Estate,Real Estate Services,-1.7901935180198283
YSG,2026-02-02,Consumer Defensive,Household & Personal Products,-1.790209994125865
DMAC,2026-02-02,Healthcare,Biotechnology,-1.7905023511744027
FBIOP,2026-02-02,Healthcare,Biotechnology,-1.7905031337275097
EJH,2026-02-02,Consumer Cyclical,Personal Services,-1.7910119847439558
MODD,2026-02-02,Healthcare,Medical Devices,-1.7910390905712492
VYGR,2026-02-02,Healthcare,Biotechnology,-1.7911443751026153
KYMR,2026-02-02,Healthcare,Biotechnology,-1.7911513096651674
MUR,2026-02-02,Energy,Oil & Gas E&P,-1.7917642821557909
EVGO,2026-02-02,Consumer Cyclical,Specialty Retail,-1.791770836934666
SGMT,2026-02-02,Healthcare,Biotechnology,-1.7917948022673988
TBI,2026-02-02,Industrials,Staffing & Employment Services,-1.791825018208506
ELBM,2026-02-02,Basic Materials,Other Industrial Metals & Mining,-1.7919316282809223
AIMD,2026-02-02,Technology,Scientific & Technical Instruments,-1.7919632283716607
ZURA,2026-02-02,Healthcare,Biotechnology,-1.7920926227935796
CAMP,2026-02-02,Healthcare,Biotechnology,-1.7921364373561022
UPXI,2026-02-02,Communication Services,Internet Content & Information,-1.7921775187778892
AMCR,2026-02-02,Consumer Cyclical,Packaging & Containers,-1.792191976232858
MAIA,2026-02-02,Healthcare,Biotechnology,-1.792362749572468
BHR,2026-02-02,Real Estate,REIT - Hotel & Motel,-1.7924159367928694
NRGV,2026-02-02,Utilities,Utilities - Renewable,-1.7924468490415193
CLPT,2026-02-02,Healthcare,Medical Devices,-1.793182439626067
APLM,2026-02-02,Healthcare,Biotechnology,-1.7938379562437468
DTIL,2026-02-02,Healthcare,Biotechnology,-1.794095036377906
SPOK,2026-02-02,Healthcare,Health Information Services,-1.7941533204672762
ZTEK,2026-02-02,Healthcare,Medical Instruments & Supplies,-1.794173124935306
XGN,2026-02-02,Healthcare,Diagnostics & Research,-1.7943591280865254
EPM,2026-02-02,Energy,Oil & Gas E&P,-1.794601557003529
RHI,2026-02-02,Industrials,Staffing & Employment Services,-1.7947976456681944
GP,2026-02-02,Industrials,Farm & Heavy Construction Machinery,-1.794847852861125
ENLV,2026-02-02,Healthcare,Biotechnology,-1.7949282438071885
MDWD,2026-02-02,Healthcare,Biotechnology,-1.7951825585227708
SRZN,2026-02-02,Healthcare,Biotechnology,-1.7953305274347025
SNWV,2026-02-02,Healthcare,Medical Devices,-1.7954093122046413
UAN,2026-02-02,Basic Materials,Agricultural Inputs,-1.7956535749821083
VC,2026-02-02,Consumer Cyclical,Auto Parts,-1.7956685311488378
LWLG,2026-02-02,Basic Materials,Specialty Chemicals,-1.795772015140155
BMEA,2026-02-02,Healthcare,Biotechnology,-1.795888983475258
WOK,2026-02-02,Healthcare,Medical Devices,-1.7959221371468543
VRCA,2026-02-02,Healthcare,Biotechnology,-1.796147683427967
ATRA,2026-02-02,Healthcare,Biotechnology,-1.7962146340144125
GLTO,2026-02-02,Healthcare,Biotechnology,-1.7965202954494317
HZO,2026-02-02,Consumer Cyclical,Specialty Retail,-1.7967110861992028
OCUL,2026-02-02,Healthcare,Biotechnology,-1.7967136239217014
BRCC,2026-02-02,Consumer Defensive,Packaged Foods,-1.7971947706149038
IHRT,2026-02-02,Communication Services,Broadcasting,-1.79733068402107
HPK,2026-02-02,Energy,Oil & Gas E&P,-1.7973516148769526
BRLT,2026-02-02,Consumer Cyclical,Luxury Goods,-1.7983463323093007
PII,2026-02-02,Consumer Cyclical,Recreational Vehicles,-1.7983676464147833
ZNTL,2026-02-02,Healthcare,Biotechnology,-1.7986479150478896
LXEO,2026-02-02,Healthcare,Biotechnology,-1.7989734321071744
ACLX,2026-02-02,Healthcare,Biotechnology,-1.7991645525895124
DMLP,2026-02-02,Energy,Oil & Gas E&P,-1.7992356262144438
ENGN,2026-02-02,Healthcare,Biotechnology,-1.7992857234663406
TECX,2026-02-02,Healthcare,Biotechnology,-1.7996438037901616
BRID,2026-02-02,Consumer Defensive,Packaged Foods,-1.7998900032778553
STG,2026-02-02,Consumer Defensive,Education & Training Services,-1.7999669208964582
ABVX,2026-02-02,Healthcare,Biotechnology,-1.800013051788532
RHP,2026-02-02,Real Estate,REIT - Hotel & Motel,-1.8002094952862047
CVGI,2026-02-02,Consumer Cyclical,Auto Parts,-1.800383479803093
SM,2026-02-02,Energy,Oil & Gas E&P,-1.800638870181345
OCG,2026-02-02,Consumer Cyclical,Internet Retail,-1.800656733762244
WINA,2026-02-02,Consumer Cyclical,Specialty Retail,-1.8007116291591032
RNXT,2026-02-02,Healthcare,Biotechnology,-1.8007333665342131
SEPN,2026-02-02,Healthcare,Biotechnology,-1.80079112347894
SLDP,2026-02-02,Consumer Cyclical,Auto Parts,-1.8008429656424088
EVGOW,2026-02-02,Consumer Cyclical,Specialty Retail,-1.8008691506270893
SLP,2026-02-02,Healthcare,Health Information Services,-1.8008733479680386
AMPY,2026-02-02,Energy,Oil & Gas E&P,-1.8011299850367393
INR,2026-02-02,Energy,Oil & Gas E&P,-1.8012344892041177
GWH,2026-02-02,Industrials,Electrical Equipment & Parts,-1.8012830238740771
LRHC,2026-02-02,Real Estate,Real Estate Services,-1.801297687813878
UL,2026-02-02,Consumer Defensive,Household & Personal Products,-1.801327923330455
MHH,2026-02-02,Industrials,Staffing & Employment Services,-1.8015398997259293
GNTX,2026-02-02,Consumer Cyclical,Auto Parts,-1.8015957937220608
PDEX,2026-02-02,Healthcare,Medical Instruments & Supplies,-1.8016063621813894
KPRX,2026-02-02,Healthcare,Biotechnology,-1.8021138898816653
SRRK,2026-02-02,Healthcare,Biotechnology,-1.802163594389261
NSPR,2026-02-02,Healthcare,Medical Devices,-1.8022723355038297
ULTA,2026-02-02,Consumer Cyclical,Specialty Retail,-1.8025319061136533
FF,2026-02-02,Basic Materials,Specialty Chemicals,-1.8027985947010472
INM,2026-02-02,Healthcare,Drug Manufacturers - Specialty & Generic,-1.8029789545775732
EWTX,2026-02-02,Healthcare,Biotechnology,-1.803461255958884
JJSF,2026-02-02,Consumer Defensive,Packaged Foods,-1.8037127912619735
AS,2026-02-02,Consumer Cyclical,Leisure,-1.803806312108187
KALV,2026-02-02,Healthcare,Biotechnology,-1.8044306273048563
MVIS,2026-02-02,Technology,Scientific & Technical Instruments,-1.8044790651194584
LDWY,2026-02-02,Communication Services,Advertising Agencies,-1.804591496372203
TARA,2026-02-02,Healthcare,Biotechnology,-1.8055247387689026
APD,2026-02-02,Basic Materials,Specialty Chemicals,-1.805793423113096
RRR,2026-02-02,Consumer Cyclical,Resorts & Casinos,-1.8058057893937007
CTXR,2026-02-02,Healthcare,Biotechnology,-1.8058987660884809
THO,2026-02-02,Consumer Cyclical,Recreational Vehicles,-1.8060296049184577
SFD,2026-02-02,Consumer Defensive,Packaged Foods,-1.8065829464813798
HCWC,2026-02-02,Consumer Defensive,Packaged Foods,-1.8065905986196689
KOP,2026-02-02,Basic Materials,Specialty Chemicals,-1.8069012179461383
CZR,2026-02-02,Consumer Cyclical,Resorts & Casinos,-1.8070563526778323
ATHE,2026-02-02,Healthcare,Biotechnology,-1.8073704565575175
OXY,2026-02-02,Energy,Oil & Gas E&P,-1.8083349922101641
FBIO,2026-02-02,Healthcare,Biotechnology,-1.808372674827199
VNDA,2026-02-02,Healthcare,Biotechnology,-1.808454327429266
XFOR,2026-02-02,Healthcare,Biotechnology,-1.808480025185234
MPAA,2026-02-02,Consumer Cyclical,Auto Parts,-1.808484347507291
XOMA,2026-02-02,Healthcare,Biotechnology,-1.8086653330206066
SEATW,2026-02-02,Communication Services,Internet Content & Information,-1.8088081357964345
BATL,2026-02-02,Energy,Oil & Gas E&P,-1.8088923213134613
GIBO,2026-02-02,Communication Services,Internet Content & Information,-1.8089546556149652
EONR,2026-02-02,Energy,Oil & Gas E&P,-1.8093283265024318
LXRX,2026-02-02,Healthcare,Biotechnology,-1.809380553096671
CPB,2026-02-02,Consumer Defensive,Packaged Foods,-1.8095614351928118
SSP,2026-02-02,Communication Services,Broadcasting,-1.8096551576058195
ABCL,2026-02-02,Healthcare,Biotechnology,-1.8099561119786292
NAMI,2026-02-02,Communication Services,Internet Content & Information,-1.8104979901464773
XPEL,2026-02-02,Consumer Cyclical,Auto Parts,-1.8108055817060287
BNC,2026-02-02,Industrials,Farm & Heavy Construction Machinery,-1.811583644439069
RIME,2026-02-02,Technology,Consumer Electronics,-1.8118265404925806
BGMSP,2026-02-02,Healthcare,Biotechnology,-1.8126102889077969
COYA,2026-02-02,Healthcare,Biotechnology,-1.813344876600804
XIFR,2026-02-02,Utilities,Utilities - Renewable,-1.8133875962333554
PAVM,2026-02-02,Healthcare,Medical Devices,-1.814050782980548
VVPR,2026-02-02,Technology,Solar,-1.8140981846719157
PED,2026-02-02,Energy,Oil & Gas E&P,-1.8143234482107893
NEU,2026-02-02,Basic Materials,Specialty Chemicals,-1.8145058928806108
CWEN,2026-02-02,Utilities,Utilities - Renewable,-1.8146196333933229
GURE,2026-02-02,Basic Materials,Chemicals,-1.8148168160089846
EXEEL,2026-02-02,Energy,Oil & Gas E&P,-1.815152442471666
AR,2026-02-02,Energy,Oil & Gas E&P,-1.815265211207434
KGEI,2026-02-02,Energy,Oil & Gas E&P,-1.8155441184615846
MBUU,2026-02-02,Consumer Cyclical,Recreational Vehicles,-1.8157577682131203
SBFM,2026-02-02,Healthcare,Drug Manufacturers - Specialty & Generic,-1.8159919465167125
CLPR,2026-02-02,Real Estate,REIT - Residential,-1.8160855829562035
TRVG,2026-02-02,Communication Services,Internet Content & Information,-1.8165704735564032
AXIL,2026-02-02,Technology,Consumer Electronics,-1.8166861155947236
INVZ,2026-02-02,Consumer Cyclical,Auto Parts,-1.816873205238303
EXE,2026-02-02,Energy,Oil & Gas E&P,-1.816977221975427
JXG,2026-02-02,Consumer Cyclical,Apparel Manufacturing,-1.8172096799530488
NXL,2026-02-02,Healthcare,Medical Devices,-1.8172739180553008
CERT,2026-02-02,Healthcare,Health Information Services,-1.817732657754458
QS,2026-02-02,Consumer Cyclical,Auto Parts,-1.8178826262131937
ABVE,2026-02-02,Consumer Defensive,Packaged Foods,-1.8183073794426996
PMVP,2026-02-02,Healthcare,Biotechnology,-1.8183099058436063
MGY,2026-02-02,Energy,Oil & Gas E&P,-1.818362680131093
PHVS,2026-02-02,Healthcare,Biotechnology,-1.8186719278779657
NIU,2026-02-02,Consumer Cyclical,Auto Manufacturers,-1.818699027446346
INTS,2026-02-02,Healthcare,Biotechnology,-1.8188080160259403
HST,2026-02-02,Real Estate,REIT - Hotel & Motel,-1.8191658112874065
ENPH,2026-02-02,Technology,Solar,-1.8192186054283812
TBN,2026-02-02,Energy,Oil & Gas E&P,-1.8195420679282213
FEBO,2026-02-02,Technology,Consumer Electronics,-1.819876599600471
XBIT,2026-02-02,Healthcare,Biotechnology,-1.8198853161133484
AGEN,2026-02-02,Healthcare,Biotechnology,-1.8199665573566084
WALD,2026-02-02,Consumer Defensive,Household & Personal Products,-1.8201025711399874
CPRX,2026-02-02,Healthcare,Biotechnology,-1.8202416625108329
CDLX,2026-02-02,Communication Services,Advertising Agencies,-1.8205785778302401
ICCM,2026-02-02,Healthcare,Medical Devices,-1.8206834465961634
GMGI,2026-02-02,Communication Services,Electronic Gaming & Multimedia,-1.821027975804575
NCEW,2026-02-02,Industrials,Integrated Freight & Logistics,-1.8214386691245354
EPOW,2026-02-02,Industrials,Electrical Equipment & Parts,-1.8217541952237684
LUCYW,2026-02-02,Healthcare,Medical Instruments & Supplies,-1.8219337134541451
FCUV,2026-02-02,Technology,Scientific & Technical Instruments,-1.8221083214469076
STTK,2026-02-02,Healthcare,Biotechnology,-1.8223660084255344
EUDA,2026-02-02,Real Estate,Real Estate Services,-1.8227052252199838
AQB,2026-02-02,Consumer Defensive,Farm Products,-1.8227065050469882
CNTY,2026-02-02,Consumer Cyclical,Resorts & Casinos,-1.8234053992569883
TKLF,2026-02-02,Consumer Cyclical,Specialty Retail,-1.8234145319498742
GPK,2026-02-02,Consumer Cyclical,Packaging & Containers,-1.823458724207771
CNTA,2026-02-02,Healthcare,Biotechnology,-1.823534144206994
SXT,2026-02-02,Basic Materials,Specialty Chemicals,-1.8235770024679545
CRT,2026-02-02,Energy,Oil & Gas E&P,-1.8236986043265089
TSE,2026-02-02,Basic Materials,Specialty Chemicals,-1.8242978164397523
ASTC,2026-02-02,Technology,Scientific & Technical Instruments,-1.8251009086030663
ONMD,2026-02-02,Healthcare,Health Information Services,-1.8251333532829368
KRRO,2026-02-02,Healthcare,Biotechnology,-1.8259997965044126
CCTG,2026-02-02,Industrials,Electrical Equipment & Parts,-1.8261060792107056
WVVIP,2026-02-02,Consumer Defensive,Beverages - Wineries & Distilleries,-1.826640276987519
RNW,2026-02-02,Utilities,Utilities - Renewable,-1.8269827716939335
DAN,2026-02-02,Consumer Cyclical,Auto Parts,-1.8272053720534849
SNDL,2026-02-02,Consumer Defensive,Beverages - Wineries & Distilleries,-1.827616130832667
DYAI,2026-02-02,Healthcare,Biotechnology,-1.8278191243785786
GPRK,2026-02-02,Energy,Oil & Gas E&P,-1.8278575551169016
HAIN,2026-02-02,Consumer Defensive,Packaged Foods,-1.8278775853805114
SOHON,2026-02-02,Real Estate,REIT - Hotel & Motel,-1.8280496640849058
MLCO,2026-02-02,Consumer Cyclical,Resorts & Casinos,-1.8281331454208043
MNTK,2026-02-02,Basic Materials,Specialty Chemicals,-1.8285655037376647
RRC,2026-02-02,Energy,Oil & Gas E&P,-1.8286657567086342
RYM,2026-02-02,Consumer Defensive,Tobacco,-1.828824533956879
DFLI,2026-02-02,Industrials,Electrical Equipment & Parts,-1.8289725944951445
MVST,2026-02-02,Consumer Cyclical,Auto Parts,-1.829050020687997
WDS,2026-02-02,Energy,Oil & Gas E&P,-1.8290675482997805
FTRE,2026-02-02,Healthcare,Biotechnology,-1.8294113539764143
DKS,2026-02-02,Consumer Cyclical,Specialty Retail,-1.8295207827226019
GRNT,2026-02-02,Energy,Oil & Gas E&P,-1.8298408305039022
KWR,2026-02-02,Basic Materials,Specialty Chemicals,-1.8298916764662636
BMRA,2026-02-02,Healthcare,Medical Devices,-1.8305091639877047
ICCC,2026-02-02,Healthcare,Biotechnology,-1.8309891606567312
LCFY,2026-02-02,Communication Services,Internet Content & Information,-1.83099150915525
CALC,2026-02-02,Healthcare,Biotechnology,-1.8310608846183094
TELA,2026-02-02,Healthcare,Medical Devices,-1.8315131310969013
BEEM,2026-02-02,Technology,Solar,-1.8315595643371423
BYAH,2026-02-02,Consumer Defensive,Household & Personal Products,-1.8318085633005132
STSS,2026-02-02,Healthcare,Medical Instruments & Supplies,-1.8320474985580626
XPON,2026-02-02,Industrials,Electrical Equipment & Parts,-1.8323801128600885
OTLK,2026-02-02,Healthcare,Biotechnology,-1.8324095744803477
ANVS,2026-02-02,Healthcare,Biotechnology,-1.8327472877875173
PLX,2026-02-02,Healthcare,Biotechnology,-1.832876619492465
WOOF,2026-02-02,Consumer Cyclical,Specialty Retail,-1.8331769191655702
NTES,2026-02-02,Communication Services,Electronic Gaming & Multimedia,-1.8333610411130186
CAPR,2026-02-02,Healthcare,Biotechnology,-1.8337727737664187
ALEC,2026-02-02,Healthcare,Biotechnology,-1.833806866214005
APLS,2026-02-02,Healthcare,Biotechnology,-1.8338560138661668
BNTC,2026-02-02,Healthcare,Biotechnology,-1.8339546170204015
OCGN,2026-02-02,Healthcare,Biotechnology,-1.8344118170031058
SONY,2026-02-02,Technology,Consumer Electronics,-1.8344482198260452
ACCS,2026-02-02,Communication Services,Advertising Agencies,-1.834574377100205
PLBY,2026-02-02,Consumer Cyclical,Leisure,-1.8346272199175713
MZTI,2026-02-02,Consumer Defensive,Packaged Foods,-1.8346363650321436
CRBP,2026-02-02,Healthcare,Biotechnology,-1.8348728759245019
GDRX,2026-02-02,Healthcare,Health Information Services,-1.8351992761621787
CPS,2026-02-02,Consumer Cyclical,Auto Parts,-1.8355042647837092
SES,2026-02-02,Consumer Cyclical,Auto Parts,-1.8355099708576927
SFWL,2026-02-02,Industrials,Integrated Freight & Logistics,-1.8355624602923821
BSM,2026-02-02,Energy,Oil & Gas E&P,-1.835749590694528
QTTB,2026-02-02,Healthcare,Biotechnology,-1.8363394938847335
TMCI,2026-02-02,Healthcare,Medical Devices,-1.8365385700377128
FLWS,2026-02-02,Consumer Cyclical,Specialty Retail,-1.8372369436029836
TGTX,2026-02-02,Healthcare,Biotechnology,-1.8373592928916271
BNGO,2026-02-02,Healthcare,Medical Instruments & Supplies,-1.8383613883545211
HLLY,2026-02-02,Consumer Cyclical,Auto Parts,-1.8384134052547088
SJT,2026-02-02,Energy,Oil & Gas E&P,-1.8384234431493665
XOS,2026-02-02,Industrials,Farm & Heavy Construction Machinery,-1.838484565505244
CBT,2026-02-02,Basic Materials,Specialty Chemicals,-1.8387440188357762
EXEEW,2026-02-02,Energy,Oil & Gas E&P,-1.8387772173411565
CTVA,2026-02-02,Basic Materials,Agricultural Inputs,-1.8394100832797875
LFMD,2026-02-02,Healthcare,Health Information Services,-1.8396908177349833
CKX,2026-02-02,Energy,Oil & Gas E&P,-1.8400167356332953
CLIK,2026-02-02,Consumer Cyclical,Personal Services,-1.8400575705394289
XAIR,2026-02-02,Healthcare,Medical Devices,-1.840517967277174
AURA,2026-02-02,Healthcare,Biotechnology,-1.8408503011545359
YHGJ,2026-02-02,Consumer Cyclical,Packaging & Containers,-1.8412085686155693
ONCY,2026-02-02,Healthcare,Biotechnology,-1.8412114067004197
JBDI,2026-02-02,Consumer Cyclical,Specialty Retail,-1.8415958632702656
MGNX,2026-02-02,Healthcare,Biotechnology,-1.8417598438209744
EDIT,2026-02-02,Healthcare,Biotechnology,-1.8417935520693425
RVPH,2026-02-02,Healthcare,Biotechnology,-1.8418842425057518
SYPR,2026-02-02,Consumer Cyclical,Auto Parts,-1.8425441671404437
FOXX,2026-02-02,Technology,Consumer Electronics,-1.8426905581897624
GT,2026-02-02,Consumer Cyclical,Auto Parts,-1.8429386426155132
CAAS,2026-02-02,Consumer Cyclical,Auto Parts,-1.8429943762478815
LI,2026-02-02,Consumer Cyclical,Auto Manufacturers,-1.8431920348157698
ALUR,2026-02-02,Healthcare,Medical Devices,-1.8432566013264329
ONEW,2026-02-02,Consumer Cyclical,Specialty Retail,-1.8432646023473316
HOWL,2026-02-02,Healthcare,Biotechnology,-1.8435047090732744
CTSO,2026-02-02,Healthcare,Medical Devices,-1.8436100014309715
CODX,2026-02-02,Healthcare,Medical Devices,-1.8437036677417706
MAXN,2026-02-02,Technology,Solar,-1.8439693595531224
INBS,2026-02-02,Healthcare,Medical Devices,-1.844318836360514
SKYE,2026-02-02,Healthcare,Biotechnology,-1.8443739054728845
ARKO,2026-02-02,Consumer Cyclical,Specialty Retail,-1.8444396214275454
IKT,2026-02-02,Healthcare,Biotechnology,-1.8447245056359745
GDEV,2026-02-02,Communication Services,Electronic Gaming & Multimedia,-1.8448262121846384
CTOR,2026-02-02,Healthcare,Drug Manufacturers - Specialty & Generic,-1.8449093170411708
TC,2026-02-02,Communication Services,Advertising Agencies,-1.8450461661479431
HOTH,2026-02-02,Healthcare,Biotechnology,-1.8451690302979478
DDI,2026-02-02,Communication Services,Electronic Gaming & Multimedia,-1.8451704149313979
CCLD,2026-02-02,Healthcare,Health Information Services,-1.8453205696497068
AXTA,2026-02-02,Basic Materials,Specialty Chemicals,-1.8456067523801707
IVVD,2026-02-02,Healthcare,Biotechnology,-1.8456456082135135
ALT,2026-02-02,Healthcare,Biotechnology,-1.8456513087508406
WBUY,2026-02-02,Consumer Cyclical,Internet Retail,-1.845692917981153
PHR,2026-02-02,Healthcare,Health Information Services,-1.8457902254668275
ESLA,2026-02-02,Healthcare,Biotechnology,-1.8460828503778666
GUTS,2026-02-02,Healthcare,Biotechnology,-1.8462070452789139
ARTV,2026-02-02,Healthcare,Biotechnology,-1.8462394368396087
STGW,2026-02-02,Communication Services,Advertising Agencies,-1.8466060362198693
TVTX,2026-02-02,Healthcare,Biotechnology,-1.8467075793890426
GME,2026-02-02,Consumer Cyclical,Specialty Retail,-1.846727747105628
LOCL,2026-02-02,Consumer Defensive,Farm Products,-1.8471326741494174
NAKA,2026-02-02,Healthcare,Medical Care Facilities,-1.8474314427993888
TXO,2026-02-02,Energy,Oil & Gas E&P,-1.8476898771473829
ELTX,2026-02-02,Healthcare,Biotechnology,-1.8478101900230977
MDXG,2026-02-02,Healthcare,Biotechnology,-1.8480326435291399
ALBT,2026-02-02,Real Estate,Real Estate Services,-1.8481896349838778
DRCT,2026-02-02,Communication Services,Advertising Agencies,-1.8482963414971565
DDC,2026-02-02,Consumer Defensive,Packaged Foods,-1.848316993608999
UPC,2026-02-02,Healthcare,Drug Manufacturers - Specialty & Generic,-1.8483967196744502
GROV,2026-02-02,Consumer Defensive,Household & Personal Products,-1.8485895597887612
EQT,2026-02-02,Energy,Oil & Gas E&P,-1.8494243426551966
VSEE,2026-02-02,Healthcare,Health Information Services,-1.8495524673138863
BNED,2026-02-02,Consumer Cyclical,Specialty Retail,-1.8501516545198187
GOOD,2026-02-02,Real Estate,REIT - Diversified,-1.8511952297807626
AEMD,2026-02-02,Healthcare,Medical Devices,-1.8517240873569698
KRP,2026-02-02,Energy,Oil & Gas E&P,-1.8518270016494276
POST,2026-02-02,Consumer Defensive,Packaged Foods,-1.8518990435702984
ACB,2026-02-02,Healthcare,Drug Manufacturers - Specialty & Generic,-1.85195295833279
PLTK,2026-02-02,Communication Services,Electronic Gaming & Multimedia,-1.8522083548319037
PRT,2026-02-02,Energy,Oil & Gas E&P,-1.853253943502386
QNCX,2026-02-02,Healthcare,Biotechnology,-1.85338937798371
RAYA,2026-02-02,Industrials,Electrical Equipment & Parts,-1.8535009247728103
CMT,2026-02-02,Basic Materials,Specialty Chemicals,-1.8536971923381544
PTON,2026-02-02,Consumer Cyclical,Leisure,-1.8537874606766287
CHAI,2026-02-02,Communication Services,Internet Content & Information,-1.8538844037027813
ABP,2026-02-02,Healthcare,Biotechnology,-1.8540998586568707
RANI,2026-02-02,Healthcare,Biotechnology,-1.8547910379653665
ZVRA,2026-02-02,Healthcare,Biotechnology,-1.8551679064276385
WEAV,2026-02-02,Healthcare,Health Information Services,-1.855267544794758
ALV,2026-02-02,Consumer Cyclical,Auto Parts,-1.8560417215618739
AVNT,2026-02-02,Basic Materials,Specialty Chemicals,-1.8561980843279102
SMXT,2026-02-02,Technology,Solar,-1.8567682600179405
MSGM,2026-02-02,Communication Services,Electronic Gaming & Multimedia,-1.856886700514618
RNTX,2026-02-02,Healthcare,Biotechnology,-1.8571605641518687
TCRX,2026-02-02,Healthcare,Biotechnology,-1.8573360715483733
TTD,2026-02-02,Communication Services,Advertising Agencies,-1.8579520551816424
GIGM,2026-02-02,Communication Services,Electronic Gaming & Multimedia,-1.859632419769132
OMER,2026-02-02,Healthcare,Biotechnology,-1.8599158607036408
BC,2026-02-02,Consumer Cyclical,Recreational Vehicles,-1.8605650062313301
BMRN,2026-02-02,Healthcare,Biotechnology,-1.8606300748275284
SRI,2026-02-02,Consumer Cyclical,Auto Parts,-1.8614556638281026
TSCO,2026-02-02,Consumer Cyclical,Specialty Retail,-1.8615430371847559
NTLA,2026-02-02,Healthcare,Biotechnology,-1.861701877840482
ACRS,2026-02-02,Healthcare,Biotechnology,-1.8624628365812546
MBLY,2026-02-02,Consumer Cyclical,Auto Parts,-1.862518766446328
TNYA,2026-02-02,Healthcare,Biotechnology,-1.8626724554931113
WKSP,2026-02-02,Consumer Cyclical,Auto Parts,-1.8628858372013815
HYFM,2026-02-02,Industrials,Farm & Heavy Construction Machinery,-1.8631937689082172
WEST,2026-02-02,Consumer Defensive,Packaged Foods,-1.8633842219884473
PRLD,2026-02-02,Healthcare,Biotechnology,-1.8635089298259255
ADGM,2026-02-02,Healthcare,Medical Devices,-1.8635416725794092
EVAX,2026-02-02,Healthcare,Biotechnology,-1.863998145791344
ASIX,2026-02-02,Basic Materials,Chemicals,-1.8645295495101442
VTGN,2026-02-02,Healthcare,Biotechnology,-1.8645384896496762
MKC,2026-02-02,Consumer Defensive,Packaged Foods,-1.864674787445694
TVGN,2026-02-02,Healthcare,Biotechnology,-1.8649952326623371
BNTX,2026-02-02,Healthcare,Biotechnology,-1.864997022661998
LCID,2026-02-02,Consumer Cyclical,Auto Manufacturers,-1.8650460259578998
MMA,2026-02-02,Consumer Cyclical,Leisure,-1.8654906699800406
UONEK,2026-02-02,Communication Services,Broadcasting,-1.8659301145934393
FENC,2026-02-02,Healthcare,Biotechnology,-1.86614711194373
INSP,2026-02-02,Healthcare,Medical Devices,-1.8665745497449548
IMA,2026-02-02,Healthcare,Biotechnology,-1.866762001369384
GANX,2026-02-02,Healthcare,Biotechnology,-1.8668680463458505
SWAG,2026-02-02,Communication Services,Advertising Agencies,-1.867558535510465
LFMDP,2026-02-02,Healthcare,Health Information Services,-1.8675723025347213
GTE,2026-02-02,Energy,Oil & Gas E&P,-1.8676466669305802
EPSN,2026-02-02,Energy,Oil & Gas E&P,-1.8680867746400966
PMN,2026-02-02,Healthcare,Biotechnology,-1.868133038635361
HYLN,2026-02-02,Consumer Cyclical,Auto Parts,-1.8686083329109264
ETHZ,2026-02-02,Healthcare,Biotechnology,-1.8689468002035603
AMIX,2026-02-02,Healthcare,Medical Devices,-1.8692247967789526
JAZZ,2026-02-02,Healthcare,Biotechnology,-1.8694414001667221
NVX,2026-02-02,Industrials,Electrical Equipment & Parts,-1.8695446531700879
ARBE,2026-02-02,Technology,Scientific & Technical Instruments,-1.8695826776424327
ORBS,2026-02-02,Consumer Cyclical,Packaging & Containers,-1.8698381594625435
BYSI,2026-02-02,Healthcare,Biotechnology,-1.8700222307710535
SGMO,2026-02-02,Healthcare,Biotechnology,-1.8703600598923762
BDTX,2026-02-02,Healthcare,Biotechnology,-1.8707496437524587
CENTA,2026-02-02,Consumer Defensive,Packaged Foods,-1.8707986326092514
SHPH,2026-02-02,Healthcare,Drug Manufacturers - Specialty & Generic,-1.8712178538551025
CHRS,2026-02-02,Healthcare,Biotechnology,-1.871631596167351
IMCC,2026-02-02,Healthcare,Drug Manufacturers - Specialty & Generic,-1.8716521474856247
JUNS,2026-02-02,Healthcare,Biotechnology,-1.8716953269822503
LTRN,2026-02-02,Healthcare,Biotechnology,-1.8723495873975007
INN,2026-02-02,Real Estate,REIT - Hotel & Motel,-1.873531678446582
UDMY,2026-02-02,Consumer Defensive,Education & Training Services,-1.874795466945947
JBIO,2026-02-02,Healthcare,Biotechnology,-1.8749856407504644
JSPR,2026-02-02,Healthcare,Biotechnology,-1.875368208116703
BEP,2026-02-02,Utilities,Utilities - Renewable,-1.8754822987578181
PYXS,2026-02-02,Healthcare,Biotechnology,-1.875995275516715
TRIB,2026-02-02,Healthcare,Medical Devices,-1.8761765048787105
ANIX,2026-02-02,Healthcare,Biotechnology,-1.8763914293323083
GXAI,2026-02-02,Communication Services,Electronic Gaming & Multimedia,-1.8768631479995472
MOLN,2026-02-02,Healthcare,Biotechnology,-1.8769441159871056
LIN,2026-02-02,Basic Materials,Specialty Chemicals,-1.877282562390075
HWKN,2026-02-02,Basic Materials,Specialty Chemicals,-1.8778349423419096
XLO,2026-02-02,Healthcare,Biotechnology,-1.8782691956291784
INMB,2026-02-02,Healthcare,Biotechnology,-1.878521475384666
AEON,2026-02-02,Healthcare,Biotechnology,-1.8787237798028353
SKIN,2026-02-02,Consumer Defensive,Household & Personal Products,-1.8788548628097366
MGA,2026-02-02,Consumer Cyclical,Auto Parts,-1.8802559533262655
XRTX,2026-02-02,Healthcare,Biotechnology,-1.8803582643283576
HURA,2026-02-02,Healthcare,Biotechnology,-1.8806595812927438
CMMB,2026-02-02,Healthcare,Biotechnology,-1.880663743379503
NVNO,2026-02-02,Healthcare,Medical Devices,-1.8809499159881604
AMTX,2026-02-02,Basic Materials,Specialty Chemicals,-1.8809641101301617
IPI,2026-02-02,Basic Materials,Agricultural Inputs,-1.8810496381027535
KVUE,2026-02-02,Consumer Defensive,Household & Personal Products,-1.8810608305584764
BCAB,2026-02-02,Healthcare,Biotechnology,-1.8816845558739481
MTNB,2026-02-02,Healthcare,Biotechnology,-1.8822581410366408
SNSE,2026-02-02,Healthcare,Biotechnology,-1.8825322201415409
XBIO,2026-02-02,Healthcare,Biotechnology,-1.8826142909702899
CDXS,2026-02-02,Healthcare,Biotechnology,-1.8830140768051027
ADIL,2026-02-02,Healthcare,Biotechnology,-1.8833931579597996
ECVT,2026-02-02,Basic Materials,Specialty Chemicals,-1.8835268766350364
MNRO,2026-02-02,Consumer Cyclical,Auto Parts,-1.8839901906980043
ZCMD,2026-02-02,Healthcare,Health Information Services,-1.8840572052653433
TRON,2026-02-02,Consumer Cyclical,Leisure,-1.884086793116693
ACRV,2026-02-02,Healthcare,Biotechnology,-1.8841181654875088
BBW,2026-02-02,Consumer Cyclical,Specialty Retail,-1.884625483795317
PMCB,2026-02-02,Healthcare,Biotechnology,-1.884951311928008
LXEH,2026-02-02,Consumer Defensive,Education & Training Services,-1.8853493725050616
POLA,2026-02-02,Industrials,Electrical Equipment & Parts,-1.8866885667156994
QNST,2026-02-02,Communication Services,Advertising Agencies,-1.886925193129356
EP,2026-02-02,Energy,Oil & Gas E&P,-1.88793088481239
SPWH,2026-02-02,Consumer Cyclical,Specialty Retail,-1.888162077276727
BTOC,2026-02-02,Industrials,Integrated Freight & Logistics,-1.8883102910570875
MXC,2026-02-02,Energy,Oil & Gas E&P,-1.8885272116186003
RECT,2026-02-02,Consumer Cyclical,Specialty Retail,-1.888565462690048
SVRE,2026-02-02,Technology,Scientific & Technical Instruments,-1.8888828047757902
LUCY,2026-02-02,Healthcare,Medical Instruments & Supplies,-1.8889207217153607
MYPS,2026-02-02,Communication Services,Electronic Gaming & Multimedia,-1.8889213230956943
NIO,2026-02-02,Consumer Cyclical,Auto Manufacturers,-1.88899709476157
GDTC,2026-02-02,Healthcare,Biotechnology,-1.8893478727883302
PSTV,2026-02-02,Healthcare,Biotechnology,-1.8894120365901483
BHST,2026-02-02,Consumer Defensive,Packaged Foods,-1.8894595923018733
SLNO,2026-02-02,Healthcare,Biotechnology,-1.8898360580813258
DOCS,2026-02-02,Healthcare,Health Information Services,-1.8899607938670193
BTAI,2026-02-02,Healthcare,Biotechnology,-1.890050607249115
UEIC,2026-02-02,Technology,Consumer Electronics,-1.8902966521958138
GMHS,2026-02-02,Communication Services,Electronic Gaming & Multimedia,-1.8903981507219505
GIPR,2026-02-02,Real Estate,REIT - Diversified,-1.890688450243412
MDIA,2026-02-02,Communication Services,Broadcasting,-1.8907493977228356
EDBL,2026-02-02,Consumer Defensive,Farm Products,-1.8909249302621465
BARK,2026-02-02,Consumer Cyclical,Specialty Retail,-1.8911245548240088
CENT,2026-02-02,Consumer Defensive,Packaged Foods,-1.8920611840955934
COCH,2026-02-02,Healthcare,Medical Devices,-1.8921913155249581
BEAT,2026-02-02,Healthcare,Health Information Services,-1.8921996474147185
PSNY,2026-02-02,Consumer Cyclical,Auto Manufacturers,-1.892326980388751
FORA,2026-02-02,Healthcare,Health Information Services,-1.8930621578999243
APLT,2026-02-02,Healthcare,Biotechnology,-1.8932019807814402
ATXG,2026-02-02,Industrials,Integrated Freight & Logistics,-1.8932837586840623
ANEB,2026-02-02,Healthcare,Biotechnology,-1.8938604810416364
LEXX,2026-02-02,Healthcare,Biotechnology,-1.8941478957903533
GNTA,2026-02-02,Healthcare,Biotechnology,-1.894806453958815
LSF,2026-02-02,Consumer Defensive,Packaged Foods,-1.8951217090895844
NUWE,2026-02-02,Healthcare,Medical Devices,-1.895144238218228
STEM,2026-02-02,Utilities,Utilities - Renewable,-1.8959994201394688
KAPA,2026-02-02,Healthcare,Biotechnology,-1.896039732610346
BRTX,2026-02-02,Healthcare,Biotechnology,-1.8964509464032433
ALZN,2026-02-02,Healthcare,Biotechnology,-1.8964581115466372
MBAI,2026-02-02,Healthcare,Diagnostics & Research,-1.8970032912035861
PLUR,2026-02-02,Healthcare,Biotechnology,-1.8971513986052024
NCNA,2026-02-02,Healthcare,Biotechnology,-1.8976397791615813
NVVE,2026-02-02,Consumer Cyclical,Specialty Retail,-1.8977133650326248
ATHA,2026-02-02,Healthcare,Biotechnology,-1.8978047871396282
BIOX,2026-02-02,Basic Materials,Agricultural Inputs,-1.8979034244297928
MIST,2026-02-02,Healthcare,Biotechnology,-1.898262273344724
SNAL,2026-02-02,Communication Services,Electronic Gaming & Multimedia,-1.8988987319869872
LSH,2026-02-02,Industrials,Integrated Freight & Logistics,-1.9000499002832907
QNRX,2026-02-02,Healthcare,Biotechnology,-1.9001553632187989
MCRB,2026-02-02,Healthcare,Biotechnology,-1.9002533675023054
ORIS,2026-02-02,Consumer Defensive,Packaged Foods,-1.9003670156056014
EVTV,2026-02-02,Consumer Cyclical,Auto Manufacturers,-1.900373639607208
PRTS,2026-02-02,Consumer Cyclical,Auto Parts,-1.9006685657404632
RKDA,2026-02-02,Consumer Defensive,Packaged Foods,-1.9007828740621313
MNOV,2026-02-02,Healthcare,Biotechnology,-1.9008374156948353
NTR,2026-02-02,Basic Materials,Agricultural Inputs,-1.9008711519001875
NIXX,2026-02-02,Industrials,Staffing & Employment Services,-1.9010116720784966
BYND,2026-02-02,Consumer Defensive,Packaged Foods,-1.9011401296283068
APM,2026-02-02,Healthcare,Biotechnology,-1.9012512873705136
TLX,2026-02-02,Healthcare,Biotechnology,-1.901341151510459
ATNM,2026-02-02,Healthcare,Biotechnology,-1.90212682673427
FSI,2026-02-02,Basic Materials,Specialty Chemicals,-1.9030115480031629
OPK,2026-02-02,Healthcare,Diagnostics & Research,-1.9030935294112954
MVO,2026-02-02,Energy,Oil & Gas E&P,-1.9034668067498024
INO,2026-02-02,Healthcare,Biotechnology,-1.903550330311443
LENZ,2026-02-02,Healthcare,Biotechnology,-1.9036779013577345
SSL,2026-02-02,Basic Materials,Specialty Chemicals,-1.9037441355642382
IGC,2026-02-02,Healthcare,Biotechnology,-1.9045818562310872
CLNN,2026-02-02,Consumer Defensive,Packaged Foods,-1.904806779757156
HMC,2026-02-02,Consumer Cyclical,Auto Manufacturers,-1.9048952745989047
BRNS,2026-02-02,Healthcare,Biotechnology,-1.9051016675291694
SCNI,2026-02-02,Healthcare,Biotechnology,-1.9055632749924274
SXTP,2026-02-02,Healthcare,Biotechnology,-1.9058452722976522
CASI,2026-02-02,Healthcare,Biotechnology,-1.905949398862684
IPDN,2026-02-02,Industrials,Staffing & Employment Services,-1.9066952445438634
DEO,2026-02-02,Consumer Defensive,Beverages - Wineries & Distilleries,-1.907780356220798
KLTO,2026-02-02,Healthcare,Biotechnology,-1.9083339404775934
JYD,2026-02-02,Industrials,Integrated Freight & Logistics,-1.908597105259229
XTLB,2026-02-02,Healthcare,Biotechnology,-1.9086839909534468
IVF,2026-02-02,Healthcare,Medical Devices,-1.9086861660498327
COOT,2026-02-02,Consumer Defensive,Packaged Foods,-1.9087044086992906
WAVE,2026-02-02,Utilities,Utilities - Renewable,-1.9092232838207883
FEAM,2026-02-02,Basic Materials,Specialty Chemicals,-1.9095046366067008
UONE,2026-02-02,Communication Services,Broadcasting,-1.909866793030969
NRXS,2026-02-02,Healthcare,Biotechnology,-1.9106323077328442
PRPH,2026-02-02,Healthcare,Diagnostics & Research,-1.9108116527687011
PASG,2026-02-02,Healthcare,Biotechnology,-1.910933410586671
GGR,2026-02-02,Consumer Cyclical,Auto Manufacturers,-1.9110197485164357
TLF,2026-02-02,Consumer Cyclical,Specialty Retail,-1.9112674856651355
BCDA,2026-02-02,Healthcare,Biotechnology,-1.9121381593725368
BFRG,2026-02-02,Healthcare,Health Information Services,-1.9127826742225174
GYRE,2026-02-02,Healthcare,Biotechnology,-1.9129369618361374
TPST,2026-02-02,Healthcare,Biotechnology,-1.9131120816994114
DORM,2026-02-02,Consumer Cyclical,Auto Parts,-1.9132182483858833
NRSN,2026-02-02,Healthcare,Biotechnology,-1.9133402612552286
SVC,2026-02-02,Real Estate,REIT - Hotel & Motel,-1.9135412943451424
CLRB,2026-02-02,Healthcare,Biotechnology,-1.9144418774282042
GHRS,2026-02-02,Healthcare,Biotechnology,-1.9144651082903004
AKAN,2026-02-02,Healthcare,Drug Manufacturers - Specialty & Generic,-1.9146944966866741
ABEO,2026-02-02,Healthcare,Biotechnology,-1.914729460212518
HWH,2026-02-02,Consumer Cyclical,Leisure,-1.9149173512346582
ICL,2026-02-02,Basic Materials,Agricultural Inputs,-1.9150810915863365
SNES,2026-02-02,Basic Materials,Specialty Chemicals,-1.9152227901296863
MKZR,2026-02-02,Real Estate,REIT - Diversified,-1.915878881491043
WPRT,2026-02-02,Consumer Cyclical,Auto Parts,-1.9161618850009623
EEIQ,2026-02-02,Consumer Defensive,Education & Training Services,-1.9167943215377647
HCTI,2026-02-02,Healthcare,Health Information Services,-1.9173996486941818
IBIO,2026-02-02,Healthcare,Biotechnology,-1.9174941241187653
LFWD,2026-02-02,Healthcare,Medical Devices,-1.9175850103380894
WIMI,2026-02-02,Communication Services,Advertising Agencies,-1.9179466017832367
ENTX,2026-02-02,Healthcare,Biotechnology,-1.9181036015982795
GLXG,2026-02-02,Industrials,Staffing & Employment Services,-1.918295824006308
TRAW,2026-02-02,Healthcare,Biotechnology,-1.9189300897303476
CNET,2026-02-02,Communication Services,Advertising Agencies,-1.9193876083481258
POAI,2026-02-02,Healthcare,Health Information Services,-1.9196518280258308
GV,2026-02-02,Consumer Defensive,Education & Training Services,-1.9209826407270845
MYNZ,2026-02-02,Healthcare,Diagnostics & Research,-1.922420624305189
ISPC,2026-02-02,Healthcare,Diagnostics & Research,-1.9228501683863661
GAME,2026-02-02,Communication Services,Electronic Gaming & Multimedia,-1.9229220446576227
MCFT,2026-02-02,Consumer Cyclical,Recreational Vehicles,-1.923315522388019
NDRA,2026-02-02,Healthcare,Diagnostics & Research,-1.9252618988353924
MSN,2026-02-02,Technology,Consumer Electronics,-1.9258599834047603
IMMP,2026-02-02,Healthcare,Biotechnology,-1.9261836862400137
INDO,2026-02-02,Energy,Oil & Gas E&P,-1.9268468366959768
GTBP,2026-02-02,Healthcare,Biotechnology,-1.926979605811171
PRFX,2026-02-02,Healthcare,Drug Manufacturers - Specialty & Generic,-1.927125233611217
KOSS,2026-02-02,Technology,Consumer Electronics,-1.9273193009538763
CGTL,2026-02-02,Consumer Cyclical,Specialty Retail,-1.927928543778959
LVWR,2026-02-02,Consumer Cyclical,Auto Manufacturers,-1.928740646235775
CPHC,2026-02-02,Consumer Cyclical,Resorts & Casinos,-1.9294134899597701
CTNT,2026-02-02,Industrials,Integrated Freight & Logistics,-1.929435568456715
PBM,2026-02-02,Healthcare,Biotechnology,-1.9295458755429613
GLMD,2026-02-02,Healthcare,Biotechnology,-1.9296965716507362
IMRN,2026-02-02,Healthcare,Biotechnology,-1.929706707142018
PTLE,2026-02-02,Consumer Cyclical,Specialty Retail,-1.9299745104765662
LFVN,2026-02-02,Consumer Defensive,Packaged Foods,-1.9300287968983612
ADNT,2026-02-02,Consumer Cyclical,Auto Parts,-1.930180098315826
IPST,2026-02-02,Consumer Defensive,Beverages - Wineries & Distilleries,-1.9307299358179586
SGLY,2026-02-02,Industrials,Integrated Freight & Logistics,-1.9307412477541892
USEG,2026-02-02,Energy,Oil & Gas E&P,-1.9311094063790655
WVE,2026-02-02,Healthcare,Biotechnology,-1.931331434307117
TIVC,2026-02-02,Healthcare,Medical Devices,-1.9317374479032692
KTTA,2026-02-02,Healthcare,Biotechnology,-1.9319028290222586
PAVS,2026-02-02,Consumer Defensive,Packaged Foods,-1.9322109143187496
CUE,2026-02-02,Healthcare,Biotechnology,-1.9323308834181505
RFL,2026-02-02,Real Estate,Real Estate Services,-1.9326037733588468
INKT,2026-02-02,Healthcare,Biotechnology,-1.932783188948334
ZOOZ,2026-02-02,Consumer Cyclical,Specialty Retail,-1.9342704614402284
RADX,2026-02-02,Healthcare,Biotechnology,-1.9344699502086913
MYPSW,2026-02-02,Communication Services,Electronic Gaming & Multimedia,-1.9347604824811937
DTCK,2026-02-02,Consumer Defensive,Farm Products,-1.9350818604003612
VERO,2026-02-02,Healthcare,Medical Devices,-1.935205806042823
RACE,2026-02-02,Consumer Cyclical,Auto Manufacturers,-1.9359245536267382
APRE,2026-02-02,Healthcare,Biotechnology,-1.9366581756064294
VVOS,2026-02-02,Healthcare,Medical Devices,-1.9370421377606182
DWTX,2026-02-02,Healthcare,Biotechnology,-1.937317796235417
SEED,2026-02-02,Basic Materials,Agricultural Inputs,-1.9378893654064293
IOVA,2026-02-02,Healthcare,Biotechnology,-1.9385417669799263
WALDW,2026-02-02,Consumer Defensive,Household & Personal Products,-1.9386744460431853
FAMI,2026-02-02,Consumer Defensive,Packaged Foods,-1.93912557059084
SPRB,2026-02-02,Healthcare,Biotechnology,-1.9392104173815357
BRN,2026-02-02,Energy,Oil & Gas E&P,-1.9396931089879297
SGA,2026-02-02,Communication Services,Broadcasting,-1.9400871290080426
BGMS,2026-02-02,Healthcare,Biotechnology,-1.9404173510841893
CVM,2026-02-02,Healthcare,Biotechnology,-1.9412309590524592
REVB,2026-02-02,Healthcare,Biotechnology,-1.9416844596277432
EXEEZ,2026-02-02,Energy,Oil & Gas E&P,-1.9419853467662136
TPET,2026-02-02,Energy,Oil & Gas E&P,-1.9420298939675795
ORLY,2026-02-02,Consumer Cyclical,Auto Parts,-1.942074388345809
TGNA,2026-02-02,Communication Services,Broadcasting,-1.9443883647121603
AAP,2026-02-02,Consumer Cyclical,Auto Parts,-1.9452442911720262
AVD,2026-02-02,Basic Materials,Agricultural Inputs,-1.945505084952685
NBY,2026-02-02,Healthcare,Biotechnology,-1.945771497062275
LOOP,2026-02-02,Basic Materials,Specialty Chemicals,-1.9461254621509896
HSAI,2026-02-02,Consumer Cyclical,Auto Parts,-1.9466907820087078
ANNA,2026-02-02,Energy,Oil & Gas E&P,-1.946921020341477
VTAK,2026-02-02,Healthcare,Medical Devices,-1.94694055208139
CNEY,2026-02-02,Basic Materials,Specialty Chemicals,-1.9470209068228168
BAOS,2026-02-02,Communication Services,Advertising Agencies,-1.9473536230460253
AHT,2026-02-02,Real Estate,REIT - Hotel & Motel,-1.9477063307255107
LWAY,2026-02-02,Consumer Defensive,Packaged Foods,-1.9480646505309596
FLUX,2026-02-02,Industrials,Electrical Equipment & Parts,-1.949278823031026
GDC,2026-02-02,Communication Services,Electronic Gaming & Multimedia,-1.9496017218913302
HIND,2026-02-02,Healthcare,Biotechnology,-1.9497849079940588
CELU,2026-02-02,Healthcare,Biotechnology,-1.9499151304663291
ANTX,2026-02-02,Healthcare,Biotechnology,-1.9499646288561612
LKQ,2026-02-02,Consumer Cyclical,Auto Parts,-1.9499674768939377
CLGN,2026-02-02,Healthcare,Biotechnology,-1.9510467751792016
MGRX,2026-02-02,Healthcare,Health Information Services,-1.9517070243453516
RBLX,2026-02-02,Communication Services,Electronic Gaming & Multimedia,-1.9524375594998067
AZO,2026-02-02,Consumer Cyclical,Auto Parts,-1.95291940179574
DSY,2026-02-02,Consumer Defensive,Household & Personal Products,-1.9531932851736449
TVRD,2026-02-02,Healthcare,Biotechnology,-1.953537474472221
MBIO,2026-02-02,Healthcare,Biotechnology,-1.9544471904444884
BGLC,2026-02-02,Basic Materials,Specialty Chemicals,-1.9548928284119786
APVO,2026-02-02,Healthcare,Biotechnology,-1.9557045309580412
INAB,2026-02-02,Healthcare,Biotechnology,-1.9565976380296528
MAMO,2026-02-02,Consumer Cyclical,Recreational Vehicles,-1.9567867688133347
ENSC,2026-02-02,Healthcare,Biotechnology,-1.9596936388355457
SQFT,2026-02-02,Real Estate,REIT - Diversified,-1.9598696110670841
EDSA,2026-02-02,Healthcare,Biotechnology,-1.9606720776940296
TELO,2026-02-02,Healthcare,Biotechnology,-1.9612925573947029
KRKR,2026-02-02,Communication Services,Advertising Agencies,-1.9613357843236225
PTN,2026-02-02,Healthcare,Biotechnology,-1.9624687864720674
SPRC,2026-02-02,Healthcare,Biotechnology,-1.9633714214020677
BRBR,2026-02-02,Consumer Defensive,Packaged Foods,-1.9635953958146224
ERNA,2026-02-02,Healthcare,Biotechnology,-1.9637632428878233
VEEV,2026-02-02,Healthcare,Health Information Services,-1.9648112071430455
ACON,2026-02-02,Healthcare,Health Information Services,-1.9649834120384801
MSC,2026-02-02,Consumer Cyclical,Resorts & Casinos,-1.9660838967078436
GVH,2026-02-02,Industrials,Integrated Freight & Logistics,-1.9662890106965238
DUO,2026-02-02,Real Estate,Real Estate Services,-1.9668691818694064
NTRB,2026-02-02,Healthcare,Biotechnology,-1.9682075831371066
FUBO,2026-02-02,Communication Services,Broadcasting,-1.9686381267801927
GDHG,2026-02-02,Consumer Cyclical,Leisure,-1.9695786043941086
TRUG,2026-02-02,Consumer Cyclical,Leisure,-1.9697398624384497
ELAB,2026-02-02,Healthcare,Biotechnology,-1.9709808253533336
KZIA,2026-02-02,Healthcare,Biotechnology,-1.9721687814111946
NTRBW,2026-02-02,Healthcare,Biotechnology,-1.9725638594822348
PHIO,2026-02-02,Healthcare,Biotechnology,-1.9727815937783961
BBGI,2026-02-02,Communication Services,Broadcasting,-1.9733964572828895
OPAD,2026-02-02,Real Estate,Real Estate Services,-1.9735680037611387
MTVA,2026-02-02,Healthcare,Biotechnology,-1.9736364803915603
MGIH,2026-02-02,Consumer Cyclical,Packaging & Containers,-1.9736869860019641
CRIS,2026-02-02,Healthcare,Biotechnology,-1.974078310454184
SER,2026-02-02,Healthcare,Biotechnology,-1.9749730480261791
MOS,2026-02-02,Basic Materials,Agricultural Inputs,-1.9761084995574127
VYNE,2026-02-02,Healthcare,Biotechnology,-1.9766339631124528
GTEC,2026-02-02,Consumer Cyclical,Auto Parts,-1.9779348255960263
PTHL,2026-02-02,Healthcare,Medical Devices,-1.9787109390993922
LITS,2026-02-02,Healthcare,Biotechnology,-1.9793525799401668
AZTR,2026-02-02,Healthcare,Biotechnology,-1.979359686577295
FLL,2026-02-02,Consumer Cyclical,Resorts & Casinos,-1.9801433525346046
CIIT,2026-02-02,Industrials,Integrated Freight & Logistics,-1.980652914239032
BIAF,2026-02-02,Healthcare,Diagnostics & Research,-1.9811262546773722
WVVI,2026-02-02,Consumer Defensive,Beverages - Wineries & Distilleries,-1.9813870325593665
BIVI,2026-02-02,Healthcare,Biotechnology,-1.9819506684477053
CBIO,2026-02-02,Healthcare,Biotechnology,-1.9824255884898248
MTR,2026-02-02,Energy,Oil & Gas E&P,-1.9824590997290874
BRLS,2026-02-02,Consumer Defensive,Packaged Foods,-1.9845297259365042
SMPL,2026-02-02,Consumer Defensive,Packaged Foods,-1.9847521314231762
FARM,2026-02-02,Consumer Defensive,Packaged Foods,-1.9852847175460289
NAOV,2026-02-02,Healthcare,Medical Devices,-1.9854901448139235
JAGX,2026-02-02,Healthcare,Biotechnology,-1.9859020348792253
XCUR,2026-02-02,Healthcare,Biotechnology,-1.9863288912647312
TURB,2026-02-02,Technology,Solar,-1.9871103512847446
FBLG,2026-02-02,Healthcare,Biotechnology,-1.992487975296188
CHR,2026-02-02,Communication Services,Advertising Agencies,-1.9931051204564592
SBLX,2026-02-02,Consumer Cyclical,Auto Manufacturers,-1.993290694340054
IFRX,2026-02-02,Healthcare,Biotechnology,-1.9934744577735417
KNDI,2026-02-02,Consumer Cyclical,Recreational Vehicles,-1.9943427767329411
DARE,2026-02-02,Healthcare,Biotechnology,-1.994648455450792
ENVB,2026-02-02,Healthcare,Biotechnology,-1.9950849075708255
NWTG,2026-02-02,Consumer Cyclical,Leisure,-1.995189511662747
PCSA,2026-02-02,Healthcare,Biotechnology,-1.9952479704009627
OSRH,2026-02-02,Healthcare,Biotechnology,-1.9960856102742994
LVRO,2026-02-02,Basic Materials,Agricultural Inputs,-1.99617565710319
PLRX,2026-02-02,Healthcare,Biotechnology,-1.9963902214287448
BQ,2026-02-02,Consumer Cyclical,Specialty Retail,-1.9965409984973277
BOXL,2026-02-02,Technology,Consumer Electronics,-1.9966309814652312
EVGN,2026-02-02,Healthcare,Biotechnology,-1.997627492538336
SOBR,2026-02-02,Technology,Scientific & Technical Instruments,-1.9976887516702002
VOR,2026-02-02,Healthcare,Biotechnology,-2.000277230320663
GRI,2026-02-02,Healthcare,Biotechnology,-2.0008510312883194
ADTX,2026-02-02,Healthcare,Biotechnology,-2.001642910125696
FGEN,2026-02-02,Healthcare,Biotechnology,-2.002126026247268
AKTX,2026-02-02,Healthcare,Biotechnology,-2.0022026003977538
NCRA,2026-02-02,Consumer Defensive,Packaged Foods,-2.0029527081232077
WORX,2026-02-02,Healthcare,Health Information Services,-2.0038367132105326
VIVS,2026-02-02,Healthcare,Biotechnology,-2.0039148893015426
YHC,2026-02-02,Consumer Defensive,Beverages - Wineries & Distilleries,-2.0040054442856814
PHGE,2026-02-02,Healthcare,Biotechnology,-2.0047712859277502
ONCO,2026-02-02,Healthcare,Biotechnology,-2.0047915428122134
CDT,2026-02-02,Healthcare,Biotechnology,-2.0053418122128357
ZEO,2026-02-02,Technology,Solar,-2.0066489051631815
IPHA,2026-02-02,Healthcare,Biotechnology,-2.007027241092196
ODD,2026-02-02,Consumer Defensive,Household & Personal Products,-2.00731143972708
CMND,2026-02-02,Healthcare,Biotechnology,-2.0077616430387115
FMC,2026-02-02,Basic Materials,Agricultural Inputs,-2.007951207376209
PROP,2026-02-02,Energy,Oil & Gas E&P,-2.0084303245469504
QNTM,2026-02-02,Healthcare,Biotechnology,-2.009316159508415
XPEV,2026-02-02,Consumer Cyclical,Auto Manufacturers,-2.0095711337427833
JVA,2026-02-02,Consumer Defensive,Packaged Foods,-2.009608062957445
ATYR,2026-02-02,Healthcare,Biotechnology,-2.0097477926461793
MCTR,2026-02-02,Communication Services,Advertising Agencies,-2.009749755719817
OGEN,2026-02-02,Healthcare,Biotechnology,-2.0102410984645904
FRSX,2026-02-02,Consumer Cyclical,Auto Parts,-2.0111521386967683
NCEL,2026-02-02,Healthcare,Biotechnology,-2.011286272593748
SNTI,2026-02-02,Healthcare,Biotechnology,-2.011570353751043
VRAX,2026-02-02,Healthcare,Biotechnology,-2.0132046926371006
AMZE,2026-02-02,Consumer Defensive,Beverages - Wineries & Distilleries,-2.0142170852756958
SNGX,2026-02-02,Healthcare,Biotechnology,-2.0146490379517896
FFAI,2026-02-02,Consumer Cyclical,Auto Manufacturers,-2.015003103991657
PTIX,2026-02-02,Healthcare,Biotechnology,-2.0179889432452085
TANH,2026-02-02,Consumer Defensive,Household & Personal Products,-2.0181246949732112
REE,2026-02-02,Consumer Cyclical,Auto Parts,-2.018299570712897
BCTX,2026-02-02,Healthcare,Biotechnology,-2.018368779551424
CDIO,2026-02-02,Healthcare,Biotechnology,-2.0185630498891736
VGAS,2026-02-02,Utilities,Utilities - Renewable,-2.0206026055551116
IMG,2026-02-02,Consumer Defensive,Packaged Foods,-2.022069299336698
MLEC,2026-02-02,Healthcare,Biotechnology,-2.0256297124604807
MBRX,2026-02-02,Healthcare,Biotechnology,-2.025970785438431
HOG,2026-02-02,Consumer Cyclical,Recreational Vehicles,-2.026674508627227
WLDS,2026-02-02,Technology,Consumer Electronics,-2.0302768473896693
SILO,2026-02-02,Healthcare,Biotechnology,-2.030662734145008
LOT,2026-02-02,Consumer Cyclical,Auto Manufacturers,-2.0308498173759166
YDKG,2026-02-02,Communication Services,Advertising Agencies,-2.0309972563188543
EMPD,2026-02-02,Consumer Cyclical,Auto Manufacturers,-2.031011859592273
CLDI,2026-02-02,Healthcare,Biotechnology,-2.0313127897645
GNPX,2026-02-02,Healthcare,Biotechnology,-2.0316042404689525
ASBP,2026-02-02,Healthcare,Biotechnology,-2.0322942208664885
NAAS,2026-02-02,Consumer Cyclical,Specialty Retail,-2.0328477035475307
SUNE,2026-02-02,Technology,Solar,-2.0332575088702716
LGVN,2026-02-02,Healthcare,Biotechnology,-2.0332643918508255
HTOO,2026-02-02,Utilities,Utilities - Renewable,-2.033348736359717
SLXN,2026-02-02,Healthcare,Biotechnology,-2.035889569678992
PPBT,2026-02-02,Healthcare,Biotechnology,-2.0364696097727
MSPR,2026-02-02,Healthcare,Health Information Services,-2.0371514621060762
TOVX,2026-02-02,Healthcare,Biotechnology,-2.0376317548737317
RAY,2026-02-02,Consumer Defensive,Household & Personal Products,-2.0378928452718523
VMAR,2026-02-02,Consumer Cyclical,Recreational Vehicles,-2.038242281709452
CYCN,2026-02-02,Healthcare,Biotechnology,-2.0383733616802227
GCL,2026-02-02,Communication Services,Electronic Gaming & Multimedia,-2.0402948955716647
SLSN,2026-02-02,Consumer Defensive,Household & Personal Products,-2.0404975382638972
BON,2026-02-02,Basic Materials,Specialty Chemicals,-2.0405632482193488
IMNN,2026-02-02,Healthcare,Biotechnology,-2.0409954802699666
CANF,2026-02-02,Healthcare,Biotechnology,-2.041140296861989
LNAI,2026-02-02,Healthcare,Biotechnology,-2.04124745589886
ICU,2026-02-02,Healthcare,Biotechnology,-2.0443649660789798
AIM,2026-02-02,Healthcare,Biotechnology,-2.044607384806874
ABLV,2026-02-02,Consumer Cyclical,Specialty Retail,-2.044653593419506
NITO,2026-02-02,Basic Materials,Agricultural Inputs,-2.0454236242833175
NXXT,2026-02-02,Utilities,Utilities - Renewable,-2.045479469272265
CVKD,2026-02-02,Healthcare,Biotechnology,-2.047598791207163
MLTX,2026-02-02,Healthcare,Biotechnology,-2.048667645492498
SSM,2026-02-02,Consumer Cyclical,Auto Manufacturers,-2.0515300331182225
LYRA,2026-02-02,Healthcare,Biotechnology,-2.052493859739388
STKH,2026-02-02,Consumer Defensive,Packaged Foods,-2.0530994311194615
SBEV,2026-02-02,Consumer Defensive,Beverages - Wineries & Distilleries,-2.0534128508701537
HTLM,2026-02-02,Consumer Cyclical,Specialty Retail,-2.053750849168524
LAZR,2026-02-02,Consumer Cyclical,Auto Parts,-2.054236601475755
LOBO,2026-02-02,Consumer Cyclical,Auto Manufacturers,-2.0545045736620255
SUUN,2026-02-02,Utilities,Utilities - Renewable,-2.057929812908809
IOBT,2026-02-02,Healthcare,Biotechnology,-2.058859636558854
BSLK,2026-02-02,Basic Materials,Specialty Chemicals,-2.061664379003397
IHT,2026-02-02,Real Estate,REIT - Hotel & Motel,-2.062639621321175
PPCB,2026-02-02,Healthcare,Biotechnology,-2.063633092590313
CNSP,2026-02-02,Healthcare,Biotechnology,-2.063683131425453
MNDR,2026-02-02,Healthcare,Health Information Services,-2.064450315951218
BDRX,2026-02-02,Healthcare,Biotechnology,-2.0650391537959503
WYHG,2026-02-02,Consumer Defensive,Packaged Foods,-2.0657570941221413
WTO,2026-02-02,Technology,Consumer Electronics,-2.0658431080138318
INEO,2026-02-02,Consumer Cyclical,Auto Parts,-2.0659961910198437
ARTL,2026-02-02,Healthcare,Biotechnology,-2.0672434707285294
ECDA,2026-02-02,Consumer Cyclical,Auto Manufacturers,-2.0674428035056076
HCWB,2026-02-02,Healthcare,Biotechnology,-2.069114160259425
IBO,2026-02-02,Healthcare,Biotechnology,-2.0708130764394737
FTEL,2026-02-02,Consumer Cyclical,Specialty Retail,-2.076159254583811
ATPC,2026-02-02,Consumer Defensive,Packaged Foods,-2.0765274594727816
NEUP,2026-02-02,Healthcare,Biotechnology,-2.0849962217458518
ACXP,2026-02-02,Healthcare,Biotechnology,-2.0864448696948616
CENN,2026-02-02,Consumer Cyclical,Auto Manufacturers,-2.089508870783828
PLRZ,2026-02-02,Healthcare,Biotechnology,-2.0911646568466637
INDP,2026-02-02,Healthcare,Biotechnology,-2.092444639104366
SLRX,2026-02-02,Healthcare,Biotechnology,-2.0957101152371123
DRMA,2026-02-02,Healthcare,Biotechnology,-2.0971267229325856
KALA,2026-02-02,Healthcare,Biotechnology,-2.1037236655328364
VFSWW,2026-02-02,Consumer Cyclical,Auto Manufacturers,-2.115542472229746
RNAZ,2026-02-02,Healthcare,Biotechnology,-2.1166212476060737
CJET,2026-02-02,Consumer Cyclical,Auto Manufacturers,-2.1209181761684457
CREV,2026-02-02,Consumer Cyclical,Auto Parts,-2.1218661731096846
RNWWW,2026-02-02,Utilities,Utilities - Renewable,-2.124148411922221
BNRG,2026-02-02,Utilities,Utilities - Renewable,-2.1257766058212266
EZGO,2026-02-02,Consumer Cyclical,Recreational Vehicles,-2.136402006871093
CREG,2026-02-02,Utilities,Utilities - Renewable,-2.136519658294319
VEEE,2026-02-02,Consumer Cyclical,Recreational Vehicles,-2.1411841365950868
WKHS,2026-02-02,Consumer Cyclical,Auto Manufacturers,-2.1413902614066336
FLYE,2026-02-02,Consumer Cyclical,Auto Manufacturers,-2.147077655454944
SAFX,2026-02-02,Utilities,Utilities - Renewable,-2.1675240033786913
AIIO,2026-02-02,Consumer Cyclical,Auto Manufacturers,-2.1892218515590245
